t,x,y,heading,speed,true_offset,true_heading_err,det_offset,det_lookahead,det_confidence,steering,lane_iou,off_track,detect_ms
0.0,798.0058836419975,720.153296936521,2.9977409642536847,120.0,0.011426552689096599,0.07961798999557912,-99.60000000000001,-249.0,0.5,-0.6981317007977318,0.0,0,0.6914580008015037
0.016666666666666666,796.0265412907094,720.4400090855438,2.9306129937595022,120.0,0.17811977505371468,0.15828076532395752,-148.96,-223.0,0.5,-0.6981317007977318,0.0,0,0.6820410198997706
0.03333333333333333,794.0708888394248,720.8588449600635,2.8634850232653197,120.0,0.4965526897567906,0.23603611811133662,-164.57600000000002,-188.0,0.5,-0.6981317007977318,0.0,0,0.690582994138822
0.05,792.1477354709285,721.40791792538,2.7997213661255476,120.0,0.9642536898998211,0.2997997752511088,-165.1456,-166.0,0.5,-0.6729369506666634,0.0,0,0.746000005165115
0.06666666666666667,790.2634775408324,722.0784192698004,2.8131309574833803,120.0,1.571981592088671,0.29622022370026846,-157.08736,-145.0,0.5,0.1660759962666679,0.0,0,0.815125007648021
0.08333333333333333,788.3703981395585,722.7235939596885,2.832112475315363,120.0,2.16627559923065,0.28636500340317195,-148.65241600000002,-136.0,0.5,0.2329610977599974,0.0,0,0.6955840217415243
0.09999999999999999,786.4654141049222,723.3327210628295,2.8206403261318784,120.0,2.7353680825845004,0.30633977290637393,-144.39144960000002,-138.0,0.5,-0.14243084134400097,0.0,0,0.7343329780269414
0.11666666666666665,784.5675432703005,723.9636618644047,2.819065095549889,120.0,3.338509769822544,0.30791500348836337,-139.03486976,-131.0,0.5,-0.019687838139731517,0.0,0,0.7589579909108579
0.13333333333333333,782.6706686671555,724.5975914661301,2.8369914420326823,120.0,3.9577486011765948,0.29793647582870486,-131.420921856,-120.0,0.5,0.22043796378282565,0.0,0,0.9587920212652534
0.15,780.7627354068233,725.1974170025305,2.830013286794894,120.0,4.55103814258896,0.31236721697381525,-127.2525531136,-121.0,0.5,-0.08700672173030283,0.0,0,0.7509170100092888
0.16666666666666666,778.8590342411129,725.8105416812648,2.8458147473557145,120.0,5.165662462186417,0.29656575641299493,-120.35153186816,-110.0,0.5,0.19500813362848385,0.0,0,0.9185829840134829
0.18333333333333332,776.9458828721065,726.3935098101268,2.8388128335943197,120.0,5.763086458667295,0.3105768052225495,-116.610919120896,-111.0,0.5,-0.08730145315624183,0.0,0,0.756458000978455
0.19999999999999998,775.03686025996,726.9898592599577,2.830607827692753,120.0,6.380143229302536,0.3253927274236299,-113.1665514725376,-108.0,0.5,-0.10220520522707988,0.0,0,0.741249998100102
0.21666666666666665,773.1327949030332,727.601852002195,2.864463088759599,120.0,7.0195050886053965,0.2915374663567836,-104.69993088352257,-92.0,0.5,0.40033721019708457,0.0,0,0.7412080012727529
0.2333333333333333,771.2091054251572,728.1490437352365,2.8441077973998863,120.0,7.605359340794215,0.31814514935043303,-103.21995853011354,-101.0,0.5,-0.24915417388174838,0.0,0,0.7919999770820141
0.24999999999999997,769.2969519402424,728.735276666867,2.8674274640976236,120.0,8.234892934237077,0.30075433872144886,-96.33197511806813,-86.0,0.5,0.28363666233761825,0.0,0,0.722083990694955
0.26666666666666666,767.3716488352882,729.2767634663865,2.934555434591806,120.0,8.827374473875599,0.23362636822726682,-76.19918507084088,111.5,1.0,0.6981317007977318,0.0,0,0.728583981981501
0.2833333333333333,765.4143603508039,729.6878860618558,2.9340827969682457,120.0,9.298611426855217,0.23973530019751824,-73.31951104250453,87.0,1.0,-0.005907901558456774,0.0,0,0.7468749827239662
0.3,763.4572663969348,730.0999336995491,2.9426800396314583,120.0,9.775034411671035,0.2365093229436879,-69.39170662550272,90.0,1.0,0.10705467573159172,0.0,0,0.7075419998727739
0.31666666666666665,761.4967023396619,730.4951407052176,2.952697696621359,120.0,10.243655527568905,0.2264916659537868,-65.43502397530163,85.0,1.0,0.12457230543895531,0.32224689772763154,0,0.6991249974817038
0.3333333333333333,759.5322776742455,730.870687951119,2.9452420338028906,120.0,10.6979410415426,0.2390781375110376,-63.86101438518098,86.5,1.0,-0.09292736673662672,0.0,0,0.7407499942928553
0.35,757.5707075344208,731.2608707115631,2.9505348156878135,120.0,11.171555212557411,0.23378535562611472,-60.716608631108585,89.5,1.0,0.06606349662469091,0.0,0,0.7346250058617443
0.36666666666666664,755.6070997271895,731.6406658923912,2.9642426224411214,120.0,11.643079356206949,0.22498991688513595,-56.62996517866515,88.0,1.0,0.16969959797481413,0.318018036781705,0,0.7415419968310744
0.3833333333333333,753.6384704060135,731.9935094778598,2.9584824933761156,120.0,12.090886349796374,0.23546377449872694,-55.17797910719909,87.5,1.0,-0.07187757454844435,0.0,0,0.7554170151706785
0.39999999999999997,751.671906156762,732.3576867060958,2.9658163916905123,120.0,12.557474325409764,0.2281298761843298,-52.10678746431945,90.5,1.0,0.09141820527093336,0.0,0,0.702916004229337
0.41666666666666663,749.7027239793312,732.7074316876017,2.970713542028491,120.0,13.01391315985371,0.22776569164708807,-49.464072478591675,89.0,1.0,0.061138089829226056,0.0,0,0.7343330071307719
0.4333333333333333,747.7318526674883,733.0475291326885,2.9806817024713146,120.0,13.465516130531679,0.21779753120426484,-46.278443487155,87.0,1.0,0.12396310389753609,0.331207478576993,0,0.7242919818963856
0.44999999999999996,745.7576891821266,733.3679640450569,2.976931033691815,120.0,13.903962051142301,0.2259166027347617,-44.967066092292995,85.0,1.0,-0.04684905432814429,0.0,0,0.7046249811537564
0.4666666666666666,743.784741424941,733.695801119556,2.9898748472982857,120.0,14.351961585599092,0.21297278912829068,-41.5802396553758,89.0,1.0,0.16040756740311274,0.3120916384087338,0,0.7071669970173389
0.4833333333333333,741.8077155980675,733.998073976219,2.9931571237317356,120.0,14.782819048566394,0.21390908720903237,-39.54814379322548,84.0,1.0,0.041005457108534205,0.32543982530592064,0,0.7353330147452652
0.49999999999999994,739.8297082794763,734.2938560710112,2.9953863690663685,120.0,15.209102501182047,0.21576204068580943,-37.72888627593528,84.5,1.0,0.027858357598454342,0.30663827134843136,0,0.8929590112529695
0.5166666666666666,737.8510465054624,734.5852279709193,3.009796465581985,120.0,15.637286225270246,0.20135194417019275,-34.43733176556117,86.5,1.0,0.1782151812257391,0.3451057269172257,0,0.7318329880945385
0.5333333333333333,735.8683916114338,734.8480578991708,3.0054059742646206,120.0,16.040585125898026,0.20970058673560057,-33.6623990593367,82.0,1.0,-0.05482614126455676,0.3159415205885084,0,0.7186250004451722
0.55,733.8869097754235,735.1195900953485,3.0144720476132614,120.0,16.45691923605314,0.20063451338695984,-31.197439435602018,85.0,1.0,0.11284448190793298,0.3437762008956872,0,0.710833992343396
0.5666666666666668,731.9030476744192,735.3731471189127,3.0181099405152616,120.0,16.86017830499676,0.20084206502826543,-29.51846366136121,83.5,1.0,0.04544235581142596,0.3308165003026355,0,0.7119170040823519
0.5833333333333335,729.9182762896169,735.6194854027214,3.02956710049489,120.0,17.25916738510177,0.18938490504863673,-26.911078196816725,84.5,1.0,0.1422472468201893,0.3307328797816434,0,0.7358749862760305
0.6000000000000002,727.93081289502,735.8430681729377,3.03203398311724,120.0,17.641547128058583,0.19066123345172617,-25.546646918090033,78.5,1.0,0.03082626475878024,0.34185245051694163,0,0.7768750074319541
0.6166666666666669,725.9428039958931,736.0617474289088,3.038465399061447,120.0,18.02056350344224,0.18422981750751902,-23.727988150854017,79.0,1.0,0.08022017552193474,0.3335676446617767,0,0.704041012795642
0.6333333333333336,723.953429804183,736.2676365382798,3.0397537521815554,120.0,18.393851836253763,0.18659215222730574,-22.63679289051241,78.0,1.0,0.016103021979827506,0.34597301092996274,0,0.7462499779649079
0.6500000000000004,721.9637920057046,736.4709624610401,3.0489239878388212,120.0,18.765666036531346,0.18098912099224432,-20.582075734307445,79.5,1.0,0.11412981318789638,0.3409899905686209,0,0.72170898783952
0.6666666666666671,719.9723733436722,736.6560346429284,3.0522613595513453,120.0,19.125671288809496,0.1776517492797203,-19.34924544058447,78.5,1.0,0.04169297124607106,0.357042611613953,0,0.6932499818503857
0.6833333333333338,717.9803481183717,736.8344597021729,3.059943108162521,120.0,19.480831958735052,0.17346217253788979,-17.60954726435068,77.5,1.0,0.09572836608097615,0.34526737724332696,0,0.7063750235829502
0.7000000000000005,715.9870110637798,736.9975774105651,3.0689729603922995,120.0,19.82601914433701,0.16443232030811067,-15.76572835861041,74.5,1.0,0.11239743631525217,0.33904413843233855,0,0.7056249887682498
0.7166666666666672,713.9922823664384,737.1426891743981,3.0649613065132697,120.0,20.155956657467378,0.17186904810099904,-15.659437015166247,72.0,1.0,-0.05010370487751537,0.34277211742156766,0,0.901249994058162
0.733333333333334,711.9981518566346,737.2958019102169,3.076328399304667,120.0,20.498004973118807,0.16050195530960232,-13.59566220909975,77.5,1.0,0.141143860406824,0.3417287239409901,0,0.7625829894095659
0.7500000000000007,710.0024097678464,737.4262377758336,3.073998959928042,120.0,20.82091223340806,0.16619685394169295,-13.35739732545985,73.0,1.0,-0.029109767089238694,0.35117373731265056,0,0.7555829943157732
0.7666666666666674,708.0069769359579,737.5613222435618,3.0899233722914783,120.0,21.15177785693403,0.15027244157825617,-10.81443839527591,73.0,1.0,0.19648688974645662,0.3511208967173739,0,0.8106249733828008
0.7833333333333341,706.0096460566926,737.6646148315504,3.085987645717821,120.0,21.4551236791941,0.1575211032023509,-10.888663037165546,71.5,1.0,-0.04915694948545921,0.3554259936158858,0,0.7193750061560422
0.8000000000000008,704.0127371770127,737.7757675474654,3.097952130416834,120.0,21.76886464933399,0.1455566185033386,-8.933197822299327,72.0,1.0,0.14845574697539124,0.35598108086533087,0,0.7353749824687839
0.8166666666666675,702.0146413700362,737.8630208920595,3.102759687679728,120.0,22.0634679660266,0.14401622263591765,-7.959918693379596,68.5,1.0,0.060022281518568074,0.338828407463419,0,0.9523330081719905
0.8333333333333343,700.0161491797819,737.9406673053236,3.100135616721927,120.0,22.35050577889565,0.14664029359371814,-7.975951216027758,69.0,1.0,-0.032789131088859336,0.34732797624421907,0,0.7476669852621853
0.850000000000001,698.0178676195451,738.0235576305586,3.1181321983555637,120.0,22.647785989508062,0.13187155863071734,-5.385570729616655,71.0,1.0,0.22127377134668452,0.3522930671015473,0,0.7258749974425882
0.8666666666666677,696.0184179872609,738.070474236989,3.114486518840421,120.0,22.910765350947308,0.13551723814586072,-5.631342437769993,64.5,1.0,-0.04553948719198934,0.3580905022376927,0,0.7064160017762333
0.8833333333333344,694.0191526848158,738.1246798680548,3.1256478880375167,120.0,23.18652027221431,0.1275506125787589,-3.9788054626619958,67.5,1.0,0.1386223076848064,0.3545400866684681,0,0.7385420030914247
0.9000000000000011,692.019406914978,738.1565680479345,3.1242772513852386,120.0,23.44093034611151,0.1289212492310379,-3.9872832775971974,64.0,1.0,-0.017131282055782807,0.364094359871219,0,0.7143339898902923
0.9166666666666679,690.0197067306405,738.19119712185,3.1323174711817967,120.0,23.70407449586368,0.12404867558569267,-2.792369966558318,64.5,1.0,0.10016639743319701,0.3561889654488673,0,0.7418750028591603
0.9333333333333346,688.0197927590324,738.2097472206889,3.1401055355928755,120.0,23.951748419053857,0.11940699774445676,-1.6754219799349908,62.0,1.0,0.09704500512658484,0.3776908796460876,0,0.7180829998105764
0.9500000000000013,686.0197949705519,738.2127214555865,3.138479058460768,120.0,24.189995316082957,0.12103347487656382,-1.8052531879609945,62.0,1.0,-0.020328163590715785,0.35628397952299695,0,0.6963339983485639
0.966666666666668,684.0198046650187,738.2189486357829,-3.1381518001736373,120.0,24.432140764376296,0.11760985986972372,-0.8831519127765968,64.0,1.0,0.08174801851223722,0.34725389726426364,0,0.6962919724173844
0.9833333333333347,682.0198165044792,738.2120669425299,-3.127916971284387,120.0,24.666818596060395,0.10737503098047353,0.470108852334042,64.5,1.0,0.12724414444067567,0.3688714406400636,0,0.6989589892327785
1.0000000000000013,680.0200035258509,738.1847164304727,-3.129353780143035,120.0,24.882268573112608,0.11193273020435601,0.2820653114004252,59.5,1.0,-0.017958180002261275,0.35082638092602114,0,0.7421250047627836
1.016666666666668,678.0201533140045,738.1602392946617,-3.124012202683944,120.0,25.105666860268844,0.10659115274526476,0.9692391868402551,62.5,1.0,0.0666707586653099,0.3736814033424203,0,0.7003750069998205
1.0333333333333345,676.0204623782981,738.1250802040319,-3.120614285152726,120.0,25.319990557401702,0.10630972901150847,1.381543512104153,61.5,1.0,0.042448455199185935,0.35542020000592317,0,0.7421250047627836
1.0500000000000012,674.0209024541006,738.0831265445603,-3.113683772457849,120.0,25.532209746051837,0.0993792163166316,2.2289261072624917,60.5,1.0,0.08641565645284488,0.3764892537225184,0,0.7607500010635704
1.0666666666666678,672.0216813091901,738.0273160281425,-3.109155219882892,120.0,25.732620637330665,0.097968276961788,2.737355664357495,59.0,1.0,0.05654656053837365,0.3636836628511967,0,0.7628749881405383
1.0833333333333344,670.0227334040407,737.96245253688,-3.1013606195646326,120.0,25.92824391553244,0.09017367664352882,3.6424133986144973,57.0,1.0,0.09712593632302417,0.3863356706185668,0,0.7431249832734466
1.100000000000001,668.0243518022876,737.8820101738186,-3.105506413249632,120.0,26.110774475051738,0.09744372058559048,2.9854480391686984,57.0,1.0,-0.0517761048728522,0.3602211357801234,0,0.7269589987117797
1.1166666666666676,666.0256538777215,737.8098533561538,-3.090462023734578,120.0,26.305353644188152,0.08239933107053643,4.791268823501219,59.5,1.0,0.18588392040962204,0.36419928755777553,0,0.8179170254152268
1.1333333333333342,664.0282676495156,737.7076366482586,-3.0931646096227245,120.0,26.472857755464805,0.08823835572260252,4.274761294100731,55.5,1.0,-0.033769481087560144,0.3722241770271327,0,0.7280410209205002
1.1500000000000008,662.0306124666341,737.6108184149193,-3.0850214946931773,120.0,26.64910554788234,0.0800952407930553,5.1648567764604385,58.0,1.0,0.10143956134746386,0.36714015896749824,0,0.8016669889912009
1.1666666666666674,660.0338119092529,737.4977364356217,-3.0919132353782257,120.0,26.81250860211442,0.09014122669015334,4.098914065876263,57.0,1.0,-0.08593459652485488,0.3686554309315481,0,0.7126250129658729
1.183333333333334,658.0362794462849,737.3984184644952,-3.0736333021471633,120.0,26.99254700893288,0.07186129345909098,6.259348439525758,60.5,1.0,0.22464249208508702,0.3757920675897677,0,0.7477089820895344
1.2000000000000006,656.0408961424822,737.2626043602728,-3.0742341404905864,120.0,27.140055119891606,0.07563990127456366,5.955609063715455,51.5,1.0,-0.007510338082281156,0.38603073744530314,0,0.736250018235296
1.2166666666666672,654.0454315965364,737.1279891832919,-3.072417911441411,120.0,27.291190708459645,0.07382367222538821,5.973365438229273,54.5,1.0,0.022698963817297947,0.37392505240063467,0,0.743083975976333
1.2333333333333338,652.0502148336577,736.9897500096553,-3.0628059789973383,120.0,27.44318596230553,0.06741888579400923,6.984019262937563,55.0,1.0,0.11957596162371213,0.3684385772485114,0,0.7338339928537607
1.2500000000000004,650.0564189634928,736.8323396284436,-3.0607692729789,120.0,27.577921610613064,0.06538217977557093,6.990411557762538,52.5,1.0,0.02545332697422733,0.38500703619732624,0,0.7102910021785647
1.266666666666667,648.062947827079,736.6708688004736,-3.055623708435925,120.0,27.71370669652623,0.06347916077140558,7.394246934657523,50.0,1.0,0.06423107951786966,0.36707583329290183,0,0.9098750015255064
1.2833333333333337,646.0703339359104,736.4991426209846,-3.048484911514037,120.0,27.840579769956417,0.05634036384951768,8.036548160794514,50.5,1.0,0.08899923104405516,0.39433440989921786,0,0.6953749980311841
1.3000000000000003,644.0789967266496,736.3131960721771,-3.0556753040624502,120.0,27.959015179213274,0.06681493350202938,6.821928896476708,49.0,1.0,-0.08963904470690025,0.36430821891166515,0,0.7859999896027148
1.3166666666666669,642.0863739778134,736.1415727030787,-3.0389013871206534,120.0,28.09254564254559,0.05004101656023252,8.693157337886024,52.5,1.0,0.20667990650919316,0.37199875877584265,0,0.766582990763709
1.3333333333333335,640.0969102099886,735.9365509566413,-3.044814337199395,120.0,28.199177189262265,0.05928625738150739,7.615894402731615,47.0,1.0,-0.07377772276115059,0.37525923762231633,0,0.7972499879542738
1.35,638.1062689445644,735.7432963256733,-3.0351518086328277,120.0,28.318375833644588,0.05301090949059395,8.569536641638969,50.0,1.0,0.12019936634330944,0.37301548863295136,0,0.7362079923041165
1.3666666666666667,636.1175879053244,735.5308163874029,-3.029776766156094,120.0,28.42434800328471,0.047635867013860356,8.941721984983381,46.5,1.0,0.06708720313931915,0.3947353112274578,0,0.7889169792179018
1.3833333333333333,634.1300776767827,735.3076503249246,-3.031699443794972,120.0,28.521134073084376,0.053007733820197966,8.36503319099003,46.5,1.0,-0.02402884478307516,0.37392727765831735,0,0.7213329954538494
1.4,632.14214204571,735.088306014053,-3.0162056835044955,120.0,28.627099900305208,0.03751397352972141,10.019019914594018,47.5,1.0,0.19130360979682154,0.37331063105246354,0,0.7212500204332173
1.4166666666666665,630.1578433506108,734.8381886643394,-3.0258922831145716,120.0,28.704625006621725,0.050719284253579744,8.411411948756411,43.0,1.0,-0.12049591745524048,0.37920062087698875,0,0.7956670015119016
1.4333333333333331,628.1712149996334,734.607303855197,-3.0278786485378455,120.0,28.806020089852627,0.05270564967685365,7.846847169253847,49.5,1.0,-0.024824467139810933,0.3684281685788233,0,0.7110000005923212
1.4499999999999997,626.1841319466224,734.3803656688195,-3.005903211692885,120.0,28.914981950027236,0.03432641230495648,10.30810830155231,48.5,1.0,0.2680807363827803,0.3728943779651576,0,0.7475829916074872
1.4666666666666663,624.2025153396025,734.1098187731011,-3.0148340414023522,120.0,28.98362129313141,0.043257242014423714,8.784864980931385,42.5,1.0,-0.1111750581703321,0.3788944044192919,0,0.7187910086940974
1.483333333333333,622.2185615825147,733.8569799118932,-3.003762283825468,120.0,29.07494526132163,0.03586765610688447,9.87091898855883,48.0,1.0,0.1375233817644675,0.37636205564142194,0,0.7922500080894679
1.4999999999999996,620.2375287378803,733.5821911412345,-3.0114463015621835,120.0,29.14666519341266,0.043551673843599925,8.522551393135299,42.5,1.0,-0.09575647094131956,0.37965745771201787,0,0.8137910044752061
1.5166666666666662,618.254442916128,733.3226326245855,-3.002790571309976,120.0,29.239981136963305,0.03867316071747773,9.31353083588118,48.0,1.0,0.10777736743520841,0.38325643223873695,0,0.7831660041119903
1.5333333333333328,616.2736780224097,733.0459189895522,-2.994812317939887,120.0,29.31738745914031,0.03457691346975755,9.988118501528707,43.5,1.0,0.0993995037944582,0.3721085215913152,0,0.7587920117657632
1.5499999999999994,614.2951838367728,732.7534112846947,-2.9903176347370604,120.0,29.386527507278025,0.03008223026693102,10.192871100917223,41.5,1.0,0.0561245356100082,0.39183387281127235,0,0.6825829914305359
1.566666666666666,612.3180243610882,732.4520138598374,-2.9957732038928246,120.0,29.448354788250054,0.039535099630211956,9.115722660550333,41.5,1.0,-0.06808919530066167,0.36353783626862785,0,0.7110830047167838
1.5833333333333326,610.3392500223234,732.1614073969947,-2.9824615785677406,120.0,29.527404391015608,0.026223474305127947,10.469433596330198,44.5,1.0,0.16488464948626955,0.399764523447147,0,0.7462500070687383
1.5999999999999992,608.3645193298554,731.8444867567313,-2.988700564653721,120.0,29.583341322264193,0.03658642485060737,9.281660157798118,39.5,1.0,-0.07782979364157146,0.3697931207100706,0,0.735875015379861
1.6166666666666658,606.3878498197694,731.5398925218935,-2.982202869529464,120.0,29.6564978486039,0.03008872972635057,9.76899609467887,42.5,1.0,0.08104329048172373,0.365930690217913,0,0.732625019736588
1.6333333333333324,604.4132011836192,731.2224610115634,-2.980212961347568,120.0,29.72225401758379,0.032361803481215645,9.661397656807322,44.0,1.0,0.024868724289034354,0.38843690496797645,0,0.7133749895729125
1.649999999999999,602.4391881161528,730.901100762821,-2.9700657849301266,120.0,29.786966327779695,0.022214627063774195,10.596838594084394,42.5,1.0,0.1261659845734207,0.37970587385513277,0,0.6956669967621565
1.6666666666666656,600.4685375183068,730.5597267432918,-2.9766650455695713,120.0,29.839383391857957,0.03322935845658481,9.358103156450635,39.0,1.0,-0.08230440925594781,0.3859686287348464,0,0.6996669981162995
1.6833333333333322,598.4956770316807,730.2313648997267,-2.9688107394008396,120.0,29.907418445413096,0.02995775659276445,10.014861893870382,42.5,1.0,0.09786518777976477,0.38010299490779365,0,0.7175829960033298
1.6999999999999988,596.5254564256836,729.88751789348,-2.978479979547994,120.0,29.96732499696633,0.03962699673991876,8.40891713632223,41.5,1.0,-0.12028205399880766,0.38263794652242883,0,0.7240829872898757
1.7166666666666655,594.5520032336035,729.5627372002905,-2.9647201224660917,120.0,30.05132866494938,0.030125970600254348,9.845350281793339,46.0,1.0,0.17033160093404867,0.3852018151421065,0,0.7247500179801136
1.733333333333332,592.583205654043,729.2108336755615,-2.953511481371053,120.0,30.111571492713235,0.018917329505215626,10.907210169076002,39.5,1.0,0.1392018772270957,0.3807767639612096,0,0.7672499923501164
1.7499999999999987,590.6184760245047,728.8368851726706,-2.967344939411469,120.0,30.155494869688116,0.036098532820238116,8.744326101445601,38.0,1.0,-0.17122504033040922,0.3749880256729572,0,0.7238749822136015
1.7666666666666653,588.6487615458431,728.4901505875042,-2.9480623289382075,120.0,30.22834191693654,0.01968601583522345,10.846595660867361,44.0,1.0,0.23652114246842132,0.38328588080178855,0,0.7454589940607548
1.7833333333333319,586.6860987781586,728.1055015782175,-2.9537985142209084,120.0,30.267711405621878,0.02542220111792437,9.707957396520417,37.0,1.0,-0.07157981451894735,0.39216003348299217,0,0.7124170078895986
1.7999999999999985,584.7212618940522,727.732117032668,-2.951633090039343,120.0,30.321124121524925,0.0261558167199536,9.62477443791225,40.5,1.0,0.02706119462196506,0.3797517937155468,0,0.7381659816019237
1.816666666666665,582.757238151857,727.3544786605532,-2.9429595250528653,120.0,30.373429790537568,0.017482251733476062,10.37486466274735,40.0,1.0,0.10799771677317901,0.37391187765147527,0,0.7385829812847078
1.8333333333333317,580.7965637165609,726.9598196193845,-2.9504968455828613,120.0,30.412885666265723,0.027949079141098565,9.02491879764841,38.5,1.0,-0.09393920326942601,0.3757237030667813,0,0.7184999994933605
1.8499999999999983,578.832970331608,726.5799498804356,-2.9369165526699366,120.0,30.469281752218944,0.017330299455769808,10.414951278589047,42.5,1.0,0.16815072803834435,0.38158221204313386,0,0.7725000032223761
1.866666666666665,576.8747165948535,726.1734498158759,-2.944567281451948,120.0,30.503940616166627,0.024981028237781366,9.048970767153428,38.0,1.0,-0.09534414651032667,0.3821194009932607,0,0.7208749884739518
1.8833333333333315,574.913410178286,725.781943570292,-2.938973343475795,120.0,30.556289228916924,0.022382170211056707,9.429382460292057,42.0,1.0,0.06981059542713736,0.3776040169416815,0,0.7687080069445074
1.8999999999999981,572.9543244986111,725.3794720810001,-2.932889239016707,120.0,30.6010498318972,0.016298065751968682,9.857629476175234,39.0,1.0,0.07590519058961565,0.3633516278267866,0,0.7841670012567192
1.9166666666666647,570.9977237413783,724.9650888323084,-2.931143879694769,120.0,30.63794299487767,0.017582937255379516,9.714577685705141,39.5,1.0,0.021813531020436226,0.38385540323198286,0,0.7367079961113632
1.9333333333333313,569.0418492116196,724.547291245143,-2.9289945532923047,120.0,30.673203559212528,0.01850060317416702,9.628746611423084,40.5,1.0,0.026860118612261605,0.36873931276927047,0,0.7142920221667737
1.949999999999998,567.0868771822356,724.1252908134768,-2.9266026685933784,120.0,30.710202654848825,0.016108718475240646,9.57724796685385,40.0,1.0,0.029889654500690255,0.3866070659404822,0,0.7181249966379255
1.9666666666666646,565.1329201205693,723.6986155257408,-2.922502360380899,120.0,30.744397527672835,0.015113803876918741,9.74634878011231,39.5,1.0,0.05120904270041426,0.3740201460829713,0,0.7464579830411822
1.9833333333333312,563.1807289796426,723.2639320210078,-2.9220021798139593,120.0,30.774623984639135,0.01461362330997895,9.447809268067386,37.5,1.0,0.006252175620248518,0.3555527931304863,0,0.7112919993232936
1.9999999999999978,561.2287555031487,722.8282721226186,-2.914397002053999,120.0,30.807740529342436,0.01015391217843975,10.068685560840432,39.5,1.0,0.09477988870548239,0.3829732485776096,0,0.7166250143200159
2.0166666666666644,559.280151715246,722.3777798610078,-2.913245074461478,120.0,30.8280480047384,0.009001984585919054,9.841211336504259,38.0,1.0,0.014398099889956127,0.36530228271929654,0,0.720334006473422
2.033333333333331,557.3320681545322,721.9250432483107,-2.9271902150621765,120.0,30.85188740497541,0.026134371267736434,7.704726801902555,39.5,1.0,-0.17258022339935966,0.36438036988495703,0,0.745249999454245
2.0499999999999976,555.3778607385854,721.4995160747269,-2.908101019426823,120.0,30.90550541481731,0.0102759451696679,9.822836081141533,46.0,1.0,0.23423494929371755,0.3754168334000267,0,0.7041659846436232
2.066666666666664,553.4321318440095,721.0367644471633,-2.9124994190005946,120.0,30.926056943462257,0.014674344743439427,8.893701648684921,40.0,1.0,-0.05492469709043602,0.3806614602845259,0,0.7477089820895344
2.083333333333331,551.4843864103613,720.5825753613167,-2.900135854171178,120.0,30.95869316560236,0.0055868573878252725,10.136220989210953,40.0,1.0,0.15333151507907172,0.37971432390627685,0,0.7200829859357327
2.0999999999999974,549.5424050919439,720.1043405247372,-2.9117331929224104,120.0,30.96986682225066,0.01718419613905775,8.281732593526572,40.5,1.0,-0.1439638409525571,0.3510539443439135,0,0.722791999578476
2.116666666666664,547.5950082415466,719.6486591590194,-2.897595850519026,120.0,31.009498167119414,0.00637006708843213,9.769039556115944,45.0,1.0,0.17491094542846586,0.3834636355768399,0,0.7961659866850823
2.1333333333333306,545.6542479045127,719.1654932307961,-2.9113295025794277,120.0,31.022783005470437,0.02347594285326249,7.661423733669566,38.5,1.0,-0.17001343274292063,0.3394324654190399,0,0.962125021032989
2.1499999999999972,543.7070351669568,718.7090257569275,-2.8904512389307215,120.0,31.06973057860946,0.0025976792045563357,9.99685424020174,47.0,1.0,0.25528419035424776,0.3884992582031175,0,0.7085829856805503
2.166666666666664,541.76977636675,718.2120062995403,-2.896908090338905,120.0,31.077444118719946,0.012477688832354339,8.798112544121045,39.0,1.0,-0.08053606912078468,0.3586563715713185,0,0.7252499926835299
2.1833333333333305,539.8293487909791,717.7275057080154,-2.8952900143984763,120.0,31.1023988488279,0.010859612891925607,8.678867526472626,43.0,1.0,0.020223191860862313,0.3453997284561936,0,0.7601670222356915
2.199999999999997,537.8897077138002,717.2398659929383,-2.8917733319885865,120.0,31.128663494670516,0.010819000333760265,8.807320515883575,45.0,1.0,0.04393024844985076,0.3667373771738478,0,0.7235830125864595
2.2166666666666637,535.9517935009069,716.7454082055937,-2.885487954945443,120.0,31.150301073216387,0.004533623290616794,9.284392309530144,45.0,1.0,0.07840614906991047,0.356174203954836,0,0.758999987738207
2.2333333333333303,534.0170254006349,716.2387797439278,-2.8852405056676127,120.0,31.166000822265868,0.007817188942106146,8.970635385718086,41.5,1.0,0.0030931061086130335,0.0,0,0.7618340023327619
2.249999999999997,532.0823827244426,715.7316725408084,-2.8730958993652504,120.0,31.18324254640085,-0.0007393640818946778,10.182381231430853,41.0,1.0,0.15065728033183454,0.3644758497669239,0,0.8424999832641333
2.2666666666666635,530.1540411840809,715.2011078381421,-2.8896505908404433,120.0,31.1817638183718,0.015815327393298162,7.709428738858511,40.0,1.0,-0.20405354846756601,0.0,0,0.7392080151475966
2.28333333333333,528.2171809424386,714.7025374776659,-2.8722122501044325,120.0,31.21710244947582,0.0020242350127670505,9.625657243315107,48.5,1.0,0.21462203758612705,0.0,0,0.7582920079585165
2.2999999999999967,526.2893089879824,714.1702690047866,-2.8776141531707196,120.0,31.221150916736597,0.007426138079054123,8.575394345989064,41.5,1.0,-0.06742144411499035,0.0,0,0.7343750039581209
2.3166666666666633,524.3585899129341,713.6484224246072,-2.8706684488997087,120.0,31.241886036809298,0.004189101200469558,9.14523660759344,43.5,1.0,0.08660413353100571,0.0,0,0.7236660167109221
2.33333333333333,522.4315419722308,713.1131783361478,-2.8794214966388623,120.0,31.2508536660415,0.01671453049113003,7.687141964556064,45.0,1.0,-0.10897960321472988,0.0,0,0.7561250240541995
2.3499999999999965,520.4998828950247,712.5948220788811,-2.8635440479193317,120.0,31.284281170501924,0.0008370817715994683,9.41228517873364,49.0,1.0,0.19592215473782892,0.0,0,0.9419170091859996
2.366666666666663,518.5766971210367,712.0458626279831,-2.882730629017686,120.0,31.288746514640536,0.0238621289631471,6.6473711072401835,45.5,1.0,-0.23538637382396965,0.0,0,0.7626250153407454
2.3833333333333298,516.6433333136551,711.5339013127381,-2.8587634156108286,120.0,31.336466243654215,-0.00010508444371026826,9.38842266434411,54.5,1.0,0.2910807590389517,0.0,0,0.738000002456829
2.3999999999999964,514.7227938795879,710.9757541258844,-2.8634919341431933,120.0,31.341332955745095,0.008530434644653084,8.433053598606467,45.5,1.0,-0.05903779457662896,0.0,0,0.7556249911431223
2.416666666666663,512.7996367165614,710.426694451259,-2.8592766336928226,120.0,31.358393618120033,0.004315134194282421,8.65983215916388,49.5,1.0,0.05264257325402259,0.0,0,0.7074169989209622
2.4333333333333296,510.8788110842061,709.8695329934328,-2.860384540997144,120.0,31.374480269222445,0.009401110448188366,8.195899295498329,49.0,1.0,-0.013847956047586409,0.0,0,0.6997920281719416
2.449999999999996,508.9573693475952,709.314499973866,-2.853929844282899,120.0,31.39511404864523,0.006998173694535925,8.717539577298997,51.5,1.0,0.08050930970478129,0.0,0,0.7840000034775585
2.466666666666663,507.0395501823951,708.7470762789155,-2.8489534201882556,120.0,31.409110281790735,0.0020217495998924306,9.030523746379398,48.5,1.0,0.06212525248953555,0.0,0,1.0139170044567436
2.4833333333333294,505.1245784936395,708.1701157679059,-2.8558024147399035,120.0,31.417419017996373,0.012998911324931584,7.818314247827639,50.0,1.0,-0.08540418183961193,0.0,0,0.7849159883335233
2.499999999999996,503.2057001506474,707.6062843172083,-2.828594182771373,120.0,31.44341610850302,-0.014209320643598922,10.890988548696583,51.0,1.0,0.3278307408962327,0.0,0,0.8529170008841902
2.5166666666666626,501.3028709892334,706.9904587067693,-2.8592077995307754,120.0,31.42180544127264,0.02061168542091929,6.73459312921795,43.5,1.0,-0.3654782221289269,0.0,0,0.8070839976426214
2.533333333333329,499.38208371317074,706.4331650318403,-2.826739819905465,120.0,31.463913120080875,-0.007566763748463323,10.44075587753077,56.5,1.0,0.3855390667226437,0.0,0,0.8908339950721711
2.549999999999996,497.480399786838,705.8138119464942,-2.840810247710666,120.0,31.448779736997565,0.006503664056737523,8.264453526518462,45.0,1.0,-0.1740997266330803,0.0,0,0.71854202542454
2.5666666666666624,495.57018982685156,705.2212767924581,-2.8361153893116633,120.0,31.46529108182389,0.0061835060336798975,8.558672115911078,57.0,1.0,0.05861849735348511,0.0,0,0.735500012524426
2.583333333333329,493.6627827773846,704.6197800363208,-2.82596128061725,120.0,31.477658015081122,-0.003970602660733568,9.535203269546646,52.0,1.0,0.12625126507875764,0.0,0,1.087625016225502
2.5999999999999956,491.76158161804096,703.9989466031759,-2.82485461597764,120.0,31.475967918132064,-0.0006142525519154951,9.321121961727988,49.5,1.0,0.013832425713921279,0.0,0,0.7816660217940807
2.6166666666666623,489.8610686771713,703.3760095585341,-2.8404990495085483,120.0,31.47476800273354,0.019584776469711684,6.992673177036793,56.0,1.0,-0.19311829457164711,0.0,0,0.7221249979920685
2.633333333333329,487.951043205553,702.7828799792942,-2.8175844511649024,120.0,31.513935051719407,-0.003329821873934158,9.595603906222076,60.5,1.0,0.2789635232570116,0.0,0,0.6919580046087503
2.6499999999999955,486.0551093056365,702.1461424767491,-2.8244642404553484,120.0,31.510148331399346,0.008199538490453406,8.357362343733245,52.0,1.0,-0.08578630271245974,0.0,0,0.7504999812226743
2.666666666666662,484.15483968894733,701.5224635658599,-2.8168925146253576,120.0,31.526547224622583,0.0006278126604626344,9.014417406239946,59.5,1.0,0.09436546837252419,0.0,0,0.714917026925832
2.6833333333333287,482.25934682480374,700.8844143499049,-2.812752174769858,120.0,31.53367442934749,0.0012355496662701526,9.208650443743968,58.0,1.0,0.05170811435684798,0.0,0,0.7527080015279353
2.6999999999999953,480.3665119403497,700.2385226405651,-2.8122829599004464,120.0,31.536145528051367,0.0007663347968587253,8.925190266246382,58.5,1.0,0.005865118614108801,0.0,0,0.7080000068526715
2.716666666666662,478.4739803262444,699.5917428560853,-2.80475194537685,120.0,31.54671297733921,-0.0019144242601751849,9.555114159747829,58.5,1.0,0.0938610711684651,0.0,0,0.7849580142647028
2.7333333333333285,476.58637324237435,698.9307288646118,-2.803699073177976,120.0,31.54534584352139,0.001988960674400797,9.333068495848698,58.0,1.0,0.013160142701079194,0.0,0,0.9182920039165765
2.749999999999995,474.6994631678742,698.2677278308646,-2.805139955437366,120.0,31.54932376224748,0.0034298429337908942,8.79984109750922,62.0,1.0,-0.018009081046019164,0.0,0,0.9680840012151748
2.7666666666666617,472.81159974602315,697.60744629967,-2.789273366258691,120.0,31.561953370376617,-0.007370506108564268,10.479904658505532,63.0,1.0,0.19579155137238857,0.0,0,0.7660840055905282
2.7833333333333283,470.9344499289554,696.9172951826799,-2.7986703893264124,120.0,31.54721249162515,0.0020265169591571204,8.887942795103319,57.5,1.0,-0.11692698584323372,0.0,0,0.7452920253854245
2.799999999999995,469.0508977207168,696.2448138975578,-2.7862771402923023,120.0,31.56053735215914,-0.00518636087182811,10.132765677061993,65.0,1.0,0.1536938918273933,0.0,0,0.7336249982472509
2.8166666666666615,467.17582417518054,695.5490415218271,-2.8059548201602458,120.0,31.552548864724628,0.01979014495750686,7.2796594062371955,66.5,1.0,-0.2411830815702308,0.0,0,0.71083297370933
2.833333333333328,465.2874233400369,694.8902985629812,-2.765930196256066,120.0,31.592126571087856,-0.02023447894667285,11.767795643742318,71.0,1.0,0.46389381772452826,0.0,0,0.7327920175157487
2.8499999999999948,463.42689378437586,694.1565208224414,-2.7940321499170775,120.0,31.55772708642597,0.013289264122094746,7.86067738624539,62.0,1.0,-0.33780970936528315,0.0,0,0.7310830114874989
2.8666666666666614,461.54648095479456,693.4753104361831,-2.7480760702166958,120.0,31.584304832362253,-0.03266681557828699,12.916406431747234,71.5,1.0,0.5214215910474967,0.0,0,0.7519580249208957
2.883333333333328,459.69934819583267,692.7084332812425,-2.7780777621647537,120.0,31.528958669695832,0.0028843327710390554,8.74984385904834,54.0,1.0,-0.3587892120381685,0.0,0,0.7287919870577753
2.8999999999999946,457.8300425172309,691.9973100289528,-2.750309933543613,120.0,31.537500315488813,-0.01920146366864728,11.849906315429005,69.0,1.0,0.33408705611043216,0.0,0,0.7030839915387332
2.916666666666661,455.98120126966967,691.2345610261241,-2.7752047572215557,120.0,31.499099747943657,0.005693360009295212,8.309943789257403,62.0,1.0,-0.3016866830004073,0.0,0,0.9184590016957372
2.933333333333328,454.11394636364264,690.5180701916272,-2.7512357291886755,120.0,31.51740553182771,-0.012455935112889893,10.985966273554443,76.5,1.0,0.29110157353308885,0.0,0,0.7288340129889548
2.9499999999999944,452.26439975879583,689.7570331646044,-2.763672446923384,120.0,31.49249430577767,-1.9217378181224376e-05,8.991579764132666,69.0,1.0,-0.15422447254681318,0.0,0,0.7756669947411865
2.966666666666661,450.40553162989085,689.019056688461,-2.7331409241142635,120.0,31.503793283377632,-0.02458795394613622,12.3949478584796,71.5,1.0,0.3645828164719121,0.0,0,0.7791659736540169
2.9833333333333276,448.57005787307224,688.224678889155,-2.7614742983961404,120.0,31.458442696484592,0.009856852241919345,8.43696871508776,67.0,1.0,-0.3403823934501863,0.0,0,0.8598339918535203
2.9999999999999942,446.7128164156557,687.4826181309598,-2.732711736793206,120.0,31.47815608174748,-0.01890570936101499,11.662181229052656,79.5,1.0,0.34514123059655505,0.0,0,0.9141250047832727
3.016666666666661,444.877683764755,686.6874526427764,-2.7344754567255225,120.0,31.44887567826701,-0.010876067094129471,10.997308737431593,69.5,1.0,-0.022042928308733903,0.0,0,0.936791009735316
3.0333333333333274,443.0411515196405,685.8955250497132,-2.7328033471848556,120.0,31.427829946594272,-0.006121653347052725,10.798385242458956,73.0,1.0,0.020898326348093264,0.0,0,0.7452080026268959
3.049999999999994,441.2059460310187,685.1005276820871,-2.721128278964552,120.0,31.415586716368896,-0.017796721567356233,11.879031145475373,77.0,1.0,0.1449153291421892,0.0,0,0.7075410103425384
3.0666666666666607,439.38014705449757,684.2841588332604,-2.720382068192225,120.0,31.385739082158597,-0.011949417822080033,11.527418687285223,72.5,1.0,0.009327364151980003,0.0,0,0.7276670075953007
3.0833333333333273,437.55495776947936,683.4664277809854,-2.7123773737388097,120.0,31.3618408152572,-0.019954112275495373,12.116451212371134,73.0,1.0,0.09972675182452148,0.0,0,0.8790830033831298
3.099999999999994,435.7363725760884,682.6341130001607,-2.7138600927252,120.0,31.333070687917544,-0.011704202846839706,11.46987072742268,74.5,1.0,-0.018531865571953778,0.0,0,0.9152080165222287
3.1166666666666605,433.9165552932605,681.804495584046,-2.71195855095072,120.0,31.312676194675742,-0.00665788378402965,11.281922436453609,79.0,1.0,0.0237647973234945,0.0,0,0.7148330041673034
3.133333333333327,432.09831885175777,680.9714192113217,-2.7032528314184963,120.0,31.2993605254831,-0.015363603316253194,11.969153461872166,78.0,1.0,0.10839496172743006,0.0,0,0.6871249934192747
3.1499999999999937,430.28740374912223,680.1225455510832,-2.6885567363934597,120.0,31.27745062005299,-0.022923846802975323,13.3814920771233,80.0,1.0,0.18167564370312467,0.0,0,0.7628750172443688
3.1666666666666603,428.4891588782779,679.2471511345589,-2.7031229519965616,120.0,31.231980794604468,-0.0010261260507369308,11.02889524627398,76.5,1.0,-0.18010469711145866,0.0,0,0.7836669974494725
3.183333333333327,426.6783540421362,678.398042280874,-2.6702076535048374,120.0,31.22992854286315,-0.033941424542461185,14.617337147764388,85.5,1.0,0.3903304317331249,0.0,0,0.7104160031303763
3.1999999999999935,424.89647367066044,677.4898009353334,-2.6819433181042966,120.0,31.168691835505356,-0.014670578193838768,12.570402288658633,70.5,1.0,-0.1456569076267918,0.0,0,0.7164579874370247
3.21666666666666,423.10405743210464,676.6025332036079,-2.6737546566574184,120.0,31.13935173160234,-0.02285923964071701,13.14224137319518,79.0,1.0,0.10200302209059164,0.0,0,0.7337919960264117
3.2333333333333267,421.31896674158094,675.7006178935007,-2.65600349348868,120.0,31.106998921987564,-0.032863143217282786,14.885344823917109,75.5,1.0,0.21835189658768828,0.29534017174550825,0,0.6879589927848428
3.2499999999999933,419.55016649313967,674.7671589061242,-2.671728432419358,120.0,31.045935014240253,-0.009170068500636395,12.331206894350265,76.0,1.0,-0.19408736204738714,0.0,0,0.6808749749325216
3.26666666666666,417.7669069484467,673.861628455912,-2.646502802749829,120.0,31.027595134275362,-0.03439569817016519,14.998724136610159,81.0,1.0,0.3054522494382346,0.3024424061433447,0,0.7044579833745956
3.2833333333333266,416.0070548998641,672.9114070253498,-2.6674912150698047,120.0,30.970766583213244,-0.0052090589102342655,11.799234481966096,79.5,1.0,-0.256572817003726,0.0,0,0.698207993991673
3.299999999999993,414.22764828133063,671.998328668406,-2.627783958375384,120.0,30.96328283203115,-0.03647834583817122,16.07954068917966,83.5,1.0,0.4607158931310978,0.31681245955030374,0,0.7283329905476421
3.3166666666666598,412.4858905538921,671.015333236622,-2.6421481390278854,120.0,30.89034231948834,-0.022114165185669776,13.647724413507795,73.0,1.0,-0.1776592141213414,0.2957917885432457,0,0.7364579942077398
3.3333333333333264,410.73019307311847,670.0574572759647,-2.6258839703775134,120.0,30.856990724531048,-0.029690512219190168,15.188634648104676,79.0,1.0,0.2005686381938616,0.3039090986178241,0,0.7983749965205789
3.349999999999993,408.9903061679106,669.0711543016783,-2.626663387070311,120.0,30.799156945677723,-0.019962834596492396,14.513180788862806,75.5,1.0,-0.009742400417015969,0.314565535369809,0,0.7410000253003091
3.3666666666666596,407.2496510502605,668.086207723737,-2.6192766166018133,120.0,30.759233928260016,-0.02734960506499018,14.907908473317683,77.5,1.0,0.09207355974979015,0.31103604792315404,0,0.7067919941619039
3.383333333333326,405.51631892940696,667.0884303142826,-2.623948706575964,120.0,30.71463497576423,-0.013164394009445246,13.74474508399061,80.0,1.0,-0.05833486415012582,0.29404092885165944,0,0.7158329826779664
3.399999999999993,403.7783440376023,666.0987620489246,-2.6046955491525083,120.0,30.68845680087685,-0.022149236030803543,15.646847050394365,85.5,1.0,0.23617316484325776,0.3323411346700066,0,0.7268330082297325
3.4166666666666594,402.0597443173993,665.0758177680774,-2.5989552761958743,120.0,30.644161950780994,-0.027889508987437587,15.788108230236618,74.0,1.0,0.07163064890595469,0.32037916684181766,0,0.7437089807353914
3.433333333333326,400.34704485882315,664.0430251632467,-2.60142346773411,120.0,30.59893883721798,-0.014857076856324982,14.872864938141971,75.5,1.0,-0.030842610656427134,0.3041009463722397,0,0.7096669869497418
3.4499999999999926,398.631801489721,663.0144629703041,-2.5838757719248444,120.0,30.569225776640963,-0.03240477266559072,16.523718962885184,78.5,1.0,0.21592660027281038,0.31522486304080655,0,0.7175420178100467
3.4666666666666592,396.93487016433073,661.9559621073337,-2.580614703991897,120.0,30.52493476182452,-0.02515752054543974,16.31423137773111,72.5,1.0,0.04074079349701974,0.3313994135631776,0,0.6803330034017563
3.483333333333326,395.241399699098,660.8919330741845,-2.5830048833876127,120.0,30.484282851229278,-0.012322316159895763,15.388538826638666,78.5,1.0,-0.029868357235121934,0.3192448106811307,0,0.6995830044616014
3.4999999999999925,393.54539085337547,659.8319547747694,-2.5685903221682316,120.0,30.459638842576087,-0.02673687737927688,16.6331232959832,77.5,1.0,0.17826923565892727,0.3255085422652822,0,0.7097919879015535
3.516666666666659,391.8648367955795,658.7476402176295,-2.5687579791020525,120.0,30.426054310040207,-0.016194860228671004,15.97987397758992,75.0,1.0,-0.0020957086046438714,0.33588521703097485,0,0.6837910041213036
3.5333333333333257,390.18410096854967,657.6636074322681,-2.5512092722472,120.0,30.403216267556346,-0.02344721985044318,17.58792438655395,73.5,1.0,0.2159386581705469,0.34403063784470134,0,0.727875012671575
3.5499999999999923,388.52264632934344,656.5502483339264,-2.555632836734211,120.0,30.356326124613247,-0.0190236553634322,16.35275463193237,70.5,1.0,-0.055238305097671594,0.32657097883269126,0,0.7305420003831387
3.566666666666659,386.8562829460121,655.444249656399,-2.544007336209464,120.0,30.33825447307938,-0.02043813189520716,17.211652779159422,74.0,1.0,0.1443086002747303,0.3300146924349372,0,0.6774999783374369
3.5833333333333255,385.2028896663845,654.3189538451198,-2.542684062732669,120.0,30.30752848392448,-0.011642960801283575,16.726991667495653,73.0,1.0,0.016539410164838182,0.34471989268782194,0,0.6978330202400684
3.599999999999992,383.5509869080122,653.1914711282316,-2.5337163096385993,120.0,30.28491555077762,-0.01059203517134577,17.236195000497393,73.0,1.0,0.1116308960989028,0.342631068456787,0,0.7335420232266188
3.6166666666666587,381.909261423798,652.0492200899384,-2.5324611303127376,120.0,30.263731876543794,-0.011847214497207492,16.741717000298436,73.5,1.0,0.01568845432600862,0.33620302745930064,0,0.700709002558142
3.6333333333333253,380.2689709623442,650.9049092920939,-2.526681038088678,120.0,30.251418216835603,-0.007715495359026825,16.84503020017906,73.5,1.0,0.07212582259560482,0.33013404443720673,0,0.7144999981392175
3.649999999999992,378.63532208654345,649.7511366322536,-2.5164667649774244,120.0,30.238395906403007,-0.008131826543900544,17.507018120107436,74.0,1.0,0.1269913268906963,0.3593115037938585,0,0.7358330185525119
3.6666666666666585,377.0135431745523,648.5807379136022,-2.511286459007252,120.0,30.22213243255794,-0.013312132514073037,17.504210872064462,69.0,1.0,0.06466354613441797,0.34686687784275505,0,0.8961660205386579
3.683333333333325,375.3978490195455,647.4019536256695,-2.5029549354517444,120.0,30.208664405430774,-0.011966472383382776,17.902526523238677,68.5,1.0,0.10376996101398399,0.3492939953951792,0,0.7261659775394946
3.6999999999999917,373.79203189578317,646.2097492115561,-2.5020159675427234,120.0,30.189401106017996,-0.0033557773270236346,17.341515913943205,67.5,1.0,0.01173655994172347,0.3390848774172668,0,0.7376249996013939
3.7166666666666583,372.1873349214351,645.016037512477,-2.4963650422251744,120.0,30.18268956396068,-0.009006702644572593,17.40490954836592,70.0,1.0,0.0705194359650342,0.36256932540082687,0,0.7041660137474537
3.733333333333325,370.5894091081397,643.8132768982215,-2.4940210188572514,120.0,30.180060061478606,-0.0019352077101890686,17.042945729019554,68.5,1.0,0.02929191157902078,0.35248911108205166,0,0.7487089897040278
3.7499999999999916,368.9943069811046,642.6067740161992,-2.4779658288149764,120.0,30.183552294190193,-0.008715498196553817,18.425767437411732,69.5,1.0,0.19805881361407907,0.3565308339032141,0,0.891125004272908
3.766666666666658,367.41878023457133,641.3748180628639,-2.48006057763239,120.0,30.16612151847243,-0.006620749379140366,17.45546046244704,63.5,1.0,-0.026178378498219385,0.34397062976560294,0,0.7808749796822667
3.7833333333333248,365.84067630833187,640.1461651427976,-2.473160962093903,120.0,30.170847099802607,-0.0043923979505477995,17.673276277468222,66.5,1.0,0.08603230623440163,0.3677323688244547,0,0.9315419883932918
3.7999999999999914,364.2710871100406,638.9066532434568,-2.4637286653497026,120.0,30.1724491623356,-0.004849804509352573,18.203965766480934,65.5,1.0,0.11736188374064123,0.3723428800722275,0,0.7182089902926236
3.816666666666658,362.7132590037038,637.6523918707329,-2.4620754329812113,120.0,30.16592597567155,0.0023128103931724375,17.72237945988856,61.0,1.0,0.02066246357771813,0.35894280883927054,0,0.7292079972103238
3.8333333333333246,361.1575066108321,636.3955567613912,-2.4574987917657833,120.0,30.170551592334025,-0.0022638308222555636,17.633427675933135,63.0,1.0,0.05714572814663055,0.3553752900696167,0,0.738417002139613
3.849999999999991,359.60752257433273,635.131614718971,-2.4557954594916356,120.0,30.179666835697553,0.004683860586086386,17.18005660555988,63.5,1.0,0.021288436887978296,0.3449598778760884,0,0.7187920273281634
3.866666666666658,358.05969369858127,633.8650343735567,-2.452811932462319,120.0,30.195878974666254,0.010180944816318593,16.908033963335928,62.5,1.0,0.037276812132787315,0.3610330549790986,0,0.7147080032154918
3.8833333333333244,356.5156505828617,632.593841682892,-2.4297319016098524,120.0,30.21665614895163,-0.0045942788258726,19.144820378001555,62.0,1.0,0.280873587279672,0.37521592782334884,0,0.7255419914145023
3.899999999999991,355.0013552571907,631.2873541526603,-2.446571510643009,120.0,30.20746762362429,0.0122453302072838,16.286892226800934,55.0,1.0,-0.20746634763219654,0.34483995337577333,0,0.7240000122692436
3.9166666666666576,353.4652749332204,630.0065507960472,-2.423282506744622,120.0,30.242565139633438,-0.002919860579055022,18.57213533608056,63.0,1.0,0.2832833580873487,0.36639183585015317,0,0.7051670108921826
3.9333333333333242,351.9594370963216,628.6903242164022,-2.4368310324750855,120.0,30.241282958658505,0.018566499085827637,16.143281201648335,54.5,1.0,-0.16776473514759074,0.36298315163528244,0,0.6885000038892031
3.949999999999991,350.4359050809148,627.3946196983773,-2.419749547797843,120.0,30.278413823484037,0.0014850144085851724,17.685968720989003,59.5,1.0,0.21035974224477894,0.3760828978692719,0,0.7404579955618829
3.9666666666666575,348.9347268065855,626.0730812809705,-2.4166289855847998,120.0,30.295750797250236,0.006111529286511264,17.411581232593402,54.0,1.0,0.03898726201353406,0.37370706671930515,0,0.7411249971482903
3.983333333333324,347.43767977757403,624.7468647854737,-2.411167187945481,120.0,30.31663617707128,0.008201483174879787,17.446948739556042,52.5,1.0,0.06816669054145379,0.3676950926764,0,0.7268330082297325
3.9999999999999907,345.94789856799724,623.4124915439884,-2.410493010840616,120.0,30.33635785455963,0.014879372924211154,16.868169243733625,52.0,1.0,0.008427014324872181,0.357052021411883,0,0.7726250041741878
4.016666666666658,344.4590173008048,622.0771142294426,-2.4097461257874735,120.0,30.366115502343646,0.014132487871068466,16.320901546240176,53.0,1.0,0.009335791928256669,0.34991626440744755,0,0.8147079788614064
4.033333333333324,342.9711338221529,620.7406252642975,-2.399601544537114,120.0,30.407009533798767,0.01113613914255307,16.992540927744106,54.0,1.0,0.12613405849028733,0.37725411449720453,0,0.713415996870026
4.049999999999991,341.49688479211835,619.3891113733433,-2.40076438494786,120.0,30.436872830286156,0.01923943660839189,16.19552455664646,51.0,1.0,-0.014534481572494581,0.36781361022238795,0,0.7340839947573841
4.0666666666666575,340.0210651642079,618.0393127121074,-2.388668045923719,120.0,30.478253310689453,0.01387204492232019,17.117314733987875,52.0,1.0,0.1500674777231701,0.37555943781407036,0,0.7284159946721047
4.083333333333324,338.5616807310345,616.6717612226887,-2.377632287697129,120.0,30.505996510726632,0.002836286695730106,17.870388840392724,45.5,1.0,0.13708181996723523,0.3764585165640575,0,0.8859999943524599
4.099999999999991,337.1174768259503,615.2881879212191,-2.39397053786543,120.0,30.52326620496671,0.025688444824169654,15.122233304235635,45.5,1.0,-0.20145774135299188,0.34785910852904334,0,0.7316249830182642
4.116666666666657,335.65086151229036,613.9283939950162,-2.3721807266390744,120.0,30.581810045285955,0.01019417422051161,17.27333998254138,51.5,1.0,0.26592193852153806,0.3670367291045141,0,0.7153750048018992
4.133333333333324,334.21422166464566,612.5369681262904,-2.375694811117198,120.0,30.605291596235098,0.019782302306593724,16.16400398952483,43.0,1.0,-0.04389783688707704,0.37451330542463185,0,0.7669169863220304
4.149999999999991,332.7727011093892,611.1505993121673,-2.366679884083682,120.0,30.644853620366778,0.010767375273077473,16.698402393714897,44.5,1.0,0.11221321453442037,0.38167149560517816,0,0.7132909959182143
4.166666666666657,331.34373697355596,609.7512918053975,-2.371695874069269,120.0,30.67743903288038,0.02163297656907215,15.419041436228937,44.5,1.0,-0.06261790461268121,0.36604186405415173,0,0.720290991012007
4.183333333333324,329.9077719311571,608.3591695417266,-2.357345954957753,120.0,30.727893682530535,0.012905491289286086,16.65142486173736,47.0,1.0,0.17748650723239118,0.3769030419185218,0,0.7696669781580567
4.19999999999999,328.49193088958833,606.9465853336138,-2.370129033127488,120.0,30.757368020246584,0.031081266097181093,14.390854917042416,44.5,1.0,-0.15844901232723171,0.3538805367673844,0,0.7255410018842667
4.216666666666657,327.0581488430956,605.5522148508672,-2.354391188628536,120.0,30.819978525200256,0.0205040018767102,15.834512950225449,50.5,1.0,0.19424267593699399,0.369494386433226,0,0.7281669822987169
4.233333333333324,325.6464878323063,604.1354533357852,-2.358526076345077,120.0,30.86098365562363,0.024638889593251,14.70070777013527,47.0,1.0,-0.05164014443780318,0.3796665583424424,0,0.7370419916696846
4.24999999999999,324.2289807562004,602.7245409752222,-2.351642544044745,120.0,30.91768277971733,0.022681617455518666,15.020424662081162,49.0,1.0,0.08583274667065122,0.3871084502357614,0,0.7565839914605021
4.266666666666657,322.82121924695196,601.3039046624812,-2.3503569282177303,120.0,30.967432720394832,0.02608590802602695,14.612254797248696,49.5,1.0,0.016068814669057296,0.38329568889325344,0,0.7447920215781778
4.2833333333333234,321.4152852931081,599.881459683781,-2.354162799070945,120.0,31.02126395048682,0.03434346255826215,13.567352878349217,52.0,1.0,-0.0475375445318989,0.3704746580852776,0,0.7214999932330102
4.29999999999999,320.0039478926691,598.4643757970185,-2.3392494434546465,120.0,31.089937373999224,0.019430106941963565,14.940411727009531,53.5,1.0,0.18430147328086077,0.38407855549111924,0,0.7468340045306832
4.316666666666657,318.61390012838336,597.0264024964999,-2.3487005167270074,120.0,31.13646169820685,0.033092931450502405,13.164247036205719,52.0,1.0,-0.11759336603148357,0.36399566331559235,0,0.79629200627096
4.333333333333323,317.21032425639913,595.6016306650885,-2.325997040323346,120.0,31.207701305507804,0.014359717873384525,15.498548221723432,55.0,1.0,0.27652289704777655,0.37639740617939615,0,0.7371249957941473
4.34999999999999,315.83945459879146,594.1453627014737,-2.341860660659067,120.0,31.239183947018994,0.033950704987030005,12.899128933034058,48.5,1.0,-0.19575584510466748,0.37312468805965765,0,0.7417910092044622
4.3666666666666565,314.4456567171375,592.7110240158429,-2.3149155080214254,120.0,31.307822364161858,0.010488758424030296,15.739477359820434,55.0,1.0,0.32488024293719936,0.3900652019706348,0,0.774584012106061
4.383333333333323,313.0910085805066,591.2396544409494,-2.3298648798476527,120.0,31.32879949637506,0.025438130250257537,13.243686415892261,44.5,1.0,-0.18473652090434667,0.35991968264851365,0,0.9553330019116402
4.39999999999999,311.7145165803728,589.7886996609622,-2.3172214761709213,120.0,31.3851694757263,0.01603264505855107,14.346211849535358,54.5,1.0,0.15674608745739183,0.374579232599232,0,0.7363339827861637
4.416666666666656,310.3564791170347,588.3204577707512,-2.3140287438595837,120.0,31.420796012196575,0.015831549473245946,14.207727109721215,50.0,1.0,0.0398879858077685,0.38890029626587663,0,0.8117080142255872
4.433333333333323,309.0031362706548,586.8478875211018,-2.3166877123511305,120.0,31.454357994355078,0.021235006627797315,13.32463626583273,53.5,1.0,-0.03322487518200559,0.3772676239437452,0,0.8532499778084457
4.4499999999999895,307.6458826951342,585.3789209688152,-2.297794959602881,120.0,31.497331047475722,0.004838851419854073,15.194781759499637,52.0,1.0,0.23191040822412992,0.3775145833538271,0,0.7275829848367721
4.466666666666656,306.31662250971203,583.8845758415266,-2.304813403476892,120.0,31.50700871254909,0.011857295293865366,13.716869055699782,47.0,1.0,-0.08750650506552227,0.39172646686365553,0,0.7434160215780139
4.483333333333323,304.9769071715723,582.3995967801412,-2.2982712169320236,120.0,31.534595530243934,0.007563190989058111,14.03012143341987,52.0,1.0,0.08159576362735375,0.39248081941800916,0,0.7249999907799065
4.499999999999989,303.64693544410994,580.9058848922087,-2.2878887244129,120.0,31.55222528271074,-0.0008202439639286574,14.818072860051922,49.0,1.0,0.1290597915097454,0.3950949428783094,0,0.7005840016063303
4.516666666666656,302.3325435727986,579.3984453383192,-2.2860251441089523,120.0,31.55197095429087,-0.0009341897179235836,14.490843716031154,47.5,1.0,0.023290541572513916,0.3834242287019354,0,0.7037909817881882
4.533333333333323,301.02096321691914,577.8885589286608,-2.287919011786277,120.0,31.550617705843376,0.0024595987341449184,13.694506229618693,48.5,1.0,-0.023668925056491708,0.39949074527470374,0,0.7055000169202685
4.549999999999989,299.7065256898261,576.38115918494,-2.278158369375467,120.0,31.555536898351747,-0.007301043676664953,14.416703737771215,49.5,1.0,0.12140797829943824,0.4031690485034506,0,0.9040839795488864
4.566666666666656,298.4068637318082,574.8610016947828,-2.278281866515194,120.0,31.5433197784227,-0.005927525820377698,13.850022242662728,49.5,1.0,-0.0015437130203371438,0.39453297593449,0,0.6950409733690321
4.583333333333322,297.1070140485997,573.3410047207519,-2.267380091076831,120.0,31.5329545370846,-0.015829265160601125,14.710013345597638,48.5,1.0,0.13543793885446456,0.39285575352057883,0,0.7511250150855631
4.599999999999989,295.82381194479984,571.8069276820072,-2.2698905936268488,120.0,31.502121365275972,-0.012568696357607045,13.826008007358583,46.5,1.0,-0.03137098668732117,0.38078591502403963,0,0.7056249887682498
4.616666666666656,294.5367625844953,570.2760769563845,-2.263654321459089,120.0,31.477367196113807,-0.018304760027455735,14.09560480441515,49.0,1.0,0.07779607465427378,0.40474326862867877,0,0.702582998201251
4.633333333333322,293.25928499137865,568.7372296608139,-2.25503731511614,120.0,31.440919413975273,-0.026671207859594315,14.657362882649089,44.0,1.0,0.10729889479256434,0.40006605276450247,0,0.747833022614941
4.649999999999989,291.99511491891707,567.1874316004549,-2.2511540291581262,120.0,31.387583322248684,-0.030554493817608108,14.594417729589454,44.0,1.0,0.04850300354220515,0.39796716184519154,0,0.8037079824134707
4.666666666666655,290.7369726721485,565.632736103936,-2.2486549926021056,120.0,31.32663635689152,-0.0330523196632444,14.356650637753674,42.0,1.0,0.031227802125323417,0.39174314605210653,0,0.6892079836688936
4.683333333333322,289.48271959087793,564.0749013218993,-2.242352789480722,120.0,31.260397108657777,-0.039602264146954,14.613990382652204,41.0,1.0,0.07861518127519383,0.41484441520241505,0,0.7034589943941683
4.699999999999989,288.2383091438249,562.5091929712589,-2.2492861152548347,120.0,31.180971520980478,-0.03316514303775975,13.168394229591323,41.0,1.0,-0.0864505579015504,0.3983174337951,0,0.7442499918397516
4.716666666666655,286.9830731275938,560.9521500869566,-2.234810133676098,120.0,31.112401012434365,-0.04589849144034864,14.501036537754793,45.0,1.0,0.179012748592403,0.3985470241937815,0,0.7380410097539425
4.733333333333322,285.7505075658606,559.3771002032929,-2.2351667041048455,120.0,31.02063625717368,-0.04554192101160126,13.900621922652874,40.0,1.0,-0.004457100844558248,0.3967846409710268,0,0.7093329913914204
4.7499999999999885,284.51738046628265,557.8024899161785,-2.230705021006556,120.0,30.938353324270224,-0.04352637906465028,13.940373153591725,40.5,1.0,0.05571332282659863,0.3938735101137555,0,0.810083991382271
4.766666666666655,283.2912910291739,556.2223934975349,-2.224788831643488,120.0,30.861449960867105,-0.0406991263509644,14.164223892155036,40.0,1.0,0.07381799369595925,0.41363833373464964,0,0.9182080102618784
4.783333333333322,282.07457114445447,554.6350709965515,-2.2195065179889886,120.0,30.784129173187868,-0.03746245753148214,14.298534335293022,36.0,1.0,0.06593321288424214,0.4114774467593261,0,0.7385839999187738
4.799999999999988,280.8662529309923,553.0413435747457,-2.186368767915714,120.0,30.709221782278867,-0.07060020760475672,17.779120601175812,33.0,1.0,0.39270617773054517,0.3888707830119282,0,0.7996670028660446
4.816666666666655,279.7114009661206,551.4084574981218,-2.217718440952429,120.0,30.583072595953453,-0.03095970421229266,13.267472360705487,19.0,1.0,-0.37347896002833975,0.38344729426925556,0,0.7563750259578228
4.8333333333333215,278.5059343901741,549.8125720591646,-2.2019124371920937,120.0,30.530376795271096,-0.03870646413577061,14.760483416423291,34.5,1.0,0.195062790649663,0.39356689592278754,0,0.7314159884117544
4.849999999999988,277.3258419127565,548.1978331500086,-2.1720792264548403,120.0,30.45685789327737,-0.060715201167866883,17.856290049853975,25.0,1.0,0.3569415910564646,0.3793593182894114,0,0.7277090044226497
4.866666666666655,276.1944402502942,546.5486120374293,-2.185127449506008,120.0,30.33550208272872,-0.04766697811669918,15.513774029912385,13.5,1.0,-0.1616791286994546,0.41817199613321454,0,0.7209999894257635
4.883333333333321,275.04161610618894,544.9142936802026,-2.167791348258287,120.0,30.254267092090537,-0.057416316618069896,17.10826441794743,18.0,1.0,0.2134016894469939,0.39931413022206896,0,0.7165830174926668
4.899999999999988,273.9172964822094,543.2602364311527,-2.1834922509845174,120.0,30.148500142912347,-0.03436906872188672,14.464958650768459,11.0,1.0,-0.19379806966513716,0.4109691040358913,0,0.7072089938446879
4.9166666666666545,272.76714631312757,541.6240351634106,-2.1433683109096853,120.0,30.084104624239963,-0.06738956266390206,18.678975190461074,16.0,1.0,0.46488624153425107,0.38580571470012326,0,0.7652920030523092
4.933333333333321,271.6835550782849,539.9430146293979,-2.158807925214438,120.0,29.949427489018408,-0.051949948359149456,16.007385114276644,-1.0,1.0,-0.1906511717461159,0.40501929419679145,0,0.7509159913752228
4.949999999999988,270.57413971750753,538.278924019704,-2.1540399680454887,120.0,29.859274519519918,-0.049859624169144016,16.004431068565985,5.5,1.0,0.05952904695233029,0.39183600913139477,0,0.8882919792085886
4.966666666666654,269.4726712497965,536.6095627003252,-2.144544543157773,120.0,29.768856458791497,-0.052743992206951244,16.60265864113959,1.5,1.0,0.11814009483806502,0.3875410746517332,0,0.7810409879311919
4.983333333333321,268.3871034944342,534.9298178838375,-2.15083273432861,120.0,29.668588938642102,-0.040093832354957566,15.161595184683755,-1.5,1.0,-0.07844110976382782,0.4123303114722023,0,0.7393749838229269
4.999999999999988,267.2909947144926,533.2569324895157,-2.140506918841393,120.0,29.589862127225828,-0.04430844496143215,15.896957110810254,1.0,1.0,0.12836300080837032,0.4043789750712771,0,0.720667012501508
5.016666666666654,266.2122179678924,531.5728182620969,-2.1447952083186976,120.0,29.50127423046876,-0.04002015548412752,14.738174266486151,-3.5,1.0,-0.053552366181644946,0.41411970051903907,0,0.8186659833882004
5.033333333333321,265.12622919313446,529.8933456123941,-2.1442511468412864,120.0,29.431013222037087,-0.03470528157725905,14.242904559891691,-2.0,1.0,0.006800663624346719,0.404255908675293,0,0.7730000070296228
5.049999999999987,264.04115431543045,528.2132823666276,-2.1312779625155476,120.0,29.36782071006577,-0.04207313384300315,15.345742735935016,-5.5,1.0,0.1607653148412746,0.39441891185293226,0,0.7367499929387122
5.066666666666654,262.9779659061891,526.5192840176157,-2.149933884950322,120.0,29.28667542908992,-0.018066662608673845,12.407445641561008,-8.5,1.0,-0.22910456109523536,0.4033742763040602,0,0.753208005335182
5.083333333333321,261.8833612408314,524.8454140625186,-2.1248819068722096,120.0,29.25054406951925,-0.04311864068678606,15.044467384936606,-2.0,1.0,0.30347668000952566,0.38811400301528404,0,0.7755409751553088
5.099999999999987,260.8310294126088,523.1446501978654,-2.14762433908314,120.0,29.174593605576504,-0.015281476806977334,11.626680430961963,-12.0,1.0,-0.27697349199428467,0.4193754989139919,0,0.7288330234587193
5.116666666666654,259.7402935425618,521.4682566695456,-2.116594389897611,120.0,29.151200751535832,-0.041473408880034146,14.976008258577178,-5.5,1.0,0.3700097381367624,0.40252090308488353,0,0.7367079961113632
5.13333333333332,258.70209280080275,519.7588300932308,-2.140820634924098,120.0,29.072658287812917,-0.012666631646363946,11.385604955146306,-18.5,1.0,-0.29404932378460913,0.4148971133305337,0,0.7792499964125454
5.149999999999987,257.6227877735783,518.0750543782949,-2.1243523311605816,120.0,29.04922970211662,-0.02481254045041048,13.031362973087784,-9.0,1.0,0.2030178223959011,0.40327354098242324,0,0.7522079977206886
5.166666666666654,256.57135677611103,516.373733462781,-2.139446987392169,120.0,28.99960971310649,-0.009717884218823247,10.61881778385267,-16.0,1.0,-0.18649072322912597,0.4116112917148787,0,0.7631249900441617
5.18333333333332,255.4943656807886,514.6884767521888,-2.122349031287598,120.0,28.988025383330296,-0.022752125681996915,12.371290670311602,-11.5,1.0,0.2105566493958577,0.398728297632469,0,0.7524169923271984
5.199999999999987,254.4463450468218,512.9850529203783,-2.126048726261887,120.0,28.94797167065019,-0.01524783854692302,11.42277440218696,-20.0,1.0,-0.04621326036248544,0.41155511455890315,0,0.7348330109380186
5.2166666666666535,253.3920294511527,511.28551809439534,-2.131760304218934,120.0,28.920806789530154,-0.005991140128910556,10.253664641312177,-20.0,1.0,-0.07127378955082435,0.42852360530553896,0,0.7247920148074627
5.23333333333332,252.32802407957112,509.59203276252924,-2.123212647074683,120.0,28.910318506900268,-0.01125341232704935,10.952198784787306,-18.0,1.0,0.10644189293617193,0.4207490997254608,0,0.779333000537008
5.249999999999987,251.2785327328977,507.8895146530051,-2.127591193792101,120.0,28.88781215728452,-0.006874865609631353,9.971319270872385,-23.0,1.0,-0.054677280904963335,0.42672568919599796,0,0.7571250025648624
5.266666666666653,250.22159691519934,506.1916080957216,-2.1213865538446566,120.0,28.880046343031395,-0.01005404162863277,10.382791562523431,-23.5,1.0,0.07740304812368863,0.4196969696969697,0,0.7259580015670508
5.28333333333332,249.17521627341694,504.4871763568412,-2.1320162751441902,120.0,28.86411105885671,0.0033411087646144644,8.629674937514059,-25.5,1.0,-0.1320977544591203,0.4177776573451839,0,0.7385830103885382
5.2999999999999865,248.11077745369022,502.7939634348911,-2.1282772951481843,120.0,28.873418270201476,0.002107474750219218,8.777804962508435,-22.0,1.0,0.046703263991194496,0.41234326159594725,0,0.7320000149775296
5.316666666666653,247.05267694886018,501.0967824422806,-2.1249565598893057,120.0,28.878968889378108,0.0010320139700779052,8.86668297750506,-28.5,1.0,0.0414853750613833,0.417247293386215,0,0.9272079914808273
5.33333333333332,246.00021815641622,499.39609714211264,-2.129693626666213,120.0,28.88133193035182,0.007754350068121418,7.920009786503037,-29.0,1.0,-0.059144274963169846,0.41693816905946796,0,0.7197089726105332
5.349999999999986,244.93971494273018,497.7004164723633,-2.130195305107158,120.0,28.896840475065652,0.00825602850906604,7.552005871901823,-26.0,1.0,-0.006270898311235222,0.430955465225354,0,0.7507909904234111
5.366666666666653,243.87836117609945,496.00526804757607,-2.123402681711315,120.0,28.91631238645475,0.0031887857172634426,8.131203523141094,-30.5,1.0,0.08470462767992541,0.42535677023466373,0,0.7350829837378114
5.3833333333333195,242.82854631096788,494.3029494084991,-2.140346195391806,120.0,28.92458271382091,0.02159795369483009,5.678722113884656,-31.5,1.0,-0.20870972339204483,0.4289940828402367,0,0.76374999480322
5.399999999999986,241.7500402549481,492.61866181811297,-2.1183997562213035,120.0,28.968836824636718,0.0008576472872032781,8.207233268330794,-29.0,1.0,0.26774366596477334,0.41634060730197914,0,0.7972079911269248
5.416666666666653,240.7087550656199,490.9111123592434,-2.1456574195592224,120.0,28.971014390297594,0.029062165902618897,4.524339960998476,-36.5,1.0,-0.3283844670878029,0.4205387475590509,0,0.7550829905085266
5.433333333333319,239.62131863451114,489.2325766854201,-2.1317650414793095,120.0,29.029130540387992,0.015169787822705949,6.114603976599086,-28.0,1.0,0.17194006974731835,0.4179749554042901,0,0.7307080086320639
5.449999999999986,238.55730524046055,487.5390963940435,-2.1381074496291075,120.0,29.060932749623156,0.022200054523655144,5.0687623859594515,-36.0,1.0,-0.07911462481827569,0.42374968764502197,0,0.7092500163707882
5.466666666666653,237.4825725757228,485.8523985256196,-2.1399275055397555,120.0,29.106122715909354,0.024449287682569487,4.641257431575671,-34.5,1.0,-0.0227467748909654,0.4201843070591393,0,0.7480840140487999
5.483333333333319,236.40477180833614,484.16765952333446,-2.134292217716892,120.0,29.155355659793248,0.018984844365011355,5.184754458945402,-37.0,1.0,0.07032493506542074,0.42173778465620165,0,0.7122089737094939
5.499999999999986,235.3364820934125,482.47687358626604,-2.144290332268497,120.0,29.19341880709274,0.028895851362102043,3.7108526753672413,-40.5,1.0,-0.12433178896074754,0.42112450012857006,0,0.731167005142197
5.516666666666652,234.25134138254555,480.796852860912,-2.1438403467264,120.0,29.251260215511067,0.028101218509789753,3.6265116052203448,-36.5,1.0,0.005624759956884858,0.41767500622797965,0,0.832833000458777
5.533333333333319,233.16695676655334,479.11634400803456,-2.1447124461252574,120.0,29.30745525584683,0.028973317908647104,3.375906963132207,-38.0,1.0,-0.010900810692535791,0.41872621475810795,0,0.9596660092938691
5.549999999999986,232.08110699235485,477.4367814852706,-2.1511314473729777,120.0,29.364410797036125,0.03479057601888025,2.425544177879324,-39.5,1.0,-0.08006598641552148,0.4399514439274122,0,0.7675420201849192
5.566666666666652,230.9844985486343,475.76422358757,-2.153297163546536,120.0,29.432839413540528,0.036097929284006014,2.0553265067275945,-35.5,1.0,-0.027064841849312883,0.4384237322533111,0,0.7386670040432364
5.583333333333319,229.88427039377993,474.0940445530752,-2.154418349352651,120.0,29.503916495496107,0.03610464159198302,1.8331959040365569,-38.5,1.0,-0.014013905109587697,0.43700672833572896,0,0.7467499817721546
5.599999999999985,228.78217034981577,472.42510012826824,-2.1611689778995693,120.0,29.57522799000595,0.04148522984000458,0.8999175424219341,-38.0,1.0,-0.08418342639908599,0.435378946811699,0,0.7249159971252084
5.616666666666652,227.66882907934178,470.76363354254966,-2.1668412793341623,120.0,29.657694551361004,0.04553250453201141,0.13995052545316045,-37.0,1.0,-0.07078530583945158,0.427395025783141,0,0.897249992704019
5.633333333333319,226.5460814309397,469.10850885902653,-2.165680905982871,120.0,29.74882590819523,0.04249273734809922,0.28397031527189626,-36.0,1.0,0.01450364982966238,0.43130803602597223,0,0.731542007997632
5.649999999999985,225.42525510055327,467.452082483629,-2.1823207315257918,120.0,29.833785809774575,0.05913256289101998,-1.8296178108368624,-36.5,1.0,-0.2050738101022026,0.4108451306952656,0,0.7417499728035182
5.666666666666652,224.27702256192276,465.8145349157,-2.172436494720297,120.0,29.948568324524484,0.04711522639925025,-0.4977706865021172,-30.0,1.0,0.12292996393867849,0.42695479549091797,0,0.8307500102091581
5.6833333333333185,223.14503175731312,464.16571812227534,-2.180424344129894,120.0,30.0397576864374,0.052716976720267095,-1.4986624119012704,-32.5,1.0,-0.09951827163679293,0.41509733529738646,0,0.747458019759506
5.699999999999985,221.99990670607448,462.5259960064808,-2.1855704415456474,120.0,30.142706480847053,0.05522473107696957,-2.0991974471407624,-32.0,1.0,-0.06423771298207577,0.40562593568608224,0,0.7776669808663428
5.716666666666652,220.84635868508664,460.8921885015173,-2.1858960202329265,120.0,30.251390157134434,0.052660531331556897,-2.059518468284457,-29.5,1.0,-0.004069711122578765,0.4324255891315167,0,0.9640839998610318
5.733333333333318,219.69227879234435,459.25875665379056,-2.1878939816052467,120.0,30.35582964907298,0.05151814524705989,-2.235711080970674,-29.5,1.0,-0.024969326673547246,0.42617837743122483,0,0.7679160044062883
5.749999999999985,218.5349376714932,457.6276338717821,-2.1940870898927827,120.0,30.45882036718088,0.05771125353459582,-2.9414266485824045,-29.5,1.0,-0.07725976267079508,0.4145980905451186,0,0.8377089980058372
5.7666666666666515,217.36751708979853,456.0037098632658,-2.2077690069977476,120.0,30.567598612073823,0.06800318323432819,-4.564855989149443,-26.0,1.0,-0.16938519093581034,0.3976786106836667,0,0.8110000053420663
5.783333333333318,216.17798807348203,454.39590990078875,-2.197973336417193,120.0,30.697591584175584,0.054568882442018296,-3.1389135934896655,-21.5,1.0,0.1218393854385138,0.41060457114770216,0,0.7712499937042594
5.799999999999985,215.0042653543531,452.77653502800587,-2.2143090415573967,120.0,30.801569855981562,0.06701838545679806,-5.083348156093799,-26.0,1.0,-0.20142720207022502,0.40551301684532925,0,0.7571250025648624
5.816666666666651,213.80424678488316,451.1765489552767,-2.209333654022632,120.0,30.93134276379668,0.05791037453328274,-4.250008893656279,-19.0,1.0,0.06211234542453162,0.41680942373240554,0,0.7620419783052057
5.833333333333318,212.61220358621998,449.5706121531201,-2.2129573099480293,120.0,31.04400013156383,0.05715622251627739,-4.550005336193767,-22.5,1.0,-0.04526475941194761,0.40332540321169924,0,0.735500012524426
5.8499999999999845,211.41434886416428,447.9690054395825,-2.2220110436063845,120.0,31.15633906816866,0.061588293016294315,-5.53000320171626,-20.5,1.0,-0.11269218898050204,0.41203671389683816,0,0.7256669923663139
5.866666666666651,210.2020429133957,446.378309276976,-2.222023002010871,120.0,31.278834500912588,0.05673616181701702,-5.318001921029756,-17.0,1.0,-0.0001494800549678016,0.40977479719522525,0,0.7312920060940087
5.883333333333318,208.98971794052568,444.7876276117281,-2.225755695584582,120.0,31.392245956592696,0.06046885539072777,-5.590801152617853,-16.5,1.0,-0.0466248546996474,0.4014575271626037,0,0.749625003663823
5.899999999999984,207.7714638998668,443.2014822550794,-2.224036297271549,120.0,31.503732573613867,0.05364447623797686,-5.154480691570712,-16.0,1.0,0.02148917051354492,0.399282492096757,0,0.7225830049719661
5.916666666666651,206.555938874295,441.6132445801048,-2.2313682090952556,120.0,31.60263787121728,0.055632164805335726,-5.892688414942428,-15.5,1.0,-0.09139358102520642,0.409042464172781,0,0.7444590155500919
5.933333333333318,205.32880180576763,440.0339616367897,-2.2272344478233594,120.0,31.706667014340827,0.04591670758509103,-5.135613048965457,-12.0,1.0,0.05162610138487611,0.4118332044410073,0,0.7540419755969197
5.949999999999984,204.1082035819492,438.4496195095926,-2.2314834836969846,120.0,31.792622731960556,0.04321810121853354,-5.481367829379274,-15.5,1.0,-0.05306308916907428,0.39581761536618054,0,0.7452910067513585
5.966666666666651,202.88088447036316,436.87047803450696,-2.2557384969726315,120.0,31.87238297562369,0.05836222388105216,-8.288820697627564,-10.0,1.0,-0.29437868683477775,0.38993688136565774,0,0.751374987885356
5.983333333333317,201.61562801847788,435.3215667681774,-2.2447842932420103,120.0,31.982096350128913,0.03772129733027762,-6.573292418576539,-0.5,1.0,0.1360812878991331,0.40976250906453954,0,0.7579999801237136
5.999999999999984,200.367414228039,433.7588888316344,-2.243415651252857,120.0,32.05284491036178,0.027312341924875305,-6.1439754511459235,-5.0,1.0,0.017106356072813366,0.39706989613099286,0,0.8598749991506338
6.016666666666651,199.1213403526368,432.19450400140875,-2.260678792925276,120.0,32.105140321870536,0.036152530901905504,-8.086385270687554,-2.5,1.0,-0.21253043635631202,0.0,0,0.7328750216402113
6.033333333333317,197.84844729204283,430.65186235271267,-2.247116091297954,120.0,32.17742963418483,0.02258982927458364,-6.051831162412532,4.5,1.0,0.1679369881862128,0.0,0,0.725042016711086
6.049999999999984,196.5965930489753,429.09209924438056,-2.269626208364161,120.0,32.206998137392496,0.037267580855063986,-8.63109869744752,1.0,1.0,-0.2742846404216058,0.0,0,0.8230420062318444
6.06666666666665,195.3099484680194,427.56090829538147,-2.2624364270301887,120.0,32.269370754263974,0.022811400099324253,-7.378659218468512,10.5,1.0,0.08963146574703665,0.0,0,0.7958750065881759
6.083333333333317,194.03434597540763,426.02050630861225,-2.2650389541803655,120.0,32.3061553821518,0.01869090754821956,-7.427195531081106,7.5,1.0,-0.032520120551777984,0.0,0,0.8134999952744693
6.099999999999984,192.75473886924814,424.4834293248973,-2.2785502996575393,120.0,32.33782154077221,0.026001950222768855,-8.856317318648664,8.5,1.0,-0.1673129056644001,0.0,0,0.8612080127932131
6.11666666666665,191.4544812153117,422.9637813283601,-2.256145765694002,120.0,32.386998802339505,-0.002099013263036742,-5.713790391189199,16.0,1.0,0.2730612566013598,0.0,0,0.7474170124623924
6.133333333333317,190.18859404526555,421.4153854898509,-2.306214564886612,120.0,32.3828007788961,0.04796978592957313,-11.22827423471352,11.0,1.0,-0.5592174960391842,0.0,0,0.7409999961964786
6.1499999999999835,188.84679932755165,419.9322850429778,-2.2390865943924294,120.0,32.4680977028418,-0.024367862168306775,-3.1369645408281124,30.5,1.0,0.6981317007977318,0.0,0,0.7290840148925781
6.16666666666665,187.60750941802897,418.36252056377873,-2.290596396604326,120.0,32.41203066406358,0.022403525885269282,-8.882178724496868,2.0,1.0,-0.5720556152407729,0.0,0,0.7330829976126552
6.183333333333317,186.2890407177664,416.8586454737437,-2.2873979101891386,120.0,32.452413315723376,0.01492395144617742,-8.129307234698121,28.5,1.0,0.0399597975222029,0.0,0,0.7335830014199018
6.199999999999983,184.97538887751747,415.35056097922404,-2.270478720238377,120.0,32.48037557073117,-0.005831460667296451,-5.677584340818872,27.0,1.0,0.20841871184665517,0.0,0,0.7555409974884242
6.21666666666665,183.68743940580546,413.820467466292,-2.2874889460290766,120.0,32.468712715497865,0.011178765123402991,-7.606550604491323,20.5,1.0,-0.20950768955867366,0.0,0,0.7865000225137919
6.2333333333333165,182.37365028126152,412.31250256742,-2.281639705324818,120.0,32.484516995675364,0.0019271182515594454,-6.563930362694793,32.0,1.0,0.07298563626479593,0.0,0,0.7482910004910082
6.249999999999983,181.06870403076294,410.79687883993694,-2.254351003727131,120.0,32.48438356036094,-0.02833987226477941,-2.9383582176168757,24.5,1.0,0.32873204842554415,0.0,0,0.7178749947343022
6.26666666666665,179.80559790000416,409.2462135303232,-2.3023132964842667,120.0,32.425836118821394,0.01705984908014324,-8.363014930570126,22.0,1.0,-0.5400728542780069,0.0,0,0.794166000559926
6.283333333333316,178.4695993514987,407.7578896816964,-2.2596787138861596,120.0,32.45995416198174,-0.025574733517963914,-3.0178089583420755,45.0,1.0,0.4896450374331959,0.0,0,0.7882089994382113
6.299999999999983,177.1982496907724,406.21397581098626,-2.305247808125372,120.0,32.40426831595279,0.01784036095253505,-8.210685375005246,30.5,1.0,-0.5177768942067493,0.0,0,0.7055420137476176
6.3166666666666496,175.8578893972529,404.7295788682663,-2.2381198376311895,120.0,32.43736342825463,-0.05103896795647378,-0.326411225003147,46.5,1.0,0.6981317007977318,0.0,0,0.7247909961733967
6.333333333333316,174.6201176470493,403.15861703092014,-2.305247808125372,120.0,32.33419581966123,0.014735539112629148,-9.195846735001888,21.5,1.0,-0.6981317007977318,0.0,0,0.8117499819491059
6.349999999999983,173.27975735352982,401.6742200882002,-2.2595497163525096,120.0,32.36366583135883,-0.030962552660233286,-3.5175080410011326,53.5,1.0,0.5189935041846755,0.0,0,0.7559579971712083
6.366666666666649,172.0086068644623,400.1301422293655,-2.289997688859472,120.0,32.29961993285039,-0.0014737361557424222,-7.11050482460068,37.0,1.0,-0.3636708974891947,0.0,0,0.7158329826779664
6.383333333333316,170.69103878211283,398.62547803148817,-2.243822162204616,120.0,32.29570683608577,-0.04821655888287735,-1.4663028947604073,48.5,1.0,0.5234816281731499,0.0,0,0.7027079991530627
6.399999999999983,169.44432907011947,397.0615998731838,-2.307199884114016,120.0,32.1989550210624,0.014984407067538008,-8.279781736856245,35.5,1.0,-0.6699799397627768,0.0,0,0.769499980378896
6.416666666666649,168.10107367659887,395.57982224216835,-2.2400719136198335,120.0,32.22892271371484,-0.052143563426644494,-0.7678690421137464,65.5,1.0,0.6981317007977318,0.0,0,0.768749974668026
6.433333333333316,166.8602376497873,394.0112796209538,-2.307199884114016,120.0,32.12479237483468,0.01519799295305635,-9.460721425268249,47.5,1.0,-0.6981317007977318,0.0,0,0.7669169863220304
6.449999999999982,165.51698225626672,392.52950198993835,-2.2400719136198335,120.0,32.15553336457679,-0.05132512640434417,0.1235671448390514,70.5,1.0,0.6981317007977318,0.0,0,0.7965000113472342
6.466666666666649,164.27614622945515,390.9609593687238,-2.2958699491775443,120.0,32.05291305428985,0.005471077024848281,-6.1258597130965695,44.5,1.0,-0.6090296215265893,0.0,0,0.7581249810755253
6.483333333333316,162.94976513510122,389.4640581720711,-2.2449571011910963,120.0,32.06385515375162,-0.045441770961599744,-0.07551582785794153,77.0,1.0,0.5667626437507133,0.0,0,0.7189580064732581
6.499999999999982,161.7012813201318,387.901595960125,-2.2871171533962293,120.0,31.97480411290983,-0.0018870418612468855,-5.045309496714765,58.0,1.0,-0.4850140804162388,0.0,0,0.7421250047627836
6.516666666666649,160.38805293661733,386.39314270836945,-2.2382697810058536,120.0,31.972034783158072,-0.048938876090355965,0.7728143019711413,76.5,1.0,0.5481714684169233,0.0,0,0.7673339860048145
6.5333333333333155,159.15004564500967,384.8223664843559,-2.261353685403469,120.0,31.874196096056817,-0.025854971692740758,-2.136311418817315,54.0,1.0,-0.28091828561651266,0.0,0,0.7922500080894679
6.549999999999982,157.87611175713806,383.2805842528678,-2.234074191459045,120.0,31.826462505620015,-0.05093252832206118,1.3182131487096111,68.5,1.0,0.3286289452967591,0.0,0,0.7552079914603382
6.566666666666649,156.644705674789,381.7046276987859,-2.279312000173067,120.0,31.72734607209525,-0.0030796272090056753,-4.009072110774234,71.5,1.0,-0.514644716155278,0.0,0,0.7693340012338012
6.583333333333315,155.3432908814988,380.1859705499187,-2.2136684030321567,120.0,31.721972990856806,-0.06568696360109039,3.1945567335354603,86.5,1.0,0.6871434203068334,0.0,0,0.7261249993462116
6.599999999999982,154.14429757093123,378.5852160274468,-2.2807963735263392,120.0,31.590693518145493,0.0014410068930921227,-6.083265959878724,83.0,1.0,-0.6981317007977318,0.0,0,0.7419580069836229
6.6166666666666485,152.84062995800946,377.06849233638803,-2.2136684030321567,120.0,31.598683124725625,-0.06222021749034967,3.9500404240727662,99.0,1.0,0.6981317007977318,0.0,0,0.7299999997485429
6.633333333333315,151.64163664744189,375.46773781391613,-2.239728920611624,120.0,31.476997350906508,-0.03225179390828714,0.5700242544436598,69.0,1.0,-0.31491594788039073,0.0,0,0.7388750091195107
6.649999999999982,150.40133869276053,373.8987696868934,-2.206916371391472,120.0,31.412504945046102,-0.06506434312843946,4.542014552666196,88.0,1.0,0.38923151460509897,0.0,0,0.7634580251760781
6.666666666666648,149.21318097616003,372.28995607417045,-2.2740443418856544,120.0,31.290719297867387,0.006424786701445306,-3.2747912684002825,106.0,1.0,-0.6981317007977318,0.0,0,0.7334999972954392
6.683333333333315,147.91978396872204,370.76446461855676,-2.206916371391472,120.0,31.308898270253422,-0.05587518948761794,8.835125238959831,115.0,1.0,0.6981317007977318,0.0,0,0.7421659829560667
6.6999999999999815,146.73162625212154,369.1556510058338,-2.269340047307802,120.0,31.198866347888888,0.011858462971447992,1.7010751433758986,119.0,1.0,-0.6626102695119653,0.0,0,0.7436670130118728
6.716666666666648,145.44541989105957,367.6240919319605,-2.2022120768136193,120.0,31.222582717977588,-0.05526950752273451,11.82064508602554,134.5,1.0,0.6981317007977318,0.0,0,0.7353330147452652
6.733333333333315,144.2648436268703,366.00970669775126,-2.1996784339844786,120.0,31.120944569690046,-0.051994392840646775,11.692387051615324,99.5,1.0,0.03165995297569247,0.0,0,0.7290419889613986
6.749999999999981,143.0883614231387,364.3923354898021,-2.2124915359650825,120.0,31.02165315741479,-0.032855207766242955,9.615432230969194,115.0,1.0,-0.15881494488125109,0.0,0,0.731875014025718
6.766666666666648,141.89125281772866,362.7901710204504,-2.189061932411457,120.0,30.955625261815708,-0.049421009014669615,12.169259338581517,126.0,1.0,0.2849027830712494,0.0,0,0.7269580091815442
6.783333333333315,140.73200741551202,361.1604010681443,-2.2000596637370267,120.0,30.85682347475899,-0.03842327768910003,10.301555603148909,126.0,1.0,-0.13661533015725064,0.0,0,0.7018330215942115
6.799999999999981,139.55490870726265,359.54347848773494,-2.1736171499334462,120.0,30.78868012110243,-0.05744191548241462,13.180933361889345,131.0,1.0,0.3192267185723164,0.0,0,0.7360000163316727
6.816666666666648,138.42097200792992,357.89599933402576,-2.1655310311946327,120.0,30.677003435368288,-0.05751964873487525,13.708560017133607,124.5,1.0,0.10073436447672322,0.0,0,0.9071670065168291
6.833333333333314,137.30039394668307,356.2394049936237,-2.1667598516609976,120.0,30.56202756218315,-0.05629082826851039,13.025136010280164,128.5,1.0,-0.01535904798063261,0.0,0,0.7399580208584666
6.849999999999981,136.17778107495477,354.58418889285923,-2.1419043794760984,120.0,30.4634466743346,-0.07252675985350931,15.615081606168099,132.0,1.0,0.30123815454495373,0.0,0,0.7285830215550959
6.866666666666648,135.0966518991527,352.9015838574366,-2.166393145408164,120.0,30.326383156469404,-0.03877830663708037,11.969048963700859,144.0,1.0,-0.29705244060636127,0.0,0,0.8557499968446791
6.883333333333314,133.97464608098556,351.24595619881313,-2.117016403556153,120.0,30.24974002186965,-0.07822373458921739,17.181429378220514,155.0,1.0,0.5529773689695165,0.0,0,0.7372910040430725
6.899999999999981,132.93572403033392,349.53696790959935,-2.139523817378674,120.0,30.093452052994078,-0.05571632076669619,13.708857626932309,133.5,1.0,-0.2742533286182899,0.0,0,0.7119580113794655
6.916666666666647,131.85860345993993,347.85179394919226,-2.0986686833801738,120.0,29.99621817682824,-0.08593439884550058,18.025314576159385,147.0,1.0,0.47216233616235936,0.0,0,0.7277079857885838
6.933333333333314,130.85121055480477,346.124032526228,-2.105846728100078,120.0,29.831131792234316,-0.06737665590637398,16.41518874569563,123.0,1.0,-0.08948593163591786,0.0,0,0.7522079977206886
6.949999999999981,129.8314417599191,344.4035466631714,-2.081206827134183,120.0,29.6964804119471,-0.09201655687226928,18.849113247417378,130.0,1.0,0.298778857685116,0.0,0,0.7122500101104379
6.966666666666647,128.85437082460342,342.65845858878623,-2.093912886207091,120.0,29.534927292344157,-0.06714832376838142,16.50946794845043,132.0,1.0,-0.15751010205559673,0.0,0,0.6945839850232005
6.983333333333314,127.85520616377184,340.9259257664289,-2.055123243987758,120.0,29.414912286845805,-0.09295040661922371,20.50568076907026,148.5,1.0,0.4514709387666418,0.0,0,0.7239590049721301
6.9999999999999805,126.92398057499211,339.1559486753902,-2.0646387693859616,120.0,29.234246712210737,-0.06957581981856986,18.503408461442156,132.0,1.0,-0.11838785340668147,0.0,0,0.704709003912285
7.016666666666647,125.9759551371081,337.394912682253,-2.0495681600429125,120.0,29.095207312823565,-0.08464642916161891,19.702045076865293,145.0,1.0,0.18620045462265752,0.0,0,0.7727500051259995
7.033333333333314,125.05457623736872,335.6197898912565,-2.0298672020437727,120.0,28.950184135583957,-0.08956738827292776,21.421227046119178,142.0,1.0,0.24145743944026143,0.0,0,0.7029999978840351
7.04999999999998,124.16834549555392,333.8268607035131,-2.0341220366918558,120.0,28.785599796767308,-0.06955878133849369,20.052736227671506,154.0,1.0,-0.053135369669176716,0.0,0,0.7512499869335443
7.066666666666647,123.27449418150638,332.03771849888665,-2.021940161846509,120.0,28.649882431313756,-0.06495683548208042,20.831641736602904,166.0,1.0,0.1511126115318276,0.0,0,0.743500015232712
7.0833333333333135,122.40250375690837,330.23782052972024,-1.9920409152086211,120.0,28.52006010049513,-0.09485608211996822,23.69898504196174,156.5,1.0,0.3576660669190962,0.0,0,0.7265830063261092
7.09999999999998,121.58471064316537,328.41265905107934,-2.0075841081317582,120.0,28.357081418261277,-0.06143932704391152,20.819391025177044,159.0,1.0,-0.19189910984854236,0.0,0,0.6967500085011125
7.116666666666647,120.7386486183818,326.60042864348236,-1.9664305078539654,120.0,28.24905494762016,-0.0835666142486966,24.891634615106227,172.0,1.0,0.47511695075754146,0.0,0,0.7096249901223928
7.133333333333313,119.96786170173068,324.75492396206874,-1.990514603327982,120.0,28.08355725525701,-0.03923733649404282,20.934980769063735,162.5,1.0,-0.29242091287880845,0.0,0,0.6979169847909361
7.14999999999998,119.15285530513165,322.9285164025403,-1.9325446210550152,120.0,28.005102716909008,-0.0972073187670095,26.560988461438242,173.5,1.0,0.6270622022727153,0.0,0,0.7078330090735108
7.1666666666666465,118.44503547089622,321.0579573731956,-1.9532914165042394,120.0,27.84034793053049,-0.05492758922772434,22.936593076862945,156.5,1.0,-0.2537450119697046,0.0,0,0.7067919941619039
7.183333333333313,117.69856264288133,319.2024848411878,-1.9382353486712949,120.0,27.74570724408708,-0.04709184223241203,23.961955846117768,159.5,1.0,0.18602490948484413,0.0,0,0.7759580039419234
7.19999999999998,116.98010948529665,317.33598408834666,-1.9309036561677848,120.0,27.651558366705416,-0.0544235347359221,23.977173507670663,162.0,1.0,0.09139086235757309,0.0,0,0.7492909790016711
7.216666666666646,116.27536012436657,315.4642660705169,-1.880873934245463,120.0,27.590334695345355,-0.0801299196834504,28.786304104602397,165.5,1.0,0.5588664340812106,0.0,0,0.7098749920260161
7.233333333333313,115.66509503695627,313.5596462861273,-1.9016548820494288,120.0,27.462349776679837,-0.03352095619948048,25.071782462761437,157.5,1.0,-0.25414497288460736,0.0,0,0.7501669751945883
7.24999999999998,115.01538475997367,311.6681187140356,-1.851576412397742,120.0,27.409760958372424,-0.05619437197296784,29.84306947765686,169.0,1.0,0.559304349602569,0.0,0,0.7112500024959445
7.266666666666646,114.46117422014727,309.7464395843302,-1.8772796309388864,120.0,27.297431355423242,-0.030491153431823514,25.505841686594117,157.5,1.0,-0.3108728902384586,0.0,0,0.6832079961895943
7.283333333333313,113.85775884119371,307.8396386297357,-1.871185891632212,120.0,27.286860775182983,-0.01116200898067987,25.303505011956467,160.5,1.0,0.07602493252359137,0.0,0,0.8213749970309436
7.299999999999979,113.2659741417303,305.92919604502373,-1.853324192396709,120.0,27.293423374574587,-0.009811733923104525,26.582103007173878,164.0,1.0,0.2196683761808216,0.0,0,0.6885410111863166
7.316666666666646,112.70840577774946,304.00848848803133,-1.837597432631897,120.0,27.288770938425223,-0.009636898729802335,27.54926180430433,159.0,1.0,0.1941092757084934,0.0,0,0.6662090017925948
7.333333333333313,112.18111162548563,302.07925006912393,-1.8310204092924376,120.0,27.27932008164564,-0.00014037113089160336,27.329557082582596,165.0,1.0,0.08202831542509556,0.0,0,0.6862079899292439
7.349999999999979,111.66651743245392,300.14658537588355,-1.8347604379817917,120.0,27.28375433448166,0.01983971422090547,25.797734249549556,170.5,1.0,-0.046716344078276045,0.0,0,0.6915000267326832
7.366666666666646,111.14469863389364,298.21585879206356,-1.8100317667473875,120.0,27.323431159909873,-0.004888957013498673,27.87864054972973,172.5,1.0,0.2997920268863678,0.0,0,0.8218330040108413
7.383333333333312,110.67077881226062,296.2728199343298,-1.801240495855973,120.0,27.34609125009294,0.0027204250877033154,27.927184329837836,172.0,1.0,0.10945171613182064,0.0,0,0.7122080132830888
7.399999999999979,110.21395886521856,294.3256898575284,-1.7862069890573316,120.0,27.379241394064444,0.004241800803239437,28.7563105979027,171.0,1.0,0.18575252967909217,0.0,0,0.6889580108691007
7.416666666666646,109.78646162994642,292.37191246134563,-1.751432773625031,120.0,27.410732763620043,-0.013830122319073768,31.853786358741623,165.0,1.0,0.4100391011407893,0.0,0,0.6820420094300061
7.433333333333312,109.4271502272986,290.40445335988323,-1.753884283699378,120.0,27.401413168462366,0.005463824615191237,30.312271815244976,164.5,1.0,-0.030634289315526544,0.0,0,0.6827919860370457
7.449999999999979,109.06301666338643,288.4378810251768,-1.7361024568948686,120.0,27.426055989916215,0.004656878848026347,31.387363089146987,167.5,1.0,0.21871717641068425,0.0,0,0.7249170157592744
7.4666666666666455,108.73390807210845,286.4651449720904,-1.7309888651588579,120.0,27.444500925852896,0.01664249028265519,30.83241785348819,170.5,1.0,0.06383305584640986,0.0,0,0.8381670049857348
7.483333333333312,108.41489150653639,284.49075179167,-1.714738071327368,120.0,27.48236918393838,0.017606694585994283,31.69945071209292,171.5,1.0,0.20040808350784686,0.0,0,0.7451669953297824
7.499999999999979,108.12800110861225,282.5114352683269,-1.705792395217784,120.0,27.51766168095147,0.025982898912512157,31.619670427255752,173.0,1.0,0.11135835010470757,0.0,0,0.7072500011418015
7.516666666666645,107.85882827820963,280.52963154762875,-1.706017735008709,120.0,27.569621631859924,0.026208238703437026,30.371802256353448,180.0,1.0,-0.0028167399371758217,0.0,0,0.7854580180719495
7.533333333333312,107.58920887540873,278.54788853259544,-1.6747413676728637,120.0,27.652465352225924,0.012351358615719787,33.02308135381207,176.0,1.0,0.3726843727043613,0.0,0,0.6982919876463711
7.5499999999999785,107.38169295200743,276.558683379391,-1.6466455478110364,120.0,27.703345937761856,0.001763020112969027,35.21384881228724,168.0,1.0,0.3377414569559503,0.0,0,0.7004170038271695
7.566666666666645,107.23013992430025,274.5644337260645,-1.6445225597296147,120.0,27.72883202240761,0.017225586019196104,34.128309287372346,170.5,1.0,0.026531124173570425,0.0,0,0.7009170076344162
7.583333333333312,107.0828210031887,272.5698668218263,-1.6346074064579843,120.0,27.78105469574689,0.02496386017260943,34.07698557242341,175.5,1.0,0.12331059117080889,0.0,0,0.7201249827630818
7.599999999999978,106.95528543602872,270.5739372942354,-1.6045741624817944,120.0,27.844592012965975,0.012641473659299685,36.446191343454046,171.0,1.0,0.3591349380358184,0.0,0,0.7131670136004686
7.616666666666645,106.88774261010798,268.57507812794415,-1.5933709251925248,120.0,27.8793791695439,0.019195871938390896,36.46771480607243,171.0,1.0,0.13913562948815802,0.0,0,0.7055410242173821
7.6333333333333115,106.8425972479808,266.57558771879525,-1.574141516073828,120.0,27.923206722279584,0.017760053590634373,37.48062888364346,169.5,1.0,0.23589254435956142,0.0,0,0.7625409925822169
7.649999999999978,106.83590688190081,264.5755989090761,-1.5737253235232076,120.0,27.96014737987672,0.0351624522693259,36.08837733018608,172.0,1.0,0.005202359949070173,0.0,0,0.7237920071929693
7.666666666666645,106.83004889682016,262.5756074880918,-1.5516884362731287,120.0,28.030457793715417,0.013125565019246999,37.453026398111646,172.5,1.0,0.2687948326361085,0.0,0,0.6724169943481684
7.683333333333311,106.86826235240275,260.5759725884633,-1.5401937746039491,120.0,28.08980402396969,0.019463448802168992,37.47181583886699,172.0,1.0,0.14270656624833192,0.0,0,0.6932500109542161
7.699999999999978,106.92945790397,258.5769090315776,-1.5222991648482953,120.0,28.157896832960375,0.019404242197902377,38.28308950332019,173.5,1.0,0.22006018974899888,0.0,0,0.6679590151179582
7.716666666666645,107.02641421096797,256.5792605453485,-1.505165871575256,120.0,28.22197353651943,0.02009810463895434,38.969853701992115,172.0,1.0,0.21097903051606634,0.0,0,0.6833340157754719
7.733333333333311,107.15758091044026,254.58356635611273,-1.4884247592302393,120.0,28.283573529757355,0.02116482857708979,39.58191222119527,166.0,1.0,0.20628708497630588,0.0,0,0.8776249887887388
7.749999999999978,107.32213780967017,252.5903475956863,-1.4718554508282684,120.0,28.343479495957112,0.022373039622108237,40.14914733271716,167.0,1.0,0.20422875098578433,0.0,0,0.7184580026660115
7.766666666666644,107.51969686572087,250.60012890936753,-1.463323299777501,120.0,28.402014908649086,0.031577209114195696,39.6894883996303,173.5,1.0,0.10625025059147036,0.0,0,0.6826659955549985
7.783333333333311,107.73422937133148,248.6116682474392,-1.445436260422886,120.0,28.475199210575294,0.03137456434540597,40.41369303977818,169.5,1.0,0.21997006702154923,0.0,0,0.680458004353568
7.799999999999978,107.9842933359514,246.6273628239727,-1.4247565507584314,120.0,28.544269779540777,0.028316789523220143,41.4482158238669,167.0,1.0,0.2529591235462616,0.0,0,0.6796250236220658
7.816666666666644,108.27533576784371,244.6486525614941,-1.4167694323649342,120.0,28.603570827633853,0.03787884220175219,40.86892949432014,167.5,1.0,0.09950922412775806,0.0,0,0.6550829857587814
7.833333333333311,108.58217294149394,242.67232997930606,-1.4055408745786822,120.0,28.679310397064956,0.026650284415500103,40.72135769659208,171.5,1.0,0.13944603447665357,0.0,0,0.6799169932492077
7.849999999999977,108.91118155826096,240.69957725022593,-1.3755048148001272,120.0,28.766572769271313,0.014080592105396361,42.83281461795525,164.5,1.0,0.3591657873526601,0.0,0,0.6990830006543547
7.866666666666644,109.2992865860378,238.73759496503212,-1.3714409802624772,120.0,28.824951853109745,0.027390577898448898,41.69968877077315,168.5,1.0,0.050754305744928674,0.0,0,0.6673749885521829
7.883333333333311,109.69536155851709,236.77720607091555,-1.3545806313695834,120.0,28.906221624289497,0.027802084510986536,42.21981326246389,167.5,1.0,0.20771458344695728,0.0,0,0.6917909777257591
7.899999999999977,110.1244315106903,234.82377345724748,-1.3503448932479816,120.0,28.984625575523353,0.04072717202725151,41.131887957478334,170.0,1.0,0.052897333401507846,0.0,0,0.7091669831424952
7.916666666666644,110.56177181804256,232.87217578980548,-1.335061820572915,120.0,29.08519571428132,0.042485206626103444,41.479132774487,172.5,1.0,0.18876398337423786,0.0,0,0.6787919846829027
7.9333333333333105,111.02888629898965,230.92748968102353,-1.3142470231292578,120.0,29.185642225276816,0.03858350703800917,42.4874796646922,172.0,1.0,0.25454130669120995,0.0,0,0.6957500008866191
7.949999999999977,111.536374918166,228.9929470215284,-1.2947955458087366,120.0,29.274698874756755,0.035909242368953986,43.29248779881532,166.0,1.0,0.2385151173480594,0.0,0,0.6845839961897582
7.966666666666644,112.08139487346222,227.0686411081329,-1.2920219496841736,120.0,29.35486441555908,0.04976952790793642,41.97549267928919,169.5,1.0,0.034656070408834394,0.0,0,0.6853750091977417
7.98333333333331,112.63174997296613,225.1458542597147,-1.26766036558226,120.0,29.459201869390544,0.04189149035455775,43.38529560757351,167.0,1.0,0.2955982255786347,0.0,0,0.6582500063814223
7.999999999999977,113.22877926659983,223.2370441532496,-1.2588716206175419,120.0,29.5443327086052,0.04942940298042875,42.831177364544104,168.0,1.0,0.10942051868051378,0.0,0,0.7013750146143138
8.016666666666644,113.84256133174554,221.33355483714996,-1.230259785807192,120.0,29.64315126309238,0.02081756817007885,44.69870641872646,163.0,1.0,0.3434718112083085,0.0,0,0.7408750243484974
8.033333333333312,114.51054707301444,219.44840363646037,-1.2124407579530465,120.0,29.715037242275535,0.01916221107403393,45.21922385123588,159.0,1.0,0.21916025339165252,0.0,0,0.8154590032063425
8.04999999999998,115.21201655255302,217.57545393898425,-1.2150953327601952,120.0,29.779912483243965,0.03781183075546135,43.13153431074153,164.0,1.0,-0.03317001463167554,0.0,0,0.7832080009393394
8.066666666666647,115.90851168130423,215.7006487396033,-1.1925718462507597,120.0,29.878393812603814,0.03110958317302348,44.27892058644492,163.5,1.0,0.27443949122099454,0.0,0,0.7069580024108291
8.083333333333314,116.64705372829089,213.84200524370831,-1.1783848621401118,120.0,29.959848079174435,0.032565308601808285,44.367352351866955,162.5,1.0,0.17551261139926377,0.0,0,0.6698329816572368
8.099999999999982,117.41188911437126,211.99402612256023,-1.1579222054005764,120.0,30.040623291005446,0.027562560481199094,45.220411411120175,159.0,1.0,0.25041423350622505,0.0,0,0.673583010211587
8.11666666666665,118.21437630349863,210.16208335290654,-1.1464556258223306,120.0,30.107858676111015,0.03136926210003277,44.9322468466721,161.0,1.0,0.1423626234370669,0.0,0,0.680875004036352
8.133333333333317,119.0378163939457,208.33946259766302,-1.135749266623932,120.0,30.179209069659546,0.0357461663722769,44.55934810800326,159.5,1.0,0.13303899072890837,0.0,0,0.6923330074641854
8.149999999999984,119.88072255066416,206.5257621783638,-1.1287150710224891,120.0,30.255855407837764,0.04360225181941879,43.73560886480196,160.5,1.0,0.08770189443734475,0.0,0,0.726416998077184
8.166666666666652,120.73636567231104,204.71803574762868,-1.1129344794920382,120.0,30.344784376308127,0.042516407696103986,44.04136531888118,160.5,1.0,0.19475705332907325,0.0,0,0.6762499979231507
8.18333333333332,121.62042806543755,202.92403639281846,-1.1044227996161518,120.0,30.42979157582615,0.03400472782021757,43.42481919132871,164.0,1.0,0.10599723199744371,0.0,0,0.6937920115888119
8.199999999999987,122.51972819799943,201.13762678929126,-1.0810933742184736,120.0,30.525138075774144,0.02517236497469399,44.65489151479723,160.5,1.0,0.28374908919846686,0.0,0,0.6907909992150962
8.216666666666654,123.46045574341798,199.37268155351458,-1.0695823025057307,120.0,30.599103890138238,0.0279589051464606,44.39293490887834,159.5,1.0,0.14290753685241298,0.0,0,0.7285000174306333
8.233333333333322,124.42143692659111,197.61868179137457,-1.0508373083117255,120.0,30.67495913444696,0.023310676214542525,45.035760945327006,156.5,1.0,0.23016027211144818,0.0,0,0.6891250086482614
8.24999999999999,125.41512607235147,195.8830027076733,-1.0467121449370405,120.0,30.73788819720984,0.03308038909029021,43.82145656719621,155.0,1.0,0.05151891326686861,0.0,0,0.6814579828642309
8.266666666666657,126.4159667028127,194.15143751039716,-1.0262556648957832,120.0,30.816753815038986,0.026316190600702893,44.692873940317725,156.0,1.0,0.2503417646267876,0.0,0,0.6713340117130429
8.283333333333324,127.45201718937602,192.44070685091512,-1.0067509601547782,120.0,30.87855298706038,0.020300786460095588,45.41572436419064,150.5,1.0,0.23914322544274003,0.0,0,0.7051669817883521
8.299999999999992,128.52123578879892,190.75050816831947,-1.0099381833680494,120.0,30.924832457631233,0.036774244987750726,43.249434618514385,155.0,1.0,-0.03981923140102345,0.0,0,0.8602910093031824
8.31666666666666,129.58506192610008,189.0569102379963,-0.9910749571537203,120.0,31.00058692881219,0.03099438876059135,43.949660771108626,156.0,1.0,0.23156079449271924,0.0,0,0.6794579967390746
8.333333333333327,130.68064362936752,187.38367961089625,-0.9709969250737387,120.0,31.062565781868166,0.010916356680609751,44.76979646266518,150.5,1.0,0.24589647669563175,0.0,0,0.6770000036340207
8.349999999999994,131.80959743163115,185.732781881673,-0.9038689545795563,120.0,31.108970409203547,-0.04333064250416918,50.66187787759911,134.5,1.0,0.6981317007977318,0.0,0,0.6868750206194818
8.366666666666662,133.04674676607604,184.16132983840774,-0.9340880286962081,120.0,31.043135668471898,-0.0004322798821355667,44.997126726559465,107.0,1.0,-0.36116931838957256,0.0,0,0.6914580008015037
8.38333333333333,134.23585066728754,182.553215441941,-0.8817278577860119,120.0,31.05938147167565,-0.04031389722058354,49.19827603593568,121.0,1.0,0.5795336589662561,0.0,0,0.6831250211689621
8.399999999999997,135.5074876004547,181.00953817314252,-0.9125765413571056,120.0,30.992183764331624,0.0036737819023430207,43.51896562156141,104.0,1.0,-0.3680387212869131,0.0,0,0.8988749759737402
8.416666666666664,136.73090665147086,179.42737325581857,-0.8771213540271268,120.0,31.009705921663503,-0.01719860235251791,46.11137937293684,121.0,1.0,0.41717618389451877,0.0,0,0.7902079960331321
8.433333333333332,138.00964102266462,177.8895701449075,-0.8838320912502587,120.0,30.981006372965275,0.004590929919739528,43.4668276237621,110.0,1.0,-0.083688289663289,0.0,0,0.7779580191709101
8.45,139.27802688558688,176.3432204746392,-0.8656019811679886,120.0,30.990188200551007,-0.013639180162530629,44.080096574257254,120.0,1.0,0.22405052620202667,0.0,0,0.6952499970793724
8.466666666666667,140.57439055192881,174.82024928496145,-0.8540056859114116,120.0,30.99208669450664,-0.010523535269534423,43.848057944554355,112.5,1.0,0.14395106572121705,0.0,0,0.6857919797766954
8.483333333333334,141.8883274833674,173.3124131731105,-0.835261645291329,120.0,30.993760859536348,-0.01491539868612113,44.50883476673261,107.0,1.0,0.2301489727660626,0.0,0,0.7092919840943068
8.500000000000002,143.2302948892603,171.82946897944674,-0.8389944132913099,120.0,30.980409104513754,0.0028171258525242493,42.305300860039566,103.5,1.0,-0.046625783007028576,0.0,0,0.6878749991301447
8.51666666666667,144.5667174721974,170.34152587575772,-0.8205945557386375,120.0,30.996485296384357,-0.0019278570266649808,42.98318051602374,108.5,1.0,0.22606669686244935,0.0,0,0.6562919879797846
8.533333333333337,145.93029023176334,168.8784232377416,-0.8294149835965446,120.0,30.9972298673214,0.020210250120356266,40.18990830961424,104.0,1.0,-0.10981181521586436,0.0,0,0.6816669774707407
8.550000000000004,147.28090492479777,167.40335037480924,-0.7920288501968511,120.0,31.03764761596438,-0.01717588327933728,43.11394498576854,107.5,1.0,0.4371689942038155,0.0,0,0.6695000047329813
8.566666666666672,148.68571026013612,165.97979076249757,-0.8059992610533881,120.0,31.028210219317195,0.009782801566681543,39.66836699146113,94.5,1.0,-0.1728867701443774,0.0,0,0.6848750053904951
8.58333333333334,150.07049144235705,164.53674499836993,-0.7778274151287481,120.0,31.066564199184217,-0.005722321538379371,41.601020194876675,105.5,1.0,0.3385871879133734,0.0,0,0.6600829947274178
8.600000000000007,151.49537102883096,163.13327851709937,-0.7842831755946486,120.0,31.067970588288055,0.013086493449574466,39.160612116926,93.5,1.0,-0.08052252058530951,0.0,0,0.6644590175710618
8.616666666666674,152.91116054267644,161.72064266434566,-0.7597098299612212,120.0,31.10123335949686,0.0005604143361207514,40.696367270155605,97.0,1.0,0.29801882098214827,0.0,0,0.6769169995095581
8.633333333333342,154.36123231184732,160.3432204835116,-0.75891782068005,120.0,31.10385839533664,0.01151773367575415,39.21782036209336,89.5,1.0,0.009899792589288442,0.0,0,0.6754590140189976
8.65000000000001,155.8123945572559,158.9669472048708,-0.7444399972071579,120.0,31.12689335338429,-0.0029600897971379103,39.53069221725602,90.5,1.0,0.17903504222023967,0.0,0,0.6869580247439444
8.666666666666677,157.28332946366768,157.61182709908704,-0.7419173795890027,120.0,31.139974154026312,0.005976479026099324,38.318415330353616,88.5,1.0,0.03152227533214444,0.0,0,0.6644999957643449
8.683333333333344,158.75767813608948,156.26042190739653,-0.7359647745516654,120.0,31.165100804858895,0.011200638547309238,37.591049198212175,90.0,1.0,0.07427069853262028,0.0,0,0.6672909948974848
8.700000000000012,160.24004502176146,154.91781682165345,-0.731084681327553,120.0,31.19501444722537,0.017222514716674464,36.7546295189273,91.0,1.0,0.060925669119571285,0.0,0,0.6733750051353127
8.71666666666668,161.72894626793027,153.5824617830375,-0.7076096752303602,120.0,31.231468635968604,0.004382200459398522,38.25277771135638,89.0,1.0,0.2854254014717425,0.324839763730049,0,0.7053750159684569
8.733333333333347,163.24878187274678,152.28242342424494,-0.7139725892841021,120.0,31.240233008835958,0.010745114513140419,35.95166662681383,82.0,1.0,-0.07936934245028673,0.303716719914803,0,0.704707985278219
8.750000000000014,164.76031473459597,150.97274086440459,-0.7122715881201225,120.0,31.2791380730842,0.01941892299783088,34.7709999760883,87.0,1.0,0.02125931119649363,0.29393403502791154,0,0.6926660134922713
8.766666666666682,166.27407318019175,149.6656313172023,-0.6961053688748765,120.0,31.329684319365757,0.013374893334613946,35.46259998565298,88.0,1.0,0.1993925867178967,0.33148963703533635,0,0.7038750045467168
8.78333333333335,167.8087639213597,148.38316325562207,-0.6787167355662824,120.0,31.362599922750988,0.005862949378152016,36.27755999139178,82.5,1.0,0.21402880203073713,0.3381808048385266,0,0.7216249941848218
8.800000000000017,169.36552189338502,147.12757390534244,-0.6826145530302963,120.0,31.37510427997818,0.019398926200342115,34.366535994835075,77.0,1.0,-0.04868421878155649,0.32226576712371485,0,0.7228330068755895
8.816666666666684,170.9173739938236,145.86592615007774,-0.670098402838489,120.0,31.413899699034104,0.006882776008534819,34.619921596901044,80.0,1.0,0.15519380206439862,0.3256232516044101,0,0.6845830066595227
8.833333333333352,172.48489510442806,144.62379992146435,-0.6724370128149234,120.0,31.442013362415075,0.01862783022194492,32.971952958140626,80.0,1.0,-0.029224302094693982,0.33449070485992705,0,0.7221249979920685
8.85000000000002,174.0495070824299,143.37801127233755,-0.6492262945762647,120.0,31.488064589167337,0.004598496224679893,34.58317177488438,80.0,1.0,0.28238100207651734,0.3470470593037019,0,0.7246669847518206
8.866666666666687,175.64261067489184,142.16887069172466,-0.6624981857874692,120.0,31.500664198168245,0.026833203896576063,31.549903064930625,75.5,1.0,-0.16440131542075664,0.31970187812679407,0,0.7313750102184713
8.883333333333354,177.2195268511762,140.93869372357224,-0.6366039770406814,120.0,31.554324166037993,0.0009389951497882353,33.52994183895838,81.5,1.0,0.31303537741421306,0.337143840748466,0,0.6993339920882136
8.900000000000022,178.8277652874693,139.7497575890261,-0.6421124865575066,120.0,31.571851765015868,0.015198080562936922,31.517965103375026,74.5,1.0,-0.06874785688480604,0.3473709983473098,0,0.9002909937407821
8.91666666666669,180.42943009099957,138.55198054085216,-0.6261297726346355,120.0,31.612375566322896,0.007759863046062132,32.31077906202501,76.5,1.0,0.19718778586911653,0.35398651730954434,0,0.8997079858090729
8.933333333333357,182.0500332414141,137.37995433429083,-0.6219456232695815,120.0,31.63265499293651,0.011920125209143095,31.586467437215006,70.5,1.0,0.052254254854802895,0.34289509440084365,0,0.6893330137245357
8.950000000000024,183.6755261242129,136.21471921296532,-0.6188401405836003,120.0,31.656494678784384,0.008814642523161886,30.751880462329005,72.5,1.0,0.038799052912882284,0.3395523521253657,0,0.6821670103818178
8.966666666666692,185.30462978055087,135.05453764230225,-0.6118036040318061,120.0,31.68995914569338,0.009928261169553696,30.4511282773974,72.5,1.0,0.08773093174772931,0.3604845489258693,0,0.7010000117588788
8.98333333333336,186.9418566989367,133.90584794629515,-0.5975478920984646,120.0,31.720190333412013,0.003634111603608603,31.07067696643844,68.5,1.0,0.17634539238197083,0.36189290411976743,0,0.7558339857496321
9.000000000000027,188.59529209191925,132.78061401451356,-0.5992266462767134,120.0,31.732522241200495,0.01309133531558593,29.642406179863062,67.0,1.0,-0.020981347904151,0.34842198545850034,0,0.717084010830149
9.016666666666694,190.24683616475642,131.65260595803684,-0.5906032765149627,120.0,31.75870416396036,0.004467965553835218,29.585443707917836,68.0,1.0,0.10737752459084288,0.3712907117008444,0,0.6900000153109431
9.033333333333362,191.90804594150487,130.53888154076148,-0.5818163738292156,120.0,31.782736151480137,0.003281778062387164,29.5512662247507,65.0,1.0,0.10939776475450556,0.3675318045782578,0,0.6922500033397228
9.05000000000003,193.57897765008835,129.43979681916343,-0.5792062889351605,120.0,31.799021952963578,0.008099833395743716,28.73075973485042,63.5,1.0,0.032614492186036764,0.3599106109581388,0,0.7079170027282089
9.066666666666697,195.25277236819983,128.34507711000398,-0.566373938118318,120.0,31.819714969458303,0.002528070790907555,29.23845584091025,62.0,1.0,0.15904952864495564,0.3588300341704938,0,0.7005000079516321
9.083333333333364,196.9404767187772,127.27192566447442,-0.5675608344822871,120.0,31.824771105654364,0.003714967154876625,27.94307350454615,57.5,1.0,-0.014835116146360336,0.36891670391893905,0,0.7597910007461905
9.100000000000032,198.62690616135114,126.19677184514447,-0.5603946645492901,120.0,31.845803059980128,0.003646702913259192,27.765844102727687,60.5,1.0,0.08933868031218384,0.36622483555909907,0,0.7316669798456132
9.1166666666667,200.32099697069754,125.13373076894463,-0.5495613479959743,120.0,31.861432166208104,-0.0002466712524655801,28.05950646163661,58.0,1.0,0.13459770818731015,0.364583126304283,0,0.7048750121612102
9.133333333333367,202.02650440636373,124.08910433481266,-0.555230244615704,120.0,31.86415066130554,0.012208776739642713,26.235703876981965,56.5,1.0,-0.07074295842094691,0.3695833498828296,0,0.6933340046089143
9.150000000000034,203.7260625901348,123.03482639234363,-0.5399643017820636,120.0,31.88856760819941,-0.003057166093997754,27.14142232618918,60.0,1.0,0.18855739161409826,0.3781093542833396,0,0.696374976541847
9.166666666666702,205.44151665924676,122.00661564703546,-0.5477373233637491,120.0,31.893953345417728,0.01135344468720667,25.08485339571351,57.0,1.0,-0.09685873169820725,0.35328889197969343,0,0.7546670094598085
9.183333333333369,207.14892668103673,120.96510183652155,-0.5307155103261044,120.0,31.923016957419918,0.0008245476531987261,26.250912037428108,59.0,1.0,0.20964626098107578,0.361474731563363,0,0.7389160164166242
9.200000000000037,208.87381695175793,119.95280071829076,-0.5328317565504391,120.0,31.92601935910013,0.009293189447063033,24.950547222456866,54.5,1.0,-0.02644691007802162,0.37334574847452257,0,0.7234160148072988
9.216666666666704,210.59656108320138,118.93685157705525,-0.5170391368117433,120.0,31.944605470465035,-0.006499430291632802,25.970328333474118,55.0,1.0,0.19490177061985386,0.3803286778858017,0,0.7053339795675129
9.233333333333372,212.3351342185615,117.94823463758675,-0.5183620723931986,120.0,31.940521598803898,0.0010394006655725097,24.782197000084473,50.0,1.0,-0.01653518762808759,0.36282932699420994,0,0.7667500176467001
9.250000000000039,214.0723979563884,116.95731854364548,-0.5100639584433877,120.0,31.94651109968814,-0.001175426668328261,24.869318200050685,49.5,1.0,0.10335680408981401,0.38481654803570725,0,0.6994169962126762
9.266666666666707,215.8178245219962,115.98085241311635,-0.5082799962322766,120.0,31.944160246892825,-0.002959388879439362,24.121590920030414,52.5,1.0,0.022295832453888775,0.37998594880218484,0,0.7172919868025929
9.283333333333374,217.56499028792956,115.00750160978258,-0.5028184818593016,120.0,31.949191242208713,-0.00246645905160181,23.87295455201825,50.5,1.0,0.06816316613899963,0.3681242159951799,0,0.7057919865474105
9.300000000000042,219.29249102125635,114.05743184782408,-0.4998252785380818,118.29120343642154,31.950122646990813,0.00036958437113926434,23.32377273121095,50.0,1.0,0.0379373163500665,0.38738030163006076,0,0.7992920000106096
9.316666666666709,220.95763078035856,113.14813957979236,-0.48949386745024404,113.83413480043136,31.951178939511784,-0.004254250183799713,23.79426363872657,51.0,1.0,0.13530588981003955,0.3861586816673031,0,0.7248750189319253
9.333333333333377,222.5411414986909,112.30454294061954,-0.49497823755290277,107.65213116752334,31.943545977556113,0.0012301199188590184,22.076558183235942,48.0,1.0,-0.07626971611397612,0.363905121357549,0,0.7091250154189765
9.350000000000044,224.05109473628923,111.48947050717099,-0.48253900944582173,102.95380840651323,31.949741787692066,-0.00561978869958707,23.045934909941565,49.5,1.0,0.17928900366494777,0.3868942515205023,0,0.6948329973965883
9.366666666666712,225.4820912485093,110.73985401135249,-0.4857643443947307,96.92694811888556,31.940663352682726,-0.002394453750678094,21.627560945964937,47.5,1.0,-0.04987251446769836,0.3700053067080721,0,0.714167021214962
9.383333333333379,226.84315349119532,110.02126804363559,-0.4821504328997992,92.34653430028852,31.94262538525381,-0.0005340001307520548,21.376536567578963,50.5,1.0,0.05863407465271471,0.3879345021436911,0,0.7027079991530627
9.400000000000047,228.1237619853803,109.35106518833538,-0.47367891927698763,86.72293778160659,31.941853550955237,-0.009005513753563621,22.025921940547377,47.5,1.0,0.1454918614582953,0.37180835897788833,0,0.7027079991530627
9.416666666666714,229.3466128131838,108.72422846458852,-0.47229843553144213,82.44900442740833,31.93476088031911,-0.005023391060309468,21.41555316432843,47.0,1.0,0.025109950208310847,0.3854540111666177,0,0.7161670073401183
9.433333333333382,230.49461321001527,108.13776008474501,-0.47089891741539935,77.34765838765459,31.92828511529326,-0.006422909176352242,20.849331898597057,46.0,1.0,0.02713413679165283,0.39933118193606254,0,0.7404159987345338
9.450000000000049,231.5858490722735,107.58221487700827,-0.46859013470921246,73.47063539744175,31.9236790949361,-0.0034777519373995203,20.509599139158233,46.5,1.0,0.0471019820749916,0.37914002635560545,0,0.7261669961735606
9.466666666666717,232.61094297634682,107.0633189921733,-0.46587151092934753,68.93659133784422,31.9196833635893,-0.006196375717264445,20.30575948349494,45.5,1.0,0.05908602257832837,0.3882025609122883,0,0.7846669759601355
9.483333333333384,233.58613296988327,106.57301006453875,-0.4621171079845186,65.49071785255009,31.912919988639402,-0.009950778662093374,20.383455690096966,45.5,1.0,0.08577986354699756,0.39962921910404425,0,0.7946669938974082
9.500000000000052,234.52408735677642,106.10582592553435,-0.4635406929879684,62.871854003726554,31.90773436441806,-0.0033789281545182908,19.23007341405818,45.0,1.0,-0.033950915205135324,0.37651411879259983,0,0.7832919945940375
9.516666666666719,235.40288910799714,105.6665424911204,-0.46020352670674003,58.948662693201896,31.904414649134274,-0.006716094435746666,19.33804404843491,46.0,1.0,0.0847138675435858,0.3888515061974001,0,0.7436250161845237
9.533333333333387,236.2386282012037,105.25226471630653,-0.4557077217312371,55.967037297203156,31.89830541290294,-0.006166413115901548,19.802826429060946,44.5,1.0,0.11991615385948463,0.40025372041961454,0,1.1497500236146152
9.550000000000054,237.02702923235194,104.8658581919479,-0.45343789393339096,52.68007476016868,31.892891328815402,-0.00843624091374767,19.681695857436566,44.5,1.0,0.06454077564902379,0.3777640494611636,0,0.7415000000037253
9.566666666666721,237.77887780083742,104.49948070395915,-0.4530926781886597,50.181983232022475,31.88583562417412,-0.008781456658478903,19.009017514461938,43.0,1.0,0.010318548722747845,0.3842600713325148,0,0.7444999937433749
9.583333333333389,238.50240311488324,104.14721423332776,-0.4519966003315596,48.28343367063136,31.87876906699498,-0.009877534515579045,18.605410508677164,44.0,1.0,0.034038212566982,0.3924778632321136,0,0.9077500144485384
9.600000000000056,239.20468081660908,103.8062444073938,-0.44678808978761547,46.840536003974115,31.87311534239585,-0.010140536331621654,19.5632463052063,41.0,1.0,0.1652735108735227,0.4023496286227487,0,0.7692920044064522
9.616666666666724,239.87452191639358,103.48532366755903,-0.4457770320278796,44.56498617502046,31.8655835904559,-0.01115159409135752,19.137947783123778,41.0,1.0,0.034017773190780115,0.3763656438865644,0,0.7555000192951411
9.633333333333391,240.5186802750207,103.17750791077304,-0.44381730703937533,42.83556830501568,31.857622340959033,-0.013111319079861794,19.082768669874266,40.0,1.0,0.06851749724780133,0.3828467720020187,0,0.8411669987253845
9.650000000000059,241.14365693920928,102.8803613190216,-0.44510622536305355,41.52121072381205,31.848549303543855,-0.011822400756183571,17.84966120192456,41.5,1.0,-0.04653000165131879,0.3866257250085295,0,0.8249170205090195
9.666666666666726,241.75322370785955,102.58957751732744,-0.44147968119146663,40.52229896209729,31.84208543863906,-0.01060070256981982,18.509796721154736,40.5,1.0,0.13344474900920833,0.3968394008434728,0,0.7642080017831177
9.683333333333394,242.34386971305483,102.31044446549761,-0.44012794402564176,39.19694721119394,31.83516031535859,-0.011952439735644693,18.305878032692842,41.0,1.0,0.05168259940552508,0.40166417461211334,0,0.7600419921800494
9.700000000000061,242.91970462816286,102.039262591652,-0.4401183187073472,38.18967988050739,31.827552832375225,-0.011962065053939264,17.583526819615706,39.0,1.0,0.00037805964331524833,0.37123133822589705,0,0.8249579987023026
9.716666666666729,243.48399932382495,101.77352206835216,-0.4394732798370057,37.42415670918562,31.82009184035926,-0.012607103924280773,17.150116091769423,41.0,1.0,0.02584808578598885,0.3794094235958764,0,0.7771250093355775
9.733333333333396,244.0396901015595,101.51227114686253,-0.43604624562387934,36.84235909898107,31.812350787922735,-0.016034138137407117,17.890069655061655,39.0,1.0,0.13863326813826027,0.38247589049618913,0,0.7364170160144567
9.750000000000064,244.58959306195473,101.25603867472462,-0.43662737750500286,36.40019291522562,31.805046369622215,-0.010699406451928573,16.934041793036993,38.5,1.0,-0.023943039117044,0.3893893026926112,0,1.0126660054083914
9.766666666666731,245.1342717003103,101.00185516576447,-0.43356318363443747,36.06414661557147,31.7986154096073,-0.013763600322493965,17.560425075822195,38.5,1.0,0.1267642598631068,0.3986747920294061,0,0.795959000242874
9.783333333333399,245.67586390385048,100.75113007004062,-0.43152451179199713,35.808751427834316,31.7904013799078,-0.015802272164934295,17.736255045493316,38.0,1.0,0.0851916392511975,0.40805220961307564,0,0.7897910254541785
9.800000000000066,246.2150276777016,100.502862684056,-0.43335634274801155,35.61465108515408,31.781021896788662,-0.013970441208919882,16.24175302729599,39.0,1.0,-0.07699959978261493,0.37736484535884063,0,0.7683750009164214
9.816666666666734,246.7515044287415,100.25464047356489,-0.4306924858391358,35.4671348247171,31.772763973383743,-0.016634298117795654,16.745051816377593,38.5,1.0,0.11218857346376458,0.38296253491283827,0,0.7498329796362668
9.833333333333401,247.28694260558262,100.00862835482623,-0.4293840874103051,35.355022466784995,31.765440909780388,-0.01328119988344062,16.647031089826555,38.0,1.0,0.055454227411591964,0.38872235352894835,0,0.7021250203251839
9.850000000000069,247.82141102846919,99.76390821179403,-0.4279971692538647,35.269817074756595,31.75763404778715,-0.014668118039880995,16.588218653895932,38.0,1.0,0.05891636978028837,0.39468402807785746,0,1.0130000009667128
9.866666666666736,248.3552364269656,99.52037751757656,-0.42748083336488485,35.20506097681501,31.74902782323824,-0.015184453928860864,16.152931192337558,37.0,1.0,0.021996238534839785,0.3979797784709279,0,0.7632079941686243
9.883333333333404,248.88844106528978,99.27746254545013,-0.424765363543634,35.15584634237941,31.740131126310573,-0.017899923750111735,16.691758715402536,36.0,1.0,0.11534707645423735,0.4087798060631587,0,0.737666996428743
9.900000000000071,249.4217353767033,99.03625326972714,-0.42387854451821555,35.118443220208356,31.7296547281861,-0.018786742775530163,16.41505522924152,36.0,1.0,0.03786024587254215,0.3759470521640686,0,1.0059170017484576
9.916666666666739,249.9548115431136,98.79571188656607,-0.4236768737445412,35.09001684735835,31.72095852885046,-0.014416562127750165,15.849033137544913,35.5,1.0,0.008620647523525503,0.3799311495328004,0,0.8122079889290035
9.933333333333406,250.48760797736333,98.55542604328421,-0.42209452565940675,35.068412803992345,31.712532721525154,-0.015998910212884635,15.909419882526947,36.0,1.0,0.06757955518078192,0.38757179754057286,0,0.742042000638321
9.950000000000074,251.02053432664886,98.31609567713828,-0.42101983466484955,35.05199373103418,31.7031865585776,-0.017073601207441835,15.745651929516168,36.0,1.0,0.045957483108469,0.3931113063798148,0,0.9469169890508056
9.966666666666741,251.55352776130127,98.07742317781036,-0.41889441168975217,35.039515235585974,31.693216197839917,-0.019199024182539215,16.0473911577097,34.5,1.0,0.09073698986508161,0.4000826160467261,0,0.7299580029211938
9.983333333333409,252.08688287684106,97.83994834461271,-0.4183897326904607,35.03003157904534,31.682007846050645,-0.01970370318183068,15.62843469462582,34.5,1.0,0.021607193919048993,0.404930152961649,0,0.7365000201389194
10.000000000000076,252.62024800827007,97.60279152084603,-0.4193620261223565,35.02282400007446,31.672518303475353,-0.014246824379157585,14.577060816775493,37.0,1.0,-0.04161851698190396,0.37796777501940976,0,0.7400419854093343
10.016666666666744,253.1532989165028,97.36515339555409,-0.4162636926901798,35.01734624005659,31.664203818381523,-0.017345157811334277,15.346236490065294,36.0,1.0,0.1319488064775241,0.38219925517480297,0,0.7350830128416419
10.033333333333411,253.6870200872449,97.12919603322612,-0.4160923226309841,35.013183142443005,31.65408250612168,-0.017516527870529985,14.807741894039175,35.5,1.0,0.007341533886514373,0.3887798385629614,0,0.6687499990221113
10.050000000000079,254.22073345299455,96.89335145213114,-0.4150219099651007,35.010019188256685,31.643862129176973,-0.01858694053641341,14.684645136423505,35.5,1.0,0.04582958699857543,0.39641017308776727,0,0.7150839956011623
10.066666666666746,254.75466228942616,96.65809445893389,-0.41384992543473514,35.00761458307508,31.63301801275321,-0.019758925066778954,14.610787081854104,34.5,1.0,0.050174835532478805,0.40092130737904264,0,0.7440419867634773
10.083333333333414,255.288838589641,96.42347563192716,-0.4117018960568241,35.005787083137065,31.623171719350136,-0.01750733192336401,14.966472249112464,34.5,1.0,0.0917845679861539,0.41045694284161033,0,0.70037497789599
10.100000000000081,255.82349641116554,96.19001403495172,-0.41030582443501673,35.00439818318417,31.612958347483723,-0.01890340354517139,14.979883349467478,32.0,1.0,0.05975290745835886,0.3758888482068872,0,0.7570839952677488
10.116666666666749,256.3584635081502,95.9573061034174,-0.41119800404913365,35.00334261921997,31.601930965746725,-0.018011223931054476,13.987930009680486,34.5,1.0,-0.0382140055249846,0.3817108690845822,0,0.7323329919017851
10.133333333333416,256.89321051902795,95.7241263221075,-0.4121843145082,35.00254039060718,31.591424223954558,-0.017024913471988146,12.992758005808291,35.5,1.0,-0.04224223664832421,0.3864851957975167,0,0.7631659973412752
10.150000000000084,257.427717971672,95.49042329857328,-0.40914919265485616,35.00193069686146,31.58149295637216,-0.020060035325331956,13.795654803484975,35.0,1.0,0.1293433246776723,0.3963091627960539,0,0.7466250099241734
10.166666666666751,257.96292519310526,95.25834671657773,-0.407699507923084,35.001467329614705,31.571103425157613,-0.017192830540841197,13.877392882090984,34.0,1.0,0.062046994806603174,0.40023492111998166,0,0.7232500065583736
10.183333333333419,258.49846290166425,95.0270485870877,-0.4067733254018525,35.00111517050718,31.561074448560127,-0.018119013062072697,13.72643572925459,34.0,1.0,0.03967144688396188,0.4069153254692201,0,0.7299580029211938
10.200000000000086,259.0342105080812,94.79624832725725,-0.40572262878931914,35.00084752958546,31.55050534665968,-0.019169709674606072,13.635861437552753,33.0,1.0,0.04499836813037734,0.37552239375608265,0,0.7587919826619327
10.216666666666754,259.570197204882,94.56601244093744,-0.40276224337719096,35.00064412248495,31.539323495098472,-0.022130095086734247,14.381516862531651,32.5,1.0,0.12619710421155955,0.3829453358976567,0,0.8081670093815774
10.233333333333421,260.1068607686623,94.3373652982613,-0.40407220919344056,35.00048953308856,31.526415146092695,-0.020820129270484655,13.22891011751899,33.0,1.0,-0.056081737473064414,0.388627126226715,0,0.8782920194789767
10.250000000000089,260.64322255168804,94.10801611091404,-0.40352253075073974,35.00037204514731,31.51517969059123,-0.01713349216593263,12.937346070511392,32.0,1.0,0.023553040849494923,0.3876984429858037,0,0.7093339809216559
10.266666666666756,261.1797089533265,93.87896236905962,-0.4009020612554495,35.000282754311954,31.505185561742042,-0.01975396166122284,13.562407642306836,33.0,1.0,0.11183632450969688,0.3977396801072694,0,0.7004590006545186
10.283333333333424,261.71679269929564,93.65131569966435,-0.402448809316284,35.00021489327708,31.493663096104726,-0.01820721360038835,12.337444585384102,33.0,1.0,-0.06619195529418184,0.402319255547602,0,0.7908330007921904
10.300000000000091,262.25352289999614,93.4228389063433,-0.3997891882625737,35.000163318890586,31.48304275874579,-0.020866834654098665,13.002466751230461,33.5,1.0,0.11349341015682435,0.41072794736439444,0,0.739500013878569
10.316666666666759,262.7908582616078,93.19579067262634,-0.3985968225305059,35.000124122356844,31.470871278702447,-0.02205920038616649,13.001480050738277,30.5,1.0,0.0510567960940945,0.3802604445123348,0,0.7725000032223761
10.333333333333426,263.32846350814634,92.96938349313092,-0.3964888428449504,35.0000943329912,31.45847981240005,-0.02000934780064012,13.400888030442967,30.5,1.0,0.09009716098979023,0.38678286547016416,0,0.7115830085240304
10.350000000000094,263.8665444735619,92.74411022248239,-0.39607991934085296,35.000071693073316,31.446808447795682,-0.020418271304737556,13.04053281826578,32.0,1.0,0.01752346326054055,0.3930383920635376,0,0.7251670176628977
10.366666666666761,264.404717248951,92.51905711525463,-0.3949185603502386,35.00005448673572,31.434898598580304,-0.021579630295351926,13.024319690959468,30.0,1.0,0.049731411289657676,0.397510618440851,0,0.7225419976748526
10.383333333333429,264.9431508276282,92.29462925529965,-0.3960205281330507,35.00004140991915,31.422311442999618,-0.020477662512539796,12.014591814575681,31.0,1.0,-0.04719206989287189,0.40342284363698494,0,0.7468340045306832
10.400000000000096,265.4813366143457,92.06960825916843,-0.39401110730595246,35.000031471538556,31.410366963956104,-0.02248708333963806,12.408755088745409,32.0,1.0,0.08590600806427678,0.4144112411107832,0,0.7560419908259064
10.416666666666764,266.01997335985936,91.84566920665681,-0.39369569654622116,35.0000239183693,31.39725059519896,-0.022802494099369353,12.045253053247245,30.0,1.0,0.013516771505232637,0.37519233158443,0,0.9470410004723817
10.433333333333431,266.55868062301147,91.6219000938074,-0.39216903220932786,35.00001817796067,31.385510312699765,-0.019373013998368716,12.227151831948348,30.5,1.0,0.06533531290313983,0.3831707434283243,0,0.7047500112093985
10.450000000000099,267.09772881137997,91.39895369436493,-0.3912485579258026,35.00001381525011,31.374210090292266,-0.02029348828189398,12.136291099169009,30.5,1.0,0.0394284377418838,0.3904888523304416,0,0.7246669847518206
10.466666666666766,267.6369819367012,91.17650359036898,-0.38841996699359105,35.00001049959008,31.3623730310831,-0.02312207921410553,12.881774659501406,29.5,1.0,0.12063664597846355,0.39550141480024936,0,0.7134579936973751
10.483333333333434,268.17686208539965,90.95557971664826,-0.39077612213256935,35.00000797968846,31.348886350273297,-0.02076592407512723,11.329064795700843,30.0,1.0,-0.10063692907958863,0.39843309067602856,0,0.9332499757874757
10.500000000000101,268.71622017558406,90.73338442810126,-0.3886562948100923,35.00000606456323,31.336773763046587,-0.022885751397604293,11.797438877420506,30.5,1.0,0.09060100921891354,0.4104211549827458,0,0.8032909827306867
10.516666666666769,269.2560480467626,90.51233299314241,-0.3873811260747691,35.00000460906806,31.324754447307278,-0.017718243087850416,11.878463326452305,30.0,1.0,0.05459577219801494,0.3781428927059995,0,1.0023750073742121
10.533333333333436,269.79615733977846,90.29197011630627,-0.38708373913339855,35.00000350289172,31.314419345251743,-0.018015630029220964,11.527077995871384,28.5,1.0,0.012744463318809018,0.38428937418451603,0,0.7753749960102141
10.550000000000104,270.336332128977,90.07176787595198,-0.38604154962287784,35.00000266219771,31.303910795404484,-0.01905781953974167,11.51624679752283,29.5,1.0,0.04463559465795197,0.3899748182638856,0,0.7777079881634563
10.566666666666771,270.87673610737613,89.85212872359176,-0.3859010340353957,35.000002023270255,31.29279440630516,-0.019198335127223798,11.109748078513698,31.0,1.0,0.0060220234614378546,0.3942657825137031,0,0.7060419884510338
10.583333333333439,271.4171709356668,89.63256551162833,-0.3845144366069793,35.00000153768539,31.28159606492528,-0.0205849325556402,11.26584884710822,29.5,1.0,0.059355797410196,0.3998642421461213,0,0.7310420041903853
10.600000000000106,271.95790968440923,89.41375187834694,-0.38507786770996966,35.0000011686409,31.27045521510631,-0.01317386244875113,10.559509308264932,29.5,1.0,-0.024142354887215764,0.405072366785844,0,0.9608750115148723
10.616666666666774,272.4985250565892,89.19463361253965,-0.3841496333999165,35.00000088816709,31.2627706840966,-0.014102096758804306,10.53570558495896,30.0,1.0,0.0397605037343372,0.4149425177511683,0,0.724958983482793
10.633333333333441,273.0393435856363,88.97601726012695,-0.3827455142878449,35.00000067500699,31.254544733482916,-0.015506215870875861,10.721423350975375,29.5,1.0,0.060104052240602245,0.3826091946327981,0,0.9495829872321337
10.650000000000109,273.58046854235107,88.75816049761245,-0.38240571381099664,35.00000051300531,31.245499803233784,-0.015846016347724146,10.432854010585224,30.5,1.0,0.014561848011028063,0.3887496545612213,0,0.7675000233575702
10.666666666666776,274.1216674937521,88.54048762295581,-0.3804589853354939,35.000000389884036,31.236256680424848,-0.017792744823226903,10.859712406351136,28.5,1.0,0.08323844213995038,0.3928039133259449,0,0.7475419843103737
10.683333333333444,274.6632891679164,88.32386872808539,-0.37977754822856014,35.00000029631187,31.22587812682046,-0.018474181930160646,10.715827443810682,29.5,1.0,0.029196148617303366,0.40149519198759714,0,0.809666991699487
10.700000000000111,275.2050583273687,88.10761896502667,-0.3780647858299924,35.00000022519702,31.217393703119743,-0.013772364483649713,11.02949646628641,28.0,1.0,0.07327268917038218,0.4055892101954509,0,0.7592500187456608
10.716666666666779,275.747197075611,87.892297440882,-0.3766110970337322,35.000000171149736,31.20936007777098,-0.015226053279909946,11.217697879771848,26.5,1.0,0.06222053016889607,0.4086599241466498,0,0.7519999926444143
10.733333333333446,276.2896482607669,87.67776424524575,-0.37667897619199275,35.0000001300738,31.20047855650516,-0.015158174121649381,10.730618727863108,26.0,1.0,-0.002909098565329331,0.41270522690630873,0,0.76149997767061
10.750000000000114,276.83208488185664,87.46319422916531,-0.376346108492882,35.00000009885609,31.191636626853686,-0.01549104182076011,10.438371236717865,28.0,1.0,0.014264790860802484,0.3829126621701664,0,0.7222499989438802
10.766666666666781,277.3745928959536,87.24880478474411,-0.3766828172902403,35.00000007513063,31.182600547183892,-0.015154333023401856,9.863022742030719,28.0,1.0,-0.014429375483518588,0.3891830921291605,0,0.7425420044455677
10.783333333333449,277.9170286922076,87.03423268536889,-0.37333855100881497,35.00000005709928,31.173760857926272,-0.018498599304827168,10.91781364521843,26.5,1.0,0.14235620804322222,0.39670914879580854,0,0.7433750142809004
10.800000000000116,278.4601790398184,86.82147583233741,-0.3727042109444899,35.00000004339545,31.16616552804572,-0.01310495444869103,10.750688187131058,26.0,1.0,0.027179308159266544,0.40054123344252957,0,0.7377919973805547
10.816666666666784,279.0034642381759,86.6090635641778,-0.37238744533894136,35.000000032980545,31.158521190087384,-0.013421720054239583,10.450412912278633,26.0,1.0,0.013574834895559947,0.41031171855613036,0,0.8235419809352607
10.833333333333451,279.54681669405346,86.39682340078494,-0.3727336522197267,35.00000002506521,31.150692088447475,-0.013075513173454234,9.87024774736718,27.0,1.0,-0.014836349062663859,0.41022798937451027,0,0.8104580047074705
10.850000000000119,280.09009563827124,86.18439513779289,-0.3721474300329314,35.00000001904956,31.143064923098002,-0.01366173536024956,9.722148648420308,27.0,1.0,0.025118523895734948,0.3806978214634707,0,0.7504170062020421
10.866666666666786,280.6334990192211,85.9722853934822,-0.3718944180049305,35.00000001447766,31.135095825369355,-0.013914747388250439,9.433289189052186,26.5,1.0,0.010842947670774372,0.38679236226444075,0,0.7095839828252792
10.883333333333454,281.17695604904003,85.76031314357162,-0.36957614792924975,35.000000011003024,31.12733743231823,-0.010551136181328523,10.059973513431313,26.5,1.0,0.09902943526913141,0.39449999040472855,0,0.7222499989438802
10.900000000000121,281.72090302693096,85.54960134232714,-0.3705113194116127,35.0000000083623,31.121182717076266,-0.009615964698965583,9.235984108058787,27.0,1.0,-0.04005733883852142,0.3997437785022515,0,0.7496670004911721
10.916666666666789,282.26465271529867,85.3383809496058,-0.36802885942824415,35.00000000635535,31.11557349077964,-0.01209842468233413,9.941590464835272,26.5,1.0,0.10599243003022063,0.4064304324174723,0,0.7490829739253968
10.933333333333456,282.80892507381964,85.12851104318341,-0.36886633419179926,35.00000000483006,31.108516248547197,-0.011260949918779016,9.164954278901163,27.0,1.0,-0.035876375315201076,0.41230330401711435,0,0.8002500107977539
10.950000000000124,283.35302148072634,84.91818539605408,-0.3676986025213129,35.00000000367085,31.101947499925345,-0.012428681589265356,9.298972567340698,26.5,1.0,0.0500039248108794,0.4181534598851143,0,0.9655830217525363
10.966666666666791,283.89736312051866,84.70849525079151,-0.36709685172117223,35.00000000278985,31.09469762231839,-0.013030432389406044,9.17938354040442,26.5,1.0,0.025783604886527797,0.38382312157522785,0,0.7614160131197423
10.983333333333459,284.4418308429515,84.4991327014953,-0.36548421957528715,35.00000000212028,31.087765856116388,-0.009271820832043365,9.507630124242652,26.5,1.0,0.0690030795985832,0.38958057140661323,0,0.743875018088147
11.000000000000126,284.98663548204075,84.29064845020537,-0.36505399132662886,35.00000000161141,31.082357371456457,-0.009702049080701658,9.304578074545592,25.5,1.0,0.018436264425816667,0.3934327559687019,0,0.7703749870415777
11.016666666666794,285.53152976651484,84.08239860855107,-0.3662778404643793,35.00000000122467,31.076697931613786,-0.008478199942951237,8.382746844727356,25.5,1.0,-0.0524026580111767,0.39874001083248606,0,0.7655420049559325
11.033333333333461,286.07616877658575,83.87348205462378,-0.3640051286365195,35.00000000093075,31.071752374228435,-0.010750911770810999,9.029648106836413,26.0,1.0,0.09709565519329391,0.4064951633787798,0,0.762291980208829
11.050000000000129,286.6212811867783,83.66580384670196,-0.3618101052530312,35.00000000070737,31.06548112983758,-0.012945935154299315,9.617788864101847,26.0,1.0,0.0937963931159763,0.4158238688010104,0,0.7865829975344241
11.066666666666796,287.16684814191467,83.45932267261718,-0.36192518029347875,35.0000000005376,31.057929545272355,-0.012830860113851763,9.170673318461109,26.0,1.0,-0.0049317474637474296,0.42298817696414953,0,0.7823329942766577
11.083333333333464,287.71239133260735,83.252778718761,-0.3612171962210764,35.000000000408576,31.05112268012424,-0.008447021196583249,9.102403991076665,25.5,1.0,0.03033286818841814,0.38907898488736814,0,0.7987499993760139
11.100000000000131,288.25808061639145,83.04662105252713,-0.36090817355647115,35.00000000031052,31.046195309689786,-0.008756043861188499,8.861442394645998,25.0,1.0,0.013243054246384063,0.3902032368413488,0,0.7808749796822667
11.116666666666799,288.8038335815094,82.84063202649106,-0.36222228782790356,35.000000000236,31.04108768270349,-0.007441929589756091,7.9168654367875995,26.5,1.0,-0.05625975078550269,0.3954341467132907,0,0.7457920000888407
11.133333333333466,289.3493153823562,82.63392599676243,-0.3613926741854478,35.00000000017936,31.036746597179608,-0.008271543232211853,7.95011926207256,25.0,1.0,0.03553989952869842,0.4004427100726083,0,0.7256669923663139
11.150000000000134,289.89496848160866,82.42767257725944,-0.359219426077141,35.00000000013632,31.031921585314514,-0.010444791340518624,8.570071557243535,25.5,1.0,0.09287127305055218,0.4085046390672331,0,0.78037497587502
11.166666666666801,290.44106853180017,82.22260548345696,-0.35755946159583835,35.000000000103604,31.025828901146152,-0.012104755821821299,8.942042934346121,24.5,1.0,0.07102168049699817,0.41750437895057496,0,0.8049579919315875
11.183333333333469,290.9875082335427,82.01844517845414,-0.3593969442921997,35.00000000007874,31.019206289790972,-0.0054272636669465135,7.765225760607673,24.5,1.0,-0.07858707503513455,0.3772436843558662,0,0.8353750163223594
11.200000000000136,291.53357187198475,81.81328114517738,-0.35844210171914725,35.00000000005984,31.01604040152727,-0.006382106239998964,7.859135456364604,24.5,1.0,0.0408990049789194,0.3829368679393031,0,0.773541018133983
11.216666666666804,292.0798311608205,81.60863861015757,-0.35619302281989607,35.00000000004548,31.012317531493586,-0.008631185139250153,8.515481273818763,25.0,1.0,0.09609223632068488,0.39347942378969086,0,0.8203330216929317
11.233333333333471,292.6265493248891,81.40522517191926,-0.35540032759502815,35.00000000003457,31.007282736009394,-0.009423880364118063,8.509288764291258,24.0,1.0,0.033959591792410926,0.3973338677048742,0,0.738417002139613
11.250000000000139,293.17342856203237,81.20224517842263,-0.3555127658468859,35.00000000002627,31.001785553831507,-0.009311442112260315,8.105573258574754,25.5,1.0,-0.0048187449245534544,0.4066252983293556,0,0.7534169999416918
11.266666666666806,293.720284973003,80.99920369606383,-0.35757341274363275,35.000000000019966,30.996353957756064,-0.0072507952155134725,6.8633439551448525,25.5,1.0,-0.0880849136213987,0.4097631586465664,0,0.7581249810755253
11.283333333333474,294.2667218264208,80.79503576762022,-0.35633075173310036,35.00000000001518,30.99212436427503,-0.008493456226045859,7.118006373086911,25.5,1.0,0.05320663516049407,0.414056063305934,0,0.805000017862767
11.300000000000141,294.8134119693919,80.59154703241302,-0.3548416340321903,35.00000000001153,30.989856523929927,-0.005369850277895716,7.470803823852147,25.5,1.0,0.06373289776296312,0.3827145115699708,0,0.7896669849287719
11.316666666666809,295.3604045247937,80.38887260848897,-0.3545546237120736,35.00000000000876,30.98672412632181,-0.005656860598012459,7.282482294311288,26.0,1.0,0.012299821991111175,0.3897407410954575,0,0.811500009149313
11.333333333333476,295.90745522731675,80.18635518541885,-0.3536572196765403,35.00000000000666,30.983424308572097,-0.006554264633545747,7.369489376586773,25.5,1.0,0.03844122652800012,0.39325842696629215,0,0.7316250121220946
11.350000000000144,296.45468744948886,79.984328769338,-0.3523754600055847,35.00000000000506,30.979601014909747,-0.007836024304501366,7.621693625952064,25.5,1.0,0.05487740258346671,0.4006611790709195,0,0.7441659981850535
11.366666666666811,297.0021781713766,79.78300393921351,-0.35175720702300173,35.000000000003844,30.975030047511186,-0.00845427728708431,7.573016175571238,25.0,1.0,0.026490358216746716,0.40776005032309715,0,0.8165000181179494
11.383333333333479,297.5497932582976,79.58201763531608,-0.35018661867060796,35.00000000000292,30.970098444508437,-0.010024865639478076,7.943809705342743,23.0,1.0,0.06720954826338135,0.41047753527733816,0,0.7256249955389649
11.400000000000146,298.0977233364227,79.38189165683336,-0.3516552405770285,35.00000000000222,30.966208556000026,-0.0041489154353498425,6.966285823205646,24.0,1.0,-0.06285802104197127,0.4129146975762359,0,0.723165983799845
11.416666666666814,298.6453589143559,79.18096119234485,-0.3504968943738163,35.000000000001684,30.96378836227276,-0.005307261638562044,7.179771493923387,25.0,1.0,0.04960268737481724,0.38253330917206324,0,0.7688750047236681
11.433333333333481,299.1932268718783,78.98066521410774,-0.35088005951991874,35.00000000000128,30.96069247418398,-0.0049240964924596176,6.707862896354032,25.0,1.0,-0.01641988757510962,0.38542230837205327,0,0.734750006813556
11.450000000000149,299.74101804274716,78.78015932667306,-0.35041992136826094,35.00000000000097,30.957820096171034,-0.005384234644117414,6.62471773781242,25.0,1.0,0.019717650788267642,0.39242131694836263,0,0.7675419910810888
11.466666666666816,300.28890141603006,78.5799055200726,-0.34943580718464046,35.00000000000074,30.954679307803914,-0.006368348827737903,6.774830642687451,24.0,1.0,0.04215134047296047,0.39861489554950047,0,0.8335419988725334
11.483333333333483,300.8369815965853,78.3801909901547,-0.3472039013682767,35.00000000000056,30.95096446276431,-0.008600254644101635,7.464898385612471,24.0,1.0,0.09536297095044297,0.40754249797628683,0,0.782540999352932
11.500000000000151,301.38550615568766,78.18170021999316,-0.3464560174330954,35.000000000000426,30.947051838477662,-0.005126581553771825,7.478939031367482,22.5,1.0,0.032041199236932424,0.413890991672975,0,1.0012919956352562
11.516666666666818,301.93417900943126,77.98361973801013,-0.347540653080912,35.00000000000033,30.944061345670615,-0.0040419459059552465,6.68736341882049,23.5,1.0,-0.04645094712450709,0.4151601165869735,0,0.8746660023462027
11.533333333333486,302.4826366953263,77.78494426252198,-0.3452359137528636,35.00000000000025,30.941703550312177,-0.006346685234003613,7.412418051292294,24.0,1.0,0.0984551817252956,0.3863014484988806,0,0.715915986802429
11.550000000000153,303.0315508193433,77.58753336557749,-0.3467219251096698,35.00000000000019,30.93800134211353,-0.004860673877197408,6.447450830775376,23.5,1.0,-0.06360030763148919,0.3899240921574611,0,0.7876250019762665
11.566666666666821,303.5801709825693,77.38930699427527,-0.34375635923233505,35.00000000000015,30.935165960183387,-0.007826239754532172,7.468470498465226,24.0,1.0,0.12641789875443982,0.3992296222664016,0,0.9288750006817281
11.583333333333488,304.12937658585594,77.19270846148228,-0.3462052706056687,35.000000000000114,30.930600700263962,-0.005377328381198532,6.081082299079135,22.5,1.0,-0.10457051074733625,0.3953437252109755,0,0.7178749947343022
11.600000000000156,304.67809909040284,76.99476556370225,-0.34659410346502667,35.000000000000085,30.927612805617976,-0.0009350392688456388,5.64864937944748,26.5,1.0,-0.016662723115068386,0.40609005940821385,0,0.7759160071145743
11.616666666666823,305.2267445867678,76.79660931955074,-0.3448036624227356,35.000000000000064,30.92706736612396,-0.00272548031113673,6.189189627668489,26.5,1.0,0.0765831161309591,0.4175084175084175,0,0.9901250014081597
11.633333333333491,305.775743990625,76.59943570990134,-0.34254422770304915,35.00000000000005,30.925477504577444,-0.004984915030823156,6.913513776601093,23.5,1.0,0.09653195301190864,0.42110946533518084,0,0.7864999934099615
11.650000000000158,306.32518749366983,76.40350303080058,-0.34225249127154367,35.000000000000036,30.922569649519243,-0.005276651462328641,6.748108265960656,22.5,1.0,0.012502338473812009,0.38716048435807215,0,0.7454580045305192
11.666666666666826,306.87468813403285,76.20773065272238,-0.3409131875482782,35.00000000000003,30.919491617116563,-0.006615955185594103,7.0488649595763935,23.0,1.0,0.05733581975095373,0.39443714200734936,0,0.7440000190399587
11.683333333333493,307.42445048016333,76.01269439825953,-0.34209868205031757,35.00000000000002,30.915632338079106,-0.005430460683554739,6.229318975745836,23.5,1.0,-0.050763258149427615,0.3985265910240383,0,0.7599999953527004
11.700000000000161,307.9739812256234,75.81700654076226,-0.3416989827425848,35.000000000000014,30.912464584916545,-0.005830159991287498,6.137591385447502,23.5,1.0,0.01712829511034332,0.4038922902711936,0,0.7972090097609907
11.716666666666828,308.52359014348616,75.62153834594919,-0.340768322457319,35.000000000000014,30.91045075549043,-0.002859482624286147,6.2825548312685005,23.5,1.0,0.03986431039953934,0.408085635095097,0,0.7305000035557896
11.733333333333496,309.07338073779266,75.42658173490484,-0.33950108001824597,35.000000000000014,30.908782726232747,-0.004126725063359149,6.5695328987611,22.5,1.0,0.05425708623972358,0.4144967057275527,0,0.7500830106437206
11.750000000000163,309.6234179478691,75.23232199818845,-0.33938105808570057,35.000000000000014,30.90637547677832,-0.004246746995904549,6.341719739256661,23.0,1.0,0.005143751743834215,0.42341423423766944,0,0.7538330100942403
11.766666666666831,310.17347846941277,75.03812827940001,-0.33907358276576555,35.000000000000014,30.903898215143563,-0.004554222315839573,6.205031843553996,24.0,1.0,0.013176751046300509,0.39048425590884595,0,0.7512500160373747
11.783333333333498,310.72359867472966,74.84410369982339,-0.33956371587631157,35.000000000000014,30.901241594642816,-0.004064089205293553,5.723019106132398,24.0,1.0,-0.021002616038886396,0.39331890304002476,0,0.7692920044064522
11.800000000000166,311.27362371610184,74.64980951143546,-0.33598968896855314,35.000000000000014,30.898870882465843,-0.007638116113051985,7.033811463679439,23.5,1.0,0.15199126371000157,0.405623996230153,0,0.7216249941848218
11.816666666666833,311.82433965573796,74.4574823640837,-0.33534111765583446,35.000000000000014,30.894617857807045,-0.004522948378466396,7.0202868782076635,22.5,1.0,0.02778875822600087,0.4071355345364514,0,0.7720419962424785
11.833333333333501,312.3751802174079,74.2655124357175,-0.33604674196982487,35.000000000000014,30.891979480248544,-0.003817324064475991,6.412172126924598,22.0,1.0,-0.030231828397732797,0.41207879978910034,0,0.7566249987576157
11.850000000000168,312.9258851833067,74.07315386868156,-0.3385363109191994,35.000000000000014,30.88975271328568,-0.00132775511510147,5.047303276154759,24.0,1.0,-0.10629368037197302,0.41728891164282333,0,0.7702909933868796
11.866666666666836,313.4761095531636,73.87942488119293,-0.3376183682159521,35.000000000000014,30.88897818969611,-0.0022456978183487686,5.228381965692856,25.5,1.0,0.03932012511014965,0.42413056712437314,0,0.782207993324846
11.883333333333503,314.02651152329133,73.68620104969867,-0.33547881172087046,35.000000000000014,30.88766820040315,-0.004385254313430397,5.937029179415713,24.5,1.0,0.09143957506608966,0.39075512665862483,0,0.8057080267462879
11.90000000000017,314.57732564661967,73.49415527567642,-0.3352930240216396,35.000000000000014,30.885110143585777,-0.004571042012661286,5.762217507649428,22.0,1.0,0.007962161706320404,0.39422115384615386,0,0.74487499659881
11.916666666666838,315.12817544018407,73.3022118394567,-0.3349633807182905,35.000000000000014,30.882443711697338,-0.004900685316010345,5.657330504589657,22.5,1.0,0.014126630357125705,0.40082886443653526,0,0.8814999891910702
11.933333333333506,315.67908847668673,73.11044999760803,-0.3331789630340923,35.000000000000014,30.880679424464983,-0.0030457108708833447,6.194398302753795,23.5,1.0,0.07632647821427546,0.4101969872537659,0,0.9777500235941261
11.950000000000173,316.2303428191359,72.91967151950126,-0.332294265147672,35.000000000000014,30.878902762537116,-0.003930408757303605,6.316638981652277,22.5,1.0,0.037897470261898526,0.41678641347850826,0,0.7710420177318156
11.96666666666684,316.7817657271487,72.72938080954276,-0.33333116118958134,35.000000000000014,30.876610029998417,-0.0028935127153942863,5.589983388991366,23.0,1.0,-0.04440918450952756,0.41826798296628825,0,0.757541973143816
11.983333333333508,317.33299102708077,72.53851843375182,-0.33194802677832097,35.000000000000014,30.87492214993638,-0.0042766471266546535,5.95399003339482,23.0,1.0,0.05920790596095018,0.3894433613640993,0,0.7594590133521706
12.000000000000176,317.8844797879848,72.3484186589641,-0.3308650678228979,35.000000000000014,30.872427446717076,-0.00535960608207775,6.172394020036892,22.5,1.0,0.04637924357657004,0.3942270400248216,0,0.76299998909235
12.016666666666843,318.4361740957091,72.1589162352266,-0.3304174085002045,35.000000000000014,30.869301024803857,-0.005807265404771111,6.103436412022136,21.5,1.0,0.019183046145942136,0.39942126932339006,0,0.735165987862274
12.03333333333351,318.9879531806777,71.969660801569,-0.3312784238381421,35.000000000000014,30.865913472358308,-0.004946250066833523,5.462061847213281,22.5,1.0,-0.0368839223124349,0.40177454545454544,0,0.7225419976748526
12.050000000000178,319.5395691093054,71.77993034786681,-0.32978944478197575,35.000000000000014,30.864846502603747,-0.002908033418968281,5.877237108327969,21.5,1.0,0.06372697994587245,0.4084847547118723,0,0.7349160150624812
12.066666666666846,320.0914669310182,71.59102144874763,-0.331376355617385,35.000000000000014,30.863150152166924,-0.0013211225835590423,4.926342264996781,23.0,1.0,-0.06790589536580988,0.41551477136330195,0,0.958791992161423
12.083333333333513,320.6430642763598,71.40123697522598,-0.33263489343221586,35.000000000000014,30.862379497550698,-6.258476872816887e-05,4.155805358998069,23.5,1.0,-0.05388512055281922,0.4169891995714575,0,0.7284999883268028
12.10000000000018,321.1944223339856,71.21075844607138,-0.33052265724272983,35.000000000000014,30.86234298976896,-0.0021748209582141964,4.893483215398842,23.5,1.0,0.09027834433497517,0.3868115675078283,0,0.9270840091630816
12.116666666666848,321.74618149700177,71.02144493940727,-0.3308428785790231,35.000000000000014,30.861074345210078,-0.001854599621920916,4.536089929239305,24.0,1.0,-0.013722910065681639,0.39305330080004663,0,0.7538330100942403
12.133333333333516,322.2978800095057,70.83195475739595,-0.3290455317982142,35.000000000000014,30.859992496050815,-0.003651946402729811,5.121653957543582,24.5,1.0,0.07687733729392436,0.4009482540854595,0,0.7787499926052988
12.150000000000183,322.8499182102765,70.64345647446588,-0.3290983063883124,35.000000000000014,30.85826480170843,-0.00017297835598611977,4.87299237452615,23.5,1.0,-0.002261764290312055,0.40443446533819816,0,0.8087920141406357
12.16666666666685,323.40194646235886,70.45492905820856,-0.32849137203844064,35.000000000000014,30.85816389766794,-0.0007799127058578659,4.92379542471569,24.5,1.0,0.026005608092479492,0.4109152872444012,0,0.7832080009393394
12.183333333333518,323.9540890365239,70.26673672156282,-0.3288363408782557,35.000000000000014,30.857708948635647,-0.000434943866042814,4.554277254829414,23.5,1.0,-0.014783301811179005,0.41475630154601795,0,0.7527499983552843
12.200000000000186,324.50616665734475,70.07835392413541,-0.3288773138123918,35.000000000000014,30.857455231388446,-0.00039397093190668425,4.332566352897649,23.0,1.0,-0.001755981086707381,0.42027404138623614,0,0.8116250101011246
12.216666666666853,325.0582365591062,69.88994850662614,-0.3278251725435963,35.000000000000014,30.857225415017453,-0.001446112200702232,4.599539811738589,25.0,1.0,0.045061244681308885,0.3923544372609548,0,0.7270830101333559
12.23333333333352,325.61050438437513,69.7021240488191,-0.3269929302463917,35.000000000000014,30.856381849861066,-0.0022783544979068093,4.759723887043153,23.5,1.0,0.03565241347545192,0.3918207598477197,0,0.7294999959412962
12.250000000000188,326.1629283338264,69.51475927664875,-0.32674773771111737,35.000000000000014,30.855052810887102,-0.0025235470331811394,4.655834332225892,25.5,1.0,0.010507864751937865,0.4010616823881061,0,0.7750410004518926
12.266666666666856,326.715398207115,69.32752996033787,-0.32641703824258667,35.000000000000014,30.85450121924792,0.00048130892786013574,4.593500599335535,24.0,1.0,0.014171885517829393,0.4075039133520656,0,0.7411249971482903
12.283333333333523,327.26792996682826,69.14048335575504,-0.32649004930583986,35.000000000000014,30.854781982778334,0.0005543199911133279,4.356100359601321,24.0,1.0,-0.0031290353559690273,0.40958745537494773,0,0.7682920258957893
12.30000000000019,327.8204480685974,68.95339641073953,-0.32636775634773674,35.000000000000014,30.85510533608992,0.0004320270330102071,4.213660215760792,23.5,1.0,0.0052410787864185515,0.4136882276592859,0,0.7570410089101642
12.316666666666858,328.37298904565074,68.76637703619592,-0.32476072778069826,35.000000000000014,30.85535735185134,-0.001175001534028275,4.728196129456475,24.0,1.0,0.06876406393851786,0.4273515154482691,0,0.7566249987576157
12.333333333333526,328.92582985457256,68.58024585189723,-0.3253995570976776,35.000000000000014,30.85467193444754,-0.0005361722170489358,4.236917677673885,24.0,1.0,-0.027371561636889363,0.3890263098718237,0,0.6841669965069741
12.350000000000193,329.47855164463715,68.39376153468653,-0.32426822088733004,35.000000000000014,30.854359167335925,-0.001667508427396491,4.542150606604331,24.0,1.0,0.04844789635119972,0.39320563084316723,0,0.7295830000657588
12.36666666666686,330.0314840573972,68.20790265086043,-0.3215566620488748,35.000000000000014,30.853386454537404,-0.004379067265851743,5.525290363962599,23.0,1.0,0.11569073781071988,0.40438681413246497,0,0.7066670223139226
12.383333333333528,330.5849184041082,68.02354375723601,-0.3228521267251151,35.000000000000014,30.852167034558683,0.00017095998164196047,4.715174218377559,23.5,1.0,-0.05546297398023474,0.40746294817613493,0,0.7433750142809004
12.400000000000196,331.13811345605683,67.83846806386352,-0.32165885472628014,35.000000000000014,30.852266761214157,-0.0010223120171929945,5.029104531026535,24.0,1.0,0.05109571561185908,0.41692040441894057,0,0.7479999912902713
12.416666666666863,331.691528959749,67.65405261426419,-0.3220898331529261,35.000000000000014,30.851670412641337,-0.0005913335905470274,4.617462718615921,24.0,1.0,-0.01846840396621779,0.41972099724501816,0,0.749625003663823
12.43333333333353,332.24486493296695,67.46939867165607,-0.3212718059136851,35.000000000000014,30.85132546806696,-0.0014093608297880422,4.770477631169553,23.5,1.0,0.035043957620269316,0.42620436610011553,0,0.723167002433911
12.450000000000198,332.7983517729854,67.28519743467831,-0.3233151320459907,35.000000000000014,30.850503341188418,0.0006339653025175807,3.662286578701732,24.0,1.0,-0.0873482920945051,0.3921968834635161,0,0.7284170133061707
12.466666666666866,333.35146107461105,67.09986562890013,-0.3198669456322306,35.000000000000014,30.850873154256774,-0.002814221111242521,4.997371947221039,23.5,1.0,0.1467175247432969,0.39642986323599855,0,0.755083019612357
12.483333333333533,333.9052061453563,66.91644214511719,-0.32348520369082584,35.000000000000014,30.849231527442136,0.0008040369473527043,3.1984231683326234,24.0,1.0,-0.15384290182068844,0.39986875740688144,0,0.7786249916534871
12.5000000000002,334.45828391929786,66.73101627381106,-0.32195300327530446,35.000000000000014,30.851364851795697,0.0024544303745718254,3.7190539009995742,26.0,1.0,0.06557159224092024,0.40865766092297445,0,0.8235420100390911
12.516666666666868,335.0116451535122,66.54643804582479,-0.3203938627953366,35.000000000000014,30.852796601410013,0.0008952898946039678,4.231432340599744,24.5,1.0,0.06672112201121873,0.4163426791887419,0,0.7476249884348363
12.533333333333536,335.56529349840883,66.36272280973658,-0.3201684206280803,35.000000000000014,30.853318853778777,0.0006698477273476833,4.138859404359846,24.5,1.0,0.009661506540064587,0.41762624386620006,0,0.722083990694955
12.550000000000203,336.1189832463968,66.17913239399869,-0.3161888627445528,35.000000000000014,30.853709598257176,-0.0033097101561798126,5.6833156426159075,23.0,1.0,0.1689270705907054,0.4311727789762699,0,0.7483749941457063
12.56666666666687,336.6733992167891,65.99774686659435,-0.3208583937009123,35.000000000000014,30.851778937524198,0.0013598208001796563,3.4099893855695442,24.0,1.0,-0.19751359097891008,0.3856956301407243,0,0.7977079949341714
12.583333333333538,337.2269621605483,65.81377446357024,-0.31904354750833,35.000000000000014,30.85257216607984,-0.0004550253924026082,4.045993631341727,25.5,1.0,0.077622845412654,0.3969757021388756,0,0.7485829992219806
12.600000000000206,337.78085807411367,65.63080699456728,-0.3163789188169097,35.000000000000014,30.852411366990612,-5.386132511109309e-07,5.027596178805036,23.0,1.0,0.11370579058092573,0.4012904741856207,0,0.748166989069432
12.616666666666873,338.3352395610721,65.44931610031773,-0.3181766573037022,35.000000000000014,30.852411052799557,0.0017971998735413774,4.016557707283021,24.0,1.0,-0.07689402565144464,0.406559460384183,0,0.7292919908650219
12.63333333333354,338.8892938791983,65.26682886694638,-0.31777419320210226,35.000000000000014,30.853459418828088,0.0013947357719414355,4.009934624369812,26.0,1.0,0.01724675127579987,0.4122122436173968,0,0.7085840043146163
12.650000000000208,339.4434215970108,65.0845646353218,-0.3187318255408758,35.000000000000014,30.854273014431275,0.0023523681107149863,3.4059607746218874,25.0,1.0,-0.041018365901186675,0.41532776976172836,0,0.772041006712243
12.666666666666876,339.9973745186435,64.90176983672951,-0.31599465632157153,35.000000000000014,30.855645227896964,-0.00038480110858929445,4.443576464773132,25.5,1.0,0.11677356379262131,0.4281715593356839,0,0.7305420003831387
12.683333333333543,340.5518257048148,64.72049198388754,-0.31776674034395563,35.000000000000014,30.85542076058915,0.0013872829137948075,3.4661458788638795,24.5,1.0,-0.07580094505776055,0.385316539608883,0,0.7209580217022449
12.70000000000021,341.10595478100134,64.53823188210329,-0.31691107337406516,35.000000000000014,30.856230008695967,0.0005316159439043289,3.6796875273183276,25.5,1.0,0.03665501629867701,0.3945553680637515,0,0.7643330027349293
12.716666666666878,341.66023960826067,64.35644599693104,-0.31896669576798065,35.000000000000014,30.85688148484417,0.005650910353717731,2.607812516390996,26.0,1.0,-0.08787124022079386,0.39657764241927296,0,0.762624986236915
12.733333333333546,342.21414958155873,64.17352109633329,-0.31785954892234924,35.000000000000014,30.86017783167353,0.00454376350808633,2.9646875098345977,27.0,1.0,0.04741358920085708,0.4022755017334831,0,0.7579590019304305
12.750000000000213,342.7682617400579,63.99120956740225,-0.3165904795327052,35.000000000000014,30.86282835126621,0.0032746941184422784,3.3788125059007585,26.5,1.0,0.054335153520514226,0.41357939947831884,0,0.7260830025188625
12.76666666666688,343.32260481826665,63.809601391870956,-0.31702829903228164,35.000000000000014,30.864738586087856,0.00371251361801872,3.027287503540455,26.0,1.0,-0.018761491221024787,0.414887150224523,0,0.7314159884117544
12.783333333333548,343.8768683317476,63.62775053154419,-0.3148959945965609,35.000000000000014,30.866904214056966,0.0015802091822980089,3.816372502124273,25.5,1.0,0.09113135526738517,0.4230266877205295,0,0.8129999914672226
12.800000000000216,344.4315183462901,63.447081942282686,-0.3161497933180419,35.000000000000014,30.86782600236302,0.002834007903778968,3.089823501274564,26.0,1.0,-0.053682603506235604,0.38331770405970383,0,0.7245419838000089
12.816666666666883,344.98594140288776,63.265718075730796,-0.3154395499788683,35.000000000000014,30.86947917142729,0.00212376456460539,3.2538941007647386,26.5,1.0,0.030429604562925337,0.39237766962720694,0,0.7967919809743762
12.83333333333355,345.54049313211465,63.084748030172925,-0.3116465375419507,35.000000000000014,30.871248680811334,0.001346631122690678,4.752336460458843,25.5,1.0,0.1611480960710885,0.4011287235608775,0,0.8471250184811652
12.850000000000218,346.0957272921818,62.90588270297864,-0.31599311356862464,35.000000000000014,30.872034215395484,0.00569320714936461,2.6514018762753055,26.5,1.0,-0.18417089235734693,0.39668810383242037,0,0.8113340009003878
12.866666666666886,346.65017875801936,62.72460570551807,-0.3167426520497418,35.000000000000014,30.875355234958732,0.00644274563048175,2.1908411257651834,27.5,1.0,-0.03211203541440813,0.40137842415746744,0,0.7422910130117089
12.883333333333553,347.2044941940367,62.542913176308296,-0.31204615708049227,35.000000000000014,30.879113477242928,0.0017462506612322402,4.11450467545911,26.5,1.0,0.19862444541802182,0.4163742919304573,0,0.7368750229943544
12.90000000000022,347.759656831692,62.3638259809831,-0.31308946067677745,35.000000000000014,30.880132122944268,0.0027895542575174237,3.468702805275466,25.0,1.0,-0.044683249415853624,0.41454499499353537,0,0.8992090006358922
12.916666666666888,348.3146323249238,62.18415968005321,-0.3154286653317588,35.000000000000014,30.881759360817405,0.005128758912498754,2.2812216831652794,29.5,1.0,-0.09991778298284552,0.38805214529806353,0,0.7454169972334057
12.933333333333556,348.86918602391296,62.00319567060594,-0.31405175521802164,35.000000000000014,30.884751123733686,0.003751848798761615,2.768733009899168,28.5,1.0,0.05894208021029276,0.3928008714427435,0,0.7226250017993152
12.950000000000223,349.42398836831427,61.82299540305728,-0.3107812092364962,35.000000000000014,30.88762371307697,0.00345671965682326,4.0612398059395005,29.0,1.0,0.1392589981261756,0.4069940621999255,0,0.7019579934421927
12.96666666666689,349.97937709771486,61.644610602604445,-0.31361368518328897,35.000000000000014,30.889640128861107,0.006289195603616017,2.6367438835637005,28.5,1.0,-0.1208007677909613,0.4067326771194024,0,0.7182080007623881
12.983333333333558,350.5342583292163,61.46465339462098,-0.3143509458590315,35.000000000000014,30.893308802111342,0.0070264562793585505,2.1820463301382205,29.0,1.0,-0.03158637734124342,0.41448926505416006,0,0.7440830231644213
13.000000000000226,351.08900673455327,61.284287143471055,-0.31425895160959944,35.000000000000014,30.89740753454762,0.0069344620299264794,2.1092277980829324,29.0,1.0,0.003942590261920613,0.4205614729449198,0,0.7352909888140857
13.016666666666893,351.6437717302007,61.10397192674744,-0.3122823287811283,35.000000000000014,30.901452604979177,0.004957839201455371,2.865536678849759,28.5,1.0,0.08451063749048567,0.3926275642088629,0,0.7215830264613032
13.03333333333356,352.1988920570462,60.92475362271368,-0.31412125246764655,35.000000000000014,30.904344665998764,0.006796762887973595,1.9193220073098554,28.5,1.0,-0.07864845083904194,0.3906349851856155,0,0.7587500149384141
13.050000000000228,352.7536818766847,60.7445147983632,-0.3138130845300175,35.000000000000014,30.908309413824004,0.00648859495034454,1.9515932043859132,30.0,1.0,0.013206429496574848,0.4043523839105451,0,0.8110830094665289
13.066666666666896,353.30852721380563,60.56444695100296,-0.30985409508481926,35.000000000000014,30.912906312884896,0.005471631534425313,3.570955922631548,28.0,1.0,0.1680703576979449,0.4095194499094221,0,0.7460420019924641
13.083333333333563,353.86408108756586,60.38657713589156,-0.31136144418912515,35.000000000000014,30.916098082020326,0.006978980638731202,2.742573553578929,28.5,1.0,-0.06451103538123301,0.41682813408254216,0,0.7285000174306333
13.10000000000023,354.4193662183839,60.207870109532344,-0.3112753310712827,35.000000000000014,30.920169121011952,0.006892867520888746,2.645544132147357,29.0,1.0,0.003690545437926785,0.42188392191779495,0,0.730790983652696
13.116666666666898,354.9746667361623,60.02921090116958,-0.3106542379203185,35.000000000000014,30.924189928559784,0.006271774369924543,2.7873264792884145,28.5,1.0,0.026611993929422782,0.42629016364936145,0,0.7687920005992055
13.133333333333566,355.5300781108388,59.85089662059245,-0.31197128326878715,35.000000000000014,30.92784843962411,0.007588819718393203,2.0723958875730486,30.5,1.0,-0.05638497030901302,0.3961762937971419,0,0.7149589946493506
13.150000000000233,356.08525415587883,59.671850992912006,-0.3095047463825673,35.000000000000014,30.932275208636483,0.005122282832173363,3.0434375325438294,30.0,1.0,0.10531760114792557,0.406168692477962,0,0.7534160104114562
13.1666666666669,356.6408701343257,59.494175270675505,-0.30921097250091906,35.000000000000014,30.93526319388886,0.004828508950525112,3.026062519526298,29.5,1.0,0.012589644022088663,0.4112108796094499,0,0.7631249900441617
13.183333333333568,357.19653828528277,59.31666278156633,-0.3079917822671905,35.000000000000014,30.93900403632505,0.0065248219820349665,3.415637511715779,29.5,1.0,0.052203536413253177,0.41889792827602274,0,0.7259169942699373
13.200000000000236,357.7524224446999,59.13982788940163,-0.3089145781361074,35.000000000000014,30.942810155474586,0.007447617850951882,2.8493825070294676,28.0,1.0,-0.03952779481871475,0.4201814189969956,0,0.7474579906556755
13.216666666666903,358.30814318495004,58.9624801049959,-0.3093711824780808,35.000000000000014,30.947154559058863,0.007904222192925303,2.5096295042176804,30.5,1.0,-0.01956626022456224,0.4301060699907092,0,0.7316250121220946
13.23333333333357,358.8637828895042,58.78487859458346,-0.3068080116503419,35.000000000000014,30.951765307326966,0.005341051365186367,3.505777702530608,30.5,1.0,0.10941149386526268,0.4426417663651396,0,0.7202089764177799
13.250000000000238,359.419875991338,58.60870186549986,-0.30917748102955017,35.000000000000014,30.954880905810253,0.0077105207443946555,2.303466621518365,31.0,1.0,-0.10120177034750903,0.406299929312198,0,0.7038330077193677
13.266666666666906,359.9755500871379,58.431207986634206,-0.31146725136468895,35.000000000000014,30.95937866501061,0.01000029107953343,1.182079972911019,32.5,1.0,-0.09781981220850544,0.4085744248920019,0,0.7442500209435821
13.283333333333573,360.530816306362,58.25244220812411,-0.3077924073299669,35.000000000000014,30.965212070910116,0.006325447044811361,2.7092479837466112,32.0,1.0,0.15621019600823002,0.422143891839691,0,0.7671669882256538
13.30000000000024,361.0867357111761,58.07571814884269,-0.3072234582574693,35.000000000000014,30.969932008521134,0.008652196556775793,2.825548790247967,30.5,1.0,0.024378700938271426,0.4254498714652956,0,0.7582920079585165
13.316666666666908,361.642755572998,57.89931040797702,-0.30675018628065154,35.000000000000014,30.9749790602079,0.008178924579958058,2.8953292741487804,30.5,1.0,0.020280303896296148,0.4307479755919714,0,0.8083749853540212
13.333333333333576,362.1988588613866,57.72316583547714,-0.309532433310603,35.000000000000014,30.979750046353427,0.010961171609909504,1.5371975644892681,34.0,1.0,-0.11867881766222228,0.4384999568622564,0,0.7537909841630608
13.350000000000243,362.7544699203256,57.545474730009126,-0.30799731259928115,35.000000000000014,30.98614393508936,0.009426050898587668,2.122318538693561,34.0,1.0,0.0656962094026666,0.41331064657267863,0,0.7502920052502304
13.36666666666691,363.31035310177856,57.36863676362313,-0.30464790419644405,35.000000000000014,30.991642383356098,0.0060766424957505736,3.4733911232161363,31.5,1.0,0.14257214230826662,0.41947248643286456,0,0.9159579931292683
13.383333333333578,363.8668254665996,57.1936616654855,-0.30745082437102694,35.000000000000014,30.995187069663586,0.008879562670333461,2.084034673929682,32.5,1.0,-0.11955229794837335,0.4192244937134082,0,0.7715000247117132
13.400000000000245,364.4228052049076,57.017127509105606,-0.30864365569445024,35.000000000000014,31.000366746487302,0.010072393993756756,1.450420804357809,33.5,1.0,-0.051076878769024,0.4244762005034601,0,0.7947499980218709
13.416666666666913,364.97857397225727,56.83993028842643,-0.30885929591391775,35.000000000000014,31.007380646888322,0.013170547555281631,1.2702524826146855,34.5,1.0,-0.009241460594747732,0.4303222660917947,0,0.7532089948654175
13.43333333333358,365.53430451583785,56.662613225769114,-0.30618510142555133,35.000000000000014,31.015063244182933,0.01049635306691521,2.362151489568811,34.0,1.0,0.11411045697648468,0.4425331613499413,0,0.7738330168649554
13.450000000000248,366.0905072520637,56.48678292692197,-0.30624058957692324,35.000000000000014,31.021186004376283,0.010551841218287117,2.2172908937412865,33.0,1.0,-0.0023780591474425253,0.4478661633098902,0,0.7731250079814345
13.466666666666915,366.64670023093504,56.31092176568391,-0.3034334710401689,35.000000000000014,31.027341130865437,0.007744722681532756,3.330374536244772,32.5,1.0,0.11972966451153452,0.4175135468692751,0,0.7327079947572201
13.483333333333583,367.2033846809085,56.13662259490136,-0.3038302992670792,35.000000000000014,31.0318588406001,0.008141550908443096,2.998224721746863,33.0,1.0,-0.017005284626412664,0.42535563244905805,0,0.7587500149384141
13.50000000000025,367.7599999202217,55.96210252974506,-0.3016727413246666,35.000000000000014,31.036608026163105,0.005983992966030471,3.7989348330481176,31.0,1.0,0.09220457922415237,0.4290682036503362,0,0.7414580031763762
13.516666666666918,368.31699040085823,55.788783799487675,-0.3075815321347062,35.000000000000014,31.04009866789429,0.011892783776070061,1.0793608998288704,34.0,1.0,-0.24802000246550854,0.42948180605829683,0,0.7499999774154276
13.533333333333585,368.8729470600322,55.61217697374774,-0.3052086666070628,35.000000000000014,31.048293929842174,0.012395817260921815,2.0476165398973225,34.5,1.0,0.10134583185402825,0.44116777742818186,0,0.7452080026268959
13.550000000000253,369.4293212179079,55.43688985435257,-0.30728577141824254,35.000000000000014,31.055524638067098,0.014472922072101546,1.0285699239383934,35.5,1.0,-0.08878475088758309,0.44465519706429013,0,0.9815410012379289
13.56666666666692,369.9853300861264,55.26044746647437,-0.30206460421500875,35.000000000000014,31.06396688120888,0.009251754868867758,3.217141954363036,35.0,1.0,0.22013798280078348,0.4240829637610751,0,0.7170419848989695
13.583333333333588,370.54225260682136,55.08691048563005,-0.3032792224937156,35.000000000000014,31.069363661225406,0.010466373147574592,2.5302851726178215,34.5,1.0,-0.05200812698619657,0.4241784486052732,0,0.7327499915845692
13.600000000000255,371.098963935566,54.91269718468792,-0.3016501361314781,35.000000000000014,31.07546893409308,0.00883728678533713,3.1181711035706927,34.5,1.0,0.06970487380828203,0.4331065324414844,0,0.7635420188307762
13.616666666666923,371.65595833396367,54.73939104535224,-0.3023273893769373,35.000000000000014,31.08062395095147,0.009514540030796326,2.6709026621424155,35.0,1.0,-0.029016992381697457,0.43677843398742616,0,0.7514160242862999
13.63333333333359,372.2128352324861,54.56570771952671,-0.3067846268429046,35.000000000000014,31.08617401556392,0.013971777496763593,0.6025415972854493,37.0,1.0,-0.18875052876235177,0.438974358974359,0,0.935332995140925
13.650000000000258,372.76893245402675,54.389543994621384,-0.3058470654381975,35.000000000000014,31.09572137354744,0.015910072875098047,0.9615249583712697,39.5,1.0,0.0401595994092556,0.4568483794859059,0,0.743416982004419
13.666666666666925,373.3251945954419,54.21390172235769,-0.3065704979937865,35.000000000000014,31.105001857850876,0.016633505430687034,0.5769149750227618,38.5,1.0,-0.030994323687779986,0.45762792331722324,0,0.7594169874209911
13.683333333333593,373.88132952596914,54.03785707794815,-0.3009576783690064,35.000000000000014,31.114704288603413,0.011020685805906927,2.9461489850136573,34.5,1.0,0.23606440578733207,0.42855092570444436,0,0.7114579784683883
13.70000000000026,374.43844379799987,53.864936675226424,-0.3037818598932739,35.000000000000014,31.121132891856796,0.013844867330174426,1.5676893910081944,38.0,1.0,-0.12045043986093416,0.4303985241957723,0,0.7599579985253513
13.716666666666928,374.99506749030263,53.6904435723685,-0.30272785225347787,35.000000000000014,31.129208806461275,0.01279085969037841,1.9406136346049165,37.5,1.0,0.04514106941677286,0.44056884514135286,0,0.7294579991139472
13.733333333333595,375.55187479044935,53.516537251951114,-0.3019810149012506,35.000000000000014,31.13666993782902,0.012044022338151161,2.16436818076295,37.5,1.0,0.03199639165006372,0.44701354240912333,0,0.7828329980839044
13.750000000000263,376.1088118150358,53.343046824484325,-0.3032396746627471,35.000000000000014,31.14369544767177,0.013302682099647634,1.49862090845777,37.5,1.0,-0.05389033167662844,0.45154226961157656,0,0.7872919959481806
13.76666666666693,376.66553003310327,53.16885554040396,-0.3039497469917745,35.000000000000014,31.153020736274257,0.01689519236302378,1.0991725450746619,39.0,1.0,-0.030422282339310422,0.4583109806025355,0,0.8412089955527335
13.783333333333598,377.2221244224209,52.99426899006895,-0.3020518670786055,35.000000000000014,31.162875796286666,0.01499731244985475,1.8595035270447973,39.5,1.0,0.08115904726308046,0.47089449432331004,0,0.8059170213527977
13.800000000000265,377.77904915343487,52.820739102836825,-0.3026036162752048,35.000000000000014,31.171623900604107,0.015549061646454088,1.5157021162268784,38.5,1.0,-0.023641988308818404,0.43174546074180664,0,0.756499997805804
13.816666666666933,378.3358780547063,52.64690195926099,-0.3037834812197842,35.000000000000014,31.180693821076773,0.016728926591033477,0.909421269736127,41.0,1.0,-0.05052260965195774,0.43931815377606515,0,0.7957920024637133
13.8333333333336,378.8925014640981,52.47240795393454,-0.2984590122230356,35.000000000000014,31.190451906428624,0.011404457594284878,3.145652761841676,40.5,1.0,0.22435010087549204,0.46125885929662697,0,0.7345000049099326
13.850000000000268,379.4500460669115,52.30088013213478,-0.2968810420786692,35.000000000000014,31.197104362484865,0.009826487449918486,3.687391657105006,37.5,1.0,0.06752447719196189,0.46177647474525607,0,0.7504579843953252
13.866666666666935,380.00786064125435,52.130232312258514,-0.2975712211325151,35.000000000000014,31.202919627094147,0.013412411527883472,3.2124349942630035,37.5,1.0,-0.029570480351489518,0.46692979876087554,0,0.7397920126095414
13.883333333333603,380.565557305199,51.95919954112147,-0.2951316758951584,35.000000000000014,31.210743299243465,0.010972866290526738,4.127460996557803,37.5,1.0,0.10417346178910629,0.4786126508143261,0,1.0024170042015612
13.90000000000027,381.12366955138015,51.78952780381568,-0.29709817696504753,35.000000000000014,31.21714400946617,0.012939367360415899,3.0764765979346818,40.5,1.0,-0.0840799229265362,0.4444624182851053,0,0.802416994702071
13.916666666666938,381.68144705897845,51.61875886695896,-0.29774074380288484,35.000000000000014,31.22469176313906,0.01358193419825321,2.6458859587608092,40.5,1.0,-0.027531620422588447,0.4483836043154536,0,0.7783749897498637
13.933333333333605,382.2391147209776,51.44763155605221,-0.2943657022188347,35.000000000000014,31.23261431450536,0.010206892614203043,3.9875315752564857,39.0,1.0,0.1436483610797803,0.46108086980561885,0,0.7735419785603881
13.950000000000273,382.7973567675039,51.278387367768154,-0.29484744415099573,35.000000000000014,31.238568231815215,0.010688634546364094,3.5925189451538917,36.5,1.0,-0.020643150018798444,0.46146468065899343,0,0.7905419915914536
13.96666666666694,383.35551721723397,51.10887427053109,-0.2940939214676019,35.000000000000014,31.244803149912332,0.009935111862970247,3.755511367092335,37.0,1.0,0.03228260998872087,0.46745601145397686,0,0.7345000049099326
13.983333333333608,383.9138052404551,50.93978180793853,-0.29256248717443856,35.000000000000014,31.250925737434578,0.01131961148176197,4.253306820255401,40.0,1.0,0.06553889932656584,0.48296690251199015,0,0.7823330233804882
14.000000000000275,384.47235156289713,50.77154452472148,-0.29417521108640093,35.000000000000014,31.257528703119856,0.012932335393724348,3.3519840921532404,39.0,1.0,-0.0690069937373938,0.44434704745746734,0,0.7767500064801425
14.016666666666943,385.0306258388119,50.60240667966706,-0.2932234739388707,35.000000000000014,31.26507235515537,0.01198059824619413,3.6111904552919443,42.0,1.0,0.040766137090897034,0.46137755296086413,0,0.7465830130968243
14.03333333333361,385.58906083662913,50.43380024150216,-0.2920293819668952,35.000000000000014,31.272060870280406,0.01078650627421862,3.9667142731751666,41.0,1.0,0.05113076558787154,0.47091818302815963,0,0.7870419940445572
14.050000000000278,386.1476967678689,50.26586074613077,-0.28929630340790885,35.000000000000014,31.278352876927563,0.008053427715232264,4.980028563905099,39.5,1.0,0.11660062601938959,0.47656093393533855,0,0.72170898783952
14.066666666666945,386.70678960394605,50.09944867197452,-0.29013939709403025,35.000000000000014,31.283050658979846,0.008896521401353665,4.388017138343059,38.5,1.0,-0.036116874388366256,0.4764907122056038,0,0.7418329769279808
14.083333333333613,387.26574194036726,49.932565289377486,-0.2904951831273415,35.000000000000014,31.288240228005925,0.00925230743466493,4.032810283005835,40.0,1.0,-0.015246791299686417,0.48508275777127213,0,0.7972500170581043
14.10000000000028,387.8246348666359,49.76548304991242,-0.29469836226935536,35.000000000000014,31.294264195947516,0.01639870326424198,2.019686169803501,43.0,1.0,-0.17822490811314515,0.4491382993875516,0,0.8102089923340827
14.116666666666948,388.3828205814947,49.5960531661689,-0.2926458520152262,35.000000000000014,31.3038296774507,0.014346193010112807,2.8118117018821005,44.5,1.0,0.08773888846544621,0.4648581997533909,0,0.8037090010475367
14.133333333333615,388.94135287692154,49.42776932041126,-0.29079120960970367,35.000000000000014,31.31219800298099,0.012491550604590286,3.4870870211292604,44.0,1.0,0.07931791641260111,0.4709152065675953,0,0.7854999857954681
14.150000000000283,389.5001963179349,49.26052164116248,-0.2926849898704209,35.000000000000014,31.319484551332792,0.014385330865307522,2.492252212677556,46.0,1.0,-0.08098450015243937,0.473755797149361,0,0.795165979070589
14.16666666666695,390.05872202666524,49.092215935777624,-0.287293332149254,35.000000000000014,31.327875704922835,0.008993673144140624,4.6953513276065335,45.0,1.0,0.2270853832418697,0.48998327377784534,0,0.7677919929847121
14.183333333333618,390.618147059611,48.92692404156785,-0.2851658028754234,35.000000000000014,31.333121943531562,0.0068661438703100375,5.41721079656392,43.0,1.0,0.09092839661178845,0.4991606998909384,0,0.7780840096529573
14.200000000000285,391.17792248955016,48.76282271368119,-0.2845476721733271,35.000000000000014,31.337127162652116,0.006248013168213717,5.4503264779383525,38.5,1.0,0.0264851213004065,0.4559265097774275,0,0.8108330075629056
14.216666666666953,391.7377992486109,48.59906743150239,-0.2839567441872144,35.000000000000014,31.341765612660932,0.008634950773070471,5.470195886763012,39.5,1.0,0.025320072780243924,0.4718555735331687,0,0.7472500146832317
14.23333333333362,392.29777267749176,48.435643024741374,-0.2893925089062793,35.000000000000014,31.346802604682996,0.0140707154921354,2.882117532057807,42.5,1.0,-0.22887912299852034,0.466320027781167,0,0.7844580104574561
14.250000000000288,392.85684950122504,48.26917716355039,-0.2848117573148539,35.000000000000014,31.355010251215298,0.009489963900709997,4.729270519234684,44.5,1.0,0.19385260953422107,0.493068101858015,0,0.7730000070296228
14.266666666666955,393.4166829954262,48.10527403195038,-0.2813271913311452,35.000000000000014,31.36054598039909,0.006005397917001275,6.03756231154081,40.5,1.0,0.14824298238719935,0.4984654320871068,0,0.762291019782424
14.283333333333623,393.97708422094684,47.943322668224326,-0.2867751036330252,35.000000000000014,31.36404910812732,0.011453310218881296,3.422537386924486,43.5,1.0,-0.22937287723434713,0.49519059494121836,0,0.7863750215619802
14.30000000000029,394.536594837742,47.7783207062018,-0.2899964976048222,35.000000000000014,31.370730059686775,0.01467470419067829,1.8535224321546917,44.5,1.0,-0.1371924763406082,0.461161560070556,0,0.8724580111447722
14.316666666666958,395.09557101600626,47.611517199311756,-0.29237027242444624,35.000000000000014,31.37928999656425,0.01704847901030232,0.712113459292815,51.5,1.0,-0.10138440247103161,0.4796118519077347,0,1.0495829919818789
14.333333333333625,395.6541496658173,47.44338728004366,-0.28541107380408787,35.000000000000014,31.390675856080286,0.013109498434073219,3.627268075575689,49.5,1.0,0.28985177518404776,0.4932443232570166,0,0.7582079851999879
14.350000000000293,396.21388482963437,47.27914866045482,-0.28377285593451546,35.000000000000014,31.398322844461866,0.011471280564500808,4.176360845345414,47.0,1.0,0.07009431511042863,0.49870421154806666,0,0.7728750060778111
14.36666666666696,396.77388830087597,47.11582722899171,-0.28440907228592516,35.000000000000014,31.4050142780343,0.01210749691591051,3.7058165072072486,44.5,1.0,-0.027259660933742817,0.49735543677344596,0,0.7539590005762875
14.383333333333628,397.33378775102267,46.9521495472413,-0.27958607517323203,35.000000000000014,31.412076812014412,0.007284499803217381,5.62348990432435,45.5,1.0,0.20382937010642105,0.5168778557633426,0,0.7898329931776971
14.400000000000295,397.8944701031132,46.791174152127475,-0.27913723336510454,35.000000000000014,31.41632606598569,0.006835657995089894,5.57409394259461,45.0,1.0,0.019233705397185857,0.4816883104653024,0,0.7477079925592989
14.416666666666963,398.4552246512114,46.630450430900865,-0.2818448340581973,35.000000000000014,31.42031350209636,0.009543258688182676,4.144456365556766,46.0,1.0,-0.11552336009502179,0.47866247402998485,0,0.7970829901751131
14.43333333333363,399.01554196870933,46.4682090012669,-0.2819994666965524,35.000000000000014,31.426074092277382,0.012768574276215305,3.8866738193340593,48.0,1.0,-0.006627016057013126,0.4953967805704603,0,0.7789169903844595
14.450000000000298,399.5758341916881,46.30588093022786,-0.28148695029997034,35.000000000000014,31.433522224881767,0.012256057879633242,3.9320042916004354,49.5,1.0,0.021961457032458807,0.5068861174740533,0,0.778582994826138
14.466666666666965,400.13620953687445,46.14384003944701,-0.2805562671002874,35.000000000000014,31.44067141299402,0.011325374679950317,4.159202574960261,49.0,1.0,0.039865290886141956,0.5131361812249184,0,0.788334000390023
14.483333333333633,400.69673544808325,45.98232075068772,-0.2751701691153194,35.000000000000014,31.44727774032943,0.005939276694982287,6.2955215449761575,45.0,1.0,0.22685917453168522,0.48861250354677005,0,0.7545420085079968
14.5000000000003,401.2581231833784,45.823822837647995,-0.2752738532987494,35.000000000000014,31.450742298032697,0.006042960878412329,5.977312926985695,51.0,1.0,-0.004443578614322156,0.5021398002853067,0,0.7718339911662042
14.516666666666968,401.8194944819293,45.66526671843141,-0.276026018215468,35.000000000000014,31.454267337090823,0.0067951257951309185,5.386387756191417,51.0,1.0,-0.03222448050192666,0.5028681228630365,0,0.7590420136693865
14.533333333333635,402.3807463613428,45.50628840031034,-0.28091142483764303,35.000000000000014,31.458231129967306,0.011680532417305933,3.03183265371485,51.5,1.0,-0.2063931049678228,0.500941110696981,0,0.7935419853311032
14.550000000000303,402.9412148723762,45.34457004662766,-0.275984257888114,35.000000000000014,31.465860172000653,0.009883113923772113,5.01909959222891,52.5,1.0,0.20810705368597313,0.5232816381841452,0,0.7784589834045619
14.56666666666697,403.50247339028687,45.18561516670742,-0.2786899488493891,35.000000000000014,31.47162522793724,0.012588804885047211,3.611459755337346,52.5,1.0,-0.11544260112174953,0.5250314418185572,0,0.7954169996082783
14.583333333333638,404.06329977152126,45.0251422783764,-0.2793159451122737,35.000000000000014,31.47896850349199,0.013214801147931832,3.1668758532024075,54.0,1.0,-0.026821977339716373,0.4990785489967467,0,0.782540999352932
14.600000000000305,404.62402558744793,44.86431834629189,-0.27257217408445156,35.000000000000014,31.486676913135874,0.006471030120109689,5.900125511921445,52.0,1.0,0.28135206359617015,0.5122448786845609,0,0.7664159929845482
14.616666666666973,405.1858232045062,44.70727944905489,-0.2728053443440109,35.000000000000014,31.490451654361745,0.006704200379669012,5.540075307152867,49.0,1.0,-0.009992678508964608,0.5073911418426462,0,0.7637910021003336
14.63333333333364,405.7475841894924,44.55010956159186,-0.26765606098854583,35.000000000000014,31.49436240862074,0.0015549170242039612,7.524045184291721,48.5,1.0,0.21720222622795474,0.5286281072543342,0,0.760875002015382
14.650000000000308,406.3101470356243,44.39583441151989,-0.27200407608176996,35.000000000000014,31.49526944318602,0.005902932117428095,5.314427110575032,50.5,1.0,-0.18423049759656068,0.5200377048568335,0,0.7787089853081852
14.666666666666975,406.8720337755057,44.23911469571089,-0.2699298808231202,35.000000000000014,31.500277005915432,0.007026728299641183,5.98865626634502,53.0,1.0,0.08866103477539702,0.5469628929331127,0,0.7659159891773015
14.683333333333643,407.43424437374716,44.083560779004344,-0.2665727250393105,35.000000000000014,31.50437589702631,0.003669572515831498,7.193193759807012,48.0,1.0,0.14289745419857153,0.5098274299524205,0,0.7385409844573587
14.70000000000031,407.99697402154595,43.92989516389803,-0.2683274202893509,35.000000000000014,31.506516476189788,0.005424267765871904,6.115916255884207,54.0,1.0,-0.07505994414752384,0.5249607417228507,0,0.7621249824296683
14.716666666666978,408.5594331668487,43.7752423668231,-0.2705645279960955,35.000000000000014,31.509680616870234,0.007661375472616472,4.869549753530524,54.0,1.0,-0.09558388315518083,0.5220283482247275,0,0.7655420049559325
14.733333333333645,409.12154493002055,43.619331676100494,-0.2676597567274151,35.000000000000014,31.514149708842158,0.004756604203936088,5.921729852118315,55.0,1.0,0.1238530034402248,0.5404612040983375,0,0.7382080075331032
14.750000000000313,409.68410720598797,43.4650544469442,-0.2674552102731918,35.000000000000014,31.516924384164785,0.00455205774971279,5.753037911270988,57.5,1.0,0.008766052064134805,0.5514630498781967,0,0.7414580031763762
14.76666666666698,410.24670102704675,43.31089229113336,-0.26802198030505503,35.000000000000014,31.520130716844427,0.008394916813779185,5.251822746762593,55.0,1.0,-0.024285368761519047,0.5115174895211246,0,0.7598749944008887
14.783333333333648,410.8092073832597,43.15641129878232,-0.26772132271870885,35.000000000000014,31.525027694133225,0.00809425922743301,5.1510936480575555,59.5,1.0,0.012884612076421813,0.5300124253776661,0,0.7424580107908696
14.800000000000315,411.37176015993043,43.00209943521425,-0.2677927847619617,35.000000000000014,31.529749293791298,0.008165721270685877,4.890656188834534,61.0,1.0,-0.0030626494208134923,0.5400086668173939,0,0.7635839865542948
14.816666666666983,411.93430190772364,42.84774737086938,-0.26490537461772334,35.000000000000014,31.534512578263612,0.0052783111264475,5.93439371330072,55.0,1.0,0.12312024368084518,0.5362565274757949,0,0.8303340000566095
14.83333333333365,412.4972869876217,42.69502023644339,-0.2624267165228873,35.000000000000014,31.5375915787902,0.0027996530316114487,6.760636227980433,56.0,1.0,0.10583131287517386,0.5514459580169718,0,0.8137499971780926
14.850000000000318,413.0606488960624,42.5436890172722,-0.26200179201099044,35.000000000000014,31.539224707591877,0.0023747285197145973,6.65638173678826,53.5,1.0,0.018209037725104387,0.5169893874511264,0,0.802416994702071
14.866666666666985,413.624075057985,42.392597198040015,-0.26608196097376624,35.000000000000014,31.540609964593063,0.006454897482490396,4.593829042072956,60.0,1.0,-0.1731140773649375,0.5260737195899708,0,0.7527910056523979
14.883333333333653,414.1868800515763,42.2392077689175,-0.2615438212401233,35.000000000000014,31.545946601741072,0.00528159031552855,6.356297425243774,60.5,1.0,0.19209355358103758,0.54538213576221,0,0.9452499798499048
14.90000000000032,414.7503753500477,42.08837399823479,-0.2607859398613542,35.000000000000014,31.549027515101304,0.0045237089367594074,6.413778455146264,58.5,1.0,0.03246921548195576,0.5507572139023911,0,0.7779580191709101
14.916666666666988,415.3139848007829,41.937967333423195,-0.26704449448157136,35.000000000000014,31.551666336314277,0.010782263556976592,3.4482670730877585,65.0,1.0,-0.2620555540441598,0.5562765927732829,0,0.7810000097379088
14.933333333333655,415.8766418912205,41.784036256775046,-0.2638756771023542,35.000000000000014,31.55795586818696,0.007613446177759441,4.668960243852656,63.5,1.0,0.13498066757350416,0.5678380762267304,0,0.7819579914212227
14.950000000000323,416.43978393538157,41.6318889075511,-0.258927863569427,35.000000000000014,31.562397002218965,0.0026656326448322165,6.601376146311594,60.0,1.0,0.2089539838774358,0.5420512820512821,0,0.8358329941984266
14.96666666666699,417.00367188009824,41.48252973113072,-0.26019286386177615,35.000000000000014,31.563951952753644,0.0039306329371813775,5.760825687786956,61.5,1.0,-0.05416127634020528,0.5465175677307303,0,0.9871670044958591
14.983333333333658,417.56737043428956,41.332457355989845,-0.2589440249252225,35.000000000000014,31.56701243714528,0.00614693849170278,6.056495412672174,58.0,1.0,0.05347065086254359,0.5481266358986691,0,0.7725000032223761
15.000000000000325,418.1312559650858,41.18308906639527,-0.2629841903687354,35.000000000000014,31.570598128684537,0.010187103935215656,4.033897247603305,65.0,1.0,-0.1714500261491405,0.5602251753414544,0,0.7580829842481762
15.016666666666993,418.69453342279417,41.03144381122578,-0.2534651165705695,35.000000000000014,31.576540503198444,0.000668030137049802,7.820338348561982,59.5,1.0,0.38734981764384896,0.5828499487083838,0,0.7821669860277325
15.03333333333366,419.2592288612059,40.88516722521576,-0.2604819966015472,35.000000000000014,31.57693018741608,0.007684910168027469,4.492203009137189,66.5,1.0,-0.2921203594136907,0.5454486646335829,0,0.81291698734276
15.050000000000328,419.82288400099884,40.73493187264264,-0.25243236040016126,35.000000000000014,31.581413007556176,-0.0003647260333584645,7.695321805482314,63.5,1.0,0.332199617685119,0.5668836809609654,0,0.7350829837378114
15.066666666666995,420.38773020628264,40.589238557235596,-0.2523205282296157,35.000000000000014,31.581200250708093,-0.00047655820390402065,7.417193083289389,59.5,1.0,0.0047927706110714105,0.5628480983621599,0,0.7794159755576402
15.083333333333663,420.952592701234,40.443608410716635,-0.2515245550635415,35.000000000000014,31.580985888218787,0.0023055674746312316,7.4503158499736335,60.0,1.0,0.034099912366642844,0.0,0,0.7626659935340285
15.10000000000033,421.51757093492097,40.29842792567238,-0.2544106616526365,35.000000000000014,31.582330801387485,0.005191674063726226,5.87018950998418,63.5,1.0,-0.12306521924668093,0.0,0,0.7839580066502094
15.116666666666998,422.0821278098123,40.151617460136954,-0.2514161832843134,35.000000000000014,31.58535926432002,0.0021971956954031646,6.922113705990508,65.0,1.0,0.12763711845199135,0.0,0,0.7648750033695251
15.133333333333665,422.6471217736491,40.00649820364152,-0.25619326135060455,35.000000000000014,31.586640960777732,0.006974273761694293,4.553268223594305,71.0,1.0,-0.20194131226213846,0.0,0,0.7890410197433084
15.150000000000333,423.21141604740234,39.858681592981355,-0.2481993533608689,35.000000000000014,31.5907092541579,-0.0010196342280413553,7.731960934156582,65.5,1.0,0.33006371264271683,0.0,0,0.7823339838068932
15.166666666667,423.776873911126,39.7153805736868,-0.24675040517938363,35.000000000000014,31.59011446762793,-0.0024685824095266318,8.03917656049395,67.0,1.0,0.06201814425229683,0.0,0,0.7754589896649122
15.183333333333668,424.3425388169529,39.5728990236756,-0.24646590984110953,35.000000000000014,31.588674462684924,-0.0027530777478007307,7.823505936296369,67.0,1.0,0.012192053218044702,0.0,0,0.7704159943386912
15.200000000000335,424.9082442352243,39.43057840845703,-0.24874114666981698,35.000000000000014,31.588704954266568,0.003227105211815045,6.4941035617778216,69.5,1.0,-0.09720285140250638,0.0,0,0.7460419728886336
15.216666666667003,425.4736243764261,39.2869710489227,-0.250373380917863,35.000000000000014,31.59058742903937,0.004859339459861056,5.496462137066693,74.5,1.0,-0.06983912750817056,0.0,0,0.7558749930467457
15.23333333333367,426.03876936374195,39.14244104826701,-0.24798909232458993,35.000000000000014,31.593422032568586,0.0024750508665880022,6.297877282240016,73.5,1.0,0.10183035682843103,0.0,0,0.7417919987346977
15.250000000000338,426.60425734558686,38.99925892589563,-0.24253598590629719,35.000000000000014,31.594865810766684,-0.0029780555517047447,8.37872636934401,65.5,1.0,0.22958396409705853,0.0,0,0.7775840058457106
15.266666666667005,427.1705177031536,38.859162583237676,-0.24481264045509715,35.000000000000014,31.593128614262678,-0.0007014010029047779,7.027235821606406,71.5,1.0,-0.09726303820843152,0.0,0,0.7977920176927
15.283333333333672,427.7364576425129,38.71777742554497,-0.24642802527549906,35.000000000000014,31.592719463711198,0.0009139838174971326,6.016341492963844,72.5,1.0,-0.06912048959172555,0.0,0,0.8188330102711916
15.30000000000034,428.302168452133,38.57547824193256,-0.24024540840375322,35.000000000000014,31.594518769363734,-0.0014214894448915107,8.409804895778308,72.0,1.0,0.25901703957829814,0.0,0,0.7483749941457063
15.316666666667007,428.86874822543854,38.43667932890076,-0.25149802535865246,35.000000000000014,31.593689567466804,0.009831127510007726,3.4458829374669846,76.5,1.0,-0.4493511095863546,0.0,0,0.8200419833883643
15.333333333333675,429.43373031052215,38.291513832613404,-0.2435023912336259,35.000000000000014,31.5994242994686,0.0018354933849811794,6.667529762480191,76.5,1.0,0.3301299175815206,0.0,0,0.7433750142809004
15.350000000000342,429.99985501383173,38.15087031843516,-0.23691714249806536,35.000000000000014,31.600495003341962,-0.0047497553505793655,9.200517857488116,73.0,1.0,0.2750707005489124,0.0,0,0.7723750022705644
15.36666666666701,430.56689360787493,38.01395789882586,-0.23530958003831856,35.000000000000014,31.597724323138667,-0.0063573178103261685,9.520310714492869,72.0,1.0,0.06878683699601401,0.0,0,0.8052909979596734
15.383333333333677,431.13415156440277,37.87795720568936,-0.23442206334736304,35.000000000000014,31.59401591272897,-0.007244834501281688,9.51218642869572,73.0,1.0,0.03801810219760833,0.0,0,0.7533749740105122
15.400000000000345,431.7015300003894,37.742460016954176,-0.23443820353028189,35.000000000000014,31.590854717356585,-0.003222301993851484,9.107311857217432,70.0,1.0,-0.0006917220147681855,0.0,0,0.7351249805651605
15.416666666667012,432.26890624935277,37.6069536706449,-0.23321011217546445,35.000000000000014,31.58897504444635,-0.004450393348668924,9.264387114330459,72.0,1.0,0.05258396679113897,0.0,0,0.7345000049099326
15.43333333333368,432.83644848458596,37.47214421621264,-0.23347727386977993,35.000000000000014,31.586378990229218,-0.004183231654353442,8.758632268598276,72.5,1.0,-0.011449286591983118,0.0,0,0.769832986406982
15.450000000000347,433.403954683643,37.337183141048065,-0.23699465953551377,35.000000000000014,31.583938778881247,-0.0006658459886196011,6.8551793611589655,80.5,1.0,-0.14961857195519007,0.0,0,0.7437920139636844
15.466666666667015,433.97098266293744,37.20022676669823,-0.23573387551356148,35.000000000000014,31.583550368749915,-0.0019266300105718892,7.1131076166953795,82.0,1.0,0.05398110682688613,0.0,0,0.7331249944400042
15.483333333333682,434.53818286392755,37.06398540082658,-0.23050646171796363,35.000000000000014,31.582426501939025,-0.007154043806169741,9.067864570017228,78.5,1.0,0.22039291409613157,0.0,0,0.7386670040432364
15.50000000000035,435.106087502072,36.93071087305865,-0.22787052417134052,35.000000000000014,31.579317494179907,-0.005605298781418522,9.840718742010338,77.0,1.0,0.11249183179101244,0.0,0,0.7532919989898801
15.516666666667017,435.6743414701945,36.79893376772234,-0.2313671372344971,35.000000000000014,31.57604775367967,-0.002108685718261949,7.904431245206203,77.5,1.0,-0.14874798425872604,0.0,0,0.7518749916926026
15.533333333333685,436.242131191889,36.665170507759356,-0.231880338410605,35.000000000000014,31.574817687922273,-0.0015954845421540242,7.342658747123721,84.0,1.0,-0.02199079055523561,0.0,0,0.7435830193571746
15.550000000000352,436.8098521913532,36.53111587507119,-0.23193133094844623,35.000000000000014,31.573886989000872,-0.0015444920043128085,7.005595248274233,83.0,1.0,-0.002185390999808079,0.0,0,0.7487919938284904
15.56666666666702,437.3775663542933,36.39703229302277,-0.22515346503977263,35.000000000000014,31.572986035689887,-0.008322357912986411,9.603357148964541,84.5,1.0,0.2827000987334487,0.0,0,0.7413749990519136
15.583333333333687,437.94617627062195,36.26679965183591,-0.22157604192035968,35.000000000000014,31.56813138294797,-0.01189978103239936,10.762014289378724,77.0,1.0,0.15213347590673582,0.0,0,0.7690420025028288
15.600000000000355,438.5152484446998,36.13860199792575,-0.2239927528157038,35.000000000000014,31.56249162498755,-0.005098720139829677,9.257208573627235,84.5,1.0,-0.1032053311226253,0.0,0,0.7462080102413893
15.616666666667022,439.0840091405825,36.009029436799445,-0.22746336280299523,35.000000000000014,31.559517384459543,-0.0016281101525382478,7.35432514417634,88.0,1.0,-0.14765786534024186,0.0,0,0.7484169909730554
15.63333333333369,439.65231671614737,35.877483713443,-0.22661314331989035,35.000000000000014,31.558567653956814,-0.002478329635643123,7.412595086505804,90.0,1.0,0.0364218641291883,0.0,0,0.7825830252841115
15.650000000000357,440.22073592902854,35.746421223746914,-0.22211668798548664,35.000000000000014,31.55712196314929,-0.006974784970046832,9.047557051903482,88.5,1.0,0.19037161847751288,0.0,0,0.7656250090803951
15.666666666667025,440.78973871038323,35.61791592195602,-0.21992291625602609,35.000000000000014,31.553053371571504,-0.00916855669950739,9.628534231142089,89.0,1.0,0.09374322108650772,0.0,0,0.7589170127175748
15.683333333333692,441.35902203360934,35.490659190604,-0.22231669403924753,35.000000000000014,31.54770512176201,-0.006774778916285946,8.177120538685253,91.5,1.0,-0.1022328173480953,0.0,0,0.7316249830182642
15.70000000000036,441.9279991017452,35.36204008738324,-0.212522005472615,35.000000000000014,31.54557745199884,-0.011961322269623403,11.906272323211152,84.0,1.0,0.3974344762578094,0.0,0,0.7304580067284405
15.716666666667027,442.49820864134557,35.23900001778606,-0.21223063432824546,35.000000000000014,31.538600180387807,-0.012252693413992932,11.543763393926692,86.0,1.0,0.01248668575468579,0.0,0,0.7447499956469983
15.733333333333695,443.06845400706675,35.11612609601549,-0.21437703998265115,35.000000000000014,31.531452954733155,-0.010106287759587246,10.126258036356015,88.0,1.0,-0.09173065521385525,0.0,0,0.7128749857656658
15.750000000000362,443.63843432213395,34.99202848035085,-0.21030583718217932,35.000000000000014,31.525557720561572,-0.01417749056005907,11.47575482181361,89.5,1.0,0.1727411902050201,0.0,0,0.7621669792570174
15.76666666666703,444.2089151387483,34.87025239216932,-0.20644025364498353,35.000000000000014,31.517287794785588,-0.018043074097254863,12.685452893088165,79.5,1.0,0.1641767141230121,0.0,0,0.7232500065583736
15.783333333333697,444.77986242756515,34.750682449581575,-0.2077005508711167,35.000000000000014,31.506763239299815,-0.016782776871121702,11.611271735852899,89.5,1.0,-0.05396030485952601,0.0,0,0.831458019092679
15.800000000000365,445.3506585693232,34.630393038859346,-0.20487733306584816,35.000000000000014,31.499662027823373,-0.014746673981701514,12.366763041511739,82.5,1.0,0.12040973375095096,0.0,0,0.7294160022865981
15.816666666667032,445.9217920390556,34.51171558721356,-0.20268260125100923,35.000000000000014,31.491060113110322,-0.016941405796540437,12.820057824907042,88.5,1.0,0.09378400691723723,0.0,0,0.7316669798456132
15.8333333333337,446.4931845982269,34.3942919051835,-0.20359749552088888,35.000000000000014,31.481178099119663,-0.01602651152666079,11.892034694944225,94.0,1.0,-0.03918967918299106,0.0,0,0.7252909999806434
15.850000000000367,447.0644694880225,34.27634550859179,-0.2023824097276331,35.000000000000014,31.47182970092901,-0.017241597319916563,11.935220816966535,85.0,1.0,0.05202810915687208,0.0,0,0.7499589992221445
15.866666666667035,447.6358972710417,34.15909335905275,-0.1984368396521063,35.000000000000014,31.461772600793196,-0.021187167395443376,13.16113249017992,84.0,1.0,0.16751128216079,0.0,0,0.8044579881243408
15.883333333333702,448.20778323158123,34.04409672468654,-0.19689920614041448,35.000000000000014,31.450380517840077,-0.017583060928051952,13.296679494107952,90.0,1.0,0.06580343596314062,0.0,0,0.7690420025028288
15.90000000000037,448.77984533867016,33.92997957693582,-0.19729519576947657,35.000000000000014,31.440124260795404,-0.01718707129898986,12.578007696464772,94.0,1.0,-0.016969355088782195,0.0,0,0.7353749824687839
15.916666666667037,449.35186221170136,33.81563590747667,-0.20123166017558528,35.000000000000014,31.43009896279252,-0.013250606892881156,10.346804617878863,104.0,1.0,-0.16713186305326933,0.0,0,0.7185839931480587
15.933333333333705,449.92342454420003,33.699041405691915,-0.19447091330034913,35.000000000000014,31.422369668292742,-0.020011353768117305,12.808082770727317,89.5,1.0,0.2820233821680383,0.0,0,0.7489159761462361
15.950000000000372,450.4957620742578,33.586313727346486,-0.19628831921894288,35.000000000000014,31.41069715768221,-0.018193947849523547,11.48484966243639,100.5,1.0,-0.07773188736584359,0.0,0,0.7575000054202974
15.96666666666704,451.0678937872736,33.4725460661268,-0.19427864101279238,35.000000000000014,31.40008460695323,-0.02020362605567405,11.890909797461834,105.5,1.0,0.08591703424716045,0.0,0,0.7652500062249601
15.983333333333707,451.64025298116053,33.35992843451055,-0.1957949192511414,35.000000000000014,31.390858148608938,-0.013227331951538855,10.7345458784771,108.0,1.0,-0.06489211278503719,0.0,0,0.7687920005992055
16.000000000000373,452.21244075749354,33.24644307689619,-0.19176857840387038,35.000000000000014,31.383142429968466,-0.017253672798809877,12.040727527086261,102.5,1.0,0.17087473232897793,0.0,0,0.7947090198285878
16.01666666666704,452.7850808253408,33.135262455951484,-0.18649349059609036,35.000000000000014,31.373078286850998,-0.022528760606589898,13.824436516251758,102.0,1.0,0.22233758939738685,0.0,0,0.7544579857494682
16.033333333333704,453.3582994107254,33.02710409452058,-0.18915403767992775,35.000000000000014,31.35993762147627,-0.019868213522752504,12.094661909751055,111.0,1.0,-0.11353311302823488,0.0,0,0.7729159842710942
16.05000000000037,453.93122820727064,32.91742104265298,-0.18344528460170648,35.000000000000014,31.3483485927434,-0.025576966600973777,14.056797145850634,101.5,1.0,0.23994729884972604,0.0,0,0.8002090035006404
16.066666666667036,454.5047738180651,32.81101046932386,-0.18492221346359752,35.000000000000014,31.334770554847367,-0.0182803510788819,12.83407828751038,100.5,1.0,-0.06321262069016467,0.0,0,0.7301250007003546
16.0833333333337,455.0781616425269,32.70375292629418,-0.18265425710137684,35.000000000000014,31.324107610616043,-0.020548307441102587,13.30044697250623,101.0,1.0,0.09689376091923485,0.0,0,0.7927910191938281
16.100000000000367,455.65179124756156,32.59779607656042,-0.18031405732376965,35.000000000000014,31.312121941441006,-0.022888507218709775,13.780268183503738,98.0,1.0,0.09996000655154076,0.0,0,0.7680419948883355
16.116666666667033,456.22566724181553,32.49318192361357,-0.17882917566889636,35.000000000000014,31.298771477983184,-0.024373388873583063,13.868160910102244,108.0,1.0,0.06355208726425769,0.0,0,0.7495839963667095
16.1333333333337,456.7996979429871,32.38942002362008,-0.1801498693850974,35.000000000000014,31.28455507547544,-0.023052695157382036,12.720896546061347,111.5,1.0,-0.05654083097477861,0.0,0,0.9732090111356229
16.150000000000365,457.37359110588795,32.28490009559944,-0.17450391554951006,35.000000000000014,31.271470229741542,-0.0224712061996229,14.632537927636807,105.0,1.0,0.23740633474846615,0.0,0,0.7420830079354346
16.16666666666703,457.9480652334292,32.183621990544445,-0.1718907684652912,35.000000000000014,31.258363129272965,-0.025084353283841763,15.179522756582084,111.5,1.0,0.11152730084907958,0.0,0,0.7455000013578683
16.183333333333696,458.52280205384614,32.08384541496279,-0.17064703703323553,35.000000000000014,31.243732124335178,-0.026328084715897426,15.10771365394925,113.5,1.0,0.0532523805094478,0.0,0,0.750000006519258
16.20000000000036,459.09766252497343,31.984783734616137,-0.1711653650507825,35.000000000000014,31.228375849140924,-0.02580975669835045,14.26462819236955,112.0,1.0,-0.022210405027664644,0.0,0,0.766957993619144
16.216666666667027,459.6724715724365,31.885424101301613,-0.16916515045279973,35.000000000000014,31.2133218292198,-0.027809971296333225,14.55877691542173,113.0,1.0,0.08551442365006778,0.0,0,0.7696250104345381
16.233333333333693,460.24747821049164,31.787214407430064,-0.1655633956362845,35.000000000000014,31.197101436945978,-0.031411726112848454,15.535266149253038,115.5,1.0,0.15315215419004075,0.0,0,0.748499995097518
16.25000000000036,460.8228348453475,31.69107637902757,-0.1668892928758955,35.000000000000014,31.182368190488756,-0.0233944080753706,14.321159689551823,119.0,1.0,-0.056763124152642126,0.0,0,0.7884170045144856
16.266666666667025,461.3980635053548,31.594175571580134,-0.16539297718900087,35.000000000000014,31.16872269721688,-0.024890723762265227,14.392695813731095,127.5,1.0,0.06404012550841479,0.0,0,0.7436249870806932
16.28333333333369,461.9734365155492,31.498135595957557,-0.16349825567865564,35.000000000000014,31.154204607573135,-0.026785445272610453,14.635617488238656,124.5,1.0,0.08102457530504868,0.0,0,0.7132500177249312
16.300000000000356,462.54899046185693,31.40318596369183,-0.16180437540649087,35.000000000000014,31.13858163279728,-0.028479325544775225,14.781370492943193,113.0,1.0,0.07246774518302916,0.0,0,0.7708339835517108
16.31666666666702,463.12470441569843,31.30921138665126,-0.15650477517617983,35.000000000000014,31.121970938520114,-0.03377892577508626,16.468822295765914,124.0,1.0,0.22333681377648412,0.0,0,0.7523749954998493
16.333333333333687,463.70090831023504,31.218289168801963,-0.15632135378311224,35.000000000000014,31.105878190776707,-0.02674075887854308,15.881293377459548,127.5,1.0,0.00786075493255703,0.0,0,0.9018749988172203
16.350000000000353,464.27712887215864,31.127472640602566,-0.1533638457798996,35.000000000000014,31.090281273729175,-0.029698266881755725,16.52877602647573,130.0,1.0,0.12607803629286785,0.0,0,0.7424590003211051
16.36666666666702,464.85361550424307,31.03836068402146,-0.15830644236658534,35.000000000000014,31.072959831191532,-0.024755670295069976,13.717265615885438,141.0,1.0,-0.20874001155761257,0.0,0,0.9153340070042759
16.383333333333685,465.4296546521115,30.94640048664895,-0.15722366659455142,35.000000000000014,31.058520498466038,-0.025838446067103893,13.630359369531263,138.0,1.0,0.04637140973209885,0.0,0,0.7690000056754798
16.40000000000035,466.0057930345591,30.85506406429484,-0.15469522135277283,35.000000000000014,31.043449748659818,-0.02836689130888248,14.178215621718758,143.0,1.0,0.1079407625059261,0.0,0,0.7188750023487955
16.416666666667016,466.58216051426757,30.76518466669861,-0.1488703938635761,35.000000000000014,31.031073868143356,-0.02636146551698532,16.106929373031257,138.5,1.0,0.24463554083688913,0.0,0,0.8135419921018183
16.43333333333368,467.1590417453539,30.67866401599511,-0.15066699357549618,35.000000000000014,31.015698127572033,-0.024564865805065228,14.664157623818754,147.0,1.0,-0.0768455088311999,0.0,0,0.7349580118898302
16.450000000000347,467.7357666025278,30.591107080829953,-0.1476160144664966,35.000000000000014,31.001370063624083,-0.0276158449140648,15.398494574291252,150.5,1.0,0.13001861136794665,0.0,0,0.6884589965920895
16.466666666667013,468.31275590945535,30.50531012593624,-0.13991877801353927,35.000000000000014,30.985262868257916,-0.03531308136702213,18.03909674457475,142.0,1.0,0.3186407501541011,0.0,0,0.68224998540245
16.48333333333368,468.89038851682267,30.423956891926522,-0.13829292357371087,35.000000000000014,30.965108412841328,-0.028406190423702293,18.02345804674485,143.5,1.0,0.06956703342579412,0.0,0,0.7092079904396087
16.500000000000345,469.4681526291908,30.343542911566978,-0.13481114474437916,35.000000000000014,30.94854036346263,-0.031887969253034,18.81407482804691,122.0,1.0,0.1481261367221432,0.0,0,0.7554999901913106
16.51666666666701,470.0461932226364,30.265141061417925,-0.13382438315520626,35.000000000000014,30.92994220033969,-0.032874730842206906,18.488444896828145,139.0,1.0,0.04226459869995247,0.0,0,0.7037500035949051
16.533333333333676,470.6243108985852,30.187309637600777,-0.13165396943695568,35.000000000000014,30.910768728065644,-0.035045144560457486,18.693066938096887,146.0,1.0,0.09275084255330499,0.0,0,0.6832499930169433
16.55000000000034,471.20259613912356,30.11073315065315,-0.12919384434441913,35.000000000000014,30.890329911368454,-0.037505269652994035,19.015840162858133,150.5,1.0,0.10504583886531633,0.0,0,0.724292011000216
16.566666666667007,471.7810680172564,30.035579548029965,-0.12226448708758011,35.000000000000014,30.870540501709982,-0.035086289237501476,21.20950409771488,127.5,1.0,0.2886769199858564,0.0,0,0.7111250015441328
16.583333333333673,472.3600467694885,29.964436155915454,-0.1186697256013672,35.000000000000014,30.850077698705576,-0.0386810507237144,21.92570245862893,136.0,1.0,0.15285940199151413,0.0,0,0.7075409812387079
16.60000000000034,472.9392775238283,29.895374509506286,-0.12302131672482368,35.000000000000014,30.827519378814277,-0.03432945960025792,19.155421475177356,137.5,1.0,-0.184378608805092,0.0,0,0.7379169983323663
16.616666666667005,473.51820226682094,29.823792949529732,-0.1186237459794536,35.000000000000014,30.807497793867245,-0.038727030345627994,20.293252885106412,138.5,1.0,0.18628225138361146,0.0,0,0.7354590052273124
16.63333333333367,474.0974361959768,29.75475793600464,-0.1133033845812412,35.000000000000014,30.784912672616635,-0.0440473917438404,21.77595173106385,138.0,1.0,0.22418276749683394,0.0,0,0.724665995221585
16.650000000000336,474.6770292166715,29.68880561883678,-0.11338677063570854,35.000000000000014,30.764502205966252,-0.03429284018325701,20.865571038638308,136.0,1.0,-0.0035736728352332853,0.0,0,0.7342080061789602
16.666666666667002,475.2566167358476,29.622804971923074,-0.11089171795608604,35.000000000000014,30.74450196977317,-0.0367878928628795,21.119342623182984,146.0,1.0,0.10652604629886,0.0,0,0.8373330056201667
16.683333333333668,475.8363671258952,29.558250630338172,-0.11317186663264854,35.000000000000014,30.72304720566482,-0.03450774418631701,19.271605573909792,155.0,1.0,-0.09741137222068381,0.0,0,0.8749169937800616
16.700000000000333,476.4159688154907,29.49237454062558,-0.1049644316050548,35.000000000000014,30.70292168297087,-0.042715179213910756,21.962963344345873,147.0,1.0,0.33823051000092286,0.0,0,0.7241250132210553
16.716666666667,476.9960916512903,29.431257659474873,-0.10887690055761502,35.000000000000014,30.680988693737294,-0.02971220942075474,19.377778006607524,155.0,1.0,-0.1661317773327795,0.0,0,0.8040420070756227
16.733333333333665,477.57597092971565,29.36787153930108,-0.10419545270786444,35.000000000000014,30.663659121639988,-0.03439365727050532,20.626666803964515,155.0,1.0,0.19800460026699876,0.0,0,0.7241250132210553
16.75000000000033,478.15614059158094,29.307200778394996,-0.10010623715352862,35.000000000000014,30.64360011015792,-0.03848287282484114,21.57600008237871,166.0,1.0,0.17349026016019944,0.0,0,0.7270000060088933
16.766666666666996,478.7365534978739,29.24890295694044,-0.0958835238477096,35.000000000000014,30.621157308009423,-0.04270558613066017,22.54560004942723,161.0,1.0,0.17903565609611996,0.0,0,0.7452079735230654
16.783333333333662,479.31720740366876,29.193056565266744,-0.09011488821253816,35.000000000000014,30.59694650590652,-0.03970607957299119,24.127360029656337,155.5,1.0,0.2423673103243384,0.0,0,0.8079999824985862
16.800000000000328,479.89817380393316,29.140560665030325,-0.088944438136019,35.000000000000014,30.573790711740628,-0.04087652964951034,23.676416017793805,162.5,1.0,0.050120136194603176,0.0,0,0.705790997017175
16.816666666666993,480.47920125006556,29.088744792764754,-0.08509445100964538,35.000000000000014,30.54995270918876,-0.04472651677588396,24.405849610676285,158.5,1.0,0.16352608171676192,0.0,0,0.6962910119909793
16.83333333333366,481.06042388004073,29.039166247178052,-0.08415305947023083,35.000000000000014,30.523870939028093,-0.045667908315298524,23.843509766405774,161.5,1.0,0.04032348236339048,0.0,0,0.8567500044591725
16.850000000000325,481.64169292528743,28.990134881545607,-0.08183180884930753,35.000000000000014,30.49724058462103,-0.047989158936221805,23.906105859843464,161.5,1.0,0.09915592275136757,0.0,0,0.856708997162059
16.86666666666699,482.2230742185223,28.942452917929124,-0.07817491013664091,35.000000000000014,30.474053665252598,-0.04259518100237287,24.54366351590608,160.5,1.0,0.15545963698415383,0.0,0,0.7069580024108291
16.883333333333656,482.8046259921049,28.896897320899765,-0.08008091124280453,35.000000000000014,30.449213989233535,-0.04068917989620925,22.726198109543645,167.5,1.0,-0.08150480114284121,0.0,0,0.692791974870488
16.900000000000322,483.3860898803797,28.850233368965874,-0.07682674340505621,35.000000000000014,30.425485183164575,-0.04394334773395757,23.235718865726188,167.0,1.0,0.1385705359809619,0.0,0,0.7378330046776682
16.916666666666988,483.9677025419834,28.80546184185271,-0.07213035462632675,35.000000000000014,30.399859812685914,-0.04863973651268703,24.341431319435713,162.0,1.0,0.19862007158857736,0.0,0,0.7179589883890003
16.933333333333653,484.54951905327937,28.763422277617142,-0.06743313499527917,35.000000000000014,30.375530449855702,-0.043990248789796085,25.40485879166143,162.5,1.0,0.19865429295314638,0.0,0,0.7044170051813126
16.95000000000032,485.1315266143648,28.724116087047246,-0.0626988737540872,35.000000000000014,30.349877746867058,-0.04872451003098806,26.442915274996857,159.5,1.0,0.20017949243855435,0.0,0,0.6575000006705523
16.966666666666985,485.7137137382074,28.68756570251159,-0.060696672473503736,35.000000000000014,30.321466360937265,-0.05072671131157152,26.265749164998113,162.5,1.0,0.08559894546313263,0.0,0,0.7024579972494394
16.98333333333365,486.2959728762894,28.652181046263767,-0.058547342018159795,35.000000000000014,30.29188846811655,-0.05287604176691546,26.159449498998868,166.0,1.0,0.09185495061121274,0.0,0,0.8343750087078661
17.000000000000316,486.8783067227243,28.618047938082597,-0.055849445564182275,35.000000000000014,30.264585119712695,-0.04591758261563695,26.29566969939932,166.0,1.0,0.11511297036672791,0.0,0,0.8379159844480455
17.016666666666982,487.46073053733954,28.58548602863619,-0.0555502542500406,35.000000000000014,30.237809274642725,-0.046216773929778625,25.377401819639594,169.0,1.0,0.012821782220036826,0.0,0,0.6912499957252294
17.033333333333648,488.04316406812717,28.553098376791063,-0.052197765582826905,35.000000000000014,30.210859086464698,-0.04956926259699232,25.826441091783757,167.0,1.0,0.14270148599868887,0.0,0,0.716707989340648
17.050000000000313,488.6257029049125,28.52266350510486,-0.04782189544338314,35.000000000000014,30.181955523224794,-0.053945132736436086,26.695864655070253,166.0,1.0,0.1853839749325461,0.0,0,0.709832995198667
17.06666666666698,489.20836934303134,28.494778030971084,-0.046940698720210144,35.000000000000014,30.153807534310566,-0.04484574709972862,26.01751879304215,170.5,1.0,0.03774763495952781,0.0,0,0.6665000109933317
17.083333333333645,489.791060127513,28.467406011353475,-0.04366036584409859,35.000000000000014,30.127656282868674,-0.048126079975840175,26.41051127582529,171.0,1.0,0.1396703309757169,0.0,0,0.6850000063423067
17.10000000000031,490.37383756612576,28.441945555314135,-0.04390939177584613,35.000000000000014,30.09959357190967,-0.047877054044092635,25.246306765495174,171.5,1.0,-0.010672134747903211,0.0,0,0.6996659794822335
17.116666666666976,490.95660864635465,28.416339973371095,-0.03759272923122743,35.000000000000014,30.071675958752923,-0.054193716588711326,26.947784059297106,167.0,1.0,0.2643773024845915,0.0,0,0.6982920167502016
17.133333333333642,491.5395298410182,28.394416046035314,-0.0341637553692261,35.000000000000014,30.043467804864523,-0.04730250100534345,27.368670435578267,171.5,1.0,0.1459116314907552,0.0,0,0.8375420002266765
17.150000000000308,492.12252278515814,28.374491065211792,-0.031087419902002547,35.000000000000014,30.015884968185674,-0.050378836472566996,27.62120226134696,170.5,1.0,0.13108689556111902,0.0,0,0.7617090013809502
17.166666666666973,492.7055742664528,28.35635965771394,-0.03510006119619788,35.000000000000014,29.986509743110194,-0.046366195178371664,24.772721356808177,176.5,1.0,-0.1703045293299946,0.0,0,0.7055420137476176
17.18333333333364,493.288548299174,28.335888826013296,-0.02786647349435286,35.000000000000014,29.95947248591078,-0.05359978288021668,26.863632814084905,174.5,1.0,0.3006156157353359,0.0,0,0.6707909924443811
17.200000000000305,493.8716551562296,28.31963548689444,-0.02529124165007042,35.000000000000014,29.932024628200768,-0.04549899420805339,26.918179688450945,176.0,1.0,0.10992220277453527,0.0,0,0.6744170095771551
17.21666666666697,494.45480193582694,28.304883835357305,-0.022761146421326102,35.000000000000014,29.905492704671854,-0.04802908943679771,26.950907813070568,176.0,1.0,0.10801065499805466,0.0,0,0.6640420178882778
17.233333333333636,495.03798417199596,28.291607646346222,-0.016967708016606162,35.000000000000014,29.877486506151353,-0.053822527841517656,28.37054468784234,173.0,1.0,0.24336880966549898,0.0,0,0.6525409989990294
17.250000000000302,495.62123353560196,28.28171029159903,-0.018830438927304297,35.000000000000014,29.846105187937127,-0.05195979693081953,26.422326812705407,183.5,1.0,-0.07966238086736657,0.0,0,0.6699170044157654
17.266666666666968,496.2044634512407,28.270726518032635,-0.014487417562356192,35.000000000000014,29.820382637934056,-0.04525385660419672,27.253396087623244,179.5,1.0,0.184023654812913,0.0,0,0.6858750130049884
17.283333333333633,496.78773556910835,28.262275820074667,-0.01223486403130786,35.000000000000014,29.79399356414885,-0.04750641013524505,27.152037652573945,184.0,1.0,0.09623977622108099,0.0,0,0.6862919835839421
17.3000000000003,497.37102524284944,28.255138994113683,-0.00989787081849518,35.000000000000014,29.76629191410053,-0.04984340334805774,27.091222591544366,182.5,1.0,0.09982394906598165,0.0,0,0.6564169889315963
17.316666666666965,497.9543300024608,28.24936533040954,-0.007968987968430366,35.000000000000014,29.737228632935427,-0.05177228619812255,26.85473355492662,185.5,1.0,0.08247886943958949,0.0,0,0.6913750257808715
17.33333333333363,498.5376448136678,28.244716803295592,-0.0020898124046496453,35.000000000000014,29.712770368772414,-0.04621151999583365,28.312840132955976,181.5,1.0,0.24682690499708732,0.0,0,0.7042090001050383
17.350000000000296,499.12097687320113,28.243497746946883,0.0030041643209790065,35.000000000000014,29.685823242116957,-0.0513054967214623,29.387704079773584,179.0,1.0,0.2149408929982518,0.0,0,0.659167009871453
17.366666666666962,499.70430757424384,28.245250173498174,0.006711396401699415,35.000000000000014,29.65590816374165,-0.055012728802182706,29.832622447864154,179.5,1.0,0.15756436913228494,0.0,0,0.666708976496011
17.383333333333628,500.287627770131,28.24916512534225,0.008204269873591902,35.000000000000014,29.62422152191984,-0.04465567039477851,29.299573468718492,186.5,1.0,0.06389320481270407,0.0,0,0.6758329982403666
17.400000000000293,500.87094147147826,28.253950895746357,0.009224471322745325,35.000000000000014,29.59818103755054,-0.045675871843931924,28.579744081231095,189.0,1.0,0.0436950895542889,0.0,0,0.8569159836042672
17.41666666666696,501.4542499868168,28.259331761040116,0.01652118220418585,35.000000000000014,29.57154604259589,-0.05297258272537246,30.547846448738653,184.0,1.0,0.3030818037325729,0.0,0,0.6665829860139638
17.433333333333625,502.03750371170133,28.26896867891334,0.021597522851881167,35.000000000000014,29.54065981901357,-0.058048923373067766,31.528707869243192,179.0,1.0,0.21421933223954426,0.0,0,0.6820830167271197
17.45000000000029,502.62070100153323,28.281566254494166,0.02583521911843615,35.000000000000014,29.508959643700162,-0.050006675151420175,32.11722472154592,181.0,1.0,0.1796573493437269,0.0,0,0.6882080051582307
17.466666666666956,503.20383967028494,28.296635122541915,0.024993099716610657,35.000000000000014,29.479801239320874,-0.04916455574959467,30.47033483292755,190.0,1.0,-0.03607517372709762,0.0,0,0.7822919869795442
17.483333333333622,503.78699082205054,28.31121291291764,0.031100211517682008,35.000000000000014,29.451133467459005,-0.05527166755066603,31.88220089975653,183.5,1.0,0.2559909790970748,0.0,0,0.7448329997714609
17.500000000000288,504.37004207136755,28.329351778584478,0.03410889512773814,35.000000000000014,29.418908075103538,-0.05828035116072217,31.92932053985392,186.0,1.0,0.12823600412491182,0.0,0,0.7075409812387079
17.516666666666953,504.95303610771947,28.34924477624433,0.03478780511779302,35.000000000000014,29.389288954955283,-0.04622822968103317,30.95759232391235,193.0,1.0,0.029087935808280257,0.0,0,0.7007080130279064
17.53333333333362,505.5360165041611,28.36953356976467,0.033990745855218205,35.000000000000014,29.362332091393093,-0.04543117041845835,29.37455539434741,197.0,1.0,-0.03414640518169851,0.0,0,0.7469170086551458
17.550000000000285,506.1190128867871,28.38935768696456,0.044724941442003424,35.000000000000014,29.33583969085775,-0.05616536600524357,32.62473323660845,182.5,1.0,0.43116924022431413,0.0,0,0.6974170100875199
17.56666666666695,506.7017628905878,28.415438539099434,0.04483259156891501,35.000000000000014,29.30309378345094,-0.05627301613215516,31.37483994196507,196.5,1.0,0.00461354413458856,0.0,0,0.6465000042226166
17.583333333333616,507.2845100834048,28.441582124194934,0.04920367098351586,35.000000000000014,29.277361842214408,-0.047439814406144476,32.02490396517904,196.0,1.0,0.18518562648075326,0.0,0,0.6982499908190221
17.600000000000282,507.8671374338264,28.47027268568384,0.05791415803818442,35.000000000000014,29.2496989959077,-0.05615030146081304,34.41494237910742,188.5,1.0,0.35728520922178475,0.0,0,0.6655409815721214
17.616666666666948,508.4494927760619,28.504037062584732,0.059739042573195955,35.000000000000014,29.216961862298632,-0.05797518599582458,33.84896542746446,191.5,1.0,0.0780504588664046,0.0,0,0.7410420221276581
17.633333333333614,509.03178553256174,28.53886411393259,0.06531364873605607,35.000000000000014,29.185504198016442,-0.049848978215154834,34.90937925647867,193.0,1.0,0.23451569198650946,0.0,0,0.6625000096391886
17.65000000000028,509.6138750952626,28.576936660111535,0.06354040759044424,35.000000000000014,29.15643766888473,-0.04807573706954301,32.7456275538872,201.0,1.0,-0.07585025147476115,0.0,0,0.6728330045007169
17.666666666666945,510.19603125457706,28.61397696181106,0.07209574622492029,35.000000000000014,29.128404290654792,-0.05663107570401906,35.04737653233232,189.5,1.0,0.35143659911514347,0.0,0,0.6730410095769912
17.68333333333361,510.77784922044674,28.655996390282088,0.07203307179513743,35.000000000000014,29.095387151193854,-0.0565684012742362,33.62842591939939,199.5,1.0,-0.002686040530914535,0.0,0,0.6368749891407788
17.700000000000276,511.3596698187174,28.697979353561365,0.07780119116502948,35.000000000000014,29.068264100565763,-0.048114744139638316,34.777055551639634,196.0,1.0,0.24234645901478521,0.0,0,0.6764590216334909
17.716666666666942,511.94123857667904,28.74331761048374,0.07613870694730128,35.000000000000014,29.04020799452341,-0.04645225992191011,32.66623333098378,212.5,1.0,-0.0711291245911293,0.0,0,0.666042004013434
17.733333333333608,512.5228819050573,28.78768895631571,0.08035552953006056,35.000000000000014,29.01312058694614,-0.050669082504669394,33.19973999859027,204.0,1.0,0.17879119191198942,0.0,0,0.700332981068641
17.750000000000274,513.1043329566321,28.834512587105106,0.08601613342476422,35.000000000000014,28.984946387936777,-0.04156135268357956,34.31984399915416,203.5,1.0,0.23799938181386002,0.0,0,0.6633329903706908
17.76666666666694,513.6855096440663,28.88462681423483,0.09166515324164391,35.000000000000014,28.96070924460002,-0.04721037250045926,35.3919063994925,205.5,1.0,0.2375304624216497,0.0,0,0.6802919961046427
17.783333333333605,514.2663939636806,28.938023302921653,0.09734444028104954,35.000000000000014,28.93318008955305,-0.05288965953986488,36.4351438396955,206.5,1.0,0.23875544411965663,0.0,0,0.6947079964447767
17.80000000000027,514.8469656629551,28.994717921530842,0.09979160218505982,35.000000000000014,28.902342170082942,-0.055336821443875174,36.0610863038173,207.5,1.0,0.10449634980512679,0.0,0,0.7013750146143138
17.816666666666936,515.4273968830519,29.05283312190634,0.10683589882962911,35.000000000000014,28.875864788771036,-0.04703945964361845,37.63665178229038,202.0,1.0,0.2931975598830762,0.0,0,0.6976249860599637
17.833333333333602,516.0074043247705,29.115035576269193,0.11395607467956648,35.000000000000014,28.848435222207073,-0.054159635493555805,39.18199106937423,194.5,1.0,0.2961752025965127,0.0,0,0.6683339888695627
17.850000000000268,516.5869541755893,29.181366173987872,0.1141361580358094,35.000000000000014,28.816857544409167,-0.054339718849798734,37.709194641624535,211.0,1.0,0.007717704891240518,0.0,0,0.6384169973898679
17.866666666666934,517.1664920719741,29.24780113791268,0.11924746671912821,35.000000000000014,28.786744627754796,-0.04350810912376682,38.42551678497472,207.0,1.0,0.2156497896014109,0.0,0,0.6990000256337225
17.8833333333336,517.7456828298941,29.317197418200823,0.12421873427115453,35.000000000000014,28.761372903791717,-0.048479376675793134,39.05531007098483,205.0,1.0,0.20991570709418006,0.0,0,0.6842919974587858
17.900000000000265,518.3245214448577,29.389472141339855,0.13008315399264225,35.000000000000014,28.733104343464916,-0.05434379639728087,40.0331860425909,201.0,1.0,0.24623217425650834,0.0,0,0.6770420004613698
17.91666666666693,518.902926259427,29.465140154799258,0.13462578193697916,35.000000000000014,28.70141939652702,-0.05888642434161777,40.41991162555454,212.0,1.0,0.192278887887238,0.0,0,0.7320000149775296
17.933333333333596,519.480981375729,29.543434856374812,0.1342445493942133,35.000000000000014,28.67406587142548,-0.04193193210022439,38.65194697533273,219.0,1.0,-0.01633708393432337,0.0,0,0.6713330221828073
17.950000000000262,520.0590662985118,29.621509178844253,0.13761605090467732,35.000000000000014,28.649612745105994,-0.04530343361068842,38.591168185199635,218.5,1.0,0.14349974963940554,0.0,0,0.8387499838136137
17.966666666666928,520.636884708548,29.70153206807575,0.14150517175167862,35.000000000000014,28.623194781040443,-0.049192554457689726,38.754700911119784,221.0,1.0,0.1651583497836436,0.0,0,0.9010409994516522
17.983333333333594,521.2143875308604,29.783801552083798,0.14861859900390736,35.000000000000014,28.597590281864495,-0.039072195351718735,40.25282054667187,218.5,1.0,0.2959105932035193,0.0,0,0.6443329912144691
18.00000000000026,521.7912905291142,29.87017694431747,0.1488313587605089,35.000000000000014,28.57480396667866,-0.03928495510832028,38.751692328003124,228.0,1.0,0.009118022588778446,0.0,0,0.7157499785535038
18.016666666666925,522.3681751371035,29.956675076336744,0.16016170369286994,35.000000000000014,28.55189363687475,-0.05061530004068132,41.85101539680187,213.0,1.0,0.4520502302199333,0.0,0,0.7083750097081065
18.03333333333359,522.9440426835106,30.049703817986433,0.16363609645467386,35.000000000000014,28.522380650547426,-0.05408969280248523,41.71060923808112,218.5,1.0,0.1478164714652928,0.0,0,0.8312079880852252
18.050000000000257,523.5195835364195,30.144732784152485,0.1696011226530952,35.000000000000014,28.500431838330485,-0.0421291836026782,42.626365542848674,219.5,1.0,0.25028354954584353,0.0,0,0.6737910152878612
18.066666666666922,524.0945473031334,30.243193155591825,0.1724269679209058,35.000000000000014,28.475863750253414,-0.0449550288704888,42.175819325709206,228.5,1.0,0.12052071306083947,0.0,0,0.6746659928467125
18.083333333333588,524.6692305407861,30.34327789038557,0.17798689182233632,35.000000000000014,28.449648815360256,-0.050514952771919315,42.905491595425524,224.0,1.0,0.23392034450316931,0.0,0,0.6648339913226664
18.100000000000254,525.2433484352988,30.44655625684267,0.18585466959818922,35.000000000000014,28.426214205056603,-0.03973328401053339,44.54329495725531,217.0,1.0,0.3252179567019022,0.0,0,0.7081670046318322
18.11666666666692,525.8166359975481,30.55434841216045,0.19323914819870686,35.000000000000014,28.403042554151938,-0.04711776261105102,45.92597697435319,214.5,1.0,0.30650452402114137,0.0,0,0.6937500147614628
18.133333333333585,526.3891119474029,30.66637101977051,0.19562233907515914,35.000000000000014,28.37556736146649,-0.049500953487503295,45.15558618461192,226.5,1.0,0.1017837977460187,0.0,0,0.6486669881269336
18.15000000000025,526.9613193005378,30.779757627428204,0.19864816744864622,35.000000000000014,28.349100476254304,-0.033120455897596324,44.69335171076715,227.0,1.0,0.12895869531427756,0.0,0,0.6579580076504499
18.166666666666917,527.5331809463221,30.894875114625584,0.20491212280699822,35.000000000000014,28.329783742394937,-0.039384411255948326,45.61601102646029,222.5,1.0,0.262271467188566,0.0,0,0.6458330026362091
18.183333333333582,528.1043102869511,31.01357243578512,0.20848078547934584,35.000000000000014,28.306815441380888,-0.04295307392829595,45.36960661587618,229.5,1.0,0.15176663031314055,0.0,0,0.6168749823700637
18.200000000000248,528.6750124010167,31.13430716475216,0.21512656168609653,35.000000000000014,28.28176718544666,-0.04959885013504664,46.42176396952571,227.5,1.0,0.2774717281878841,0.0,0,0.6553340062964708
18.216666666666914,529.2448995421338,31.25883195813553,0.22084658025931317,35.000000000000014,28.263325925382706,-0.03512206531550113,47.05305838171543,230.5,1.0,0.24040278691273012,0.0,0,0.639917008811608
18.23333333333358,529.8140650800713,31.38661446164125,0.22846702681168712,35.000000000000014,28.24284226585686,-0.04274251186787509,48.43183502902926,222.0,1.0,0.3156698388143051,0.0,0,0.6632499862462282
18.250000000000245,530.3822403417104,31.51873050850567,0.23340592319858808,35.000000000000014,28.21791672505635,-0.04768140825477604,48.659101017417555,228.0,1.0,0.20858823662191608,0.0,0,0.7200000109151006
18.26666666666691,530.9497561688862,31.65365109137853,0.23959055412763877,35.000000000000014,28.197286600589706,-0.03284475743811033,49.395460610450534,229.0,1.0,0.25909769197314947,0.0,0,0.6918330036569387
18.283333333333577,531.5164267137626,31.792078947488687,0.2451317766422631,35.000000000000014,28.178130603362682,-0.038385979952734656,49.83727636627032,231.0,1.0,0.23316178185055633,0.0,0,0.6822920113336295
18.300000000000242,532.0823215031826,31.933644709892846,0.2474872529446572,35.000000000000014,28.15574428031492,-0.04074145625512876,48.902365819762196,239.0,1.0,0.10060815244366789,0.0,0,0.770999991800636
18.316666666666908,532.647881268245,32.07654303010828,0.2524992342980033,35.000000000000014,28.13574870008154,-0.023873558744403972,49.14141949185732,242.0,1.0,0.21158422479953312,0.0,0,0.6201670039445162
18.333333333333574,533.2127177291859,32.22227411865695,0.2597344312402265,35.000000000000014,28.121823780312535,-0.03110875568662716,50.28485169511439,235.5,1.0,0.3006785348797205,0.0,0,0.6856670079287142
18.35000000000024,533.7764850222136,32.37208806023127,0.2674382214226835,35.000000000000014,28.103679932957984,-0.03881254586908414,51.57091101706864,230.0,1.0,0.31889403759449864,0.0,0,0.6411249923985451
18.366666666666905,534.339081462229,32.526240658197544,0.2744795846518106,35.000000000000014,28.081261127415324,-0.023081548222668224,52.54254661024118,234.0,1.0,0.29308233922336613,0.0,0,0.669250002829358
18.38333333333357,534.9005785198469,32.68435084782571,0.2764290181519007,35.000000000000014,28.067798086449912,-0.025030981722758305,51.325527966144705,246.0,1.0,0.08335357020068576,0.0,0,0.6564169889315963
18.400000000000237,535.4617662854339,32.843555337502636,0.2822201342338414,35.000000000000014,28.053198205149133,-0.03082209780469902,51.79531677968682,245.0,1.0,0.2432750587870779,0.0,0,0.684458005707711
18.416666666666902,536.0220226742358,33.006007042893465,0.28808466834208774,35.000000000000014,28.035221494729505,-0.036686631912945356,52.27719006781209,239.5,1.0,0.24623678527224696,0.0,0,0.6851250072941184
18.433333333333568,536.5813167305773,33.171741578578825,0.29754727443466095,35.000000000000014,28.02413492315945,-0.022451170900324557,54.166314040687254,233.0,1.0,0.38527332116334884,0.0,0,0.6455419934354722
18.450000000000234,537.1390174900322,33.34276099467333,0.3027945750459146,35.000000000000014,28.011039507000802,-0.027698471511578227,54.299788424412355,240.5,1.0,0.22120432603134196,0.0,0,0.6764580029994249
18.4666666666669,537.6958131854242,33.516704466441496,0.30651274983872706,35.000000000000014,27.994884131219024,-0.03141664630439067,53.77987305464742,253.5,1.0,0.15802176228547254,0.0,0,0.6541250040754676
18.483333333333565,538.2519582812774,33.69271699479131,0.3161278235825206,35.000000000000014,27.983478998739198,-0.01637589318705035,55.667923832788446,239.5,1.0,0.3908719740379495,0.0,0,0.6224579992704093
18.50000000000023,538.8063853222575,33.874068680771515,0.3215134855773361,35.000000000000014,27.97392682132781,-0.021761555181865844,55.80075429967307,244.0,1.0,0.2268414344227702,0.0,0,0.667416985379532
18.516666666666897,539.3598276284191,34.05840367888179,0.3297459020634209,35.000000000000014,27.961233582706612,-0.029993971667950647,57.08045257980385,237.0,1.0,0.3391829439869959,0.0,0,0.6412499933503568
18.533333333333562,539.9117336752157,34.24728854669038,0.3358307434613863,35.000000000000014,27.947008363834122,-0.010434944050102424,57.44827154788231,246.0,1.0,0.255097516392197,0.0,0,0.658375007333234
18.550000000000228,540.4624801774312,34.439528157788736,0.33876638059994807,35.000000000000014,27.940921423605495,-0.013370581188664188,56.46896292872938,257.0,1.0,0.12515542650198444,0.0,0,0.669625005684793
18.566666666666894,541.01265996156,34.633383730094124,0.3449036388965039,35.000000000000014,27.933122150299493,-0.019507839485220002,56.88137775723763,253.5,1.0,0.2571997559011908,0.0,0,0.6434590031858534
18.58333333333356,541.5616396499513,34.830612225782524,0.35367802002268445,35.000000000000014,27.921743299013134,-0.028282220611400566,58.32882665434258,243.0,1.0,0.3596864368740479,0.0,0,0.6237920024432242
18.600000000000225,542.1088676697856,35.03265002443927,0.3586803331261991,35.000000000000014,27.920102345599304,-0.006624807628051343,58.19729599260555,259.0,1.0,0.21118811212442892,0.0,0,0.6639999919570982
18.61666666666689,542.6550781908408,35.237422689769424,0.3667469361344983,35.000000000000014,27.916237902750247,-0.014691410636350544,59.318377595563334,252.0,1.0,0.3328492839413243,0.0,0,0.6605839880649
18.633333333333557,543.1996191391258,35.44659470849707,0.3753133887963628,35.000000000000014,27.90766822149665,-0.023257863298214998,60.591026557338,249.0,1.0,0.35185640369812754,0.0,0,0.6485000194516033
18.650000000000222,543.7423482669253,35.66042377952294,0.37793818314368943,35.000000000000014,27.90522020101036,0.00181747786510722,59.354615934402794,264.5,1.0,0.11202025888554248,0.0,0,0.6787090096622705
18.666666666666888,544.2845142684549,35.875676664667715,0.3839739833053736,35.000000000000014,27.906280395847983,-0.004218322296576926,59.612769560641674,264.0,1.0,0.2531285719979925,0.0,0,0.6842910079285502
18.683333333333554,544.825371178711,36.09419801466829,0.39175962621797455,35.000000000000014,27.90381971513931,-0.012003965209177903,60.567661736385006,263.0,1.0,0.32205389319879607,0.0,0,0.6467089988291264
18.70000000000022,545.364510384683,36.316923617960015,0.40123980324370745,35.000000000000014,27.903758479937743,0.007276799759056984,62.140597041831,260.0,1.0,0.38591983591927714,0.0,0,0.6757089868187904
18.716666666666885,545.9015139170838,36.54475027128838,0.4062985592799373,35.000000000000014,27.908003242335653,0.002218043722827134,61.8843582250986,263.0,1.0,0.21349965155156683,0.0,0,0.6299999949987978
18.73333333333355,546.4373580637251,36.77529056773997,0.41254466966454467,35.000000000000014,27.90929710011307,-0.0040280666617802385,62.13061493505916,264.5,1.0,0.26155795759760614,0.0,0,0.6403749866876751
18.750000000000217,546.9717517869403,37.00917328699477,0.42375570228693465,35.000000000000014,27.909190613299117,0.01459790691426155,64.27836896103548,259.0,1.0,0.4479041912252291,0.0,0,0.6365829904098064
18.766666666666882,547.5034899153989,37.24903228832935,0.4313259074848583,35.000000000000014,27.917705756563674,0.007027701716337931,64.96702137662129,259.0,1.0,0.3137229314018056,0.0,0,0.6643329979851842
18.783333333333548,548.0333970429884,37.4929097450726,0.4403083477655896,35.000000000000014,27.92180521548693,-0.001954738564393377,66.18021282597277,253.0,1.0,0.3674755088410838,0.0,0,0.6934159900993109
18.800000000000214,548.5610922079135,37.74153715846975,0.44766033508400005,35.000000000000014,27.920664952050544,-0.009306725882803846,66.70812769558367,259.0,1.0,0.3052383053046502,0.0,0,0.6455419934354722
18.81666666666688,549.0869452223643,37.9940374257385,0.45604984380116215,35.000000000000014,27.930221340889776,0.013225891886944674,67.6248766173502,261.0,1.0,0.34515748318278944,0.0,0,0.674708018777892
18.833333333333545,549.6106614027983,38.250940403785464,0.462116564806902,35.000000000000014,27.937936219566055,0.007159170881204824,67.5749259704101,262.5,1.0,0.2543702399096726,0.0,0,0.6312080076895654
18.85000000000021,550.1328093964148,38.511015874639696,0.4707307937984022,35.000000000000014,27.94211236690603,-0.0014550581102953928,68.54495558224606,264.0,1.0,0.3536595606124714,0.0,0,0.6402500148396939
18.866666666666877,550.652697695217,38.77557954286801,0.4750489680065283,35.000000000000014,27.950914317094963,0.02623574960254804,67.72697334934765,275.0,1.0,0.18299423636748363,0.0,0,0.6307500007096678
18.883333333333542,551.1714387184865,39.04238570575609,0.4835228729879656,35.000000000000014,27.966216748741044,0.017761844621110745,68.63618400960858,264.0,1.0,0.3483567084871557,0.0,0,0.6405000167433172
18.900000000000208,551.6879002542172,39.31357799895122,0.4916675744954075,35.000000000000014,27.976577279987847,0.009617143113668847,69.38171040576515,263.5,1.0,0.33583594175896087,0.0,0,0.6352920026984066
18.916666666666874,552.2021359041455,39.58896767581044,0.4996359822283008,35.000000000000014,27.985743587436552,0.034737841345928666,70.02902624345909,268.5,1.0,0.3290853150553761,0.0,0,0.6202909862622619
18.93333333333354,552.7141608343215,39.868446205676236,0.5065176248237803,35.000000000000014,28.006003253032027,0.027856198750449198,70.21741574607546,272.5,1.0,0.2867966890332264,0.0,0,0.6606249953620136
18.950000000000205,553.2242503843863,40.15144166269365,0.5142289560475257,35.000000000000014,28.022250600876397,0.020144867526703743,70.73044944764527,276.0,1.0,0.3191854300866017,0.0,0,0.8145419997163117
18.96666666666687,553.7321425183073,40.43836213613351,0.525146387216813,35.000000000000014,28.03400097881474,0.009227436357416519,72.43826966858717,254.5,1.0,0.4376311747186284,0.0,0,0.786541000707075
18.983333333333537,554.236872012326,40.73081027793897,0.5313650663668712,35.000000000000014,28.0559208788263,0.03716165838654184,72.2629618011523,274.5,1.0,0.26046062149784294,0.0,0,0.6447920168284327
19.000000000000203,554.7397731174939,41.026391495540345,0.5413175713604151,35.000000000000014,28.07759352380113,0.027209153392997898,73.55777708069138,264.0,1.0,0.40317087289870635,0.0,0,0.6272079772315919
19.01666666666687,555.2397075911183,41.326963117387216,0.5475262195377302,35.000000000000014,28.09346357157792,0.021000505215682863,73.33466624841483,282.0,1.0,0.2600591904058903,0.0,0,0.6390420021489263
19.033333333333534,555.7377662977456,41.63063284345583,0.558057129563056,35.000000000000014,28.115009510028393,0.04565930046082234,74.8007997490489,261.5,1.0,0.42395501424353516,0.0,0,0.6356670055538416
19.0500000000002,556.2325995278015,41.93953064566574,0.5646356834269534,35.000000000000014,28.14163484842114,0.03908074659692495,74.68047984942935,280.5,1.0,0.27480492521278677,0.0,0,0.6125420040916651
19.066666666666865,556.7253899641826,42.25167702733495,0.5728260012897667,35.000000000000014,28.16442614802539,0.03089042873411163,75.20828790965761,278.0,1.0,0.3375775384610057,0.0,0,0.6011250079609454
19.08333333333353,557.2156073226402,42.56784900465838,0.5815556009378456,35.000000000000014,28.183514044461347,0.05834874700042947,75.92497274579456,274.5,1.0,0.3580039397432689,0.0,0,0.7185410067904741
19.100000000000197,557.7030459827597,42.88828828189915,0.5901330780567109,35.000000000000014,28.217531503369585,0.04977126988156421,76.55498364747675,279.0,1.0,0.3522726971792963,0.0,0,0.6766250007785857
19.116666666666863,558.1877181849339,43.212896714040596,0.5976227432672316,35.000000000000014,28.246552758861192,0.04228160467104347,76.73299018848604,283.0,1.0,0.31059678497424353,0.0,0,0.6232500018086284
19.13333333333353,558.6699456075561,43.541126040349205,0.6075389647684282,35.000000000000014,28.271209680050298,0.03236538316984694,77.83979411309163,272.5,1.0,0.4018544876512133,0.0,0,0.783582974690944
19.150000000000194,559.1488945799503,43.8741210247264,0.6163982982944579,35.000000000000014,28.30353473200376,0.06064124508872559,78.50387646785498,280.5,1.0,0.362872359257394,0.0,0,0.6534999993164092
19.16666666666686,559.6248746816061,44.21134605435123,0.6246389383319628,35.000000000000014,28.33888711509597,0.05240060505122068,78.902325880713,282.0,1.0,0.3394963322211041,0.0,0,0.6437500123865902
19.183333333333525,560.0980597032611,44.55248197016652,0.6330238773894891,35.000000000000014,28.36944014802324,0.04401566599369445,79.3413955284278,280.0,1.0,0.3449840493326617,0.0,0,0.7607080042362213
19.20000000000019,560.5683677205092,44.89757347497357,0.6430971113926808,35.000000000000014,28.39875574783922,0.07196114866195469,80.40483731705669,276.0,1.0,0.4075403462662644,0.0,0,0.6273750041145831
19.216666666666857,561.035175748179,45.247384914295985,0.6501131542995788,35.000000000000014,28.440696864649578,0.06494510575505663,80.24290239023401,293.0,1.0,0.2920874577597576,0.0,0,0.6205829849932343
19.233333333333523,561.4995180146841,45.600462862226216,0.6598501222826058,35.000000000000014,28.478554883225122,0.055208137772029715,81.1457414341404,281.0,1.0,0.3953294746558552,0.0,0,0.588875001994893
19.25000000000019,561.9604004152048,45.95804528722505,0.6666998552508501,35.000000000000014,28.510743273070545,0.04835840480378539,80.88744486048424,300.0,1.0,0.28553810146017805,0.0,0,0.6452079978771508
19.266666666666854,562.4188226787616,46.31877622026695,0.676887811222017,35.000000000000014,28.554300127204712,0.07699596653232145,81.93246691629054,282.5,1.0,0.4116771942094407,0.0,0,0.6340420222841203
19.28333333333352,562.8735461043939,46.68415873758133,0.6865986307041941,35.000000000000014,28.599170075989818,0.06728514705014432,82.75948014977432,286.0,1.0,0.39437464985899906,0.0,0,0.6262500246521086
19.300000000000185,563.3246999820792,47.05393969494293,0.6976765057666602,35.000000000000014,28.638390136026594,0.05620727198767827,84.05568808986459,272.5,1.0,0.44325745658206517,0.0,0,0.6137499876786023
19.31666666666685,563.7717298739377,47.428695686973455,0.7085646695409092,35.000000000000014,28.67498473181977,0.08486199518995607,85.23341285391876,265.0,1.0,0.4366016406159066,0.0,0,0.6353750068228692
19.333333333333517,564.2146529438958,47.80829670366955,0.715226856471701,35.000000000000014,28.7244281674853,0.07819980825916428,84.74004771235126,287.0,1.0,0.2781221510362111,0.0,0,0.7787499926052988
19.350000000000183,564.6550372301543,48.19084011061098,0.7233378758634418,35.000000000000014,28.769998244047883,0.07008878886742353,84.84402862741075,291.5,1.0,0.3345486239550578,0.0,0,0.7173749909270555
19.36666666666685,565.0923042473813,48.576942860437,0.735114757319035,35.000000000000014,28.810849904830953,0.05831190741183034,86.30641717644644,278.0,1.0,0.46741925770636955,0.0,0,0.6092090043239295
19.383333333333514,565.5249939603926,48.96816835811318,0.7443507861389614,35.000000000000014,28.859463193271324,0.0892346830264451,86.78385030586787,286.5,1.0,0.3769062212904882,0.0,0,0.6232919986359775
19.40000000000018,565.9540518998049,49.36337344715571,0.754191578208439,35.000000000000014,28.91144770359944,0.07939389095696758,87.47031018352072,272.5,1.0,0.3991131494409591,0.0,0,0.6350830080918968
19.416666666666845,566.3791999958094,49.76278160210696,0.7593836796326578,35.000000000000014,28.95771216706543,0.0742017895327487,86.28218611011243,303.0,1.0,0.21895138966457667,0.0,0,0.5928330065216869
19.43333333333351,566.8022686029403,50.16439177558124,0.7713942613292506,35.000000000000014,29.002357749655225,0.10285360930304621,87.76931166606747,285.0,1.0,0.4753693337987463,0.0,0,0.5912920169066638
19.450000000000177,567.2204832399237,50.571054160355864,0.7808218791617316,35.000000000000014,29.062249959340292,0.09342599147056518,88.26158699964049,295.5,1.0,0.3839849336125806,0.0,0,0.6198750052135438
19.466666666666843,567.6348454908324,50.981641182556615,0.790843360332777,35.000000000000014,29.116669208035837,0.08340451029951979,88.9569521997843,284.0,1.0,0.40566929350088193,0.0,0,0.5909579922445118
19.48333333333351,568.0450723134579,51.39636004127462,0.8012688464112967,35.000000000000014,29.165265451510386,0.07297902422100011,89.77417131987058,282.5,1.0,0.4201950761005273,0.0,0,0.6474590045399964
19.500000000000174,568.4509532749877,51.815333098696506,0.808831378654392,35.000000000000014,29.21896372923551,0.10646090460733915,89.46450279192234,289.0,1.0,0.31342537899365097,0.0,0,0.7862499915063381
19.51666666666684,568.8536541629686,52.23736363384437,0.8198555882809798,35.000000000000014,29.2809486797905,0.09543669498075136,90.47870167515342,286.5,1.0,0.44137889406285824,0.0,0,0.6086670036893338
19.533333333333506,569.2516781215851,52.66380789297454,0.8272827379770143,35.000000000000014,29.336535612971012,0.08800954528471683,90.08722100509206,293.0,1.0,0.308165919771049,0.0,0,0.6349580071400851
19.55000000000017,569.6465238660127,53.09319654662673,0.8399542713860274,35.000000000000014,29.38780826426578,0.07533801187570377,91.65233260305524,283.0,1.0,0.4975038018626271,0.0,0,0.7360829913523048
19.566666666666837,570.0358970440534,53.527553894901466,0.8473225062241734,35.000000000000014,29.452216889968575,0.10926736363804179,91.19139956183315,304.5,1.0,0.3058716144509104,0.0,0,0.6506250065285712
19.583333333333503,570.4220592344482,53.96476841946272,0.8599987031805034,35.000000000000014,29.515829426754017,0.09659116668171175,92.71483973709988,288.5,1.0,0.4976581353372112,0.0,0,0.622584018856287
19.60000000000017,570.8026483308348,54.40684275426331,0.8694673501596433,35.000000000000014,29.57208669998613,0.08712251970257189,93.02890384225992,288.5,1.0,0.38549563120232866,0.0,0,0.5836670170538127
19.616666666666834,571.1790345831708,54.85250088201392,0.8797049820102605,35.000000000000014,29.62820090528944,0.11830191181094318,93.61734230535595,287.5,1.0,0.41346387872139534,0.0,0,0.633417017525062
19.6333333333335,571.5508387071807,55.30198889202873,0.8888427568132045,35.000000000000014,29.697049497972575,0.1091641370079992,93.77040538321357,296.5,1.0,0.3732604938995049,0.0,0,0.5892079789191484
19.650000000000166,571.9185200456226,55.75485555136601,0.8978366822686076,35.000000000000014,29.760602177994798,0.10017021155259609,93.86224322992814,294.0,1.0,0.36790412967303593,0.0,0,0.5949579935986549
19.66666666666683,572.2821135191017,56.21101074844392,0.9100349235475667,35.000000000000014,29.818937130896927,0.08797197027363701,95.11734593795688,291.0,1.0,0.48170647780382286,0.0,0,0.686624989612028
19.683333333333497,572.6401157889269,56.67156709958655,0.9215084609547464,35.000000000000014,29.884001937864134,0.11789884614022861,96.07040756277414,281.0,1.0,0.45700413668229334,0.0,0,0.6774170033168048
19.700000000000163,572.992810400346,57.13620059908235,0.9320251617048964,35.000000000000014,29.952617046705647,0.10738214539007862,96.64224453766448,283.0,1.0,0.423448982009375,0.0,0,0.6228339916560799
19.71666666666683,573.3405991863578,57.604517519663005,0.9388950108958354,35.000000000000014,30.01513631884262,0.1005122961991396,95.78534672259869,298.0,1.0,0.2863316392056257,0.0,0,0.607750000199303
19.733333333333494,573.6851625241744,58.0752126269357,0.949149718673413,35.000000000000014,30.073669817395267,0.09025758842156195,96.27120803355922,289.0,1.0,0.4140774001900428,0.0,0,0.6153339927550405
19.75000000000016,574.0248809889961,58.549416319916865,0.9605794532146729,35.000000000000014,30.148165592170027,0.1200759985438472,97.16272482013554,289.0,1.0,0.4554912734473595,0.0,0,0.6584999791812152
19.766666666666826,574.3591573595286,59.0274718458565,0.970037509219971,35.000000000000014,30.21804172655977,0.11061794253854906,97.29763489208132,275.5,1.0,0.38510584740174714,0.0,0,0.6633329903706908
19.78333333333349,574.6888973703286,59.50866754726637,0.9827056448764269,35.000000000000014,30.282437344322233,0.0979498068820932,98.5785809352488,282.5,1.0,0.4973913417743819,0.0,0,0.7744170143269002
19.800000000000157,575.0125152334916,59.994001717111864,0.9883607911307662,35.000000000000014,30.345411448579412,0.13325795117482697,97.14714856114927,294.0,1.0,0.23777847173129618,0.0,0,0.6400000129360706
19.816666666666823,575.3333833008254,60.4811582229119,1.0011921274627027,35.000000000000014,30.422915395588117,0.12042661484289052,98.48828913668956,294.5,1.0,0.5027774997054446,0.0,0,0.6240830116439611
19.83333333333349,575.6479742567037,60.97239167887493,1.008899774662477,35.000000000000014,30.492994579169597,0.11271896764311619,97.89297348201373,291.5,1.0,0.3190430831565989,0.0,0,0.737000023946166
19.850000000000154,575.9587696513635,61.46603527544649,1.0203751944476787,35.000000000000014,30.558608161115494,0.10124354785791456,98.73578408920824,287.5,1.0,0.45706909989396094,0.0,0,0.6125829822849482
19.86666666666682,576.2638799394937,61.96321279892769,1.034501871879292,35.000000000000014,30.63115526229527,0.12766832576421147,100.44147045352494,282.0,1.0,0.5444018766030418,0.0,0,0.6158750038594007
19.883333333333486,576.5619365508668,62.46465076537472,1.044006482435456,35.000000000000014,30.705426308213507,0.11816371520804747,100.46488227211496,282.5,1.0,0.38681829262849204,0.0,0,0.638833997072652
19.90000000000015,576.8552137986469,62.96889895199746,1.0529637293248164,35.000000000000014,30.77419484901189,0.10920646831868708,100.27892936326897,280.0,1.0,0.36653480891042794,0.0,0,0.6952499970793724
19.916666666666817,577.1439626662516,63.47575383185441,1.0642676006002478,35.000000000000014,30.837772075255394,0.09790259704325564,100.96735761796138,280.5,1.0,0.4511317186795912,0.0,0,0.6098750163801014
19.933333333333483,577.4269637859448,63.98584024025023,1.0722443762286253,35.000000000000014,30.915867657796696,0.12994632903453684,100.38041457077682,285.0,1.0,0.3294064478744207,0.0,0,0.6126250082161278
19.95000000000015,577.7058871004723,64.49816783309569,1.0897129698036145,35.000000000000014,30.991456530333565,0.11247773545954766,103.0282487424661,262.5,1.0,0.6426391187246541,0.0,0,0.6365830195136368
19.966666666666814,577.9758186717744,65.01528940931557,1.0968247363522021,35.000000000000014,31.056930284607553,0.10536596891096006,102.01694924547967,268.0,1.0,0.295845471234792,0.0,0,0.6001660076435655
19.98333333333348,578.2420657999841,65.53431758244095,1.1074986938408145,35.000000000000014,31.123869153506572,0.13407222960819132,102.41016954728781,277.5,1.0,0.4290364494075426,0.0,0,0.6983749917708337
20.000000000000146,578.5027577816659,66.05615804509655,1.1183333906515245,35.000000000000014,31.201843859347186,0.12323753279748127,102.84610172837269,278.5,1.0,0.4347182863111908,0.0,0,0.5995410028845072
20.01666666666681,578.7577805895198,66.58079234177575,1.1276636952162717,35.000000000000014,31.273550590483882,0.11390722823273404,102.70766103702361,280.5,1.0,0.38039447178671393,0.0,0,0.651500013191253
20.033333333333477,579.0078973702507,67.10778320865543,1.1360837723384938,35.000000000000014,31.33985287917246,0.10548715111051198,102.22459662221416,305.5,1.0,0.34631709973869546,0.0,0,0.592917000176385
20.050000000000143,579.2535680333723,67.6368613721239,1.1476700613973512,35.000000000000014,31.41447980525354,0.13254269603896618,102.93475797332849,278.5,1.0,0.46088800984321726,0.0,0,0.6281250098254532
20.06666666666681,579.4930922916204,68.16875037134126,1.1585382352441227,35.000000000000014,31.4915701993689,0.12167452219219464,103.3608547839971,278.5,1.0,0.43589788923926404,0.0,0,0.5725420196540654
20.083333333333474,579.7268218557281,68.70321109827995,1.1712526366665046,35.000000000000014,31.56237200198321,0.10896012076981275,104.41651287039826,265.5,1.0,0.49892148354355914,0.0,0,0.6347080052364618
20.10000000000014,579.9537373630532,69.24060027784462,1.1840225322155065,35.000000000000014,31.62580637961409,0.09619022522081089,105.44990772223896,280.0,1.0,0.5007534734594676,0.0,0,0.6260420195758343
20.116666666666806,580.1737721518626,69.78084325048874,1.1951465616196244,35.000000000000014,31.70260681665122,0.12288381663858305,105.86994463334338,275.0,1.0,0.4448704174090154,0.0,0,0.5877499934285879
20.13333333333347,580.3877837720465,70.32350042053632,1.2002568341782218,35.000000000000014,31.774108773749273,0.11777354407998564,103.92196678000603,314.5,1.0,0.21560741711207493,0.0,0,0.5970420024823397
20.150000000000137,580.5990194838172,70.86724415783408,1.2106997346271593,35.000000000000014,31.84265129659618,0.10733064363104816,104.15318006800362,268.0,1.0,0.42081703360057815,0.0,0,0.5868750158697367
20.166666666666803,580.8045655191123,71.41316412005585,1.222020281726324,35.000000000000014,31.91204693472552,0.1329305031145107,104.69190804080218,274.5,1.0,0.4517103868270131,0.0,0,0.6020000146236271
20.18333333333347,581.0039184030503,71.96137594539657,1.233356793278547,35.000000000000014,31.989361559665323,0.12159399156228767,105.21514482448131,268.5,1.0,0.4522640654295425,0.0,0,0.6240840011741966
20.200000000000134,581.1970438004843,72.5118124618485,1.2425512157194865,35.000000000000014,32.060116733154544,0.1123995691213482,104.9290868946888,274.5,1.0,0.37536368925772606,0.0,0,0.6357909878715873
20.2166666666668,581.3851001602629,73.06400136369695,1.2553738583995369,35.000000000000014,32.12554517832354,0.09957692644129779,105.95745213681327,256.0,1.0,0.5024913802213005,0.0,0,0.6343330023810267
20.233333333333466,581.5660607331728,73.6185561840979,1.2671175773772039,35.000000000000014,32.193735100711244,0.13023322308346774,106.57447128208796,256.0,1.0,0.4662859114661133,0.0,0,0.6121670012362301
20.25000000000013,581.7404964413696,74.17519786550854,1.2766021168291382,35.000000000000014,32.26948991400294,0.12074868363153346,106.34468276925278,263.5,1.0,0.3860802968796702,0.0,0,0.6095829885452986
20.266666666666797,581.9096448929791,74.73346892789301,1.2847438972534244,35.000000000000014,32.3397556067283,0.11260690320724721,105.60680966155167,261.0,1.0,0.33572434479446595,0.0,0,0.6127920059952885
20.283333333333463,582.0742424681234,75.2930986412164,1.2930576132831797,35.000000000000014,32.40530423218916,0.10429318717749192,104.96408579693099,264.5,1.0,0.34227810687668064,0.0,0,0.6260419904720038
20.30000000000013,582.234181806061,75.85407741617843,1.3046901896013667,35.000000000000014,32.47127066345781,0.14572487090301545,105.5784514781586,267.5,1.0,0.4624781141260083,0.0,0,0.6675840122625232
20.316666666666794,582.3875848416359,76.41687870122865,1.3180148603636503,35.000000000000014,32.55597629596487,0.13240020014073184,106.74707088689516,255.5,1.0,0.5188662018089387,0.0,0,0.6470829830504954
20.33333333333346,582.5334753393777,76.98167400967804,1.3257917545100633,35.000000000000014,32.63298429575331,0.12462330599431892,105.8482425321371,252.5,1.0,0.32171647108536416,0.0,0,0.6606249953620136
20.350000000000126,582.6749691163536,77.54758680230148,1.3354497711797153,35.000000000000014,32.70549319470694,0.11496528932466688,105.70894551928227,244.5,1.0,0.39244421598455104,0.0,0,0.6390000053215772
20.36666666666679,582.8109907840873,78.1148397297375,1.3457831173285697,35.000000000000014,32.77240864874396,0.10463194317581248,105.82536731156937,258.5,1.0,0.41689852959073126,0.0,0,0.6537500012200326
20.383333333333457,582.9411436732836,78.68346790632712,1.3554655901703259,35.000000000000014,32.85112185227764,0.1506868849659786,105.69522038694163,255.0,1.0,0.3933387010877725,0.0,0,0.6289160228334367
20.400000000000123,583.0657848207426,79.2533296107238,1.367493927689842,35.000000000000014,32.93869025928482,0.13865854744646255,106.41713223216497,247.5,1.0,0.4759707206526612,0.0,0,0.6864169845357537
20.41666666666679,583.1835626280779,79.82464928120353,1.3771416526720113,35.000000000000014,33.019315478617095,0.1290108224642932,106.25027933929898,243.5,1.0,0.39206759905826427,0.0,0,0.6347500020638108
20.433333333333454,583.2958231046082,80.39707863333965,1.3874916078794888,35.000000000000014,33.09436320697141,0.11866086725681568,106.3501676035794,249.0,1.0,0.4174934761016251,0.0,0,0.6719999946653843
20.45000000000012,583.4021530560539,80.97063919614303,1.397206315331598,35.000000000000014,33.16341972235222,0.10894615980470658,106.21010056214763,248.0,1.0,0.3945166689943081,0.0,0,0.6181249918881804
20.466666666666786,583.5029061046346,81.5452056422391,1.4110664030702254,35.000000000000014,33.25045387861827,0.14693371555299592,107.52606033728858,235.0,1.0,0.5359988347299192,0.0,0,0.636290991678834
20.48333333333345,583.5956861895493,82.12111330291137,1.4191540776565577,35.000000000000014,33.33585713439472,0.13884604096666364,106.71563620237315,239.5,1.0,0.33365571750461764,0.0,0,0.6152499991003424
20.500000000000117,583.6838055371118,82.69775249544249,1.4290541357993034,35.000000000000014,33.4165906738167,0.1289459828239179,106.6293817214239,237.5,1.0,0.4012675971694381,0.0,0,0.7086249825078994
20.516666666666783,583.76621189809,83.27523580208269,1.439039243974919,35.000000000000014,33.49160089321354,0.1189608746483024,106.57762903285433,235.5,1.0,0.4043524749683289,0.0,0,0.6237089983187616
20.53333333333345,583.842848013578,83.85351314348618,1.4480148659165428,35.000000000000014,33.56531253218901,0.15805909375733848,106.1465774197126,236.5,1.0,0.3672209849809975,0.0,0,0.6126660155132413
20.550000000000114,583.9143769794747,84.43315410657962,1.4574124437128635,35.04226220735962,33.65724111338735,0.14866151596101784,105.88794645182756,230.0,1.0,0.38245967432193045,0.0,0,0.6405829917639494
20.56666666666678,583.9805289637583,85.01408552317568,1.4649975425144983,35.08114343813046,33.74384157318591,0.14107641715938302,104.93276787109653,240.5,1.0,0.31362013792649324,0.0,0,0.6664580141659826
20.583333333333446,584.0423356225223,85.59609483815717,1.4767232789457663,35.116914170439635,33.8261374289048,0.12935068072811504,105.55966072265792,231.0,1.0,0.4643341660892295,0.0,0,0.6420410063583404
20.60000000000011,584.0973652224479,86.17933491388625,1.4861856697515012,35.149823244164075,33.90170385173205,0.1198882899223801,105.33579643359475,232.5,1.0,0.3837800829868699,0.0,0,0.6495419947896153
20.616666666666777,584.1469162397342,86.7635723835307,1.4964131519607322,35.18009959199056,33.98931974526646,0.15413348865624485,105.40147786015686,230.5,1.0,0.4112152164587892,0.0,0,0.6447499908972532
20.633333333333443,584.1906701995683,87.35071101204976,1.5055460628884094,35.325999506899116,34.07970950960143,0.14500057772856767,105.04088671609412,230.5,1.0,0.369943713208608,0.0,0,0.6486249912995845
20.65000000000011,584.2292059942976,87.94045712088192,1.5140069475234168,35.460227428614985,34.16510542111228,0.1365396930935603,104.42453202965648,231.0,1.0,0.3436980612584973,0.0,0,0.6237079796846956
20.666666666666774,584.2628675143525,88.53256300745146,1.523618934440433,35.58371711659358,34.24583054379335,0.12692770617654414,104.25471921779388,224.5,1.0,0.3849680034217626,0.0,0,0.7497500046156347
20.68333333333344,584.290925550684,89.12685649266457,1.5339764587481572,35.697327629533895,34.329811358631915,0.15764967118864348,104.35283153067633,227.0,1.0,0.41049738538639385,0.0,0,0.6207909900695086
20.700000000000106,584.3129714492771,89.72533596313048,1.544305240323012,35.93312279179358,34.423834842091246,0.14732088961378875,104.41169891840579,221.0,1.0,0.40708243123183396,0.0,0,0.6576250016223639
20.71666666666677,584.3289304861003,90.32762547033974,1.5546383658545806,36.15005434107249,34.51227508995001,0.13698776408222013,104.44701935104348,226.5,1.0,0.40505087540576906,0.0,0,0.7747089839540422
20.733333333333437,584.3387189922208,90.93337357690953,1.5644397930596907,36.349631366409085,34.59500668245249,0.12718633687711,104.26821161062608,218.5,1.0,0.3843492752434608,0.0,0,0.6254999898374081
20.750000000000103,584.342589379268,91.54224864624051,1.571792616780637,36.53324222971875,34.67763175998567,0.15774627342842873,103.16092696637565,217.5,1.0,0.2931952318127425,0.0,0,0.6785420118831098
20.76666666666677,584.3419775414478,92.15636464309276,1.5830516492825288,36.846978098173096,34.774105048347714,0.14648724092653698,103.49655617982539,217.0,1.0,0.42977013908764544,0.0,0,0.7305000035557896
20.783333333333434,584.3343925823391,92.77524508273692,1.591808641253973,37.135615097151096,34.8644460370421,0.13773024895509292,102.89793370789523,218.0,1.0,0.33998208345258785,0.0,0,0.629834015853703
20.8000000000001,584.3212954635075,93.39846016288776,1.6012259846808332,37.40116113621085,34.95002937699501,0.1283129055282326,102.53876022473713,210.0,1.0,0.36112625007155236,0.0,0,0.6383750005625188
20.816666666666766,584.3022061002528,94.02559409061337,1.6099579768548882,37.64546349214583,35.03729734267027,0.1545593610998901,101.92325613484229,214.0,1.0,0.3348295833762659,0.0,0,0.6657909834757447
20.83333333333343,584.2773291641978,94.66050649440187,1.6194251795239913,38.1239746190652,35.135113757722706,0.14509215843078693,101.55395368090538,211.5,1.0,0.3565684166924259,0.0,0,0.6454169924836606
20.850000000000097,584.2460859307726,95.30248343096342,1.6282493669932196,38.56420485583102,35.22804296365979,0.1362679709615586,100.93237220854323,214.0,1.0,0.330628383348789,0.0,0,0.658040982671082
20.866666666666763,584.208791456398,95.95089874026465,1.640182386848327,38.96921667365558,35.316273580587904,0.12433495110645132,101.35942332512593,207.5,1.0,0.4305813633426055,0.0,0,0.6005829782225192
20.88333333333343,584.1633317138409,96.60501809676352,1.6499669956043408,39.341827546054176,35.410773747888996,0.14682399999903173,101.01565399507555,210.5,1.0,0.3570699013388961,0.0,0,0.6578340253327042
20.900000000000095,584.1105125605053,97.27077918303632,1.6603047550769237,40.071182575951426,35.50847867597995,0.13648624052644887,100.80939239704533,203.0,1.0,0.36922977413667163,0.0,0,0.6425419996958226
20.91666666666676,584.0498141977607,97.94709734711518,1.6716619419185283,40.742189203456896,35.60087033567113,0.12512905368484417,100.8856354382272,203.0,1.0,0.39604253114866955,0.19084434749133838,0,0.6224579992704093
20.933333333333426,583.9804028188288,98.63291902049178,1.6806586926833327,41.35951530076193,35.69057615707027,0.14592191821839662,100.13138126293632,199.5,1.0,0.3153966853558686,0.20550018922669358,0,0.6623330118600279
20.95000000000009,583.902993840885,99.33468154888482,1.6907129018188685,42.361138630145035,35.79323457229741,0.13586770908286083,99.67882875776178,195.0,1.0,0.34202567788018745,0.2083051264693212,0,0.661666999803856
20.966666666666757,583.8166959321927,100.05087826618791,1.7008719698904233,43.2826320931775,35.89094516785828,0.12570864101130597,99.20729725465708,195.5,1.0,0.33851949006144794,0.21859192811406392,0,0.667041982524097
20.983333333333423,583.7212939766605,100.78017153547951,1.7104970315409318,44.13040607916736,35.98316139859629,0.1160835793607975,98.52437835279424,194.5,1.0,0.3161820273701999,0.2143722917487349,0,0.6387909816112369
21.00000000000009,583.6170669595064,101.52138534719676,1.7191647112422033,44.91035814627803,36.09042238300528,0.1349298305146429,97.51462701167655,194.5,1.0,0.2817955497554548,0.22558463543617324,0,0.6152080022729933
21.016666666666755,583.5034598885348,102.28146794774604,1.729932871963382,46.11155662561136,36.193805092133154,0.12416166979346421,97.10877620700593,190.5,1.0,0.33692974651993846,0.23976427710666315,0,0.6630410207435489
21.03333333333342,583.3787561892811,103.05846881703154,1.7428821411100937,47.21665922659802,36.29285139426225,0.13664465713999688,97.26526572420356,186.0,1.0,0.3902765145786303,0.23481012658227848,0,0.6406250176951289
21.050000000000086,583.239568993855,103.85929330415904,1.7524889863066353,48.76981201925046,36.40357497881235,0.1270378119434552,96.35915943452213,190.5,1.0,0.28730040874717716,0.24586574474214923,0,0.6575000006705523
21.06666666666675,583.0883916984432,104.68216670417081,1.7621223852621926,50.1987125884907,36.50957490273676,0.11740441298789794,95.41549566071328,186.0,1.0,0.2802804119149741,0.25103473605401816,0,0.6589589756913483
21.083333333333417,582.9251280831757,105.5250556124998,1.7732590082670001,51.513301112191726,36.61845326011571,0.12979724193627074,94.84929739642797,184.0,1.0,0.3135840804823182,0.256154125569309,0,0.6729169981554151
21.100000000000083,582.7464499950328,106.39548755064568,1.7855758892535998,53.31490809573338,36.73346515089023,0.11748036094967107,94.50957843785679,182.5,1.0,0.33358194828938986,0.25405420300637926,0,0.6119169993326068
21.11666666666675,582.551177027888,107.29064268395099,1.7963963975480055,54.9723865205917,36.84085399246436,0.10665985265526534,93.70574706271407,179.5,1.0,0.28709608564030076,0.2659327532612089,0,0.6218339840415865
21.133333333333415,582.3405446081509,108.2084031651204,1.8095070611935353,56.497266671461354,36.96086522300403,0.11533956067390316,93.42344823762843,178.0,1.0,0.33497006805084634,0.2629563680666194,0,0.6505829805973917
21.15000000000008,582.1098045024197,109.15658266700092,1.8218370750579236,58.55106584038596,37.07317007027487,0.10300954680951492,92.85406894257707,175.0,1.0,0.30595979083051034,0.28154905290315785,0,0.7547500135842711
21.166666666666746,581.8595682708419,110.1323496026039,1.8345919857334199,60.440561075796595,37.19140594897792,0.1104550073782611,92.31244136554625,175.0,1.0,0.3065688744983053,0.2772501071943661,0,0.6571669946424663
21.18333333333341,581.5862550360521,111.14428376611096,1.8478471172252535,62.89164612333293,37.30694895801683,0.09719987588642744,91.78746481932774,171.0,1.0,0.30619949136564684,0.28645286785595453,0,0.6212079897522926
21.200000000000077,581.2892730946865,112.18865644965764,1.8615318331071804,65.14664436706636,37.42566301068443,0.10226077228344455,91.27247889159665,169.5,1.0,0.30524294481939185,0.2842878009469125,0,0.8234170090872794
21.216666666666743,580.9643995023001,113.27441323063915,1.8738311274606287,67.99910513027767,37.54135514393952,0.08996147792999622,90.363487334958,165.5,1.0,0.26493385022496696,0.3098103303124845,0,0.7208339811768383
21.23333333333341,580.6131446456143,114.39783710753508,1.8872431528930078,70.62336903243208,37.66257679508932,0.09396267866042285,89.6180924009748,163.0,1.0,0.27751314346831396,0.30329191938955197,0,0.6784999859519303
21.250000000000075,580.2299423646314,115.5680967626658,1.900601158863219,73.88413858791182,37.77811246888967,0.08060467269021164,88.77085544058488,161.0,1.0,0.2648253027476545,0.30444267669462927,0,0.6550830148626119
21.26666666666674,579.8149499785516,116.78043717238526,1.914002116638211,76.88404657895317,37.90199678235727,0.08339509719434335,87.86251326435092,159.0,1.0,0.25572701498192546,0.3194105824007231,0,0.7262919971253723
21.283333333333406,579.3644036881944,118.04124287878334,1.928725063218684,80.33332285263693,38.02118289453597,0.0837414439820745,87.11750795861056,156.0,1.0,0.2682823756558227,0.31973290298437645,0,0.6632500153500587
21.30000000000007,578.8768152906238,119.34481584948425,1.942117614010821,83.50665702442598,38.137596189942236,0.07034889318993764,86.07050477516634,153.5,1.0,0.2360796753934935,0.3231143496206793,0,0.6207920087035745
21.316666666666737,578.3541576413047,120.68708376066549,1.9558530214247856,86.4261244624719,38.25614393274245,0.07065066716334933,85.0423028650998,150.5,1.0,0.23402197190276253,0.3209861079480756,0,0.6632079894188792
21.333333333333403,577.7962989572102,122.06353370048589,1.968627291310879,89.11203450547416,38.36906269832496,0.07096261732918174,83.82538171905989,149.0,1.0,0.2118010164749914,0.33986722178462925,0,0.8576669788453728
21.35000000000007,577.2049476523728,123.47071292321978,1.98452542251854,91.58307174503622,38.47783431978243,0.06727295119556476,83.09522903143593,146.0,1.0,0.2547321098849945,0.34195716828639977,0,0.6617909821216017
21.366666666666735,576.5760680199932,124.90300577921776,1.9999373761098431,93.85642600543332,38.582988275652895,0.05186099760426166,82.25713741886156,142.0,1.0,0.2415042659309975,0.3415154981750831,0,0.6666249828413129
21.3833333333334,575.9106854148358,126.35713394129459,2.008598204506968,95.94791192499865,38.67850148627487,0.05459694862233988,80.35428245131693,140.0,1.0,0.1345804762252643,0.3487755168063149,0,0.689583015628159
21.400000000000066,575.2191381341636,127.83448971852395,2.024613168768735,97.87207897099876,38.77431480495434,0.049226742624401965,79.61256947079016,138.0,1.0,0.2406892857351588,0.3487201319780746,0,0.7239580154418945
21.416666666666732,574.4910862622115,129.3270989336971,2.025501139046261,99.64231265331885,38.85799940289543,0.05828542900238886,76.5675416824741,138.5,1.0,0.013366571441095154,0.36215919642103483,0,0.6519580201711506
21.433333333333398,573.7497879007931,130.84344661507654,2.046107512299873,101.27092764105335,38.9563207024979,0.037679055748776946,76.54052500948447,136.5,1.0,0.2962356928646582,0.37267204357389755,0,0.6457080016843975
21.450000000000063,572.9659750948763,132.3664019289978,2.0531353258232934,102.76925342976908,39.03470227247324,0.039948563644854225,74.52431500569068,133.5,1.0,0.1022190823854599,0.37235767320342433,0,0.6689580040983856
21.46666666666673,572.1608219854384,133.9041644313225,2.055692992179738,104.14771315538755,39.1137329334179,0.046083025604250594,71.91458900341442,135.5,1.0,0.036820449431277935,0.36892515440821316,0,0.6478329887613654
21.483333333333395,571.3418864044862,135.45856243934963,2.0690151587905063,105.41589610295655,39.20083186859012,0.040887783684322,70.94875340204865,134.5,1.0,0.18734285299209857,0.37489214840379637,0,0.634457974229008
21.50000000000006,570.4930239127424,137.01899442365604,2.0778654711927445,106.58262441472003,39.276590643290376,0.03963544891605553,69.36925204122919,133.0,1.0,0.12391746179525914,0.37593733193980783,0,0.6023329915478826
21.516666666666726,569.6216969230632,138.58749147915105,2.0767617349535845,107.65601446154243,39.3482713383039,0.04784111256711565,66.42155122473751,135.5,1.0,-0.015377439589511543,0.3858941659189661,0,0.7008329848758876
21.533333333333392,568.7441249525434,140.17134578822336,2.100969656101957,108.64353330461903,39.43486542223681,0.023633191418743312,67.0529307348425,133.0,1.0,0.32255695291296044,0.4026659149484536,0,0.9576249867677689
21.550000000000058,567.8208150051106,141.74655717324282,2.1043922153336143,109.5520506402495,39.488528135260694,0.026846378024972584,64.8317584409055,130.0,1.0,0.0468278384144426,0.399855850874768,0,0.6832910003140569
21.566666666666723,566.8850336645155,143.33059327367764,2.1180614600409298,110.38788658902955,39.545882907244405,0.01937383249384217,64.09905506454331,129.5,1.0,0.18365086971533306,0.40929028688848496,0,0.6616249738726765
21.58333333333339,565.9210189121476,144.91263472616723,2.1802425777667516,111.15685566190719,39.58752146266175,-0.037024970071168894,71.45943303872599,65.0,1.0,0.6981317007977318,0.3330938115999728,0,0.6943329935893416
21.600000000000055,564.8538082649579,146.441381888573,2.1721254380718573,111.86430720895461,39.5223207047425,-0.02351747666313786,67.47565982323559,45.0,1.0,-0.10841677023581425,0.3718930671542225,0,0.718833995051682
21.61666666666672,563.7929047894902,147.9876860449789,2.183388375428445,112.51516263223824,39.48036502646221,-0.029761633056634373,66.28539589394136,49.0,1.0,0.149038854525178,0.38266405581193974,0,0.9261670056730509
21.633333333333386,562.7089147679468,149.53010855145212,2.1919478115154765,113.11394962165919,39.42496692502408,-0.03365532294051565,64.77123753636482,45.5,1.0,0.11302264604844109,0.38360048836201804,0,0.7324170146603137
21.650000000000052,561.6064190317009,151.07066272255184,2.1853326314617827,113.66483365192646,39.36122184902582,-0.027040142886821883,61.26274252181889,47.0,1.0,-0.0870777457042693,0.37170603210175057,0,0.7339580042753369
21.666666666666718,560.5092680825669,152.62537779387864,2.2017247846246346,114.17164695977235,39.31748120893684,-0.03910273461100289,60.957645513091336,49.5,1.0,0.2121221025774383,0.38431998109417465,0,0.7230420014820993
21.683333333333383,559.3821963946275,154.16817517012697,2.206845386673555,114.63791520299056,39.248877623637775,-0.04021465343147001,59.1745873078548,44.5,1.0,0.0669014282131297,0.3756684360803399,0,0.7449580007232726
21.70000000000005,558.2429925392981,155.71093242436035,2.207825651854696,115.06688198675131,39.176440597575436,-0.037493222073581293,56.90475238471288,47.5,1.0,0.012777940261211373,0.3687736844161425,0,0.815875013358891
21.716666666666715,557.09836456281,157.25785963869728,2.2149904392619675,115.46153142781121,39.107730214950934,-0.041250709110467916,55.542851430827724,49.5,1.0,0.09281276415672615,0.393455128706674,0,0.9059160074684769
21.73333333333338,555.9390485268261,158.8013847179795,2.2198492891064925,115.82460891358632,39.03046981796445,-0.04298526402200542,53.925710858496636,47.5,1.0,0.06284224182736961,0.38300314974537103,0,0.7096669869497418
21.750000000000046,554.7688814607111,160.3436937938456,2.2291765134601147,116.1586402004994,38.948705647709204,-0.04946091819230469,52.95542651509798,45.5,1.0,0.11986851176308844,0.3747334599094494,0,0.6967920053284615
21.766666666666712,553.5812463289042,161.87907280334886,2.235096068079554,116.46594898445946,38.85339139056986,-0.0527923772635659,51.57325590905879,43.5,1.0,0.07609252372451966,0.39225738540560035,0,0.7087499834597111
21.783333333333378,552.3816382709144,163.411104722851,2.232669596355762,116.7486730657027,38.7507150999281,-0.05036590553977405,49.14395354543527,45.5,1.0,-0.03116548576528888,0.38288371550038425,0,0.7301250007003546
21.800000000000043,551.1830868377525,164.94946265675463,2.2430653030226666,117.00877922044648,38.65709948979113,-0.05842870152071944,48.48637212726116,48.5,1.0,0.13248762520749374,0.37913990559467614,0,0.6943329935893416
21.81666666666671,549.9661243767738,166.47839838496242,2.2491499889864923,117.24807688281076,38.546571678530654,-0.0624282703336263,47.291823276356695,43.0,1.0,0.07768707512449635,0.39969040843012077,0,0.7080830109771341
21.833333333333375,548.7375789209476,168.00275790966984,2.2554925336362674,117.4682307321859,38.42716904279066,-0.06692694414103251,46.175093965814014,42.0,1.0,0.08081416174136441,0.39640437326763167,0,0.7426249794661999
21.85000000000004,547.4972550072237,169.5219095705967,2.2603386855911407,117.67077227361104,38.298034557148384,-0.0701647209614693,44.90505637948841,40.0,1.0,0.06169758037815218,0.3829988878680915,0,0.7027499959804118
21.866666666666706,546.2476078900659,171.0374287327197,2.2641117953869245,117.85711049172215,38.16175185763188,-0.07255995616572353,43.543033827693044,40.5,1.0,0.04798454822689063,0.4024877489915182,0,0.7469580159522593
21.883333333333372,544.9904254604128,172.55041961389276,2.2763675174115394,118.02854165238438,38.02008923418806,-0.08366402900360193,43.325820296615824,38.0,1.0,0.15451389560280115,0.39253087704034345,0,0.8045420108828694
21.900000000000038,543.7130905420455,174.04989058342372,2.283016503182997,118.18625832019363,37.85605936853304,-0.08938400582661554,42.395492177969494,31.5,1.0,0.08418833736168149,0.39005534237793094,0,0.7651250052731484
21.916666666666703,542.4242335588116,175.5426659480033,2.2860946399626885,118.33135765457814,37.68032265680097,-0.09175285364049833,41.0372953067817,32.0,1.0,0.038999502417009,0.38191383477889945,0,0.7511249859817326
21.93333333333337,541.1293285662491,177.03314650766688,2.291425149936226,118.4648490422119,37.49956371462538,-0.09659151892141749,40.02237718406902,29.5,1.0,0.06739261811687144,0.3994496069967768,0,0.7760000007692724
21.950000000000035,539.8251463459695,178.51824141862,2.2934166238970337,118.58766111883494,37.308951065867674,-0.09858299288222529,38.61342631044141,28.5,1.0,0.025184570870122797,0.39606580223546806,0,0.7371669926214963
21.9666666666667,538.516763781102,180.00214862224425,2.312017612490811,118.70064822932815,37.11485377307349,-0.11690793398352328,39.36805578626485,26.5,1.0,0.2308664925220739,0.3775513014736262,0,0.9297080105170608
21.983333333333366,537.1798372639635,181.46274126022556,2.2971365921124556,118.8045963709819,36.88410900934515,-0.10196563323399664,35.82083347175891,20.5,1.0,-0.1857192711534221,0.39725989173502985,0,0.8573749801144004
22.000000000000032,535.8637345277267,182.94425787161128,2.3158499372144123,118.90022866130334,36.68229499504607,-0.12083204448788455,36.69250008305534,26.0,1.0,0.2318356039746129,0.3901949278418572,0,0.7947499980218709
22.016666666666698,534.5191455040277,184.40196568918807,2.320983437086135,118.98821036839908,36.44291326639295,-0.12633314244082294,35.815500049833204,18.0,1.0,0.06462427905143445,0.39309219572112125,0,0.7570000016130507
22.033333333333363,533.1661713357346,185.8537387970567,2.320828870637259,119.06915353892715,36.19237362045835,-0.12676149792976332,34.28930002989992,16.0,1.0,-0.0019471825691393663,0.3855871163151479,0,0.7791660027578473
22.05000000000003,531.8125755480929,187.30662910445477,2.329630869528008,119.14362125581299,35.9407392244844,-0.1363631455722607,33.97358001793995,15.5,1.0,0.11036552379184994,0.4073870199249206,0,0.757208006689325
22.066666666666695,530.4454583496197,188.7483774977326,2.3473203008329317,119.21213155534795,35.6700156086429,-0.1550709749756689,34.78414801076397,10.0,1.0,0.2190091476084432,0.3863085495541424,0,0.7359590090345591
22.08333333333336,529.0523164743822,190.1664674312746,2.3279833359176907,119.27516103092012,35.359711479661485,-0.13220127160228579,30.870488806458383,6.0,1.0,-0.23855051143493403,0.3824628219078709,0,0.7339579751715064
22.100000000000026,527.6861910617146,191.6119320943317,2.3586040492334996,119.33314814844651,35.09313971214028,-0.1503658139001569,33.32229328387503,8.5,1.0,0.36741985980570613,0.3695503429884735,0,0.7292499940376729
22.116666666666692,526.2758215881016,193.01552115559318,2.3435450991415587,119.3864962965708,34.79507176729259,-0.135306863808216,29.993375970325015,-3.0,1.0,-0.18699375078324323,0.3975044404180687,0,0.7434590079355985
22.133333333333358,524.8861767522343,194.44077464031827,2.3682509847452486,119.43557659284514,34.54751513607401,-0.14403899798260644,31.79602558219501,3.0,1.0,0.3008638328633878,0.3900196753988779,0,0.7301669975277036
22.150000000000023,523.4612089130786,195.83178994887385,2.3527941786461937,119.48073046541752,34.26940022277898,-0.11386001656229316,28.477615349317006,-9.5,1.0,-0.19166770028196747,0.39104125875984513,0,0.6986669905018061
22.16666666666669,522.0574231853983,197.24515490346502,2.359288037223502,119.52227202818412,34.043076512864836,-0.12035387513960139,28.086569209590202,-2.5,1.0,0.08131796316415282,0.406345669698857,0,0.7401250186376274
22.183333333333355,520.6440371315035,198.64982314604737,2.365326503380467,119.56049026592939,33.82729687425167,-0.11283741191191508,27.651941525754122,-3.0,1.0,0.075613861231825,0.3973824795560243,0,0.7314999820664525
22.20000000000002,519.2217767151452,200.0463417199196,2.4151966824516493,119.59565104465504,33.61489455139882,-0.15024300189963302,32.191164915452475,-15.5,1.0,0.5589479000724289,0.37927636441276463,0,0.7687080069445074
22.216666666666686,517.7312657305055,201.37058315395714,2.348276809247169,119.62799896108264,33.31866149150356,-0.07187889486481636,22.314698949271484,-30.5,1.0,-0.6981317007977318,0.36649084223909834,0,0.7812920084688812
22.233333333333352,516.3322949584643,202.79188440670129,2.4152133302348258,119.65775904419603,33.17543710445055,-0.13881541585247303,29.188819369562893,-5.5,1.0,0.6981317007977318,0.36442355069829807,0,0.769166013924405
22.250000000000018,514.8410499871331,204.1167335283586,2.3526207378691795,119.68513832066034,32.914235996161395,-0.06573537397678297,21.113291621737737,-34.0,1.0,-0.665196786917689,0.373874105277578,0,0.7365829951595515
22.266666666666683,513.4353010980516,205.53256609364638,2.391959975227725,119.71032725500751,32.78948396120086,-0.09548629585368174,24.867974973042642,-5.5,1.0,0.4579759278493867,0.3766684860814767,0,0.739500013878569
22.28333333333335,511.97467371454513,206.89227958544112,2.3930482850179167,119.7335010746069,32.59922491260613,-0.09657460564387321,23.920784983825584,-28.5,1.0,0.013633306709631976,0.3930531382460465,0,0.748541991924867
22.300000000000015,510.5123070621362,208.25064448652023,2.3874530666130127,119.75482098863836,32.42322712013832,-0.08223800561085293,22.15247099029535,-33.0,1.0,-0.06996901597422092,0.39001835918001304,0,0.814750004792586
22.31666666666668,509.0573253405461,209.61739416257043,2.383727191622763,119.77443530954729,32.26814712260592,-0.07057049116668823,20.69148259417721,-28.5,1.0,-0.04662732625119925,0.40023834701310906,0,0.7601670222356915
22.333333333333346,507.6072276064152,210.98976214873156,2.363452490369176,119.7924804847835,32.12993020425576,-0.04311129985807671,17.21488955650633,-28.0,1.0,-0.24862031241738586,0.39000643980477223,0,0.7920829812064767
22.350000000000012,506.1850532817674,212.39144058960864,2.4304736614068347,119.80908204600081,32.043871446914565,-0.1101324708957354,27.928933733903797,-35.0,1.0,0.6981317007977318,0.37645983792492604,0,0.9563750063534826
22.366666666666678,504.67200717131516,213.69489385031832,2.363443946412654,119.82435548232074,31.834569518798883,-0.03663704498631448,14.757360240342276,-47.5,1.0,-0.6981317007977318,0.38763820766481005,0,0.9575830190442502
22.383333333333344,503.24949672788904,215.0969275260925,2.430481521846835,119.83840704373507,31.766088995832334,-0.09789319757505632,21.854416144205366,-34.5,1.0,0.6981317007977318,0.36507961910858605,0,0.8322920184582472
22.40000000000001,501.73609970025603,216.40066236929823,2.3634367148078543,119.85133448023628,31.570857325434527,-0.030848390536075687,8.512649686523218,-51.0,1.0,-0.6981317007977318,0.3832048830587587,0,0.9697909990791231
22.416666666666675,500.31330477055815,217.8029967204572,2.430488174923251,119.86322772181737,31.51963274493331,-0.09277179273047942,18.707589811913934,-40.0,1.0,0.6981317007977318,0.3833763551884357,0,0.7731670048087835
22.43333333333334,498.7996107230913,219.1069698908398,2.3634305939775513,119.87416950407197,31.3401581843959,-0.021211882842250063,9.024553887148361,-55.5,1.0,-0.6981317007977318,0.3934725119495409,0,0.766624987591058
22.450000000000006,497.3765750075529,220.5095587369169,2.4127276424997075,119.88423594374622,31.29961710079958,-0.06660773065138104,14.214732332289017,-33.0,1.0,0.5526868412703126,0.36764542143186624,0,0.7426659867633134
22.466666666666672,495.88603744748053,221.84042339470963,2.357425373399517,119.89349706824652,31.16661826594528,-0.01130546155119072,7.32883939937341,-53.0,1.0,-0.6052638952378125,0.3864913722267872,0,0.7463329820893705
22.483333333333338,494.4712403827724,223.25174183953874,2.4244985323969708,119.9020173027868,31.149643524520712,-0.07505675728587313,15.397303639624045,-38.0,1.0,0.6981317007977318,0.3594392974104066,0,0.7646659796591848
22.500000000000004,492.9649354822519,224.5651489350155,2.3574209884797788,119.90985591856386,31.002308437769567,-0.00521750632486917,6.038382183774426,-65.5,1.0,-0.6981317007977318,0.3864563078917358,0,0.759749993449077
22.51666666666667,491.54996702104,225.97665073355603,2.4012992701074545,119.91706744507876,30.99188068411684,-0.04909578795254488,10.823029310264655,-38.0,1.0,0.5019658886286325,0.37743418039389104,0,0.7460829801857471
22.533333333333335,490.0743644260342,227.32480208582555,2.3872716074846903,119.92370204947245,30.898553359029705,-0.0328498252859557,8.493817586158793,-68.0,1.0,-0.1736893834894872,0.41032474822119386,0,0.7712079968769103
22.55,488.6177436670392,228.69358903984826,2.38774483229764,119.92980588551465,30.83526742923601,-0.03163368337569494,8.096290551695276,-63.0,1.0,0.0059187032396410474,0.3880080924016862,0,0.7987079734448344
22.566666666666666,487.1604070928629,230.0617505906123,2.3670671039102595,119.93542141467348,30.77285635165049,-0.009783186335338812,5.057774331017166,-63.5,1.0,-0.25306636138954863,0.4127239226954327,0,0.7982079987414181
22.583333333333332,485.73160897647324,231.45981214262181,2.3903238624601726,119.94058770149961,30.753299978302195,-0.03303994488525186,7.6346645986103,-55.5,1.0,0.2830445164996041,0.39349193542069766,0,0.7830419926904142
22.599999999999998,484.2706279023715,232.8243234751906,2.383849658535299,119.94534068537963,30.688673697865674,-0.025899254243002545,6.380798759166179,-84.5,1.0,-0.08078820676690428,0.4363719168724082,0,0.8419170044362545
22.616666666666664,482.81845857124455,234.19831492283444,2.3902939316954828,119.94971343054927,30.63738231607563,-0.0321749226624668,6.828479255499707,-84.5,1.0,0.08041340927319078,0.4232469943979354,0,0.8048329909797758
22.63333333333333,481.36363039663405,235.557161166624,2.3876759982085436,119.44353174134389,30.57368099828131,-0.02987969477576158,6.097087553299824,-97.5,1.0,-0.03286478776941894,0.4349202830860816,0,0.7514589815400541
22.649999999999995,479.9349922135973,236.89856541595873,2.3349543694940813,117.58120898081364,30.515134866887145,0.022841933938700706,-0.341747468020106,-82.0,1.0,-0.5920833726616512,0.42499719240827194,0,0.96674999804236
22.66666666666666,478.5953495436039,238.29636033602011,2.3999375138871772,116.16584368281065,30.55878917965586,-0.04295040916480497,7.9949515191879374,-66.5,1.0,0.6981317007977318,0.36831618660888804,0,0.7871660054661334
22.683333333333326,477.19974463493924,239.57491476313984,2.3364100617583228,113.56360395437875,30.47755702855013,0.01928447498297947,-1.2030290884872379,-92.0,1.0,-0.6981317007977318,0.4177889231892454,0,0.7296670228242874
22.699999999999992,475.91989048626687,240.90644030845948,2.389234162897972,110.81314412543976,30.513171042793793,-0.03353962615666983,5.078182546907658,-78.5,1.0,0.6207506848384167,0.3820127635707681,0,0.7767089991830289
22.716666666666658,474.59695297652956,242.14472506758742,2.3284146583006735,108.72279465544614,30.45075305757372,0.025505420663090916,-3.9530904718554054,-94.0,1.0,-0.6981317007977318,0.416277571409254,0,0.7372079999186099
22.733333333333324,473.38764025491844,243.4231649206681,2.3807902288809664,105.58714211372416,30.49569462976431,-0.029126624527975768,2.628145716886757,-103.5,1.0,0.6396897965418301,0.4260177840766224,0,0.7565830019302666
22.74999999999999,472.16025211486834,244.59161379400675,2.3239118551793636,101.67750929970141,30.446342897857782,0.02775174917362699,-4.823112569867947,-108.5,1.0,-0.6981317007977318,0.42701892894511556,0,0.9378749819006771
22.766666666666655,471.0351413262884,245.79181796518876,2.3740254693199416,98.70618836104413,30.490379971162714,-0.02510206254725933,1.9061324580792327,-91.0,1.0,0.6508568600883922,0.37108517364438176,0,0.7272080110851675
22.78333333333332,469.8961653394532,246.89088325485977,2.365597002879098,94.96714650008568,30.450652956034844,-0.016673596106415722,0.3436794748475396,-99.5,1.0,-0.13234888394696473,0.3550198252896351,0,0.7382500043604523
22.799999999999986,468.8002959567393,247.96633615064437,2.3140620349918644,92.12547468575725,30.42186678046408,0.03163418361888226,-6.9937923150914765,-138.5,1.0,-0.6981317007977318,0.47773291973874954,0,0.7205840083770454
22.816666666666652,467.8015661649118,249.05297987482538,2.3272864080697957,88.55349123207417,30.468547617163722,0.01840981054095092,-4.596275389054886,-99.0,1.0,0.22036863511242594,0.4201065658834281,0,0.7498750055674464
22.833333333333318,466.8196089750515,250.09341689354588,2.3317219416793997,85.83878380727502,30.49048136553929,0.010255277532796203,-3.7577652334329317,-136.5,1.0,0.07735459773412233,0.4646779128102772,0,0.7353340042755008
22.849999999999984,465.87197428785305,251.08860694758104,2.3268331997810825,82.4517621310539,30.504573880244976,0.015144019431113431,-4.65465914005976,-141.0,1.0,-0.08870482469286006,0.46565317035905274,0,0.7613339985255152
22.86666666666665,464.95864895609805,252.05720382777662,2.3174676887893,79.87762565712585,30.5197039177967,0.020292345887250818,-6.392795484035856,-146.0,1.0,-0.17409197814904928,0.46821249058517916,0,0.7486669928766787
22.883333333333315,464.0903753056372,252.99547414401414,2.305504110174334,76.70268017677967,30.54564342609619,0.0322559245022167,-8.635677290421514,-144.5,1.0,-0.22982627022276295,0.48143584248593624,0,0.9599589975550771
22.89999999999998,463.26034819218575,253.91422340017616,2.310610051613219,74.28972161171656,30.580720529702646,0.022426677937721795,-7.381406374252908,-146.5,1.0,0.10273223786634232,0.45728532779617603,0,0.7545840053353459
22.916666666666647,462.46097358330263,254.79001233417753,2.313388660825116,71.14507488285211,30.60731076197378,0.019648068725824697,-6.628843824551745,-149.5,1.0,0.0585164260531387,0.44590141477484607,0,0.7958750065881759
22.933333333333312,461.686103116404,255.63423164381973,2.3076749091797533,68.75514336891514,30.626178036102925,0.02012288176754451,-7.777306294731047,-150.0,1.0,-0.12401464436811682,0.4428144898394418,0,0.7562079990748316
22.949999999999978,460.9525046176463,256.4427098255571,2.2970101376724217,65.5018581401276,30.648144655989427,0.030787653274876092,-10.066383776838627,-148.5,1.0,-0.23953553662087004,0.45263732713931915,0,0.7403750205412507
22.966666666666644,460.25493399870766,257.22815436139757,2.2885863404626057,63.029361366249056,30.67935822673247,0.0334457651684934,-11.839830266103178,-153.5,1.0,-0.1978504886391888,0.4652996486328555,0,0.6904589827172458
22.98333333333331,459.59402746012387,257.98506308179685,2.2870646258956464,60.29054444548806,30.712959684565533,0.03496747973545267,-11.903898159661907,-157.5,1.0,-0.037841459850180004,0.45511932023623,0,0.7575000054202974
22.999999999999975,458.95705116096786,258.7168100505663,2.277954343695901,58.2090435857097,30.74687649762565,0.04407776193519818,-13.942338895797144,-153.5,1.0,-0.23058887591010785,0.4665709331724196,0,0.895875011337921
23.01666666666664,458.34389676946574,259.4342861203099,2.2680634735438954,56.62710293227815,30.785364405007662,0.047663457131788885,-16.16540333747829,-152.0,1.0,-0.25624057554606494,0.46089465198978685,0,0.6948750233277678
23.033333333333307,457.7554260070891,260.13683088733524,2.2730095670461554,54.986554322386276,30.82902868908001,0.042717363629528826,-14.299242002486974,-156.5,1.0,0.13411648800569445,0.46174379253964026,0,0.7083750097081065
23.049999999999972,457.17690977396876,260.82059247232917,2.265572738558612,53.73973737886845,30.86727738578675,0.05015419211707206,-15.979545201492185,-154.0,1.0,-0.20467235719658328,0.45902588841384884,0,0.707582978066057
23.066666666666638,456.6136054136223,261.49650529123136,2.2645712388103805,52.7921565017949,30.9073742604866,0.044296619542926415,-15.787727120895312,-158.5,1.0,-0.028448247651283384,0.46002735109895504,0,0.6789579929318279
23.083333333333304,456.05971141448936,262.162481585482,2.260631605758675,51.97271161297465,30.94573197064085,0.048236252594632045,-16.472636272537187,-157.5,1.0,-0.11321669859076988,0.4516439896289838,0,0.6988749955780804
23.09999999999997,455.51505111425485,262.82262850445136,2.256899851845218,51.349933497471255,30.98699810311108,0.05196800650808874,-17.08358176352231,-158.5,1.0,-0.10858076915446187,0.4577651083238312,0,0.6915410049259663
23.116666666666635,454.9778557005056,263.47869984926234,2.2491885548818513,50.87662212968868,31.026706080136087,0.052250221165323296,-18.850149058113388,-156.5,1.0,-0.2235527948260107,0.4528045437633355,0,0.672875001328066
23.1333333333333,454.44949765806444,264.13422630111,2.246377040161248,50.51690549017392,31.07067805729202,0.055061735885926666,-19.110089434868033,-158.5,1.0,-0.08328926022893975,0.45529647105532395,0,0.7073750020936131
23.149999999999967,453.92583407780467,264.7876800790745,2.2458533213487484,50.2435208441427,31.116763020272774,0.05558545469842623,-18.66605366092082,-162.5,1.0,-0.015634139470697084,0.44144281141414676,0,0.7816249853931367
23.166666666666632,453.4046768889974,265.43870465483275,2.2441575137889567,50.03574851315898,31.158648309984514,0.0492643083369928,-18.59963219655249,-162.0,1.0,-0.05079415034908481,0.4473727942953831,0,0.7119580113794655
23.183333333333298,452.8862656860712,266.08855473277816,2.235732616867994,49.877841541611346,31.199585035994446,0.0576892052579554,-20.559779317931493,-158.0,1.0,-0.2481440735427841,0.4447789622438635,0,0.7212500204332173
23.199999999999964,452.37458184992914,266.74117522317255,2.240168765701996,49.75783224323515,31.247400000596826,0.053253056423953275,-18.535867590758897,-168.0,1.0,0.13294338920766255,0.4213221071794288,0,0.6962920015212148
23.21666666666663,451.8609511603807,267.39032730035865,2.2370335148479334,49.66662517646924,31.286875826140196,0.047763824081293205,-18.92152055445534,-168.5,1.0,-0.09440738314206945,0.4263986716505046,0,0.7407919911202043
23.233333333333295,451.35007225269015,268.04017831140595,2.2290532835603423,49.59730780572715,31.32634343343998,0.05574405536888438,-20.752912332673205,-165.0,1.0,-0.23682176321857465,0.4373590399251733,0,0.7460839988198131
23.24999999999996,450.84493263770366,268.6933909522696,2.2219692217301734,49.54462660396316,31.372349904860613,0.06282811719905325,-22.25174739960392,-163.5,1.0,-0.21127447459781115,0.42917935922359823,0,0.7070830033626407
23.266666666666627,450.34483751843084,269.34963486425744,2.2173537008396806,49.50458889062252,31.419239338754927,0.058190123440641894,-22.951048439762353,-159.5,1.0,-0.13895010142535374,0.44342465857417235,0,0.7225829758681357
23.283333333333292,449.8480821478234,270.0077751939186,2.2161555980073033,49.47416022848364,31.4671940564049,0.05938822627301921,-22.57062906385741,-165.5,1.0,-0.03630914418854528,0.4274803387779794,0,0.7402499904856086
23.299999999999958,449.35234748373966,270.66620230156036,2.209944152842128,49.45103444525809,31.516112109605054,0.06559967143819456,-23.74237743831445,-166.5,1.0,-0.1862288198464609,0.4267463880998198,0,0.7190420001279563
23.316666666666624,448.86088687456754,271.32746081222837,2.2090233181188976,49.43345885000667,31.56456531587885,0.05661456516308583,-23.245426462988668,-166.5,1.0,-0.027934375241209758,0.41903171953255425,0,0.9279170189984143
23.33333333333329,448.3701680168242,271.9889927951012,2.2029612090795148,49.420101397615596,31.61117203503538,0.0626766742024687,-24.347255877793202,-165.0,1.0,-0.18196204181139242,0.42822678837471356,0,0.7599999953527004
23.349999999999955,447.8835684059859,272.6533508980287,2.2066115647229054,49.40994973379838,31.662752437136543,0.05902631855907803,-22.40835352667592,-169.0,1.0,0.11036810824649777,0.42800447594181273,0,0.7660830160602927
23.36666666666662,447.3946232588999,273.3158248568182,2.1968017370735837,49.40223446929729,31.704692818542586,0.05825244549969266,-24.645012116005553,-168.0,1.0,-0.28948846838543446,0.4192095742569723,0,0.7238750113174319
23.383333333333287,446.9122575482806,273.9829841355148,2.1937084907796276,49.39637086827646,31.752623357010535,0.06134569179364879,-24.78700726960333,-171.0,1.0,-0.09365658103126048,0.4213527329925285,0,0.7558749930467457
23.399999999999952,446.4320011606729,274.65157197335543,2.190781372229665,49.39191453150064,31.803091374875642,0.06427281034361121,-24.872204361761995,-170.5,1.0,-0.08866161528542303,0.4099335110457456,0,0.7621659897267818
23.416666666666618,445.9537366605208,275.3215167709008,2.1853438138446357,49.38852771555101,31.847703114163448,0.05842159590220586,-25.723322617057196,-172.0,1.0,-0.1636691358379207,0.41347603026474034,0,0.7313749811146408
23.433333333333284,445.4791468122556,275.9940171921487,2.1789374758828046,49.38595373542929,31.895762535348673,0.06482793386403696,-26.83399357023432,-168.0,1.0,-0.19217839816941915,0.4254503090319018,0,0.6782079872209579
23.44999999999995,445.0088935662451,276.66951741723716,2.1513120798180374,49.38399751053679,31.94840266914852,0.08043016144077209,-34.500396142140595,-189.5,1.0,-0.6981317007977318,0.4916871708786534,0,0.6912499957252294
23.466666666666615,444.55749192652934,277.35772846078936,2.144816032379251,49.382510779618485,32.01452870886516,0.0869262088795586,-35.30023768528436,-182.5,1.0,-0.1948156400076576,0.4741342519204975,0,0.7590830209665
23.48333333333328,444.11058065714917,278.04884147581396,2.139278871091344,49.38138086412057,32.08598091581848,0.09246337016746553,-35.78014261117062,-181.0,1.0,-0.1666361340045946,0.4821898269211598,0,0.7984999974723905
23.499999999999947,443.66751072867555,278.74240644196993,2.138200870906049,49.38052212834216,32.15885945205924,0.08075245201977399,-34.86808556670237,-179.5,1.0,-0.03273401373608975,0.47984491400191953,0,0.7544590043835342
23.516666666666612,443.2251945666239,279.43643946167794,2.1259073607465733,49.379869489150565,32.22524633846967,0.09304596217924965,-37.32085134002142,-183.0,1.0,-0.3573995749083204,0.4808874265999497,0,0.7368329970631748
23.533333333333278,442.79144807182473,280.1358504931314,2.125332702216068,49.37937348336495,32.30171174835291,0.09362062070975474,-36.192510804012855,-183.0,1.0,-0.017454661611659386,0.479057992075997,0,0.7498330087400973
23.549999999999944,442.35810687930933,280.83550532397254,2.1292439024240837,49.37899651896789,32.372163515977356,0.07612136558576754,-33.71550648240771,-175.5,1.0,0.11825728636633787,0.47482935476783916,0,0.7659170078113675
23.56666666666661,441.9220350482305,281.533455874023,2.132844027995299,49.37871002602612,32.43474928058432,0.07252124001455229,-31.429303889444625,-177.5,1.0,0.10892978848646961,0.47886964229376683,0,0.7165839779190719
23.583333333333275,441.4834552728154,282.2298289204251,2.1259763896060258,49.37849229139037,32.49438013695025,0.07938887840382547,-32.45758233366678,-175.0,1.0,-0.2056723769081187,0.4725207501000687,0,0.6849170022178441
23.59999999999994,441.04966969443836,282.9291951847494,2.1103805620012785,49.378326813067204,32.5486311663889,0.08056211695241888,-35.87454940020007,-184.0,1.0,-0.4424405094782044,0.4618315918869084,0,0.7175829960033298
23.616666666666607,440.62684470023896,283.6352395700197,2.100107047741313,49.3782010495416,32.614859678918116,0.09083563121238437,-37.72472964012004,-186.0,1.0,-0.30250813902025575,0.4732525184067034,0,0.6921660096850246
23.633333333333272,440.21129625322953,284.3455891430412,2.1045178106567795,49.37810546926214,32.68522730826915,0.0711303894026587,-35.034837784072025,-174.5,1.0,0.13319611658784652,0.46777537339406505,0,0.9086670179385692
23.649999999999938,439.79261929095526,285.05409788417103,2.1070696142106926,49.37803282824975,32.74371593667333,0.06857858584874554,-33.02090267044321,-177.0,1.0,0.07736366995270777,0.4707473459762061,0,0.733375025447458
23.666666666666604,439.37213618879065,285.7615351473507,2.102761184248831,49.37797762108033,32.80010957360627,0.0728870158106072,-33.21254160226593,-175.5,1.0,-0.13014138136170872,0.4811654135338346,0,0.7229999755509198
23.68333333333327,438.9547052784141,286.4707768583479,2.097367695208012,49.377935663631575,32.849128670326934,0.06207491458832593,-33.727524961359556,-181.0,1.0,-0.16240016215035827,0.46081481147528663,0,0.7434999861288816
23.699999999999935,438.54110597544485,287.18225919220544,2.0751948806498106,49.37790377597052,32.90018135472988,0.08424772914652712,-38.63651497681573,-180.5,1.0,-0.5927630972902149,0.46604156107450584,0,0.8745829982217401
23.7166666666666,438.14338280643994,287.9027361945009,2.0716345386065487,49.37787954134812,32.9642644274787,0.07065042436685998,-38.38190898608944,-174.5,1.0,-0.10773719170746268,0.4851898811524243,0,0.7400830218102783
23.733333333333267,437.74822744474795,288.6246243886641,2.0925386140463673,49.377861123035096,33.02235885048191,0.04974634892704132,-31.229145391653667,-177.0,1.0,0.5657749349755223,0.4842623166865569,0,0.6717079959344119
23.749999999999932,437.3380692274954,289.3380949049248,2.0826839599219604,49.3778471251172,33.06349709233555,0.04144883476004769,-33.1374872349922,-184.5,1.0,-0.2908737890146863,0.4773581488022461,0,0.6967090012039989
23.766666666666598,436.9349619043905,290.0555725247694,2.0745193301438705,49.37783648669959,33.09759822247668,0.04961346453813764,-34.48249234099532,-182.5,1.0,-0.24311910674214549,0.46817488981160976,0,0.7700410205870867
23.783333333333264,436.53772595611724,290.77631729826686,2.0659656172547884,49.377828401502214,33.138411559663126,0.05816717742721966,-35.88949540459719,-183.5,1.0,-0.2542226307119534,0.47213495424122387,0,0.6980419857427478
23.79999999999993,436.1466695571838,291.50043341562247,2.0383436756254696,49.377822256752204,33.175550909232356,0.0665987240174246,-42.93369724275831,-181.0,1.0,-0.6981317007977318,0.4772187281621244,0,0.664250022964552
23.816666666666595,435.7757613161144,292.23507360453095,2.0384966564348996,49.3778175867422,33.23031872959908,0.06644574320799457,-41.360218345654985,-166.0,1.0,0.004647219610363323,0.4862163003927348,0,0.9221250074915588
23.83333333333326,435.4047407202034,292.96965699019944,2.021365742945618,49.37781403753459,33.27754836204739,0.06330345933713133,-44.81613100739299,-175.5,1.0,-0.47983658490044834,0.4833477709371036,0,0.7312919769901782
23.849999999999927,435.0463580528461,293.7104881604622,2.015289338556773,49.377811340136816,33.32961001230514,0.0693798637259766,-45.08967860443579,-173.5,1.0,-0.18253445094026877,0.4677104473235437,0,0.7391249819193035
23.866666666666593,434.69248357845896,294.453483287792,2.0218797318324633,49.377809290114506,33.38158630899096,0.04138850252659366,-41.45380716266148,-168.5,1.0,0.19759082943583745,0.46843841253990587,0,0.7464159862138331
23.88333333333326,434.3337202056843,295.1941301013774,2.0241682839151367,49.37780773209755,33.41563781063243,0.03909995044392023,-39.27228429759688,-168.0,1.0,0.06940999766150374,0.4661367177796346,0,0.6973329873289913
23.899999999999924,433.9732627737312,295.9339539097173,2.0088111429535824,49.37780654800466,33.44383678600254,0.03188359507888494,-42.36337057855813,-170.0,1.0,-0.43650633473643197,0.4654424322619359,0,0.7122090028133243
23.91666666666659,433.6242089846927,296.679225843516,2.012161829447521,49.37780564809407,33.470071373306865,0.02853290858494617,-39.81802234713488,-166.0,1.0,0.10143786582480796,0.48448784304285025,0,0.7037080067675561
23.933333333333255,433.27265999202234,297.4233240157628,1.9951992765575322,49.37780496416202,33.489240253222164,0.021705636091386316,-43.290813408280926,-169.5,1.0,-0.4758036971717817,0.48241913881490833,0,0.7012909918557853
23.94999999999992,432.93378277632206,298.1732780160914,1.9784609153232744,49.37780444437366,33.50710179485092,0.038443997325644075,-46.57448804496856,-168.0,1.0,-0.4704072183030702,0.46351413423435345,0,0.9119999886024743
23.966666666666587,432.60750544900895,298.928798938882,1.9875474617274467,49.37780404933451,33.532385193604824,0.0043093610166073945,-42.144692826981135,-163.0,1.0,0.2693247523514926,0.4721776596232296,0,0.7103329990059137
23.983333333333253,432.27437661177044,299.6813239741181,1.96647812747477,49.37780374910475,33.53593162900428,0.025378695269284046,-46.486815696188685,-169.0,1.0,-0.5693448985891054,0.4804242646886407,0,0.7400840113405138
23.99999999999992,431.95717574247556,300.44070026629225,1.9754539769783783,49.37780352093014,33.54643841136218,-0.009942494543466296,-42.09208941771321,-162.5,1.0,0.26619739417987076,0.46092876506716085,0,0.6970830145291984
24.016666666666584,431.63317169622337,301.1971988570727,1.9624493814607664,49.37780334751743,33.53825623716356,0.0030621009741456096,-44.455253650627924,-168.5,1.0,-0.3762352301587444,0.4648013167176111,0,0.7218749960884452
24.03333333333325,431.31903272901206,301.9578469001942,1.9572567671066217,49.377803215723766,33.523848517657285,-0.017162625922297448,-44.47315219037675,-159.5,1.0,-0.1564522214285794,0.48269517691350294,0,0.7303330057766289
24.049999999999915,431.0088477317208,302.7201158822031,1.9437315657815795,49.37780311556059,33.509724998312755,-0.0036374245972552455,-46.88389131422605,-162.5,1.0,-0.38984083285714854,0.46638963001440276,0,0.7072909793350846
24.06666666666658,430.7090006328128,303.4865103293814,1.9347668607970687,49.37780303943657,33.48935426108358,-0.01606864843332345,-47.93033478853563,-156.0,1.0,-0.2658822497142891,0.469541163968244,0,0.6715419876854867
24.083333333333247,430.41603599100904,304.25556198463937,1.931712691686324,49.37780298158232,33.476130920873025,-0.01301447932257882,-47.15820087312138,-156.0,1.0,-0.09251476649523976,0.4681643818387624,0,0.6997500022407621
24.099999999999913,430.12542152600105,305.0255048145457,1.923770193634163,49.37780293761309,33.45274671359931,-0.023747576703674778,-47.89492052387283,-155.0,1.0,-0.23675244323047764,0.4831628286761877,0,0.7682499999646097
24.11666666666658,429.84093143272537,305.7977315393535,1.9200243887515154,49.37780290419647,33.433205164422375,-0.020001771821027248,-47.336952314323696,-156.0,1.0,-0.11330279927161904,0.46220626010845783,0,0.7155830098781735
24.133333333333244,429.55933593931206,306.5710184880808,1.9122996749188768,49.37780287879984,33.40626184322354,-0.030322077382064938,-48.00217138859422,-154.0,1.0,-0.2304911795629721,0.47821410626805677,0,0.6792499916628003
24.14999999999991,429.2837222085185,307.3464575881082,1.9106173359194032,49.3778028594984,33.381311707623105,-0.028639738382591373,-46.80130283315653,-152.5,1.0,-0.05106170773778296,0.45761889102895353,0,0.698207993991673
24.166666666666575,429.00941341866053,308.1223592660658,1.904255312991076,49.37780284482931,33.34999823195455,-0.03972108282562292,-47.08078169989392,-151.5,1.0,-0.19091194130933678,0.46410252363441235,0,0.674375012749806
24.18333333333324,428.74004645118043,308.8999903884983,1.9008500119481115,49.3778028336808,33.31731783059736,-0.03631578178265849,-46.448469019936354,-152.0,1.0,-0.10307966478560238,0.46477186445719476,0,0.6942089821677655
24.199999999999907,428.47332910849883,309.6785342759095,1.8906350552923956,49.37780282520794,33.282895481157496,-0.04297077959379547,-47.869081411961815,-149.5,1.0,-0.3008886322046943,0.4799765872796159,0,0.7664579898118973
24.216666666666573,428.2145783348449,310.4597620035724,1.8842245234425445,49.37780281876856,33.24754298513187,-0.036560247743944396,-48.12144884717709,-145.5,1.0,-0.19233209598948328,0.47035576240435434,0,0.7325419865082949
24.23333333333324,427.9608409287979,311.24263239768254,1.8897920613695232,49.37780281387463,33.216513347630304,-0.058451800120780106,-44.672869308306254,-148.5,1.0,0.16754524240630983,0.4682970243392795,0,0.906333007151261
24.249999999999904,427.70274881727687,312.02407797292767,1.8757757847995646,49.377802810155245,33.168437043895736,-0.04443552355082159,-47.203721584983754,-150.5,1.0,-0.4025368545562141,0.47796294395806527,0,0.6982089835219085
24.26666666666657,427.45563465590953,312.8090641615156,1.87186179169711,49.37780280732851,33.13188026833029,-0.04052153044836704,-46.722232950990254,-149.5,1.0,-0.11834377940039462,0.45843844601412714,0,0.7676670211367309
24.283333333333236,427.2115948100466,313.5950115379947,1.864055593783835,49.37780280518019,33.088532346092954,-0.04852005643207158,-47.43333977059415,-144.5,1.0,-0.23283601764023745,0.46778295553273835,0,0.6966250075493008
24.2999999999999,426.97369759810834,314.38283997202734,1.8604102482991955,49.37780280354747,33.0486177818705,-0.04487471094743212,-46.86000386235649,-147.5,1.0,-0.11028902725080914,0.4772641598341344,0,0.7088330166880041
24.316666666666567,426.7386738672921,315.1715303871064,1.861249265520608,49.3778028023066,33.006294809266215,-0.06102495062571034,-44.9160023174139,-147.0,1.0,0.025482166982848303,0.46991636499812756,0,0.7521660008933395
24.333333333333233,426.5029884944398,315.9600233356366,1.8490438198285402,49.377802801363536,32.956104674889865,-0.0488195049336424,-46.949601390448336,-144.5,1.0,-0.3550634498102908,0.4734493775476479,0,0.7028330001048744
24.3499999999999,426.2769443456536,316.7513341264377,1.8454781143001047,49.37780280064681,32.91534689699625,-0.060096429120504835,-46.369760834269,-144.0,1.0,-0.10789840321950789,0.4530930988186881,0,0.7028330001048744
24.366666666666564,426.0537232091423,317.5434458919345,1.8399169458518565,49.3778028001021,32.86591950094098,-0.05453526067225667,-46.421856500561404,-146.5,1.0,-0.16735712526503846,0.4687630994091919,0,0.6770420004613698
24.38333333333323,425.8349105686109,318.3367867727393,1.8357290597829103,49.37780279968812,32.821061221668344,-0.05034737460331052,-46.05311390033684,-145.5,1.0,-0.12653994182568953,0.47009004049856484,0,0.706541002728045
24.399999999999896,425.61942225839977,319.1310370563188,1.8324076664910074,49.37780279937349,32.77217807121188,-0.061424040417531245,-45.4318683402021,-147.0,1.0,-0.10055704842874652,0.45426623598225413,0,0.713084009476006
24.41666666666656,425.4065731494984,319.9259986790637,1.8250473017669948,49.37780279913438,32.72166011592539,-0.05406367569351866,-46.05912100412126,-146.0,1.0,-0.21997514572391505,0.4702225723852669,0,0.7214999932330102
24.433333333333227,425.1995809607724,320.7225054013195,1.819112081508271,49.37780279895265,32.67514968268675,-0.06210508471553733,-46.235472602472754,-141.5,1.0,-0.17838375410101595,0.4687658831003812,0,0.7117920031305403
24.449999999999893,424.9973198329552,321.520226631426,1.8166489379389925,49.377802798814535,32.62407232162043,-0.05964194114625876,-45.34128356148365,-144.0,1.0,-0.07468625246060906,0.4607500434968287,0,0.7208329916466027
24.46666666666656,424.7970242186362,322.3184436393068,1.8091761420733414,49.377802798709574,32.57501828240699,-0.052169145280607676,-46.00477013689019,-143.5,1.0,-0.2232255848096987,0.4646665707388044,0,0.757958012400195
24.483333333333224,424.6026990540536,323.11813511431035,1.8044916412157312,49.3778027986298,32.52440064828568,-0.06106211773230963,-45.80286208213411,-143.5,1.0,-0.14135676755248625,0.46920939511245163,0,0.6977080192882568
24.49999999999989,424.4121221633555,323.9187281279656,1.8034546093944175,49.37780279856917,32.4741799837155,-0.06002508591099587,-44.481717249280464,-144.0,1.0,-0.03149256053149199,0.4575220121816518,0,0.6936670106370002
24.516666666666556,424.2223756154164,324.7195183453919,1.793538660152221,49.37780279852309,32.42294778311577,-0.06330888271835698,-45.88903034956828,-141.5,1.0,-0.2925820363188948,0.4662838014706466,0,0.7354160188697278
24.53333333333322,424.0405788609376,325.52215068017574,1.7906677303490446,49.37780279848808,32.37088168756042,-0.06043795291518061,-45.13341820974097,-139.5,1.0,-0.08699305512467007,0.47253277249798387,0,0.6923330074641854
24.549999999999887,423.86108715358995,326.3253016322216,1.7856034131723424,49.37780279846146,32.32117374020398,-0.05537363573847842,-45.080050925844574,-140.5,1.0,-0.15264716640813522,0.45780759623390765,0,0.7282079895958304
24.566666666666553,423.6856651417526,327.1293512840101,1.7778072474021722,49.37780279844123,32.269047681662364,-0.060420099947756656,-45.848030555506746,-138.5,1.0,-0.2325474665115482,0.47247365843640904,0,0.6904170149937272
24.58333333333322,423.5165169018537,327.93474410600254,1.7742383226005036,49.37780279842586,32.21935439982677,-0.056851175146088055,-45.308818333304046,-140.0,1.0,-0.10799506324026242,0.46948077213209777,0,0.75758300954476
24.599999999999884,423.3502441195088,328.7407354748328,1.7706851873976681,49.37780279841418,32.17210094128899,-0.06580337969716687,-44.78529099998243,-137.0,1.0,-0.10752095461082384,0.45627033316710597,0,0.7265830063261092
24.61666666666655,423.18683617702055,329.5473125443736,1.7658616574052326,49.3778027984053,32.1179862427964,-0.06097984970473136,-44.671174599989456,-140.0,1.0,-0.1454939060998279,0.46751062252373626,0,0.7563330000266433
24.633333333333216,423.02732066908897,330.3546684308985,1.7582395296475535,49.37780279839855,32.06783315579037,-0.05335772194705224,-45.402704759993675,-136.5,1.0,-0.22753542699323018,0.45825396825396825,0,0.7110830047167838
24.64999999999988,422.8739635049352,331.16321670093544,1.7534908275800234,49.37780279839342,32.01947231285097,-0.06079614559255586,-45.241622855996205,-135.5,1.0,-0.14326783952927163,0.4676370368597033,0,0.7996250060386956
24.666666666666547,422.72444761030454,331.97248409928386,1.7478921460356338,49.377802798389524,31.96947012744665,-0.05519746404816628,-45.344973713597724,-134.0,1.0,-0.16846487038422908,0.4677635035101963,0,0.9029579814523458
24.683333333333213,422.5794648657509,332.7825759018337,1.7437276549528506,49.37780279838656,31.924067699116033,-0.05103297296538312,-45.006984228158636,-136.5,1.0,-0.1258405055638716,0.4616534344765517,0,0.7662079879082739
24.69999999999988,422.43785698874876,333.5932644572899,1.7436857588519468,49.37780279838431,31.874060863536798,-0.06287835340213022,-43.404190536895186,-139.0,1.0,-0.0012727200049891252,0.45848633697362773,0,0.7201250118669122
24.716666666666544,422.2962830765604,334.40395894485243,1.7404896182982215,49.3778027983826,31.82234837285483,-0.05968221284840491,-42.84251432213711,-141.5,1.0,-0.09678904866966034,0.45468294779743046,0,0.7192500052042305
24.73333333333321,422.1573009765994,335.2151017810207,1.7319751231158624,49.377802798381296,31.77159333881377,-0.06277283888784613,-43.90550859328226,-138.5,1.0,-0.2531064292017957,0.46536336930838496,0,0.7241659914143384
24.749999999999876,422.0252303027965,336.0273985629285,1.7287170030335155,49.37780279838031,31.719967511398977,-0.05951471880549919,-43.34330515596936,-137.0,1.0,-0.09865394085441134,0.47578225800068075,0,0.7225000008475035
24.76666666666654,421.8958068857566,336.84012133478757,1.7254477299896593,49.377802798379555,31.671017985749117,-0.05624544576164303,-42.80598309358162,-138.5,1.0,-0.09898944784597971,0.4548428536093003,0,0.7342500030063093
24.783333333333207,421.7690411682813,337.6532628831354,1.7140821736819813,49.37780279837899,31.62001752013126,-0.056219919962067655,-44.68358985614897,-135.5,1.0,-0.3324486687075876,0.4664696395516044,0,0.7124170078895986
24.799999999999873,421.65152524533926,338.4677926447965,1.7143033582541138,49.37780279837855,31.57377495341763,-0.05644110453420015,-43.01015391368938,-136.0,1.0,0.0067190487754473505,0.4480116804248594,0,0.7616670045536011
24.81666666666654,421.53382916385647,339.28229639382414,1.7080138460357754,49.37780279837823,31.527350648622008,-0.05015159231586174,-43.40609234821363,-140.5,1.0,-0.18878765406806547,0.47112878673159536,0,0.7363750191871077
24.833333333333204,421.42125820778136,340.09752427891203,1.6995083793560952,49.37780279837798,31.478578545614177,-0.052737543546611754,-44.44365540892818,-130.5,1.0,-0.2528493424408392,0.46925649601234887,0,0.7252079958561808
24.84999999999987,421.31562513355016,340.91368013314883,1.6942704947038554,49.377802798377786,31.435197593920197,-0.04749965889437191,-44.466193245356905,-133.5,1.0,-0.15779377213117005,0.4685726651918823,0,0.7244590087793767
24.866666666666536,421.2142684190357,341.73037808294384,1.6948789941025804,49.377802798377644,31.394998536434677,-0.058966898724301275,-42.67971594721414,-136.0,1.0,0.018482903387964683,0.4699692908324803,0,0.7385000062640756
24.8833333333332,421.1124147631053,342.54701420604283,1.6847678718241235,49.37780279837753,31.346499055777922,-0.04885577644584438,-44.207829568328485,-133.0,1.0,-0.29800884130055433,0.47198561725928884,0,0.7751669909339398
24.899999999999867,421.0188232806287,343.36463842240653,1.6805592042764672,49.377802798377445,31.306308533687996,-0.044647108898188126,-43.92469774099709,-129.0,1.0,-0.127161138113666,0.46391694408395867,0,0.7103749958332628
24.916666666666533,420.92867372538524,344.18264929181225,1.6760155771001326,49.37780279837738,31.265961081393247,-0.05074498078777512,-43.75481864459826,-132.0,1.0,-0.1371597662015338,0.48043055188486583,0,0.7677500252611935
24.9333333333332,420.842241824317,345.00106132206,1.6699517028005355,49.37780279837733,31.22421774109055,-0.044681106488178024,-44.052891186758956,-128.0,1.0,-0.18216635972091946,0.4612699441159796,0,0.7453329744748771
24.949999999999864,420.760774229582,345.81998241458643,1.668793244700457,49.377802798377296,31.18745906036963,-0.043522648388099494,-42.83173471205538,-133.5,1.0,-0.035177149165886046,0.4745534641569884,0,0.7182080007623881
24.96666666666653,420.68025537507356,346.6389973343804,1.6649160744595128,49.37780279837727,31.14573238518053,-0.05008471732132636,-42.49904082723323,-131.5,1.0,-0.11724062283286432,0.4585325114336846,0,0.97870800527744
24.983333333333196,420.60291257808024,347.45831828280643,1.658670965422423,49.377802798377246,31.104531727134784,-0.0438396082842365,-42.89942449633994,-133.5,1.0,-0.18748595703305174,0.4716607150022068,0,0.7352080137934536
24.99999999999986,420.5306880047195,348.2781062650185,1.6561679710828598,49.37780279837723,31.068464890392004,-0.04133661394467336,-42.13965469780396,-135.5,1.0,-0.0758899908864972,0.46279639576366555,0,0.947958993492648
25.016666666666527,420.46051558013795,349.09807245676353,1.6540685805785114,49.37780279837722,31.026393872966583,-0.049488774226634336,-41.28379281868237,-137.0,1.0,-0.06368907786523159,0.4761278495137893,0,0.97366698901169
25.033333333333193,420.3920647381691,349.91818416074676,1.6509692368812505,49.37780279837721,30.985683046551692,-0.0463894305293735,-40.77027569120942,-140.0,1.0,-0.09387519671913894,0.46441718777629526,0,0.7632079941686243
25.04999999999986,420.32615602893844,350.73850407811074,1.6466155379679501,49.3778027983772,30.945735411576756,-0.05211380052321112,-40.66216541472565,-140.0,1.0,-0.13149361803148413,0.4735474275113151,0,0.7412090199068189
25.066666666666524,420.2638193589967,351.5591031667997,1.6360409760929504,49.377802798377196,30.902867072288537,-0.04153923864821141,-42.39729924883539,-135.5,1.0,-0.3108221708188902,0.47203961961299895,0,0.7840420003049076
25.08333333333319,420.21016348842574,352.3803155463519,1.6322993919424456,49.377802798377196,30.868691630363053,-0.037797654497706556,-42.03837954930123,-136.0,1.0,-0.11317621915800075,0.4753447572092874,0,0.6957910081837326
25.099999999999856,420.159580621485,353.20172293513565,1.6287853974569224,49.377802798377196,30.83376997200604,-0.04420213388329808,-41.62302772958074,-138.0,1.0,-0.10634548149480036,0.47261262568841367,0,0.7448340184055269
25.11666666666652,420.1118844819408,354.0233030000405,1.624782571759028,49.377802798377196,30.797405078998178,-0.04019930818540374,-41.37381663774845,-139.0,1.0,-0.12100387223021372,0.47114304061647133,0,0.7070419960655272
25.133333333333187,420.0674773575191,354.8450674018475,1.6204853946445972,49.377802798377196,30.7643314298911,-0.03590213107097284,-41.22428998264907,-136.0,1.0,-0.12980574000479475,0.471701160377587,0,0.7131249876692891
25.149999999999853,420.0266018994148,355.66701504111734,1.6153554615215584,49.377802798377196,30.729016173680098,-0.040544689745984686,-41.334573989589444,-148.5,1.0,-0.15459377733621046,0.5118071011337066,0,0.7180420216172934
25.16666666666652,419.9899434970792,356.48916155258274,1.6247599973965097,49.377802798377196,30.695658519804685,-0.049949225620935955,-37.00074439375366,-162.5,1.0,0.27827831693160743,0.5036331367539734,0,0.741625000955537
25.183333333333184,419.9455549234763,357.3109269566428,1.6033568011611592,49.377802798377196,30.654569227020147,-0.028546029385585484,-41.6004466362522,-146.0,1.0,-0.5765065098410358,0.4975019046473395,0,0.7879999757278711
25.19999999999985,419.91876357998507,358.13345412865016,1.5896371020735296,49.377802798377196,30.62341749757381,-0.024466225494478078,-44.16026798175132,-138.0,1.0,-0.3948854059046214,0.4866452778817142,0,0.7615420036017895
25.216666666666516,419.90325922919413,358.95627144730787,1.5879512001377096,49.377802798377196,30.60328469865545,-0.02278032355865811,-43.09616078905079,-139.0,1.0,-0.05116966020943953,0.4895416500597848,0,0.7480829954147339
25.23333333333318,419.8891420890901,359.7791137354359,1.5603292693934012,49.377802798377196,30.58284784528968,-0.004678896573187874,-88.85769647343048,119.5,1.0,-0.6981317007977318,0.282353554848469,0,0.7264160085469484
25.249999999999847,419.8977559367378,360.60203203417836,1.5879512001377096,49.377802798377196,30.578997298800722,-0.03230082731749629,-65.11461788405829,-129.0,1.0,0.6981317007977318,0.46530732109975237,0,0.7804580091033131
25.266666666666513,419.88363879663376,361.4248743223064,1.5603292693934012,49.377802798377196,30.55241952296289,-0.004678896573187874,-90.26877073043497,78.0,1.0,-0.6981317007977318,0.28290503300142894,0,0.7610000029671937
25.28333333333318,419.8922526442814,362.24779262104886,1.5879512001377096,49.377802798377196,30.54493981030295,-0.04171501270880529,-67.56126243826098,-142.0,1.0,0.6981317007977318,0.49436446825131125,0,0.8034579805098474
25.299999999999844,419.8781355041774,363.0706349091769,1.6113310409666628,49.377802798377196,30.51061983807541,-0.06509485353775847,-58.73675746295659,-167.0,1.0,0.6175610030887808,0.5135967080814686,0,0.9626249957364053
25.31666666666651,419.84478605308914,363.8929222913545,1.5837091102223544,49.377802798377196,30.457086982238724,-0.03747292279345005,-88.64205447777397,91.5,1.0,-0.6981317007977318,0.281032285633618,0,0.7557909993920475
25.333333333333176,419.8341596005096,364.7158170618338,1.556087179478046,49.377802798377196,30.420717553469476,-0.01917184957415574,-100.98523268666438,84.0,1.0,-0.6981317007977318,0.27445920303605315,0,0.9692500170785934
25.34999999999984,419.8462642535992,365.5386914156388,1.5837091102223544,49.377802798377196,30.404940789869098,-0.04679378031846415,-74.79113961199862,-154.0,1.0,0.6981317007977318,0.4803835054496888,0,0.7674590160604566
25.366666666666507,419.8356378010197,366.3615861861181,1.556087179478046,49.377802798377196,30.36644527451426,-0.01917184957415574,-93.87468376719917,102.0,1.0,-0.6981317007977318,0.2601399993873112,0,0.8112500072456896
25.383333333333173,419.84774245410927,367.1844605399231,1.5284652487337376,49.377802798377196,30.343189807874428,-0.00079040758323079,-100.5248102603195,95.5,1.0,-0.6981317007977318,0.27004190938875267,0,0.7791249954607338
25.39999999999984,419.88256897795515,368.00668668765456,1.556087179478046,49.377802798377196,30.342539331445927,-0.0284123383275392,-74.1148861561917,-149.0,1.0,0.6981317007977318,0.48781127338026603,0,0.802832975750789
25.416666666666504,419.8946736310447,368.8295610414596,1.5284652487337376,49.377802798377196,30.317240879245013,-0.009963508429580603,-84.66893169371502,83.5,1.0,-0.6981317007977318,0.25369401439246314,0,0.8224170014727861
25.43333333333317,419.9295001548906,369.65178718919105,1.5008433179894292,49.377802798377196,30.30904141233524,0.017658422314727806,-90.60135901622903,115.5,1.0,-0.6981317007977318,0.24868097341198092,0,0.8065839938353747
25.449999999999836,419.9870219795524,370.4727378359805,1.4958645429456214,49.377802798377196,30.32357289202019,0.022637197358535532,-88.7608154097374,116.5,1.0,-0.15010766083495997,0.24925219108013522,0,0.7891669811215252
25.4666666666665,420.0486304029906,371.2933919208043,1.4830578602596118,49.377802798377196,30.338180767701488,0.026325108847565115,-89.25648924584243,139.5,1.0,-0.3710240131676437,0.24159596255119953,0,0.7804999768268317
25.483333333333167,420.12074334343737,372.11318973038703,1.4829726891347212,49.377802798377196,30.359842866041184,0.02641027997245571,-85.95389354750546,125.0,1.0,-0.0025873245672544676,0.23766515392010015,0,0.801000016508624
25.499999999999833,420.1929261067241,372.93298139505606,1.478382789322004,49.377802798377196,30.381575032732915,0.03100017978517289,-84.17233612850328,140.0,1.0,-0.13853889474035264,0.2313273549247758,0,0.8507909951731563
25.5166666666665,420.2688708580648,373.75243311390244,1.4840039396223768,49.377802798377196,30.40088523203575,0.016301393723416657,-79.30340167710196,126.0,1.0,0.1691281631557897,0.2218226393637525,0,0.8497079834342003
25.533333333333164,420.34020817256504,374.5722987811531,1.4852048979075456,49.377802798377196,30.41430008796046,0.015100435438247795,-75.98204100626117,126.0,1.0,0.03646656456014019,0.22174472617533064,0,0.798833993030712
25.54999999999983,420.41056081139124,375.3922495302757,1.4889859126389053,49.377802798377196,30.42568711228372,0.002269528145623312,-71.9892246037567,136.0,1.0,0.11435860540275095,0.22513662799193385,0,0.7735409890301526
25.566666666666496,420.47781270886026,376.21246042209765,1.4939302106168364,49.377802798377196,30.427554849234,-0.002674769832307744,-67.79353476225401,112.5,1.0,0.1490835799083175,0.2146099629673874,0,0.817624997580424
25.58333333333316,420.5410084337773,377.0329938005343,1.4881322500862535,49.377802798377196,30.425353614236908,0.003123190698275158,-67.07612085735241,127.0,1.0,-0.17434243538834354,0.20695262961581498,0,0.8151659858413041
25.599999999999827,420.60896048998035,377.8531469830766,1.492497630826673,49.377802798377196,30.424454621801665,-0.01027799587165612,-63.245672514411446,109.5,1.0,0.13184237210032687,0.20958701505555766,0,0.8327919931616634
25.616666666666493,420.6733316291826,378.67358898664196,1.4878685277520807,49.377802798377196,30.415996356499523,-0.005648892797063709,-62.34740350864686,116.0,1.0,-0.13970691007313654,0.20344224924012158,0,0.9704999974928796
25.63333333333316,420.7414999757318,379.493724220189,1.4925277725665784,49.377802798377196,30.411347549314147,-0.010308137611561463,-58.60844210518812,130.5,1.0,0.1406046872894512,0.19383612941881367,0,0.8347079856321216
25.649999999999824,420.8058463853553,380.31416816363975,1.4934590523948132,49.377802798377196,30.396827531966746,-0.02027512833038658,-56.16506526311287,121.5,1.0,0.028282895707003458,0.18968182060438096,0,0.7766250055283308
25.66666666666649,420.86942870429135,381.134671675817,1.4921953860194674,49.377802798377196,30.380142986997537,-0.019011461955040776,-54.49903915786773,124.5,1.0,-0.0383688459091312,0.1880799265043638,0,0.8089999901130795
25.683333333333156,420.9340478148848,381.9550941860656,1.5000553868817887,49.377802798377196,30.363178746749302,-0.03592148269987372,-50.09942349472064,127.0,1.0,0.23438285912118745,0.17124621376027693,0,0.7957500056363642
25.69999999999982,420.99221647417636,382.77599925478717,1.5052758297241975,49.377802798377196,30.333623039105593,-0.041141925542282465,-46.659654096832384,151.0,1.0,0.15727696547271336,0.18007683483589834,0,0.8177080017048866
25.716666666666487,421.04609887230885,383.59719680224333,1.5110115193834248,49.377802798377196,30.299774291947752,-0.04687761520150979,-43.19579245809943,140.0,1.0,0.1725070959502944,0.18415343770313344,0,0.772833009250462
25.733333333333153,421.09527027567316,384.41868989282153,1.5094595269324116,49.377802798377196,30.25700960875177,-0.054404851196734993,-42.11747547485966,137.0,1.0,-0.047111575763156555,0.21028282054688538,0,0.7367920188698918
25.74999999999982,421.1457165703817,385.2401056804265,1.5072956639492299,49.377802798377196,30.212258492530538,-0.052240988213553274,-41.27048528491579,129.5,1.0,-0.06563944545789416,0.22628333174799456,0,0.7714579987805337
25.766666666666485,421.1979401768174,386.0614103861888,1.4974539343664872,49.377802798377196,30.169285624880683,-0.042399258630810614,-42.762291170949474,135.5,1.0,-0.2905136672747363,0.22977922191415157,0,0.7246249879244715
25.78333333333315,421.2582441824263,386.8821613543174,1.4894698573766683,49.377802798377196,30.127124323414808,-0.0435391051705909,-43.65737470256968,140.0,1.0,-0.2379457003648418,0.0,0,0.735500012524426
25.799999999999816,421.3250991352906,387.70240469629226,1.4916651069536138,49.377802798377196,30.091304553745662,-0.0457343547475364,-41.39442482154181,125.5,1.0,0.0665887464477615,0.0,0,0.7305000035557896
25.81666666666648,421.3901532896607,388.52279282503116,1.4853786650004204,49.377802798377196,30.05062647962452,-0.048632705273168986,-41.83665489292508,128.5,1.0,-0.18869766879800917,0.0,0,0.7348330109380186
25.833333333333147,421.46036344696745,389.342755786748,1.4769336558433164,49.377802798377196,30.010619318891173,-0.040187696116064986,-42.90199293575505,132.0,1.0,-0.2511269346121391,0.0,0,0.734750006813556
25.849999999999813,421.53749561307103,390.162096591132,1.4656364452595536,49.377802798377196,29.977555218373762,-0.028890485532302227,-44.74119576145303,138.0,1.0,-0.33059241076728385,0.0,0,0.7479579944629222
25.86666666666648,421.62387892587145,390.9805137512931,1.4652322337308588,49.377802798377196,29.947181351058056,-0.03774890762734673,-43.24471745687182,129.5,1.0,-0.012278529793703863,0.0,0,0.8803340024314821
25.883333333333145,421.7105930452573,391.79889592746486,1.4571574036247765,49.377802798377196,29.916122759985207,-0.029674077521264497,-44.14683047412309,130.0,1.0,-0.24054778454288822,0.0,0,0.7190420001279563
25.89999999999981,421.8039125628747,392.616551229171,1.4554188019504142,49.377802798377196,29.8889380766331,-0.03729384444650741,-43.08809828447386,124.0,1.0,-0.05276625405906682,0.0,0,0.7586250139866024
25.916666666666476,421.8986535156124,393.43404304971165,1.444359763282311,49.377802798377196,29.858253722300546,-0.026234805778404313,-44.85285897068431,132.5,1.0,-0.32410525243543997,0.0,0,0.7186250004451722
25.93333333333314,422.002429164262,394.250437157679,1.4388981212340617,49.377802798377196,29.83666591441866,-0.02077316373015492,-44.911715382410584,126.0,1.0,-0.16441615146126362,0.0,0,0.7542499806731939
25.949999999999807,422.1106620953463,395.0662523067204,1.4287563006914563,49.377802798377196,29.812672275802996,-0.020104399882816985,-46.34702922944635,131.0,1.0,-0.29886077421009205,0.0,0,0.7527089910581708
25.966666666666473,422.22716316924846,395.88092784001947,1.4230959407541846,49.377802798377196,29.79612820545843,-0.014444039945545217,-46.40821753766781,126.0,1.0,-0.1702852978593885,0.0,0,0.7243750151246786
25.98333333333314,422.3482737089535,396.6949308878939,1.4201203546533925,49.377802798377196,29.780713018920405,-0.021076365418409182,-45.64493052260069,121.0,1.0,-0.09014742871563303,0.0,0,0.8236249850597233
25.999999999999805,422.47180584507674,397.50856995782686,1.4149405575407665,49.377802798377196,29.76336922612156,-0.015896568305783232,-45.586958313560416,121.5,1.0,-0.1560722905627137,0.0,0,0.7598339871037751
26.01666666666647,422.59955079046085,398.3215582441541,1.4110001604572737,49.377802798377196,29.749928103251527,-0.021720491999598576,-45.15217498813625,115.5,1.0,-0.11913462433762737,0.0,0,0.7731670048087835
26.033333333333136,422.73049823249806,399.13403685445746,1.4065464135555155,49.377802798377196,29.73205433923161,-0.01726674509784032,-44.89130499288175,116.5,1.0,-0.13447944126924305,0.0,0,0.766291021136567
26.0499999999998,422.86506293794025,399.9459242018313,1.3934862426095636,49.377802798377196,29.717845146405285,-0.004206574151888409,-47.134782995729054,124.5,1.0,-0.3776947480948801,0.0,0,0.7345830090343952
26.066666666666467,423.01021925343974,400.75598492106604,1.391355705883472,49.377802798377196,29.708797363377425,-0.012019905939330444,-46.08086979743743,113.0,1.0,-0.06463134885692734,0.0,0,0.7899590127635747
26.083333333333133,423.15710110230054,401.5657345411658,1.384706735737669,49.377802798377196,29.698905659151805,-0.0053709357935274316,-46.44852187846246,114.0,1.0,-0.19930114264748938,0.0,0,0.8921250118874013
26.0999999999998,423.30936366581756,402.37448965646814,1.3751030973867882,49.377802798377196,29.691456908732587,-0.005915659756858594,-47.66911312707747,118.0,1.0,-0.2838612689218273,0.0,0,0.7345000049099326
26.116666666666465,423.46938608006127,403.1817452242508,1.3683665682000188,49.377802798377196,29.68658856577909,0.0008208694299107755,-48.00146787624649,115.5,1.0,-0.2018554280197637,0.0,0,0.7294999959412962
26.13333333333313,423.6348429229068,403.98790448763,1.3557627362797626,49.377802798377196,29.686518732704197,0.0030448370647238043,-50.00088072574789,122.0,1.0,-0.3656607568118571,0.0,0,0.7324589823838323
26.149999999999796,423.8104470508154,404.7919143849807,1.349833683628129,49.377802798377196,29.689024518234564,0.008973889716357375,-50.00052843544873,116.5,1.0,-0.17820228742044816,0.0,0,0.7094999891705811
26.166666666666462,423.9908150812529,405.59486899040536,1.347170212163919,49.377802798377196,29.6964096017251,0.011637361180567352,-49.000317061269236,111.0,1.0,-0.08073512245226838,0.0,0,0.7254160009324551
26.183333333333128,424.1733211160681,406.39734034318536,1.3393578520244873,49.377802798377196,29.698464393296046,0.008808993510291518,-49.60019023676154,112.5,1.0,-0.2330132401380285,0.0,0,0.7156250067055225
26.199999999999793,424.36209071290733,407.1983614191164,1.33023359985833,49.377802798377196,29.70571377861185,0.017933245676448935,-50.560114142056925,116.5,1.0,-0.2703887774161502,0.0,0,0.7475420134142041
26.21666666666646,424.5581610689567,407.99762679448,1.326928329322832,49.377802798377196,29.714347837402975,0.010304875468585053,-49.736068485234156,108.0,1.0,-0.10007218311635643,0.0,0,0.7019590120762587
26.233333333333125,424.756872137476,408.79623973954443,1.3193372264018743,49.377802798377196,29.72282822245759,0.01789597838954271,-50.241641091140494,111.0,1.0,-0.22664072653648085,0.0,0,0.7855829899199307
26.24999999999979,424.96163977551225,409.5933212530608,1.3136919509723726,49.377802798377196,29.73241412574113,0.01227957744734387,-50.14498465468429,102.0,1.0,-0.16984018592188865,0.0,0,0.7480419881176203
26.266666666666456,425.1709038714565,410.3892341018861,1.3009895730787941,49.377802798377196,29.74251951433544,0.02498195534092229,-52.086990792810575,115.0,1.0,-0.36826902821979934,0.0,0,0.730416999431327
26.283333333333122,425.3902607991078,411.18242466100025,1.2928872556788036,49.377802798377196,29.758443004834923,0.021455919090806574,-52.65219447568634,113.5,1.0,-0.24133525026521346,0.0,0,0.6999580073170364
26.299999999999788,425.61603713802924,411.9738119047436,1.293300967976963,49.377802798377196,29.776099085775726,0.021042206792647233,-50.591316685411805,97.5,1.0,0.012567099840872453,0.0,0,0.7187089940998703
26.316666666666453,425.84148605100296,412.7652924872063,1.281911388366045,49.377802798377196,29.78873764348599,0.020394077817584844,-52.15479001124709,106.0,1.0,-0.33310057342881044,0.0,0,0.7334160036407411
26.33333333333312,426.0759347774394,413.554154020968,1.2718182213172147,49.377802798377196,29.80552005928911,0.03048724486641508,-53.29287400674825,107.5,1.0,-0.2975103440572857,0.0,0,0.7328749925363809
26.349999999999785,426.31833353814767,414.340609083628,1.2638352042808494,49.377802798377196,29.825243776654954,0.025975882890468593,-53.775724404048944,106.5,1.0,-0.2379152897677048,0.0,0,0.7541669765487313
26.36666666666645,426.5670027925143,415.1251040337132,1.2564422664156145,49.377802798377196,29.84661857308556,0.033368820755703466,-54.065434642429366,102.0,1.0,-0.22091734052728973,0.0,0,0.7270830101333559
26.383333333333116,426.82146492092744,415.90773916580224,1.2507330158587744,49.377802798377196,29.867272072439018,0.026074365833050676,-53.839260785457626,104.0,1.0,-0.1717274876497078,0.0,0,0.7166250143200159
26.399999999999782,427.0803911379759,416.6889087625618,1.2399619749080688,49.377802798377196,29.88872788927928,0.03684540678375625,-55.10355647127457,106.5,1.0,-0.316223075923157,0.0,0,0.7907499966677278
26.416666666666448,427.3477161824899,417.46724419497644,1.2354847642124671,49.377802798377196,29.90990426056168,0.02775076591200132,-54.462133882764746,98.0,1.0,-0.13517934555389471,0.0,0,0.7672909996472299
26.433333333333113,427.61852330776804,418.2443749598256,1.221883620062839,49.377802798377196,29.93188051719334,0.027145962460571882,-56.47728032965885,111.5,1.0,-0.39181302399900386,0.0,0,0.7718749984633178
26.44999999999978,427.8998749266456,419.01775067145064,1.2137300473712558,49.377802798377196,29.954217906560743,0.035299535152155004,-56.88636819779531,107.0,1.0,-0.2428028143994021,0.0,0,0.732625019736588
26.466666666666445,428.1875228985561,419.78880668046185,1.2060777096478519,49.377802798377196,29.978611452326106,0.027046503847054204,-57.131820918677185,99.0,1.0,-0.22840627197297425,0.0,0,0.7324579928535968
26.48333333333311,428.4810627718223,420.55763895578554,1.2020323310160954,49.377802798377196,30.000867020942625,0.031091882478810676,-56.27909255120631,93.5,1.0,-0.12227751318378471,0.0,0,0.8710830006748438
26.499999999999776,428.7777104523636,421.32527746342174,1.1871196527341867,49.377802798377196,30.013819852341555,0.027816445619790464,-58.56745553072379,106.0,1.0,-0.4253605912436046,0.0,0,0.7216249941848218
26.516666666666442,429.0857722698844,422.08840696839604,1.1841084775566388,49.377802798377196,30.02998055438183,0.01189597295786271,-57.34047331843428,91.5,1.0,-0.09121968807949596,0.0,0,0.7172499899752438
26.533333333333108,429.39613060393094,422.85060538696194,1.175650557233634,49.377802798377196,30.03977027359416,0.020353893280867563,-57.80428399106057,91.0,1.0,-0.25149489618103116,0.0,0,0.7044999802019447
26.549999999999773,429.71292437371574,423.6101515884547,1.1684388652911422,49.377802798377196,30.04171098693981,0.008911371406658652,-57.882570394636346,86.5,1.0,-0.21566968770861866,0.0,0,0.7836250006221235
26.56666666666644,430.0351874712927,424.3673934393297,1.1599655204441839,49.377802798377196,30.041705188680247,-0.0010087589575400457,-58.329542236781805,89.0,1.0,-0.2519343959585041,0.0,0,0.7966669800225645
26.583333333333105,430.3638552946401,425.12187749262216,1.1485537138457804,49.377802798377196,30.040875017139744,0.010403047640863416,-59.59772534206908,94.0,1.0,-0.33370347090843544,0.0,0,0.7303330057766289
26.59999999999977,430.70111155634385,425.87256180624416,1.1366297412124313,49.377802798377196,30.034602396859846,0.004177470846865594,-60.95863520524145,97.5,1.0,-0.34752541587839525,0.0,0,0.718083989340812
26.616666666666436,431.0472947696942,426.61917141478864,1.1325241735919218,49.377802798377196,30.0308071431999,-0.009639488581269173,-59.975181123144864,79.5,1.0,-0.1240783328603692,0.0,0,0.703957979567349
26.633333333333102,431.3965403130938,427.36435345643486,1.1218060435492443,49.377802798377196,30.02287431994983,0.001078641461408347,-60.98510867388692,87.5,1.0,-0.3147704997162225,0.0,0,0.7224160071928054
26.649999999999768,431.75375260142357,428.1057495083819,1.1144207601656697,49.377802798377196,30.009513021956792,-0.009248554156557676,-60.99106520433216,85.0,1.0,-0.22069596649640072,0.0,0,0.8650420058984309
26.666666666666433,432.11643051835745,428.84448725166095,1.1014056278321402,49.377802798377196,29.995335554021413,-0.013752884922641815,-62.5946391225993,85.5,1.0,-0.3765120798978406,0.0,0,0.7745419861748815
26.6833333333331,432.4886922160973,429.578442259255,1.090496314390468,49.377802798377196,29.984017790146098,-0.0028435714809695867,-63.55678347355958,87.0,1.0,-0.3200125812720365,0.0,0,0.7335830014199018
26.699999999999765,432.86893854845283,430.3082925531555,1.0842124098365473,49.377802798377196,29.968472658337134,-0.013903196937195437,-63.13407008413574,76.5,1.0,-0.1886232987632224,0.0,0,0.7580000092275441
26.71666666666643,433.25376365275474,431.03573902120354,1.0753830582545354,49.377802798377196,29.951546612098703,-0.02225857404186749,-63.48044205048144,78.5,1.0,-0.2620503959245999,0.0,0,0.831749988719821
26.733333333333096,433.6449965543342,431.75975942250324,1.068336873414684,49.377802798377196,29.933230133324532,-0.015212389202016174,-63.288265230288864,68.0,1.0,-0.2108671542214264,0.0,0,0.7348750077653676
26.749999999999762,434.04132128320833,432.481005174005,1.0561649349137365,49.377802798377196,29.908871888891785,-0.020083562015205114,-64.57295913817332,77.0,1.0,-0.35416829253285587,0.0,0,0.7451669953297824
26.766666666666428,434.4463953956414,433.1973735765837,1.0497688386710693,49.377802798377196,29.888229454422312,-0.030606203584883085,-64.14377548290399,70.0,1.0,-0.19190955885304722,0.0,0,0.712290988303721
26.783333333333093,434.8560431523089,433.91113645053673,1.0357708786007729,49.377802798377196,29.86304560188743,-0.016608243514586674,-65.8862652897424,65.5,1.0,-0.40206573531182904,0.0,0,0.7398340094368905
26.79999999999976,435.2756416737775,434.619095351574,1.0255276918832974,49.377802798377196,29.839101570214275,-0.02317673673809706,-66.53175917384544,70.0,1.0,-0.3016706911870971,0.0,0,0.739875016734004
26.816666666666425,435.70246981109693,435.3227191615527,1.0188223962952159,49.377802798377196,29.817448086791774,-0.03319346619780905,-66.11905550430727,59.0,1.0,-0.20094458137892485,0.0,0,0.776707980548963
26.83333333333309,436.13400632341916,436.0234651663999,1.012950512690879,49.377802798377196,29.790136095721564,-0.027321582593472282,-65.47143330258436,43.5,1.0,-0.17651966549402104,0.0,0,0.7402919873129576
26.849999999999756,436.56965007161693,436.7216651731549,0.9961304780167519,49.377802798377196,29.759019452418304,-0.027151427418154905,-67.88285998155061,56.5,1.0,-0.47237663262974566,0.0,0,0.7284579914994538
26.866666666666422,437.01697539109097,437.4124392196665,0.9856074524199296,49.377802798377196,29.735682226789372,-0.03322377364574203,-68.52971598893036,50.0,1.0,-0.3094023962445147,0.0,0,0.6817910179961473
26.883333333333088,437.47154484253633,438.09846789150845,0.9752030509599744,49.377802798377196,29.708345307551244,-0.02281937218578678,-69.11782959335821,52.0,1.0,-0.3061295210800412,0.0,0,0.7274579838849604
26.899999999999753,437.9332272792127,438.77972999411,0.96042634540556,49.377802798377196,29.682535296817555,-0.024601322243079538,-70.87069775601492,46.5,1.0,-0.4219280459813582,0.0,0,0.7067920232657343
26.91666666666642,438.4049257555389,439.45409582376635,0.9450024794227375,49.377802798377196,29.662291351680565,-0.009177456260257013,-72.72241865360895,63.5,1.0,-0.43816974425548216,0.0,0,0.6969170062802732
26.933333333333085,438.88696904125135,440.1211063150452,0.9442805969875844,49.377802798377196,29.641648839005533,-0.024995485994902977,-70.23345119216538,19.5,1.0,-0.021925846553290218,0.0,0,0.7324159960262477
26.94999999999975,439.36949370447985,440.787768653979,0.9302777348034187,49.377802798377196,29.61548983153322,-0.027531976798066293,-71.74007071529923,35.5,1.0,-0.40219184126530677,0.0,0,0.724667013855651
26.966666666666416,439.8613059375119,441.4476091288035,0.916063595650073,49.377802798377196,29.59283488521497,-0.01331783764472061,-73.24404242917953,24.5,1.0,-0.4076140214258497,0.0,0,0.7073750020936131
26.983333333333082,440.36244723658206,442.1003924949693,0.9101030365388287,49.377802798377196,29.570097411438397,-0.023914500531103333,-72.34642545750772,-2.5,1.0,-0.17912916285551078,0.0,0,0.6934160192031413
26.999999999999748,440.8674705641393,442.7501772003907,0.894412119657751,49.377802798377196,29.545992969721475,-0.024817381311417197,-74.20785527450464,8.5,1.0,-0.44480108104664084,0.0,0,0.7217079983092844
27.016666666666413,441.382627022806,443.39195796347923,0.8782165991020344,49.377802798377196,29.525571270161656,-0.008621860755700594,-76.12471316470278,4.5,1.0,-0.45721739862798355,0.0,0,0.7156659848988056
27.03333333333308,441.90810944066294,444.02531169821185,0.8723902266909134,49.377802798377196,29.507637070615104,-0.019444883212090813,-75.07482789882167,-42.5,1.0,-0.1751794391767892,0.0,0,0.6993749993853271
27.049999999999745,442.4372730732188,444.6555930439272,0.8666303963195003,49.377802798377196,29.487963750435778,-0.030409419488146905,-74.044896739293,-74.0,1.0,-0.17321874683940763,0.0,0,0.7455000013578683
27.06666666666641,442.9700582216909,445.28281605876646,0.8421948971607645,49.377802798377196,29.462941768648044,-0.00597392032941102,-77.8269380435758,-37.5,1.0,-0.6385562481036444,0.0,0,0.894374999916181
27.083333333333076,443.5180092990415,445.8968342519878,0.8256274779582733,49.377802798377196,29.44761445023208,-0.006225606817588324,-79.69616282614547,-53.0,1.0,-0.46627249886218614,0.0,0,0.7108330028131604
27.099999999999742,444.076057408922,446.50169045955727,0.8077329576240027,49.377802798377196,29.43901674093568,-0.005265132119337879,-81.81769769568729,-62.5,1.0,-0.4979164159839787,0.0,0,0.7493330049328506
27.116666666666408,444.64483920788734,447.0964643577255,0.7973272196811899,49.377802798377196,29.434683750030402,0.005140605823474864,-81.89061861741237,-112.0,1.0,-0.30616643292372125,0.0,0,0.7321670127566904
27.133333333333074,445.21977916308856,447.6852875677722,0.7777007244161535,49.377802798377196,29.428246225282727,0.007697438981294824,-84.33437117044743,-105.0,1.0,-0.5376311097542333,0.0,0,0.7181249966379255
27.14999999999974,445.8061641826353,448.262714042423,0.7617373157953704,49.377802798377196,29.4305560251593,0.006434374156027545,-85.80062270226846,-105.0,1.0,-0.451524582519205,0.0,0,0.7265000022016466
27.166666666666405,446.4016917926766,448.83070663960626,0.7478244195295223,49.377802798377196,29.43585124292456,0.020347270421875674,-86.68037362136107,-105.0,1.0,-0.3998753328448577,0.0,0,0.7073330052662641
27.18333333333307,447.00506393304346,449.39035901832506,0.7202024887852138,49.377802798377196,29.440789590611228,0.030564160082783065,-90.60822417281665,-175.0,1.0,-0.6981317007977318,0.0,0,0.6737500079907477
27.199999999999736,447.6236626238714,449.933133727097,0.7045042072072518,49.377802798377196,29.460407686964672,0.028656472188318016,-91.76493450368999,-192.0,1.0,-0.44498336982414705,0.0,0,0.7699159905314445
27.216666666666402,448.25070537400836,450.4661310200331,0.6904213472744505,49.377802798377196,29.483987686575638,0.042739332121119356,-92.45896070221399,-192.0,1.0,-0.40424785522782253,0.0,0,0.7138749933801591
27.233333333333068,448.88519182354906,450.99024519664516,0.6772800543758072,49.377802798377196,29.50509649420033,0.03805071952938066,-92.87537642132838,-192.0,1.0,-0.3798221298033591,0.0,0,0.7476669852621853
27.249999999999734,449.5265108276803,451.505976386042,0.664694278993552,49.377802798377196,29.528145863135855,0.03255895771845463,-93.12522585279703,-192.0,1.0,-0.3651822778820172,0.0,0,0.6925420020706952
27.2666666666664,450.1742697450059,452.0135954457724,0.6524382397555162,49.377802798377196,29.552302998677852,0.026465405173007994,-93.27513551167822,-192.0,1.0,-0.3564139500625433,0.0,0,0.7075000030454248
27.283333333333065,450.8282012562078,452.5132376211677,0.6403784257594115,49.377802798377196,29.57408051553736,0.03852521916911267,-93.36508130700693,-192.0,1.0,-0.35116853670419235,0.0,0,0.6836669926997274
27.29999999999973,451.48811066001787,453.0049573620157,0.628435404136404,49.377802798377196,29.593245040280667,0.03182140816531731,-93.41904878420416,-192.0,1.0,-0.34803687202251643,0.0,0,0.6933329859748483
27.316666666666396,452.15384548093664,453.48876090994895,0.6165617507699503,49.377802798377196,29.611865008625536,0.024725006414865858,-93.4514292705225,-192.0,1.0,-0.3461734565468415,0.0,0,0.6779170071240515
27.333333333333062,452.82527775419226,453.96462583532934,0.6047290943275513,49.377802798377196,29.629372898845606,0.017237581698472892,-93.4708575623135,-192.0,1.0,-0.3450709905947722,0.0,0,0.6653339951299131
27.349999999999728,453.5022936385705,454.4325128057357,0.5929204414514135,49.377802798377196,29.643558094833868,0.029046234574610637,-93.4825145373881,-192.0,1.0,-0.34442509435686336,0.0,0,0.6584999791812152
27.366666666666394,454.18478730691214,454.8923726946694,0.5811256065408489,49.377802798377196,29.65287138358888,0.021143317484664914,-93.48950872243286,-192.0,1.0,-0.3440531399474517,0.0,0,0.6735829811077565
27.38333333333306,454.8726573478932,455.3441508830508,0.5693384818931757,49.377802798377196,29.65950774309905,0.01282652303162879,-93.4937052334597,-192.0,1.0,-0.34384555063513733,0.0,0,0.6615000020246953
27.399999999999725,455.56580464687636,455.7877898654327,0.5575554041497289,49.377802798377196,29.662772167790628,0.004070168097412564,-93.49622314007581,-192.0,1.0,-0.3437365803810806,0.0,0,0.6702500104438514
27.41666666666639,456.2641311394682,456.22323083103066,0.545774175714606,49.377802798377196,29.661909920590556,-0.005153731007872864,-93.49773388404549,-192.0,1.0,-0.34368678156198335,0.0,0,0.6276670028455555
27.433333333333056,456.9675390805037,456.6504146243383,0.5339934781560854,49.377802798377196,29.656099505667683,-0.014874839204690127,-93.49864033042729,-192.0,1.0,-0.3436724856038574,0.0,0,0.6471660162787884
27.449999999999722,457.6759306175916,457.06928233013423,0.5222125204412669,49.377802798377196,29.643858509139772,-0.0030938814898715528,-93.49918419825637,-192.0,1.0,-0.3436794913623141,0.0,0,0.6904999900143594
27.466666666666388,458.38920754465875,457.47977563104195,0.5104308279441951,49.377802798377196,29.623771883172807,-0.01334240465715758,-93.49951051895383,-192.0,1.0,-0.34369927815072177,0.0,0,0.6414169911295176
27.483333333333054,459.10727116188514,457.88183702733886,0.49864811587355506,49.377802798377196,29.596408552965517,-0.024150719321666292,-93.4997063113723,-192.0,1.0,-0.3437267335570984,0.0,0,0.8228330116253346
27.49999999999972,459.8300221985264,458.27540997332284,0.4868642133366532,49.377802798377196,29.560681642140807,-0.03555161648983335,-93.49982378682337,-192.0,1.0,-0.3437587901342607,0.0,0,0.6583340000361204
27.516666666666385,460.5573607729165,458.6604389631154,0.47507901777995165,49.377802798377196,29.515411779688133,-0.047578372414970205,-93.49989427209402,-192.0,1.0,-0.3437936074138894,0.0,0,0.6230419967323542
27.53333333333305,461.2891863744615,459.0368695858068,0.46329246765385473,49.377802798377196,29.45932182427622,-0.06026453658482622,-93.49993656325641,-192.0,1.0,-0.34383008111499896,0.0,0,0.7295839895959944
27.549999999999716,462.02539785865224,459.4046485619898,0.4515045260115666,49.377802798377196,29.39083985850727,-0.09953847356020556,-93.49996193795384,-192.0,1.0,-0.3438675486690004,0.0,0,0.7779579900670797
27.566666666666382,462.7658934497982,459.76372376897274,0.4397151706682909,49.377802798377196,29.305753395297153,-0.11440430637264892,-93.4999771627723,-192.0,1.0,-0.34390561253473284,0.0,0,0.6603339861612767
27.583333333333048,463.5105707483546,460.11404425908324,0.4279243882966431,49.377802798377196,29.20431573629746,-0.13006076569107913,-93.49998629766338,-192.0,1.0,-0.3439440341875074,0.0,0,0.6320829852484167
27.599999999999714,464.2593267409958,460.45556027373027,0.41613217088382,49.377802798377196,29.08474186683429,-0.14653797338490926,-93.49999177859803,-192.0,1.0,-0.34398267051250514,0.0,0,0.6354159850161523
27.61666666666638,465.012057812347,460.78822325483725,0.4043385136058496,49.377802798377196,28.942096282541982,-0.19385916656871685,-93.4999950671588,-192.0,1.0,-0.3440214356408337,0.0,0,0.6642499938607216
27.633333333333045,465.76865975772984,461.11198585462205,0.39254341355210765,49.377802798377196,28.77184975642076,-0.2129566831755932,-93.49999704029528,-192.0,1.0,-0.3440602780511689,0.0,0,0.6034580001141876
27.64999999999971,466.529027796543,461.4268019443124,0.38074686896000803,49.377802798377196,28.568869023036378,-0.26570305882175393,-93.49999822417718,-192.0,1.0,-0.3440991668307024,0.0,0,0.6318329833447933
27.666666666666377,467.29305658605324,461.73262662215257,0.36894887875580407,49.377802798377196,28.326618114812526,-0.3221774109087059,-93.4999989345063,-192.0,1.0,-0.34413808343175206,0.0,0,0.6699159857816994
27.683333333333042,468.0606402354639,462.02941622091566,0.35714944227906126,49.377802798377196,28.035302437822164,-0.38234259212591504,-93.49999936070378,-192.0,1.0,-0.3441770167257206,0.0,0,0.6619170017074794
27.699999999999708,468.8316723201821,462.31712831505075,0.3453485591173377,49.377802798377196,27.57995655116096,-0.6400326505765048,-93.49999961642226,-192.0,1.0,-0.34421596003542965,0.0,0,0.6457090203184634
27.716666666666374,469.609837829405,462.5970859367999,0.33348843565196595,49.6195947886579,27.050852438716394,-0.7049693392690866,-93.49999976985336,-192.0,1.0,-0.34425490935459274,0.0,0,0.6139589822851121
27.73333333333304,470.3993913347006,462.8706087915881,0.3215035645418944,50.135358414374394,26.49527961676096,-0.7278918916508792,-93.49999986191202,-192.0,1.0,-0.3442938622794227,0.0,0,0.6954169948585331
27.749999999999705,471.2038774213583,463.13855006097606,0.30934015635820816,50.87598052992489,25.916683771099656,-0.7483912973777276,-93.4999999171472,-192.0,1.0,-0.3443328173676533,0.0,0,0.6820409907959402
27.76666666666637,472.0283715677147,463.40205847978433,0.2969220958111396,51.93474966697846,25.31608535650943,-0.7664742181497036,-93.49999995028833,-192.0,1.0,-0.34437177375392536,0.0,0,0.6579169712495059
27.783333333333037,472.8783931768866,463.66213705961303,0.28416762111311933,53.33516076175061,24.69314428593321,-0.7821518620274654,-93.499999970173,-192.0,1.0,-0.3444107309190212,0.0,0,0.6620839994866401
27.799999999999702,473.7599493776065,463.91961493979926,0.2709887087921082,55.10326939235558,24.045857588965397,-0.7689729497064542,-93.49999998210379,-192.0,1.0,-0.34444968855141234,0.0,0,0.6371249910444021
27.816666666666368,474.6709438329674,464.1727100308213,0.2574190892080888,56.72992933251216,23.37103463629397,-0.7818654912293725,-93.49999998926228,-192.0,1.0,-0.34448864646418176,0.0,0,0.5794579919893295
27.833333333333034,475.6180819583408,464.42205349663874,0.29029197219764996,58.76456460260792,22.6723749743956,-0.8393320331213212,4.700000006442636,64.0,1.0,0.6981317007977318,0.0,0,0.7048330153338611
27.8499999999997,476.5960216169289,464.7141941801576,0.3245488191433669,61.23858062776224,21.91281539482936,-0.8735888800670382,63.620000003865584,64.0,1.0,0.6981317007977318,0.0,0,0.7290419889613986
27.866666666666365,477.59933615747303,465.0517547694965,0.3600789129287472,63.514675370904214,21.087324431036617,-0.9319455271772839,95.17200000231935,33.0,1.0,0.6981317007977318,0.0,0,0.8057919912971556
27.88333333333303,478.63318098138257,465.4409900545702,0.3971567001085832,66.28137911551966,20.198873962317286,-0.9901821553984068,115.30320000139162,37.5,1.0,0.6981317007977318,0.0,0,0.6325829890556633
27.899999999999697,479.70254649147404,465.88953080075294,0.4360783546562499,69.57753245533883,19.229280999856698,-1.0291038099460734,127.38192000083497,37.5,1.0,0.6981317007977318,0.0,0,0.6590420089196414
27.916666666666362,480.7994597160261,466.40069073447194,0.4766963671823208,72.60999352797246,18.19133182271731,-1.0893089455863127,134.629152000501,37.5,1.0,0.6981317007977318,0.0,0,0.6458749994635582
27.933333333333028,481.9284311736563,466.9837130495206,0.5193436545591023,76.2375869185155,17.06516657956654,-1.1319562329630943,138.9774912003006,37.5,1.0,0.6981317007977318,0.0,0,0.6417919939849526
27.949999999999694,483.079808243052,467.64194454814026,0.5638578747985374,79.5749728378151,15.864585669791083,-1.1764704532025294,141.58649472018035,37.5,1.0,0.6981317007977318,0.0,0,0.6163330108392984
27.96666666666636,484.24400538773153,468.37810932109136,0.6093419338091353,82.64536788357073,14.586725616755363,-1.2400615589712234,143.1518968321082,37.5,1.0,0.6901142995114555,0.0,0,0.6123330094851553
27.983333333333025,485.41436857761954,469.19495235900825,0.651404738806597,85.63373845288507,13.236846755755217,-1.282124363968685,144.09113809926492,37.5,1.0,0.6349939130402056,0.0,0,0.5797909980174154
27.99999999999969,486.58578690009483,470.0880690085726,0.6918840135822151,88.38303937665427,11.82474683235315,-1.3226036387443032,144.65468285955896,37.5,1.0,0.6019459311574594,0.0,0,0.5785419780295342
28.016666666666357,487.7525647787734,471.05475429032197,0.731778393042779,90.91239622652192,10.354632175767506,-1.379211670356704,144.99280971573538,37.5,1.0,0.5821413920278063,0.0,0,0.6188330007717013
28.033333333333022,488.9087136099531,472.09312081271725,0.7716455594576197,93.23940452840017,8.82907432881006,-1.4190788367715446,145.19568582944123,37.5,1.0,0.5702829185500188,0.0,0,0.6172909925226122
28.049999999999688,490.0481327252157,473.20162320464334,0.8117946208141675,95.38025216612816,7.257664070273293,-1.4592278981280924,145.31741149766475,37.5,1.0,0.5631920844633453,0.0,0,0.5895000067539513
28.066666666666354,491.1647312459703,474.37878288245645,0.8523897760470474,97.3498319928379,5.645254428653418,-1.4998230533609722,145.39044689859884,37.5,1.0,0.5589618340113378,0.0,0,0.5644579941872507
28.08333333333302,492.25251333955566,475.6230251787189,0.8935096976244632,99.16184543341087,3.996717746092166,-1.540942974938388,145.43426813915931,37.5,1.0,0.5564479337401393,0.0,0,0.5549170018639416
28.099999999999685,493.30563902738106,476.93258418630086,0.9351826750563618,100.828897798738,2.3169849021175546,-1.5826159523702867,145.4605608834956,37.5,1.0,0.5549638435774146,0.0,0,0.5979160196147859
28.11666666666635,494.31846808467327,478.3054499329532,0.9774077453091727,102.36258597483896,0.6110609712872104,-1.6248410226230976,145.47633653009734,37.5,1.0,0.5540976394797816,0.0,0,0.6246659904718399
28.133333333333017,495.28559206650834,479.73934246457867,1.0201674700365493,103.77357909685185,-1.115973420949938,-1.6676007473504741,145.4858019180584,37.5,1.0,0.5536021670212024,0.0,0,0.5952079955022782
28.149999999999682,496.2018579275907,481.2317031373886,1.0634356531767049,105.0716927691037,-2.858969398636388,-1.7108689304906297,145.49148115083506,37.5,1.0,0.5533291335460574,0.0,0,0.5792500160168856
28.166666666666348,497.06238564366976,482.77969691702833,1.107181971459923,106.26595734757541,-4.6127222973683235,-1.7546152487738478,145.49488869050103,37.5,1.0,0.5531895634609655,0.0,0,0.6156250019557774
28.183333333333014,497.8625815026676,484.38022169110167,1.1513747175465068,107.36468075976937,-6.371987108711763,-1.7988079948604316,145.4969332143006,37.5,1.0,0.5531300714099119,0.0,0,0.6857910193502903
28.19999999999968,498.5981482134976,486.0299220153752,1.195982390872656,108.37550629898782,-8.133949609904672,-1.8267020160347438,145.49815992858038,37.5,1.0,0.5531186261792832,0.0,0,0.5692919949069619
28.216666666666345,499.2650926169913,487.72520562309813,1.2409745877920386,109.30546579506878,-9.896380816682237,-1.8716942129541265,145.49889595714822,37.5,1.0,0.5531360090409004,0.0,0,0.47874997835606337
28.23333333333301,499.8597315320487,489.46226161157944,1.2863224684161736,110.16102853146329,-11.649907105079567,-1.9170420935782615,145.49933757428892,37.5,1.0,0.553170688757874,0.0,0,0.5125829775352031
28.249999999999677,500.3786960987328,491.2370795958913,1.3319989702547421,110.94814624894623,-13.389302970278992,-1.9627185954168302,145.49960254457335,37.5,1.0,0.5532157465880587,0.0,0,0.4974589974153787
28.266666666666342,500.8189348647272,493.04546936105857,1.3779788726502442,111.67229454903052,-15.119391762732864,-1.9905914510542362,145.499761526744,37.5,1.0,0.5532670312861672,0.0,0,0.5094159860163927
28.283333333333008,501.1771932650623,494.88040444638085,1.4241714035081174,112.17490385788892,-16.826642313736965,-2.0367839819121096,145.4998569160464,37.5,1.0,0.5533220521050359,0.0,0,0.459333008620888
28.299999999999674,501.45146530677044,496.7375491931148,1.4705602871190875,112.63730442203864,-18.506421803057798,-2.063585742408911,145.49991414962784,37.5,1.0,0.5533793145963533,0.0,0,0.5213340045884252
28.31666666666634,501.6372593071018,498.58490213431344,1.5164457504947686,111.4003423679316,-20.142181089098973,-2.109471205784592,145.4999484897767,37.5,1.0,0.5534379220911452,0.0,0,0.47341600293293595
28.333333333333005,501.73726969045214,500.4231878408793,1.5619500388798986,110.46025120681026,-21.722479237971214,-2.154975494169722,145.499969093866,37.5,1.0,0.5534973365880204,0.0,0,0.46433298848569393
28.34999999999967,501.7534501924838,502.2522126371287,1.6071660564313939,109.74578192435803,-23.266520933824978,-2.1790326706799306,145.4999814563196,37.5,1.0,0.5535572352861453,0.0,0,0.5145420145709068
28.366666666666337,501.6886351815135,504.0335409813992,1.6512362995682615,106.95042758537544,-24.72934803399542,-2.223102913816798,145.49998887379178,37.5,1.0,0.5536174245050236,0.0,0,0.4834580176975578
28.383333333333002,501.5482500711007,505.7749909524269,1.6944369591946176,104.82595828774866,-26.134891730860225,-2.2434770201182888,145.49999332427507,37.5,1.0,0.5536777880363454,0.0,0,0.48420901293866336
28.399999999999668,501.34025428773316,507.44867071307215,1.7361461619257075,101.19327187877785,-27.454037404912718,-2.2851862228493784,145.49999599456504,37.5,1.0,0.5537382561551396,0.0,0,0.5065840086899698
28.416666666666334,501.0702255785134,509.06683561187253,1.7767229090717553,98.43243020796004,-28.708392853685485,-2.301169311093039,145.49999759673904,37.5,1.0,0.5537987870264195,0.0,0,0.49395899986848235
28.433333333333,500.7480841091484,510.60901141810547,1.8156953027084923,94.52773580813982,-29.88199505490399,-2.340141704729776,145.49999855804342,37.5,1.0,0.553859355549182,0.0,0,0.4839160246774554
28.449999999999665,500.37809203931016,512.089481079103,1.8534493250374882,91.56016806427647,-30.987946820129515,-2.3514335659518344,145.49999913482606,37.5,1.0,0.5539199466628442,0.0,0,0.4824159841518849
28.46666666666633,499.97047104176016,513.4929950088297,1.889612619423407,87.69049220348518,-32.02629759152316,-2.3875968603377533,145.49999948089564,37.5,1.0,0.5539805513310405,0.0,0,0.4912499862257391
28.483333333332997,499.52773560540317,514.8343077452245,1.9245678086390077,84.7495385492838,-32.992807588919824,-2.394119930977572,145.4999996885374,37.5,1.0,0.5540411641319584,0.0,0,0.49108301755040884
28.499999999999662,499.0596097198401,516.1018820979288,1.9580120463577988,81.07522250184695,-33.91137284001695,-2.427564168696363,145.49999981312243,37.5,1.0,0.5541017818125064,0.0,0,0.5050410109106451
28.516666666666328,498.56693501276794,517.3099988166457,1.9903087367355539,78.28274230579495,-34.76580747443765,-2.459860859074118,145.49999988787346,37.5,1.0,0.5541624024208364,0.0,0,0.48962500295601785
28.533333333332994,498.0499131581983,518.4692722375179,2.0217341043860273,76.16045735679543,-35.57795300191074,-2.4607852454055466,145.49999993272408,37.5,1.0,0.5542230247858372,0.0,0,0.4789580125361681
28.54999999999966,497.5177277695147,519.5683469795197,2.051970282796599,73.26849032950723,-36.34656466686008,-2.491021423816118,145.49999995963447,37.5,1.0,0.5542836482048363,0.0,0,0.450249994173646
28.566666666666325,496.9695127090778,520.6183584106678,2.0813034149690175,71.0705953887682,-37.06395250488237,-2.5203545559885367,145.49999997578067,37.5,1.0,0.5543442722562317,0.0,0,0.4839580215048045
28.58333333333299,496.4043409503135,521.6275492688466,2.1099509991129803,69.40019523380653,-37.75578238860378,-2.5163393262219653,145.4999999854684,37.5,1.0,0.5544048966870757,0.0,0,0.5989169876556844
28.599999999999657,495.83104509369747,522.58578749612,2.1376109381576884,66.9985007437943,-38.40935577082898,-2.543999265266673,145.49999999128104,37.5,1.0,0.5544655213455767,0.0,0,0.5029169842600822
28.616666666666323,495.24780182788567,523.5021398571123,2.1645209621633743,65.17321293138501,-39.020522547638116,-2.5709092892723593,145.49999999476864,37.5,1.0,0.5545261461406807,0.0,0,0.5177500133868307
28.63333333333299,494.6530483464,524.3833036900705,2.1908617705163507,63.78599419395395,-39.611555472832755,-2.5623426741334714,145.4999999968612,37.5,1.0,0.5545867710177411,0.0,0,0.48049999168142676
28.649999999999654,494.0532358097909,525.2233680824731,2.2164409817444217,61.93334921383238,-40.176590365295716,-2.5879218853615424,145.49999999811672,37.5,1.0,0.554647395943978,0.0,0,0.4839999892283231
28.66666666666632,493.44625395989414,526.0290733612668,2.2414420532151755,60.52533902893999,-40.70700732154784,-2.6129229568322963,145.49999999887004,37.5,1.0,0.5547080208997202,0.0,0,0.4821250040549785
28.683333333332985,492.83040458402894,526.8053810880981,2.266004431474056,59.45525128842177,-41.21216245799829,-2.6002659012965554,145.49999999932203,37.5,1.0,0.5547686458731658,0.0,0,0.4806669894605875
28.69999999999965,492.209588731858,527.5496488198664,2.290031634804025,58.151942391376465,-41.7115650450537,-2.624293104626524,145.49999999959323,37.5,1.0,0.5548292708572328,0.0,0,0.5088330071885139
28.716666666666317,491.58194713026376,528.2663671281745,2.3136527753246536,57.16142762962204,-42.18270365593378,-2.647914245147153,145.49999999975594,37.5,1.0,0.5548898958476727,0.0,0,0.4675840027630329
28.733333333332983,490.9460388878986,528.9588202569462,2.336965991593038,56.40863641068867,-42.62820804551102,-2.6712274614155374,145.49999999985357,37.5,1.0,0.5549505208419369,0.0,0,0.5218749865889549
28.74999999999965,490.3007732280579,529.6293905860086,2.3600458790695744,55.836515084299315,-43.06617299945372,-2.6547299705287415,145.49999999991215,37.5,1.0,0.5550111458384962,0.0,0,0.5045830039307475
28.766666666666314,489.64996082735746,530.2752091320115,2.3827879508598246,55.011800106520106,-43.495132479049225,-2.6774720423189917,145.4999999999473,37.5,1.0,0.5550717708364314,0.0,0,0.5220409948378801
28.78333333333298,488.9922112506466,530.8988734433418,2.4052739515904986,54.38501672340791,-43.90087788913344,-2.6999580430496657,145.4999999999684,37.5,1.0,0.5551323958351916,0.0,0,0.5583330057561398
28.799999999999645,488.3264879768223,531.5022594563435,2.4275660156441896,53.90866135224264,-44.284903257154724,-2.7222501071033567,145.49999999998104,37.5,1.0,0.5551930208344479,0.0,0,0.5062499840278178
28.81666666666631,487.6520404576178,532.0867049861222,2.449711371599256,53.546631270157036,-44.6675366987384,-2.7024425376956622,145.49999999998863,37.5,1.0,0.5552536458340035,0.0,0,0.4898750048596412
28.833333333332977,486.97220431879015,532.6499518108732,2.4716216283985473,52.971001316693666,-45.042898375642984,-2.7243527944949535,145.49999999999318,37.5,1.0,0.5553142708337341,0.0,0,0.4984579863958061
28.849999999999643,486.28590667917155,533.1936416150002,2.4933538726717948,52.533522552061505,-45.39770860398327,-2.746085038768201,145.4999999999959,37.5,1.0,0.5553748958335727,0.0,0,0.4916669859085232
28.86666666666631,485.5923737459539,533.718943616595,2.514951496183394,52.20103869094106,-45.73290597308036,-2.7676826622798,145.49999999999756,37.5,1.0,0.555435520833479,0.0,0,0.4700000281445682
28.883333333332974,484.8910694573047,534.2266758918747,2.5364474811906557,51.94835095648953,-46.06336224421754,-2.744868259076455,145.49999999999852,37.5,1.0,0.5554961458334177,0.0,0,0.4772920219693333
28.89999999999964,484.1846403825795,534.7153248161108,2.5577764937433956,51.53786289308923,-46.39526541650545,-2.7661972716291947,145.49999999999912,37.5,1.0,0.5555567708333866,0.0,0,0.4453329893294722
28.916666666666305,483.47228867454965,535.1859302672293,2.5789792650536323,51.22589196490501,-46.70829011395456,-2.7874000429394314,145.4999999999995,37.5,1.0,0.5556173958333663,0.0,0,0.4830410180147737
28.93333333333297,482.753462233039,535.6392194466928,2.600086755083478,50.988794059485,-47.003033562717306,-2.8085075329692772,145.4999999999997,37.5,1.0,0.5556780208333505,0.0,0,0.45170800876803696
28.949999999999637,482.0278024041631,536.0756882073331,2.6211224966397384,50.808599651365796,-47.28039276220633,-2.7829365629827647,145.49999999999983,37.5,1.0,0.555738645833346,0.0,0,0.518291984917596
28.966666666666303,481.29714073534035,536.4944934552524,2.642046011904736,50.530698747371495,-47.57601095527051,-2.8038600782477623,145.4999999999999,37.5,1.0,0.5557992708333379,0.0,0,0.5065420118626207
28.98333333333297,480.5609666854698,536.8962339216255,2.662884890954996,50.31949406033583,-47.85389919676984,-2.8246989572980223,145.49999999999994,37.5,1.0,0.5558598958333381,0.0,0,0.4861670022364706
28.999999999999634,479.81895579569425,537.2813149181625,2.683660105136553,50.15897849818872,-48.114405230493915,-2.8454741714795793,145.49999999999997,37.5,1.0,0.5559205208333365,0.0,0,0.5016250070184469
29.0166666666663,479.0709291785546,537.6499996236026,2.704387594879426,50.03698667095692,-48.3577599768339,-2.866201661222452,145.5,37.5,1.0,0.5559811458333367,0.0,0,0.4967079730704427
29.033333333332966,478.3168217646357,538.0024472649146,2.7250794765999835,49.944272882260755,-48.60065800918594,-2.8381014066732217,145.5,37.5,1.0,0.5560417708333334,0.0,0,0.4864170041400939
29.04999999999963,477.557655656781,538.338299953305,2.7457178237935183,49.8083200621287,-48.84874803352935,-2.8587397538667565,145.5,37.5,1.0,0.5561023958333333,0.0,0,0.4873340076301247
29.066666666666297,476.79330915447383,538.6577502394606,2.7663161431327516,49.70499591882834,-49.079956053500695,-2.87933807320599,145.5,37.5,1.0,0.5561630208333334,0.0,0,0.48479100223630667
29.083333333332963,476.02376281548374,538.9609099139738,2.7868847011277347,49.62646956992006,-49.29439095372467,-2.899906631200973,145.5,37.5,1.0,0.5562236458333334,0.0,0,0.5341249925550073
29.09999999999963,475.2490768843894,539.2478326557846,2.80743130143169,49.56678954474977,-49.49211286513162,-2.9204532315049283,145.5,37.5,1.0,0.5562842708333333,0.0,0,0.5138330161571503
29.116666666666294,474.46937372952584,539.5185308601576,2.827961875673404,49.52143272562034,-49.70530909757079,-2.893816473828844,145.5,37.5,1.0,0.5563448958333334,0.0,0,0.4975000047124922
29.13333333333296,473.6848241883733,539.7729881397444,2.848480932550613,49.48696154308198,-49.90758594950416,-2.914335530706053,145.5,37.5,1.0,0.5564055208333334,0.0,0,0.5065829900559038
29.149999999999626,472.8956369567706,540.0111686087923,2.868991899187161,49.46076344435283,-50.09331608047488,-2.9348464973426007,145.5,37.5,1.0,0.5564661458333333,0.0,0,0.48404198605567217
29.16666666666629,472.1020503446078,540.2330237760178,2.8894973805995456,49.44085288931867,-50.2624667867714,-2.9553519787549853,145.5,37.5,1.0,0.5565267708333334,0.0,0,0.5057919770479202
29.183333333332957,471.30432586875867,540.4384976602355,2.909999356918175,49.425720867492714,-50.4306074135468,-2.935192506765029,145.5,37.5,1.0,0.5565873958333334,0.0,0,0.5044999998062849
29.199999999999623,470.50274327061027,540.6275305855874,2.9304993332958005,49.414220530904984,-50.59938809859905,-2.9556924831426543,145.5,37.5,1.0,0.5566480208333333,0.0,0,0.4811250255443156
29.21666666666629,469.6975966370189,540.8000619961837,2.950998453853341,49.40548027509831,-50.75158272555045,-2.9761916037001948,145.5,37.5,1.0,0.5567086458333333,0.0,0,0.5514160147868097
29.233333333332954,468.8891913750862,540.9560325428419,2.971497588290423,49.39883768068524,-50.8871396574047,-2.9966907381372767,145.5,37.5,1.0,0.5567692708333334,0.0,0,0.5188340146560222
29.24999999999962,468.0778418470158,541.095385629734,2.991997397718296,49.393789308931304,-51.01602042163697,-2.9807542014198107,145.5,37.5,1.0,0.5568298958333333,0.0,0,0.5303329962771386
29.266666666666286,467.2638695148412,541.2180685604611,3.0124983846996174,49.38995254639831,-51.147847056208285,-3.001255188401132,145.5,37.5,1.0,0.5568905208333333,0.0,0,0.48470901674591005
29.28333333333295,466.4476014786875,541.324033387123,3.0330009312838286,49.38703660687324,-51.26298245387317,-3.0217577349853433,145.5,37.5,1.0,0.5569511458333334,0.0,0,0.5036660004407167
29.299999999999617,465.62936931854455,541.4132375392086,3.0535053279179554,49.38482049283419,-51.36138031887086,-3.04226213161947,145.5,37.5,1.0,0.5570117708333333,0.0,0,0.5044589925091714
29.316666666666283,464.8095081699545,541.4856442892476,3.0740117954217836,49.383136246164504,-51.45529964928721,-3.0272403275746855,145.5,37.5,1.0,0.5570723958333333,0.0,0,0.4779159789904952
29.33333333333295,463.9883559798522,541.5412230973811,3.094520501691255,49.381856218695546,-51.549210169201444,-3.047749033844157,145.5,37.5,1.0,0.5571330208333334,0.0,0,0.4993750189896673
29.349999999999614,463.166252901064,541.5799498660381,3.115031574394761,49.38088339781914,-51.62633153703507,-3.068260106547663,145.5,37.5,1.0,0.5571936458333333,0.0,0,0.48562500160187483
29.36666666666628,462.3435407934614,541.6018071277579,3.1355451106236343,49.38014405395307,-51.68663032097066,-3.088773642776536,145.5,37.5,1.0,0.5572542708333333,0.0,0,0.5620419979095459
29.383333333332946,461.52056280710855,541.6067841831656,-3.1271241229520768,49.37958215261485,-51.74598982220073,-3.0746867225167525,145.5,37.5,1.0,0.5573148958333334,0.0,0,0.4810839891433716
29.39999999999961,460.69766302841487,541.5948772016314,-3.106605455789629,49.37915510759781,-51.80101139009614,-3.0952053896792,145.5,37.5,1.0,0.5573755208333333,0.0,0,0.4575829952955246
29.416666666666277,459.87518617468214,541.5660892938407,-3.0860841523130538,49.37883055338486,-51.83917351466262,-3.1157266931557754,145.5,37.5,1.0,0.5574361458333333,0.0,0,0.4853749996982515
29.433333333332943,459.05347732581765,541.5204305630541,-3.065560179973455,49.378583892183016,-51.86045821601725,-3.1362506654953743,145.5,37.5,1.0,0.5574967708333334,0.0,0,0.4997920186724514
29.44999999999961,458.2328816845892,541.457918140035,-3.0450335139800355,49.378396429669614,-51.88553833692841,-3.123107983061297,145.5,37.5,1.0,0.5575573958333333,0.0,0,0.47383399214595556
29.466666666666274,457.4137443588069,541.3785762052887,-3.0245041354389395,49.37825395815943,-51.900749816571285,3.1395479455771937,145.5,37.5,1.0,0.5576180208333333,0.0,0,0.47858298057690263
29.48333333333294,456.59641016036386,541.2824360012806,-3.003972029938582,49.378145679811695,-51.899067086241814,3.119015840076836,145.5,37.5,1.0,0.5576786458333334,0.0,0,0.4973330069333315
29.499999999999606,455.78122341725697,541.1695358365804,-2.983437186474353,49.378063388267414,-51.880488675797906,3.0984809966126075,145.5,37.5,1.0,0.5577392708333333,0.0,0,0.4868330142926425
29.51666666666627,454.96852779562715,541.0399210833506,-2.962899596631283,49.37800084669376,-51.87144695879484,3.1106786584252006,145.5,37.5,1.0,0.5577998958333333,0.0,0,0.5723329959437251
29.533333333332937,454.1586661295601,540.8936441692132,-2.9423592539627843,49.37795331509778,-51.84600984734866,3.0901383157567017,145.5,37.5,1.0,0.5578605208333334,0.0,0,0.6456249975599349
29.549999999999603,453.3519802569315,540.7307645642431,-2.9218161535184306,49.37791719108483,-51.80368339613325,3.069595215312348,145.5,37.5,1.0,0.5579211458333333,0.0,0,0.8302079804707319
29.56666666666627,452.5488108599947,540.5513487636334,-2.9012702914850226,49.377889736834994,-51.751305857715764,3.080857021861537,145.5,37.5,1.0,0.5579817708333333,0.0,0,0.6019590073265135
29.583333333332934,451.7494973097294,540.355470266426,-2.8807216649137577,49.377868871605116,-51.701353314247505,3.060308395290272,145.5,37.5,1.0,0.5580423958333334,0.0,0,1.527874992461875
29.5999999999996,450.95437751321253,540.1432095505936,-2.860170271512855,49.377853014030414,-51.634532916877646,3.0397570018893694,145.5,37.5,1.0,0.5581030208333333,0.0,0,1.1972499778494239
29.616666666666266,450.1637877634619,539.914654044682,-2.8396161094899246,49.37784096227364,-51.550870618434644,3.019202839866439,145.5,37.5,1.0,0.5581636458333333,0.0,0,0.8507499878760427
29.63333333333293,449.3780625913458,539.6698980961615,-2.819059177432157,49.37783180293849,-51.4651194056526,3.02953852446929,145.5,37.5,1.0,0.5582242708333334,0.0,0,1.055416010785848
29.649999999999597,448.59753461926175,539.4090429366,-2.7984994742152502,49.377824841843776,-51.373095778857284,3.008978821252383,145.5,37.5,1.0,0.5582848958333333,0.0,0,0.6678339850623161
29.666666666666263,447.8225344163729,539.1321966437407,-2.777936998934187,49.37781955141179,-51.264279019451976,2.9884163459713196,145.5,37.5,1.0,0.5583455208333333,0.0,0,0.7108749996405095
29.68333333333293,447.0533903552531,538.8394741005454,-2.7573717508506195,49.377815530683485,-51.13871286858,2.967851097887752,145.5,37.5,1.0,0.5584061458333334,0.0,0,0.9104579803533852
29.699999999999594,446.2904284698427,538.5309969512526,-2.7368037293528746,49.377812474929975,-51.019393404614796,2.977278274380569,145.5,37.5,1.0,0.5584667708333334,0.0,0,0.6883339956402779
29.71666666666626,445.5339723146534,538.2068935544895,-2.716232933925554,49.3778101525573,-50.88477634029756,2.9567074789532484,145.5,37.5,1.0,0.5585273958333333,0.0,0,0.6114169955253601
29.733333333332926,444.78434282518936,537.86729893347,-2.6956593641264277,49.377808387554076,-50.73348794779902,2.936133909154122,145.5,37.5,1.0,0.5585880208333334,0.0,0,0.6267499993555248
29.74999999999959,444.0418581795743,537.5123547233076,-2.675083019568871,49.377807046151624,-50.573415452086486,2.9446772170677815,145.5,37.5,1.0,0.5586486458333334,0.0,0,1.1237080034334213
29.766666666666257,443.30683366138936,537.1422091154682,-2.6545038999085127,49.37780602668576,-50.41240651358396,2.9240980974074233,145.5,37.5,1.0,0.5587092708333333,0.0,0,0.6759170209988952
29.783333333332923,442.57958152374005,536.7570167993895,-2.6339220048330905,49.3778052518917,-50.234824269855224,2.903516202332001,145.5,37.5,1.0,0.5587698958333334,0.0,0,0.6557909946423024
29.79999999999959,441.86041085458044,536.3569389012885,-2.6133373340547355,49.37780466304822,-50.04074170450366,2.882931531553646,145.5,37.5,1.0,0.5588305208333334,0.0,0,1.1613329988904297
29.816666666666254,441.14962744332814,535.9421429201839,-2.59274988730411,49.37780421552717,-49.847199746512146,2.890613509909674,145.5,37.5,1.0,0.5588911458333333,0.0,0,1.2807089951820672
29.83333333333292,440.44753364881075,535.5128026611561,-2.572159664325952,49.377803875411175,-49.64281469221131,2.870023286931516,145.5,37.5,1.0,0.5589517708333334,0.0,0,0.7091250154189765
29.849999999999586,439.754428268587,535.0690981658714,-2.551566664875687,49.37780361692302,-49.42206001442875,2.849430287481251,145.5,37.5,1.0,0.5590123958333334,0.0,0,0.6296249921433628
29.86666666666625,439.0706064096894,534.611215640396,-2.530970888716854,49.37780342047202,-49.189187113179756,2.856281753012496,145.5,37.5,1.0,0.5590730208333333,0.0,0,0.5705420044250786
29.883333333332917,438.3963593608372,534.1393473803273,-2.5103723356191474,49.377803271169256,-48.95755929689706,2.8356831999147896,145.5,37.5,1.0,0.5591336458333334,0.0,0,0.5346670222934335
29.899999999999583,437.73197446616894,533.6536916932711,-2.489771005356932,49.377803157699155,-48.70971520698316,2.815081869652574,145.5,37.5,1.0,0.5591942708333334,0.0,0,0.5319170013535768
29.91666666666625,437.0777350005461,533.1544528186937,-2.469166897708109,49.377803071461884,-48.44575783523632,2.7944777620037513,145.5,37.5,1.0,0.5592548958333333,0.0,0,1.297582988627255
29.933333333332914,436.4339200464792,532.6418408451799,-2.44856001245326,49.37780300592156,-48.179182398271834,2.800526064904621,145.5,37.5,1.0,0.5593155208333334,0.0,0,1.4077910163905472
29.94999999999958,435.8008043727276,532.1160716251285,-2.4279503493749894,49.377802956110905,-47.90390737356296,2.7799164018263505,145.5,37.5,1.0,0.5593761458333334,0.0,0,0.798125023720786
29.966666666666246,435.1786583146248,531.5773666869183,-2.407337908257433,49.37780291825481,-47.61270792318132,2.759303960708794,145.5,37.5,1.0,0.5594367708333333,0.0,0,1.1211250093765557
29.98333333333291,434.56774765618104,531.0259531445786,-2.3867226888858766,49.37780288948418,-47.307851526748514,2.7645835312799303,145.5,37.5,1.0,0.5594973958333334,0.0,0,1.1313330032862723
29.999999999999577,433.96833351401403,530.462063605,-2.3661046910464707,49.3778028676185,-47.00488472418021,2.7439655334405244,145.5,37.5,1.0,0.5595580208333334,0.0,0,1.0719579877331853
30.016666666666243,433.3806722231585,529.8859360727208,-2.3454839145260125,49.37780285100058,-46.686207230841205,2.723344756920066,145.5,37.5,1.0,0.5596186458333333,0.0,0,0.8288750250358135
30.03333333333291,432.80501522480523,529.2978138523274,-2.3248603591117796,49.37780283837097,-46.351952422662805,2.7027212015058333,145.5,37.5,1.0,0.5596792708333334,0.0,0,0.6597500178031623
30.049999999999574,432.24160895601875,528.6979454485066,-2.3042340245914046,49.37780282877246,-46.012962875288856,2.707261955660433,145.5,37.5,1.0,0.5597398958333334,0.0,0,0.8760000055190176
30.06666666666624,431.69069474148307,528.0865844637908,-2.2836049107527785,49.377802821477594,-45.66665713858383,2.686632841821807,145.5,37.5,1.0,0.5598005208333333,0.0,0,0.6487909995485097
30.083333333332906,431.1525086873234,527.4639894940343,-2.2629730173839793,49.37780281593349,-45.30502545619207,2.6660009484530076,145.5,37.5,1.0,0.5598611458333334,0.0,0,0.7451659766957164
30.09999999999957,430.627281577052,526.8304240216651,-2.242338344273215,49.37780281171998,-44.92854428010769,2.6698389896381967,145.5,37.5,1.0,0.5599217708333334,0.0,0,1.5286669950000942
30.116666666666237,430.115238769684,526.1861563067534,-2.2217008912087826,49.37780280851771,-44.55454931319901,2.649201536573764,145.5,37.5,1.0,0.5599823958333333,0.0,0,0.823083013528958
30.133333333332903,429.6166001000706,525.5314592759414,-2.2010606579790357,49.377802806083984,-44.165506294229374,2.628561303344017,145.5,37.5,1.0,0.5600430208333333,0.0,0,1.0690419876482338
30.14999999999957,429.13157978149303,524.8666104092777,-2.1804176443723606,49.37780280423435,-43.76157891905146,2.6079182897373423,145.5,37.5,1.0,0.5601036458333334,0.0,0,1.06991600478068
30.166666666666234,428.6603863105627,524.1918916250044,-2.1597718501771577,49.377802802828626,-43.350483925683484,2.6110844470239774,145.5,37.5,1.0,0.5601642708333333,0.0,0,1.1657080031000078
30.1833333333329,428.20322237447095,523.5075891623416,-2.1391232751818268,49.37780280176028,-42.93408769577475,2.5904358720286464,145.5,37.5,1.0,0.5602248958333333,0.0,0,0.9618329931981862
30.199999999999566,427.7602847606298,522.8139934623176,-2.118471919174757,49.37780280094834,-42.5031239412959,2.569784516021577,145.5,37.5,1.0,0.5602855208333334,0.0,0,0.793417013483122
30.21666666666623,427.3317642687464,522.1113990466936,-2.097817781944319,49.37780280033126,-42.05777447839651,2.549130378791139,145.5,37.5,1.0,0.5603461458333333,0.0,0,0.7007500098552555
30.233333333332897,426.9178456253705,521.4001043950315,-2.0771608632788583,49.37780279986228,-41.61159006835665,2.551658259830747,145.5,37.5,1.0,0.5604067708333333,0.0,0,0.6221249932423234
30.249999999999563,426.5187074009555,520.6804118199562,-2.0565011629666903,49.37780279950586,-41.153770185191746,2.530998559518579,145.5,37.5,1.0,0.5604673958333334,0.0,0,1.1673750123009086
30.26666666666623,426.134521929471,519.952627340663,-2.0358386807960973,49.37780279923498,-40.68192058676986,2.510336077347986,145.5,37.5,1.0,0.5605280208333333,0.0,0,0.6595420127268881
30.283333333332894,425.76545523060395,519.2170605547204,-2.015173416555326,49.377802799029105,-40.198976418388135,2.5122618398423637,145.5,37.5,1.0,0.5605886458333333,0.0,0,0.643207982648164
30.29999999999956,425.4116669345858,518.4740245082256,-1.9945053700325843,49.377802798872644,-39.71457695911944,2.491593793319622,145.5,37.5,1.0,0.5606492708333334,0.0,0,0.6298339867498726
30.316666666666226,425.07331020968024,517.7238355643601,-1.9738345410160407,49.377802798753734,-39.21653145582922,2.470922964303078,145.5,37.5,1.0,0.5607098958333333,0.0,0,0.6377079989761114
30.33333333333289,424.75053169236577,516.9668132704053,-1.9531609292938228,49.37780279866336,-38.705050856203854,2.4502493525808604,145.5,37.5,1.0,0.5607705208333333,0.0,0,0.6631670112255961
30.349999999999557,424.4434714202468,516.2032802232693,-1.9324845346540165,49.37780279859468,-38.186759948218395,2.451603173605412,145.5,37.5,1.0,0.5608311458333334,0.0,0,0.9982920018956065
30.366666666666223,424.1522627677248,515.4335619335832,-1.911805356884665,49.37780279854248,-37.662919834415725,2.4309239958360602,145.5,37.5,1.0,0.5608917708333333,0.0,0,0.6434170063585043
30.38333333333289,423.87703238446034,514.6579866884213,-1.8911233957737685,49.37780279850281,-37.126067318972076,2.410242034725164,145.5,37.5,1.0,0.5609523958333333,0.0,0,0.6304999988060445
30.399999999999554,423.61790013665643,513.8768854127039,-1.8704386511092843,49.377802798472665,-36.57643026225983,2.3895572900606794,145.5,37.5,1.0,0.5610130208333334,0.0,0,0.6326670118141919
30.41666666666622,423.3749790511909,513.0905915293405,-1.8497511226791252,49.37780279844975,-36.02256524782732,2.3903715673858583,145.5,37.5,1.0,0.5610736458333333,0.0,0,1.152790995547548
30.433333333332886,423.14837526262585,512.2994408181697,-1.8290608102711605,49.377802798432334,-35.46086664745534,2.369681254977894,145.5,37.5,1.0,0.5611342708333333,0.0,0,0.8230840030591935
30.44999999999955,422.9381879631199,511.5037712737582,-1.8083677136732152,49.3778027984191,-34.88684460433612,2.3489881583799486,145.5,37.5,1.0,0.5611948958333334,0.0,0,1.2049579818267375
30.466666666666217,422.74450935526875,510.7039229621152,-1.78767183267307,49.377802798409036,-34.30074323377279,2.328292277379803,145.5,37.5,1.0,0.5612555208333333,0.0,0,1.0117499914485961
30.483333333332883,422.56742460789724,509.9002378763848,-1.7669731670584614,49.37780279840139,-33.71119899966145,2.328598739305603,145.5,37.5,1.0,0.5613161458333333,0.0,0,1.0649579926393926
30.49999999999955,422.407011814826,509.0930597915757,-1.746271716617081,49.37780279839558,-33.11344100986035,2.3078972888642224,145.5,37.5,1.0,0.5613767708333334,0.0,0,0.9942920005414635
30.516666666666215,422.26334195663355,508.28273411838995,-1.7255674811365758,49.377802798391166,-32.5041022673515,2.2871930533837173,145.5,37.5,1.0,0.5614373958333333,0.0,0,0.6814170046709478
30.53333333333288,422.1364788654344,507.4696077562123,-1.7048604604045485,49.37780279838781,-31.88344238987454,2.26648603265169,145.5,37.5,1.0,0.5614980208333333,0.0,0,0.7335839909501374
30.549999999999546,422.02647919269117,506.6540289453221,-1.6841506542085571,49.37780279838526,-31.258242702060564,2.2663156591333617,145.5,37.5,1.0,0.5615586458333334,0.0,0,0.6535419961437583
30.56666666666621,421.93339238007894,505.8363471183904,-1.663438062336115,49.37780279838332,-30.626436412149936,2.2456030672609195,145.5,37.5,1.0,0.5616192708333333,0.0,0,0.7376670255325735
30.583333333332877,421.85726063341787,505.01691275132555,-1.6427226845746903,49.37780279838185,-29.983843805758234,2.2248876894994947,145.5,37.5,1.0,0.5616798958333333,0.0,0,0.8648749790154397
30.599999999999543,421.7981188996887,504.19607721353,-1.622004520711707,49.37780279838073,-29.33073915766343,2.2041695256365115,145.5,37.5,1.0,0.5617405208333334,0.0,0,0.7166249852161855
30.61666666666621,421.755994847145,503.3741926176323,-1.6012835705345443,49.377802798379875,-28.670040104257396,2.203552494560058,145.5,37.5,1.0,0.5618011458333334,0.0,0,1.085832976968959
30.633333333332875,421.7309088485348,502.55161166875837,-1.5805598338305358,49.37780279837923,-28.006401891899152,2.1828287578560497,145.5,37.5,1.0,0.5618617708333333,0.0,0,0.760458002332598
30.64999999999954,421.7228739674414,501.72868751340604,-1.559833310386971,49.37780279837874,-27.33282116874412,2.162102234412485,145.5,37.5,1.0,0.5619223958333334,0.0,0,0.7235000084619969
30.666666666666206,421.7318959477547,500.9057735879875,-1.5391039999910947,49.37780279837836,-26.649585930910117,2.1413729240166086,145.5,37.5,1.0,0.5619830208333334,0.0,0,0.7602499972563237
30.68333333333287,421.75797320628016,500.0832234671047,-1.5183719024301063,49.37780279837808,-25.95698843928396,2.1206408264556202,145.5,37.5,1.0,0.5620436458333333,0.0,0,0.7297499978449196
30.699999999999537,421.80109682849235,499.26139071162225,-1.4976370174911608,49.377802798377864,-25.260619405699224,2.119603693517185,145.5,37.5,1.0,0.5621042708333334,0.0,0,0.7039170013740659
30.716666666666203,421.86125056743964,498.4406287166035,-1.476899344961368,49.3778027983777,-24.55851042847851,2.0988660209873924,145.5,37.5,1.0,0.5621648958333334,0.0,0,0.7027499959804118
30.73333333333287,421.9384108458034,497.6212905591744,-1.456158884627793,49.37780279837757,-23.847650053228055,2.078125560653817,145.5,37.5,1.0,0.5622255208333333,0.0,0,1.4546249876730144
30.749999999999535,422.03254676111516,496.80372884638143,-1.4354156362774562,49.37780279837748,-23.12834286059462,2.0573823123034805,145.5,37.5,1.0,0.5622861458333334,0.0,0,0.6936250138096511
30.7666666666662,422.1436200941331,495.9882955631088,-1.4146695996973324,49.37780279837741,-22.400897188578238,2.0366362757233567,145.5,37.5,1.0,0.5623467708333334,0.0,0,0.7505000103265047
30.783333333332866,422.27158532037794,495.1753419201201,-1.3939207746743523,49.37780279837735,-21.669079559251173,2.0352075318591685,145.5,37.5,1.0,0.5624073958333333,0.0,0,0.6903329922351986
30.79999999999953,422.4163896248275,494.3652182022909,-1.3731691609954013,49.37780279837731,-20.93327998378535,2.0144559181802175,145.5,37.5,1.0,0.5624680208333334,0.0,0,0.793415994849056
30.816666666666197,422.5779729197671,493.5582736170975,-1.3524147584473198,49.37780279837728,-20.18999028605114,1.993701515632136,145.5,37.5,1.0,0.5625286458333334,0.0,0,0.7511670119129121
30.833333333332863,422.75626786579187,492.75485614342733,-1.3316575668169037,49.37780279837726,-19.439529595057692,1.97294432400172,145.5,37.5,1.0,0.5625892708333333,0.0,0,0.6934170087333769
30.84999999999953,422.95119989595605,491.9553123807773,-1.3108975858909033,49.37780279837724,-18.682220258182127,1.9521843430757195,145.5,37.5,1.0,0.5626498958333334,0.0,0,0.9672500018496066
30.866666666666195,423.1626872430622,491.1599873989048,-1.2901348154560244,49.377802798377225,-17.918387704365927,1.9314215726408406,145.5,37.5,1.0,0.5627105208333334,0.0,0,1.0000830225180835
30.88333333333286,423.3906409700827,490.3692245879975,-1.2693692552989275,49.37780279837722,-17.151083607775615,1.929626067600649,145.5,37.5,1.0,0.5627711458333333,0.0,0,0.8345000096596777
30.899999999999526,423.63496500370417,489.58336550942715,-1.2486009052062286,49.37780279837721,-16.380536053504763,1.9088577175079497,145.5,37.5,1.0,0.5628317708333334,0.0,0,0.8260419999714941
30.916666666666192,423.8955561709838,488.80274974715206,-1.227829764964498,49.3778027983772,-15.60415289892474,1.8880865772662192,145.5,37.5,1.0,0.5628923958333334,0.0,0,0.8623750181868672
30.933333333332858,424.1723042391059,488.02771475983394,-1.2070558343602618,49.377802798377196,-14.822268288571804,1.8673126466619832,145.5,37.5,1.0,0.5629530208333334,0.0,0,0.7562079990748316
30.949999999999523,424.46509195822495,487.25859573373356,-1.1862791131800003,49.377802798377196,-14.035218875843722,1.8465359254817217,145.5,37.5,1.0,0.5630136458333334,0.0,0,0.7602080004289746
30.96666666666619,424.77379510738024,486.4957254364496,-1.1654996012101495,49.377802798377196,-13.243343679317192,1.8257564135118707,145.5,37.5,1.0,0.5630742708333334,0.0,0,0.7816250144969672
30.983333333332855,425.09828254346684,485.73943407156537,-1.1447172982371,49.377802798377196,-12.446983937907971,1.8049741105388213,145.5,37.5,1.0,0.5631348958333334,0.0,0,1.2966660142410547
30.99999999999952,425.438416253244,484.99004913426694,-1.123932204047197,49.377802798377196,-11.646482964935355,1.7841890163489182,145.5,37.5,1.0,0.5631955208333334,0.0,0,0.815500010503456
31.016666666666186,425.79405140836326,484.24789526799674,-1.1031443184267415,49.377802798377196,-10.843733749502993,1.7820479633552657,145.5,37.5,1.0,0.5632561458333334,0.0,0,0.8032079786062241
31.033333333332852,426.16503642339575,483.5132941222055,-1.0823536411619887,49.377802798377196,-10.039065476949991,1.761257286090513,145.5,37.5,1.0,0.5633167708333334,0.0,0,1.3022090133745223
31.049999999999518,426.5512130168371,482.78656421126567,-1.0615601720391492,49.377802798377196,-9.230983682443807,1.7404638169676734,145.5,37.5,1.0,0.5633773958333333,0.0,0,0.8247079967986792
31.066666666666183,426.95241627506715,482.0680207746092,-1.040763910844388,49.377802798377196,-8.41983726062252,1.7196675557729122,145.5,37.5,1.0,0.5634380208333334,0.0,0,0.8033750054892153
31.08333333333285,427.3684747192407,481.35797563815066,-1.0199648573638256,49.377802798377196,-7.605976572083167,1.6988685022923498,145.5,37.5,1.0,0.5634986458333334,0.0,0,0.7969579892233014
31.099999999999515,427.7992103750831,480.65673707705855,-0.999163011383537,49.377802798377196,-6.789753292754126,1.6780666563120612,145.5,37.5,1.0,0.5635592708333333,0.0,0,0.8312500140164047
31.11666666666618,428.2444388455648,479.964609679935,-0.9715410806392285,49.377802798377196,-5.9715202625564,1.6504447255677528,191.10000000000002,-114.5,1.0,0.6981317007977318,0.0,0,0.8581249858252704
31.133333333332846,428.7086129426823,479.28504280880185,-0.94391914989492,49.377802798377196,-5.151165888170299,1.6228227948234442,219.06,-129.5,1.0,0.6981317007977318,0.06604704532415376,0,0.9042910241987556
31.149999999999512,429.1913785375503,478.6185549205486,-0.9162972191506115,49.377802798377196,-4.3293160364461505,1.5952008640791355,233.036,-123.0,1.0,0.6981317007977318,0.08381697043114365,0,0.8476249931845814
31.166666666666178,429.6923673174106,477.96565449381376,-0.8886752884063029,49.377802798377196,-3.5065977151676235,1.5675789333348271,240.2216,-129.5,1.0,0.6981317007977318,0.08740231255722834,0,0.8570830104872584
31.183333333332843,430.2111970666264,477.326839641055,-0.8610533576619944,49.377802798377196,-2.6836385946933703,1.5399570025905187,242.73296,-129.5,1.0,0.6981317007977318,0.09714941530444493,0,0.8463329868391156
31.19999999999951,430.74747195828303,476.70259772852813,-0.8334314269176859,49.377802798377196,-1.8610665290931951,1.51233507184621,243.039776,-145.0,1.0,0.6981317007977318,0.09658828953434763,0,0.8177910058293492
31.216666666666175,431.3007828561731,476.0934050044641,-0.8091286025454092,49.377802798377196,-1.0395090771440607,1.4880322474739334,240.02386559999997,-147.0,1.0,0.635952672750665,0.11260861509054915,0,0.7934999885037541
31.23333333333284,431.86873400829404,475.497837868382,-0.7890653689265984,49.377802798377196,-0.21936269408584452,1.4679690138551225,236.21431936,-149.0,1.0,0.5473619369837357,0.12470939410464682,0,0.8768340048845857
31.249999999999506,432.448519055569,474.9137847682851,-0.769965515197494,49.377802798377196,0.5992537344428862,1.4488691601260182,232.32859161599998,-152.0,1.0,0.5257452455235698,0.135128799032249,0,0.8858749934006482
31.266666666666172,433.03935300252925,474.34091133383737,-0.7462746767456401,49.377802798377196,1.4161075058725863,1.4251783216741643,229.5971549696,-159.5,1.0,0.6238128139808149,0.14041498347410944,0,0.8295000006910414
31.283333333332838,433.6435917352243,473.782194698424,-0.7271992416518198,49.377802798377196,2.2303609869575722,1.406102886580344,225.95829298176,-169.0,1.0,0.5251901050551515,0.15121722424165893,0,0.8250829996541142
31.299999999999503,434.2583776549894,473.2351051283945,-0.7548211723961283,49.377802798377196,3.042188571400941,1.4337248173246526,175.574975789056,36.0,1.0,-0.6981317007977318,0.3667730071322618,0,0.7928750128485262
31.31666666666617,434.8578193090743,472.67124483707715,-0.7824431031404369,49.377802798377196,3.857432884258358,1.461346748068961,147.7449854734336,43.5,1.0,-0.6981317007977318,0.3603530368133782,0,0.9209159761667252
31.333333333332835,435.4414593699243,472.09104400620265,-0.8100650338847454,49.377802798377196,4.6754719572607115,1.4889686788132694,132.24699128406016,45.0,1.0,-0.6981317007977318,0.3545755523337589,0,0.811875012004748
31.3499999999995,436.0088525653766,471.49494528406774,-0.816617222325215,49.377802798377196,5.495475953172525,1.4768740346269364,124.94819477043609,54.0,1.0,-0.1964747437181853,0.3590522613960114,0,0.7881250057835132
31.366666666666166,436.57232785823453,470.8951417169599,-0.8106998506655225,49.377802798377196,6.3148121573867755,1.470956662967244,121.76891686226165,49.0,1.0,0.17785857043575476,0.3717085594064888,0,0.7865829975344241
31.383333333332832,437.1393425259129,470.298682924239,-0.8036154233392095,49.377802798377196,7.133677310904729,1.4638722356409308,119.06135011735698,47.5,1.0,0.2119777255947854,0.3819653635079033,0,0.9245840192306787
31.399999999999498,437.7105684982939,469.70625603992846,-0.7931625250639874,49.377802798377196,7.951940799238534,1.4534193373657087,117.43681007041418,43.0,1.0,0.3074683853568726,0.3952011748698788,0,0.8597499981988221
31.416666666666163,438.2879557291916,469.1198323787646,-0.7888326943223022,49.377802798377196,8.769241554617851,1.4490895066240235,114.0620860422485,42.5,1.0,0.13078094788078826,0.40131711935995235,0,0.7639169925823808
31.43333333333283,438.8678766550953,468.5359141957325,-0.7769175964265239,49.377802798377196,9.586117361394676,1.4371744087282452,113.03725162534909,38.5,1.0,0.34728706872847365,0.41463081178289357,0,1.4187500055413693
31.449999999999495,439.45471369361826,467.95894711262105,-0.7628848852896636,49.377802798377196,10.40174473610313,1.4231416975913849,112.62235097520946,35.0,1.0,0.4029594079037535,0.42617753152385207,0,1.013458997476846
31.46666666666616,440.0495891006953,467.3902714802686,-0.7561046112677257,49.377802798377196,11.215753324760678,1.4163614235694468,110.17341058512568,32.0,1.0,0.20313056140891678,0.45119411627269124,0,0.85420798859559
31.483333333332826,440.64830658105814,466.825642306842,-0.7497054053353568,49.377802798377196,12.028922298825318,1.409962217637078,107.70404635107542,31.5,1.0,0.19200058684535287,0.3796019597080767,0,0.8317089814227074
31.499999999999492,441.25062495646773,466.26485598441565,-0.7395733428477854,49.377802798377196,12.84126455554392,1.3998301551495067,106.42242781064525,29.0,1.0,0.29859001877387525,0.39294593228903485,0,0.7964999822434038
31.516666666666158,441.8585942403791,465.71020106953904,-0.7277874978521126,49.377802798377196,13.652229827088291,1.388044310153834,105.65345668638716,26.0,1.0,0.34381109459766124,0.39307680019170094,0,0.9986250079236925
31.533333333332823,442.4730582249592,465.16274994256014,-0.7206002683319672,49.377802798377196,14.461488624563305,1.3808570806336884,103.5920740118323,25.5,1.0,0.21496049009192864,0.3896920238013006,0,0.833208003314212
31.54999999999949,443.09144096217517,464.61972921082906,-0.717541076459627,49.377802798377196,15.269651590153583,1.3777978887613482,100.35524440709938,24.0,1.0,0.09266604405515716,0.3950185924400504,0,1.9704170117620379
31.566666666666155,443.711482007796,464.0786027685608,-0.7064930070331874,49.377802798377196,16.075492335071203,1.3477797642180036,99.61314664425963,20.5,1.0,0.3238057930997606,0.3891730146778405,0,1.8161670013796538
31.58333333333282,444.3374634936299,463.54435946802283,-0.6966156877406809,49.377802798377196,16.878074785692117,1.337902444925497,98.56788798655577,16.5,1.0,0.2915058091931892,0.40479998449116483,0,0.8610420045442879
31.599999999999486,444.96869124974177,463.01632514651476,-0.6934992136864309,49.377802798377196,17.678820276743604,1.334785970871247,95.54073279193346,13.5,1.0,0.09439098551591435,0.39458615304528893,0,1.1623750033322722
31.616666666666152,445.6015615430835,462.49026059098753,-0.6894251142009552,49.377802798377196,18.478969952023412,1.3307118713857715,92.92443967516007,14.5,1.0,0.12313692464288117,0.4081557890677721,0,1.0592079779598862
31.633333333332818,446.23656981755727,461.96677877074313,-0.6835573237680835,49.377802798377196,19.27832901083873,1.3248440809528996,90.95466380509605,9.0,1.0,0.1763991547857292,0.3954002866404394,0,0.9547910012770444
31.649999999999483,446.8746388240785,461.4470320365605,-0.6831665571502442,49.377802798377196,20.076526058359196,1.3244533143350603,87.37279828305763,9.0,1.0,0.01187015953810433,0.4012680899156203,0,0.8514999935869128
31.66666666666615,447.5129108815519,460.9275346781214,-0.6798914061183478,49.377802798377196,20.874644745022778,1.321178163303164,84.82367896983457,8.5,1.0,0.09916626238952975,0.41203552724970743,0,0.8385829860344529
31.683333333332815,448.15288094504706,460.41013053955413,-0.6768690336236254,49.377802798377196,21.668590569205904,1.2988357096496497,82.29420738190075,7.5,1.0,0.09155700743371786,0.40746175008446356,0,0.8477919909637421
31.69999999999948,448.7944118712221,459.89466298913266,-0.6701873895617442,49.377802798377196,22.461306823965593,1.2921540655877684,80.97652442914045,6.5,1.0,0.20025462112689668,0.41540299866283537,0,0.8707499946467578
31.716666666666146,449.4393726221495,459.38349339443863,-0.6736321373009905,49.377802798377196,23.2525283180372,1.2955988133270147,76.58591465748427,6.5,1.0,-0.10426514399052861,0.4009636846088264,0,0.8682089974172413
31.733333333332812,450.0825686996128,458.87010510988944,-0.6738943582831386,49.377802798377196,24.044524857235643,1.2958610343091628,73.35154879449055,8.5,1.0,-0.007965586394317992,0.4113968636911942,0,0.8407919958699495
31.749999999999478,450.7256301337844,458.3565481834853,-0.663672625076246,49.377802798377196,24.836580009583052,1.2856393011022702,73.41092927669433,5.5,1.0,0.30107639816341053,0.4053562192295167,0,0.841208006022498
31.766666666666143,451.3739073239629,457.8495911739956,-0.6647424449528986,49.377802798377196,25.623566657619776,1.2670113689784124,70.04655756601659,4.5,1.0,-0.032487577768621545,0.4114055686011406,0,0.8547919860575348
31.78333333333281,452.0216417905782,457.3419409149243,-0.6625456730544556,49.377802798377196,26.40884746388629,1.2648145970799693,67.82793453960996,4.0,1.0,0.0666347866721615,0.4188771420938132,0,0.8916670049075037
31.799999999999475,452.67048988519986,456.835714804493,-0.6564238260599604,49.377802798377196,27.193585582561926,1.258692750085474,66.89676072376596,2.5,1.0,0.18386912200329586,0.414670015374772,0,0.8628749928902835
31.81666666666614,453.3224248408516,456.33347030390007,-0.6550661586491044,49.377802798377196,27.976791395135983,1.2573350826746181,64.53805643425957,1.5,1.0,0.041219889868643944,0.4163709869203329,0,0.8547080215066671
31.833333333332806,453.97504107644164,455.8321113767622,-0.6561070651800727,49.377802798377196,28.758387341237352,1.2382720701048773,61.52283386055575,2.5,1.0,-0.031610149412145405,0.4079127791575172,0,0.9473330283071846
31.849999999999472,454.6271350907939,455.33007340885297,-0.6483750291642283,49.377802798377196,29.53626990861383,1.230540034089033,61.31370031633345,0.0,1.0,0.23070199368604594,0.41859953725835136,0,0.981624994892627
31.866666666666138,455.28309134969584,454.8330924120494,-0.6488820685902535,49.377802798377196,30.312052110227217,1.231047073515058,58.58822018980007,-0.5,1.0,-0.01540163712170639,0.4038412121327483,0,0.9915420087054372
31.883333333332804,455.93879553532963,454.3357788834592,-0.6455727026195226,49.377802798377196,31.087973468716243,1.227737707544327,57.15293211388004,-2.0,1.0,0.1001953510603096,0.4119432235477672,0,1.0890830017160624
31.89999999999947,456.59614191982655,453.8406380392893,-0.6476720643076205,49.377802798377196,31.859542267787752,1.209297636554762,54.09175926832802,-0.5,1.0,-0.06368820603048117,0.41917024320457796,0,0.9033330134116113
31.916666666666135,457.25244737680134,453.34411827943916,-0.6416567074573791,49.377802798377196,32.62931573281847,1.2032822797045206,53.655055560996814,-1.0,1.0,0.18074049304837883,0.4133085921433969,0,1.0383340122643858
31.9333333333328,457.91172768529003,452.8515553904437,-0.6357801773009415,49.377802798377196,33.397324435069066,1.197405749548083,53.193033336598084,-3.5,1.0,0.17665646249569336,0.423152064642173,0,0.9012910013552755
31.949999999999466,458.57389115415924,452.3628752647259,-0.6358472008206152,49.377802798377196,34.16049803026085,1.1764676455273482,50.91582000195885,-6.5,1.0,-0.002036039169250825,0.40163468102859745,0,0.829583004815504
31.966666666666132,459.2360218684792,451.8741507595795,-0.6371232391678343,49.377802798377196,34.920302826656425,1.1777436838745674,48.34949200117531,-4.0,1.0,-0.0387441235015506,0.4113876105524307,0,0.844833004521206
31.983333333332798,459.89752841269365,451.3845817483686,-0.634128032209523,49.377802798377196,35.680510453290836,1.174748476916256,47.209695200705184,-4.5,1.0,0.09073860923240354,0.4217433647563847,0,0.8846669807098806
31.999999999999464,460.5604983479516,450.8969962792243,-0.6349533026764764,49.377802798377196,36.434065238734235,1.1540719416278717,44.92581712042311,-2.5,1.0,-0.025064834460558155,0.4052717815840113,0,0.8271670085377991
32.01666666666613,461.22306566760244,450.40886384667436,-0.6331257660831411,49.377802798377196,37.18659917032994,1.1522444050345364,43.55549027225386,-5.5,1.0,0.05546001599033179,0.4126966046833917,0,0.9035829862114042
32.0333333333328,461.886523960189,449.92194309462667,-0.6277362824795348,49.377802798377196,37.93467520142521,1.1248247057665723,43.33329416335232,-5.0,1.0,0.16228209292753287,0.43079007026818555,0,0.8641250024084002
32.049999999999464,462.5525968559223,449.43860509452117,-0.6285550801938744,49.377802798377196,38.677146177055924,1.125643503480912,41.199976498011395,-5.0,1.0,-0.024868327576813426,0.41164090076825793,0,0.868333998369053
32.06666666666613,463.2182737723725,448.95472187753404,-0.6294655947093878,49.377802798377196,39.41555991618215,1.1039629912612765,39.11998589880684,-4.0,1.0,-0.027652579879421685,0.4185951975798828,0,0.9132079721894115
32.083333333332796,463.8835098302555,448.4702327527141,-0.6279607345979973,49.377802798377196,40.15046453111921,1.102458131149886,37.8719915392841,-4.5,1.0,0.04568286873901342,0.42484643705575587,0,0.8883330156095326
32.09999999999946,464.5494742229737,447.9867452633123,-0.6256463788982201,49.377802798377196,40.877573069949655,1.07695897574504,36.92319492357046,-3.5,1.0,0.07019005457674155,0.4161266142270213,0,0.8693340059835464
32.11666666666613,465.2165557931873,447.50480034586025,-0.6254439317629699,49.377802798377196,41.59878808653053,1.0529445771279513,35.35391695414228,-4.0,1.0,0.006149866079378258,0.4210253070163018,0,0.8389580179937184
32.13333333333279,465.883734918098,447.02299048703634,-0.6253458012207378,49.377802798377196,42.31262763071851,1.0283737322897664,33.81235017248537,-4.0,1.0,0.00298100298096024,0.4316712834718375,0,0.9220420033670962
32.14999999999946,466.550961320059,446.54124610118146,-0.6221647441389044,49.377802798377196,42.62397496757382,0.029139288849081013,33.28741010349122,-3.5,1.0,0.09633510178857618,0.41508888432912383,0,0.9489159856457263
32.166666666666124,467.28267361811555,446.0164751306877,-0.6208368029884593,54.026242243567765,42.64089372407167,0.008224224584467366,32.17244606209473,-7.0,1.0,0.03685264440647873,0.41907800227607694,0,0.8879579836502671
32.18333333333279,468.08441422256504,445.443091853144,-0.6170533355100971,59.14053573686318,42.63885461793042,-0.013666289651990904,31.703467637256836,-7.5,1.0,0.09566833664388733,0.40614398091190396,0,0.8107910107355565
32.199999999999456,468.95450004732044,444.8257921910975,-0.6205942260247853,64.00929287791412,42.61364299190434,-0.02683905128913955,29.4220805823541,-6.0,1.0,-0.08278791468033433,0.41251397689153935,0,0.918999983696267
32.21666666666612,469.88312835234564,444.16200267010856,-0.6171338372632791,68.488549447681,42.57222779931284,-0.045701078553023404,28.85324834941246,-5.5,1.0,0.07564300119179998,0.40549985516861176,0,0.8884169801604003
32.23333333333279,470.87006095836523,443.4616842918679,-0.6181647707450028,72.60946549186652,42.50632844533452,-0.05883570852469744,27.311949009647474,-5.5,1.0,-0.021294282618253696,0.41093975635946234,0,0.8387910202145576
32.24999999999945,471.9077651972903,442.7237291768245,-0.6114774343861726,76.40070825251719,42.421294969979,-0.0785230336542645,27.387169405788484,-6.5,1.0,0.1305479304290476,0.4072052705219559,0,0.818750006146729
32.26666666666612,472.997979993963,441.9593574735327,-0.6182018107906717,79.88865159231581,42.307401107363034,-0.0836982408377488,24.832301643473087,-5.0,1.0,-0.12559324174257122,0.41311987866008176,0,0.7891250133980066
32.283333333332784,474.12661374925864,441.1566756083503,-0.6114951446761054,83.09755946493054,42.183070007223016,-0.1012641016670186,24.89938098608385,-4.0,1.0,0.12047622162112365,0.40972505280320154,0,0.7645419973414391
32.29999999999945,475.30089256197266,440.33333389832194,-0.6170412453009174,86.0497547077361,42.03060686530735,-0.1055918928429661,22.73962859165031,-3.5,1.0,-0.09637885036065907,0.4148446382970792,0,0.8715000003576279
32.316666666666116,476.5075064921502,439.4772996218132,-0.6112972131752739,88.76577433111721,41.86836304137767,-0.12027491858688177,22.643777154990183,-2.0,1.0,0.09676185645027141,0.40827783330375406,0,0.7955830078572035
32.33333333333278,477.75312136293775,438.6043085696085,-0.6135098648168326,91.26451238462784,41.680769470574006,-0.126112347353881,21.18626629299411,-4.5,1.0,-0.036350552796504024,0.42381358129885527,0,0.7905000238679349
32.34999999999945,479.0281283109629,437.7065046221583,-0.6125719669852097,93.5633513938576,41.4807843718487,-0.13425324133163918,20.311759775796464,-2.5,1.0,0.015035168322097767,0.4148208787221969,0,1.050790975568816
32.36666666666611,480.3328163775848,436.78962972647713,-0.6133776517405999,95.678283282349,41.26470124303199,-0.13984140025834846,19.18705586547788,-1.0,1.0,-0.012630482340074328,0.40247415376296974,0,0.8628330251667649
32.38333333333278,481.6632827380986,435.85303679481297,-0.6103476155301358,97.62402061976108,41.03640008066135,-0.14849041148590736,18.712233519286727,0.0,1.0,0.0465231272626218,0.4230975546594651,0,0.7981249946169555
32.399999999999444,483.0210288573719,434.9033797242217,-0.6061488380751641,99.41409897018019,40.79077400633058,-0.15756416733504708,18.427340111572036,-2.5,1.0,0.06326829302423988,0.41280773604267396,0,0.770957994973287
32.41666666666611,484.40530837457527,433.9437946495682,-0.6184215662197448,101.06097105256578,40.52647764372334,-0.1452914391904664,15.656404066943221,-0.5,1.0,-0.18018269085212288,0.41579270333593665,0,0.7643749995622784
32.433333333332776,485.7982824358539,432.95265351665165,-0.6052345084079912,102.57609336836052,40.2722945462843,-0.16263716046685986,16.793842440165932,2.0,1.0,0.1904998021553929,0.4180994466931561,0,0.7689589983783662
32.44999999999944,487.22331040460597,431.96674936810984,-0.6124053505798124,103.97000589889167,39.98680652535636,-0.1589333637394187,14.87630546409956,-3.0,1.0,-0.10308870204009737,0.40015382334408245,0,0.8019579981919378
32.46666666666611,488.65872113478565,430.95836581886005,-0.6066731856222053,105.25240542698033,39.7057897380827,-0.1674628576195163,14.925783278459734,3.0,1.0,0.08151069544260806,0.42719677273105783,0,0.7799580052960664
32.48333333333277,490.116042973437,429.94701592701125,-0.6134863659333822,106.4322129928219,39.40798624127115,-0.16279656909791287,13.155469967075842,1.5,1.0,-0.09572791606776831,0.40839139993292844,0,0.8007089782040566
32.49999999999944,491.58123205802235,428.91534556513176,-0.6088796399083461,107.51763595339615,39.116364490183386,-0.16891656473264857,13.093281980245504,6.0,1.0,0.06418108369267218,0.4064560106075037,0,0.9606249805074185
32.516666666666104,493.064810401371,427.8809168202148,-0.6040704675294126,108.51622507712446,38.81174783880948,-0.1746198777660305,13.055969188147301,3.0,1.0,0.06637865021560328,0.4215858045516393,0,0.8030409808270633
32.53333333333277,494.5659483103961,426.8449377899491,-0.610529428299529,109.4349270709545,38.494872060962024,-0.16816091699591407,11.43358151288838,1.0,1.0,-0.0883013098706379,0.4067497384546406,0,0.7932499866001308
32.549999999999436,496.0719055198622,425.7912086853281,-0.6099491677197859,110.28013290527814,38.18641916803327,-0.16902848931342884,10.860148907733027,4.0,1.0,0.007892380744283882,0.4269032638064341,0,0.7952919986564666
32.5666666666661,497.58909678366774,424.73092988486644,-0.6049729405998717,111.05772227285588,37.875164402322646,-0.17369542137169758,10.916089344639817,4.0,1.0,0.06711042844657045,0.41956837479517356,0,0.803915987489745
32.58333333333277,499.1213523352924,423.67143296339094,-0.6073849016367461,111.77310449102741,37.55386689020071,-0.17038580559291094,9.94965360678389,2.0,1.0,-0.03235732626539105,0.4074139633680523,0,0.7640420226380229
32.59999999999943,500.6600552474815,422.60198302582745,-0.6057946212119857,112.43125613174522,37.23686775005754,-0.17049643525730718,9.569792164070334,4.0,1.0,0.021213520907432025,0.4277745182950111,0,0.7998330111149698
32.6166666666661,502.20875278529985,421.5292350621626,-0.5987578746030655,113.0367556412056,36.917563547524274,-0.17547609641912065,9.9418752984422,3.0,1.0,0.09310777921112581,0.4222931591254965,0,0.8030830067582428
32.633333333332764,503.7726297645394,420.4621785569557,-0.6105136316287316,113.59381518990915,36.58704919824623,-0.1637203393934545,7.76512517906532,1.0,1.0,-0.1540049158066578,0.4088586506333591,0,0.7976249908097088
32.64999999999943,505.33085348942984,419.3719148605749,-0.5954312305377827,114.10630997471642,36.281474676504644,-0.1761710510384379,9.259075107439193,5.0,1.0,0.1957293838493388,0.4153734014873319,0,0.7743749883957207
32.666666666666096,506.91184905788356,418.3008686062275,-0.602396075790762,114.5778051767391,35.95086881743099,-0.1660010756048802,7.755445064463515,-1.5,1.0,-0.09092911969039688,0.4102310938067605,0,0.8217919967137277
32.68333333333276,508.49130371151045,417.21474060844986,-0.5993215479689425,115.01158076259998,35.63735347898748,-0.16529658408805617,7.653267038678109,2.0,1.0,0.04007702818576189,0.41234563309031397,0,1.0895000013988465
32.69999999999943,510.0795822656755,416.12972197444617,-0.6004617565909927,115.41065430159198,35.32265353008544,-0.15980145610868557,6.991960223206866,2.5,1.0,-0.014818283088542772,0.43008854490890003,0,1.1389580031391233
32.71666666666609,511.6716713780423,415.03943562623783,-0.5998060116104179,115.77780195746462,35.01539778398669,-0.15552285220570372,6.59517613392412,2.5,1.0,0.008495530146874368,0.42604106554477933,0,1.2392500066198409
32.73333333333276,513.2691220216267,413.94701570840607,-0.6010845873544353,116.11557780086744,34.71563252685742,-0.15424427646168637,5.957105680354472,1.5,1.0,-0.01651534857854209,0.420264390896921,0,0.830999983008951
32.749999999999424,514.8694460466124,412.84962517493545,-0.5975910614763559,116.42633157679805,34.425261201304956,-0.15221901517380054,5.974263408212684,2.0,1.0,0.04497912418620811,0.4235582230220499,0,1.0607500153128058
32.76666666666609,516.477533164451,411.7551511214558,-0.6017284039569689,116.71222505065421,34.13593988131959,-0.141971995375187,4.98455804492761,1.5,1.0,-0.053123608821608465,0.4153114466454264,0,0.9502920147497207
32.783333333332756,518.0846920580259,410.65155177430626,-0.5955340046940326,116.97524704660188,33.86295468456811,-0.14145796626486307,5.390734826956566,2.0,1.0,0.07926575137370158,0.4142205252374744,0,0.8108330075629056
32.79999999999942,519.7019949276981,409.555666602936,-0.5980785210755886,117.21722728287372,33.587520247412215,-0.1389134498833071,4.634440896173939,0.0,1.0,-0.03255004917577907,0.4074429973504497,0,0.8081249834503978
32.81666666666609,521.3195703820867,408.4535805891544,-0.597012795332044,117.43984910024382,33.3300978892004,-0.13266275959618168,4.380664537704364,0.5,1.0,0.013611137161199327,0.43081319006491464,0,0.8279169851448387
32.83333333333275,522.9411424957535,407.3513000906009,-0.5983024265187733,117.64466117222432,33.08141271036388,-0.12343814644728512,3.8283987226226186,2.0,1.0,-0.016441651036613776,0.42546796389464336,0,0.8680839964654297
32.84999999999942,524.5638866591987,406.24516044936945,-0.5980646247909779,117.83308827844637,32.846622763995484,-0.1151105166433739,3.497039233573571,4.0,1.0,0.0030271760446984146,0.42344910846953937,0,0.9897080017253757
32.866666666666084,526.1892815440866,405.1377799750124,-0.5969073723482264,118.00644121617066,32.623319520008046,-0.10705873934005328,3.298223540144143,3.0,1.0,0.014708972293485736,0.4201000437807979,0,0.9790000040084124
32.88333333333275,527.8181552969239,404.0307871618006,-0.5998062421750302,118.16592591887701,32.41287714064842,-0.10415986951324951,2.578934124086486,2.0,1.0,-0.03678169995724187,0.4110390696119048,0,0.8079580147750676
32.899999999999416,529.4458317518339,402.9176967097562,-0.5976307640198486,118.31265184536684,32.224588372040586,-0.09646835244147989,2.5473604744518914,4.5,1.0,0.02757431335898816,0.4100771007151371,0,0.7908330007921904
32.91666666666608,531.0777856996781,401.80688393505494,-0.5922775567887427,118.4476396977375,32.04647121953154,-0.09128106770122513,2.928416284671135,3.0,1.0,0.06768850468205961,0.43322125582386234,0,0.765208009397611
32.93333333333275,532.7173799120651,400.70366774459984,-0.6003479975684265,118.5718285219185,31.872791270098354,-0.07198000828441686,1.557049770802681,3.0,1.0,-0.1017430638574309,0.4205451201159356,0,0.7642080017831177
32.94999999999941,534.3495886388707,399.5861796217171,-0.5922013769016194,118.68608224016502,31.73052659719596,-0.0681882338847678,2.3342298624816085,5.0,1.0,0.10259857835220813,0.420459410658774,0,0.9526250069029629
32.96666666666608,535.9923004221494,398.4810475335789,-0.5970617836600175,118.79119566095181,31.595628494540072,-0.06332782712636975,1.400537917488965,2.5,1.0,-0.061296436322008464,0.41555169175553924,0,0.7747909985482693
32.983333333332745,537.6309543256926,397.3670381390222,-0.5915749292892973,118.88790000807568,31.48783987188967,-0.05614993574961946,1.840322750493379,4.0,1.0,0.0691169715401283,0.41714169003100804,0,0.7906669925432652
32.99999999999941,539.276926757668,396.26120961199234,-0.5935094721308692,118.97686800742962,31.387211914331825,-0.04080491300533051,1.3041936502960274,2.0,1.0,-0.02438490040925633,0.4107860278253106,0,0.8101669955067337
33.016666666666076,540.9218877170771,395.15143600419253,-0.5954930875722547,119.05871856683525,31.31248421779345,-0.028107330018134476,0.7825161901776164,3.5,1.0,-0.024986023578887136,0.42741018171729783,0,0.7437079912051558
33.03333333333274,542.565683091707,394.03769763751336,-0.5929186160697684,119.13402108148843,31.256682578442437,-0.030681801520620833,0.8695097141065699,5.0,1.0,0.032403469186001066,0.4263079946720815,0,0.8640419982839376
33.04999999999941,544.2132978605571,392.92754966800555,-0.5983438640453365,119.20329939496935,31.207218197300882,-0.020999825083762302,-0.07829417153605822,4.5,1.0,-0.06816308515506603,0.4190556021234982,0,0.8049999887589365
33.06666666666607,545.8557433029331,391.8078810127532,-0.5917894890767742,119.2670354433718,31.166919691238718,-0.026646010645819285,0.5530234970783652,7.0,1.0,0.08224723224029376,0.41898104885433407,0,0.7656659872736782
33.08333333333274,547.5063032339756,390.69845635782553,-0.5932220818441176,119.32567260790205,31.115186572438954,-0.024300173975224548,0.13181409824701906,4.5,1.0,-0.018006660655823757,0.4113311104450772,0,0.7739580178167671
33.099999999999405,549.1560176038557,389.5861656313442,-0.5919214442187677,119.37961879926989,31.067895034791785,-0.02468235465496949,0.07908845894821144,4.0,1.0,0.01634100360650577,0.43307276453296983,0,0.7885830127634108
33.11666666666607,550.8078637128905,388.4755599979314,-0.5998136191157742,119.4292492953283,31.01961024447347,-0.01586635192411623,-1.1525469246310733,5.5,1.0,-0.09880089783609655,0.41919828270101267,0,0.7504580134991556
33.133333333332736,552.4515215367426,387.35152285272164,-0.5838240648482926,119.47490935170204,30.988633079674052,-0.03092655017085044,0.7084718452213562,7.5,1.0,0.19811454463167544,0.42202918885986207,0,0.9699589863885194
33.1499999999994,554.113525492035,386.2535237098667,-0.5982807935881828,119.51691660356587,30.92741610038216,-0.01553478032498079,-1.3749168928671862,1.5,1.0,-0.1794869398876614,0.4035002612135234,0,0.7997920038178563
33.16666666666607,555.7600150829605,385.1312502228008,-0.5896026897716183,119.5555632752806,30.896589955067906,-0.02327200131061191,-0.4249501357203117,8.5,1.0,0.10845233606740318,0.41504126553840154,0,1.0344999900553375
33.18333333333273,557.4166742914109,384.02297772861834,-0.5929559614219371,119.59111821325816,30.850208730906473,-0.019918729660293177,-1.0549700814321872,5.0,1.0,-0.042034431692891436,0.42977962180741963,0,0.8487500017508864
33.1999999999994,559.0700599641198,382.9088515951617,-0.5898702475105824,119.6238287561975,30.81224987335213,-0.02205756249732671,-0.8329820488593123,5.0,1.0,0.0386734243175985,0.4304242322818174,0,0.7927920087240636
33.216666666666065,560.7272924386135,381.79955363764594,-0.5920766056621942,119.6539224557017,30.769752823717234,-0.018898168498005075,-1.2997892293155875,4.5,1.0,-0.0276521954094409,0.42034825824344574,0,0.7814170094206929
33.23333333333273,562.3824562653887,380.6863444136764,-0.5898577539805994,119.68160865924557,30.73326952147548,-0.0201576728880295,-1.1798735375893525,6.5,1.0,0.02780226608766881,0.41784059443786653,0,0.7560839876532555
33.249999999999396,564.0404388478765,379.57657435286956,-0.5895325724481836,119.70707996650593,30.6939757238204,-0.019517038748468774,-1.3079241225536116,5.5,1.0,0.004074692985934637,0.41244688219547354,0,0.7587920117657632
33.26666666666606,565.6991068531888,378.4671263553784,-0.5888470665471518,119.73051356918546,30.655648663978873,-0.019230103272290133,-1.3847544735321669,4.5,1.0,0.008587899124894134,0.429976065722233,0,0.7564589905086905
33.28333333333273,567.3588338018052,377.35861608054734,-0.5895020860039363,119.75207248365062,30.61756999621624,-0.017595858900553707,-1.6308526841193003,6.0,1.0,-0.008204510525063533,0.4263296040507083,0,0.7490420248359442
33.29999999999939,569.0181090742409,376.2488351106695,-0.5879073271617578,119.77190668495857,30.582446982541306,-0.01919061774273223,-1.5785116104715802,6.5,1.0,0.019969793684961906,0.42142074660824136,0,0.7628340099472553
33.31666666666606,570.6794051318458,375.1415330210452,-0.5833404066124318,119.79015415016188,30.546072502003206,-0.02277137138252261,-1.147106966282948,6.0,1.0,0.057124292877643826,0.4177922596336833,0,0.7646250014659017
33.333333333332725,572.3459743320582,374.0416753445113,-0.5909175357865089,119.80694181814893,30.50221350990948,-0.01420097410866483,-2.2882641797697687,3.5,1.0,-0.09458367427341367,0.40368066162500466,0,0.750000006519258
33.34999999999939,574.0043757689833,372.9290781419626,-0.5827701712667058,119.82238647269702,30.47511672840716,-0.021347809291619835,-1.3729585078618611,7.5,1.0,0.1016415454359518,0.4061837966981176,0,0.9214169986080378
33.366666666666056,575.6719845280957,371.82989898740897,-0.5881408400085334,119.83659555488126,30.433385872656615,-0.014969188967430715,-2.2237751047171166,4.0,1.0,-0.06712390607176226,0.4194936873254854,0,0.8231670071836561
33.38333333333272,577.3338472024429,370.72165867501485,-0.5848737909280447,119.84966791049075,30.404016579351314,-0.017220702141025893,-1.93426506283027,6.5,1.0,0.04086657302360934,0.4210861482848072,0,0.7855419826228172
33.39999999999939,578.9994888023552,369.61874299105057,-0.5917902161213807,119.8616944776515,30.369759455120544,-0.009280993459157227,-2.960559037698162,7.0,1.0,-0.08633988951916771,0.4078853113283903,0,0.941834005061537
33.41666666666605,580.6576154374887,368.5042306221374,-0.5833005799657993,119.87275891943938,30.351217416457615,-0.01777062961473863,-1.976335422618897,10.5,1.0,0.10583614962183269,0.4103832700473242,0,0.7616250077262521
33.43333333333272,582.3252856122198,367.4037416966037,-0.5822901975147321,119.88293820588423,30.31751349094718,-0.017749816454109557,-1.985801253571338,6.0,1.0,0.012641439773099632,0.4279336913378473,0,0.7516249897889793
33.449999999999385,583.994197211073,366.30485248152746,-0.5859315224378192,119.8923031494135,30.28344729266377,-0.013069217864741911,-2.591480752142803,6.0,1.0,-0.04552596946947355,0.4202705990231487,0,0.7598749944008887
33.46666666666605,585.6592159854778,365.1998141106976,-0.5831868515923677,119.90091889746041,30.258315046863682,-0.014766369563393165,-2.3548884512856816,9.0,1.0,0.034323251651649234,0.416196740384886,0,0.8063330024015158
33.483333333332716,587.3273717234415,364.0992770746509,-0.5842275365489953,119.90884538566358,30.22935864002394,-0.012669750954955816,-2.612933070771409,7.5,1.0,-0.013017715675677171,0.41208682456950585,0,0.8172499947249889
33.49999999999938,588.9944826266983,362.9969375745543,-0.5814221573183637,119.91613775481049,30.204144003707814,-0.014410611302017151,-2.3677598424628457,7.5,1.0,0.03507737059459374,0.40905990413096494,0,0.7613329798914492
33.51666666666605,590.6647728889726,361.8992178734371,-0.5824268500702036,119.92284673442565,30.175342308410745,-0.013405918550177254,-2.620655905477707,7.0,1.0,-0.012566077643243731,0.4245018229968016,0,0.8297909807879478
33.53333333333271,592.3340453481013,360.79976401366497,-0.576471576519689,119.9290189956716,30.150336721521462,-0.01828791545297348,-1.9723935432866244,7.0,1.0,0.07434768674738709,0.42365389268365317,0,0.7851660193409771
33.54999999999938,594.009915062953,359.7102189793479,-0.5801525419408222,119.93469747601787,30.115112439582052,-0.01352474117840652,-2.583436125971975,6.0,1.0,-0.046004637951567784,0.4152882742682484,0,0.7707919867243618
33.566666666666045,595.6818356792247,358.61446479431044,-0.5836703839700544,119.93992167793644,30.08893138630038,-0.008915581636007697,-3.150061675583185,8.5,1.0,-0.04396669943760728,0.4058167315687492,0,0.7761250017210841
33.58333333333271,597.3499581109309,357.5127917040986,-0.5777820184476588,119.94472794370152,30.071471326295402,-0.013703342415174125,-2.490037005349911,9.0,1.0,0.073505813670769,0.4319319553480364,0,0.7582079851999879
33.599999999999376,599.0246003732369,356.4209199203667,-0.5831286152788014,119.9491497082054,30.04407711248801,-0.008356745584031433,-3.2940222032099467,7.5,1.0,-0.06676142846420528,0.41845950030787604,0,0.7211659976746887
33.61666666666604,600.6934375254189,355.320072814934,-0.5736824608908042,119.95321773154896,30.029444449677325,-0.01669282720786569,-2.176413321925968,10.0,1.0,0.11757814292147684,0.4170433259088749,0,0.7037500035949051
33.63333333333271,602.3726512306021,354.2350048288522,-0.5767884031300221,119.95696031302505,29.997641508117567,-0.012467161067465926,-2.7058479931555808,6.5,1.0,-0.03881869758044721,0.4116187855130257,0,0.7690830097999424
33.64999999999937,604.0485347853438,353.14469524941995,-0.578400680211939,119.96040348798304,29.973764103572073,-0.009725323400625263,-3.0235087958933486,8.5,1.0,-0.020157385214935028,0.4312805547475392,0,0.7298330019693822
33.66666666666604,605.722702489078,352.05165623715635,-0.5728704354563348,119.9635712089444,29.95483002334919,-0.014115982803811431,-2.4141052775360095,8.5,1.0,0.06903915220437234,0.42899369661706016,0,0.9232499869540334
33.683333333332705,607.4029301514619,350.9678661212294,-0.5737456999154105,119.96648551222884,29.92660687989072,-0.013240718344735725,-2.648463166521606,6.5,1.0,-0.010943425344043241,0.42251677915085345,0,0.7137919892556965
33.69999999999937,609.0822460979821,349.8825815223363,-0.5739603230201796,119.96916667125053,29.90238752492913,-0.011876294391862885,-2.7890778999129635,7.5,1.0,-0.0026834718730925893,0.41614697770090225,0,0.7408329984173179
33.716666666666036,610.7613636020257,348.7969142066713,-0.5722186928710106,119.97163333755049,29.880344763199354,-0.012457714716270107,-2.673446739947778,8.5,1.0,0.021772083542811127,0.4134896814004213,0,0.7228749745991081
33.7333333333327,612.4424011866289,347.7141524570818,-0.5754842155630439,119.97390267054645,29.856571171956062,-0.008021376879155828,-3.204068043968667,7.0,1.0,-0.040805249874313346,0.4231808702645582,0,0.7266250031534582
33.74999999999937,614.1199232232098,346.62588808630306,-0.5710086064977324,119.97599045690274,29.84108251935482,-0.011315366161558482,-2.7224408263812,8.5,1.0,0.055898016742078706,0.4246359995508478,0,0.9204160014633089
33.76666666666603,615.8023260222614,345.54512522056183,-0.5725749668723633,119.97791122035052,29.818456435580657,-0.009749005786927611,-3.0334644958287202,6.5,1.0,-0.019580606621419496,0.41416786696346736,0,0.7398749876301736
33.7833333333327,617.4830586484173,344.4617124757578,-0.5701440862723197,119.97967832272248,29.801294815488863,-0.010987259562009301,-2.820078697497232,8.5,1.0,0.030381802693815053,0.41379310344827586,0,0.7378750015050173
33.799999999999365,619.1664427628084,343.3823739633794,-0.5729961632866708,119.98130405690468,29.781058910469042,-0.006931343075159968,-3.2920472184983396,7.5,1.0,-0.035641418383711036,0.4239900663797369,0,0.7932920125313103
33.81666666666603,620.8467626246489,342.2982251914967,-0.569835434043178,119.9827997323523,29.768317420378544,-0.008876811275516538,-2.9752283310990038,9.0,1.0,0.03949423230310679,0.4255955988624178,0,0.7354999834205955
33.833333333332696,622.5305200980773,341.2193804897522,-0.5691294989997465,119.98417575376412,29.751051793179016,-0.008355851346046883,-2.985136998659402,7.5,1.0,0.008825122715197373,0.4184779046138575,0,0.7029999978840351
33.84999999999936,624.2150565193474,340.14171330990547,-0.5730783909812118,119.98544169346299,29.734342312382648,-0.004406959364581575,-3.5910821991956414,9.0,1.0,-0.04932709303754824,0.4113927607913669,0,0.7407079974655062
33.86666666666603,625.8953405361716,339.05739197230855,-0.5706354182784112,119.98660635798595,29.72784008241438,-0.0056111872490284265,-3.3546493195173848,10.0,1.0,0.030531077510804423,0.4076334727402886,0,0.7579159864690155
33.88333333333269,627.5782835324281,337.97716910788785,-0.5641663749811461,119.98767784934708,29.71828330140074,-0.010829416287392757,-2.6127895917104307,9.0,1.0,0.08069572983981603,0.4279784996494508,0,0.7279999845195562
33.89999999999936,629.2681931577364,336.90784701636653,-0.5691689075498766,119.98866362139931,29.697626496319508,-0.004563776619376125,-3.3676737550262583,7.0,1.0,-0.062456228762777066,0.41813111747422005,0,0.704374979250133
33.916666666666025,630.9527450737882,335.8300763661566,-0.5642308971497602,119.98957053168736,29.68881590422694,-0.008226159747384387,-2.8206042530157553,9.5,1.0,0.0616522627423337,0.4173460440646979,0,0.7454160077031702
33.93333333333269,632.6426102234567,334.7606297207119,-0.5702122075300233,119.99040488915237,29.6723650857859,-0.0022448493671212155,-3.6923625518094534,8.5,1.0,-0.07463347568793306,0.40425272478286156,0,0.7294169918168336
33.949999999999356,634.326059260044,333.6810877517607,-0.5612075269966014,119.99117249802018,29.67006591608599,-0.009961151060065121,-2.6154175310856718,11.5,1.0,0.11209491458724018,0.4289331564292789,0,0.7875830051489174
33.96666666666602,636.0191708102953,332.6167420012619,-0.5725106323641478,119.99187869817857,29.651639608118284,0.002643320308603814,-4.169250518651403,7.5,1.0,-0.1403691345809892,0.40792162351294614,0,0.7293329981621355
33.98333333333269,637.700153151315,331.5333213635708,-0.5637239188421532,119.99252840232428,29.657705292483097,-0.004828800126135957,-3.1015503111908416,12.5,1.0,0.10940218591807316,0.4195787904202777,0,0.7150830060709268
33.99999999999935,639.3905986064817,330.46470734614434,-0.5642227451415267,119.99312613013834,29.648093206081384,-0.003001909254868984,-3.2609301867145053,8.5,1.0,-0.006235605115822806,0.4120660216277746,0,0.7147500000428408
34.01666666666602,641.0805185431813,329.39524532189904,-0.5642722515842961,119.99367603972726,29.642089712987605,-0.0029524028120996304,-3.3565581120287034,8.5,1.0,-0.0006188630694937015,0.4275395412561863,0,0.733291992219165
34.033333333332685,642.7703926573594,328.32569512762575,-0.5593662845326227,119.99418195654908,29.638159317244103,-0.006516584792652046,-2.813934867217222,10.0,1.0,0.061250848824970505,0.42565448436961967,0,0.7464580121450126
34.04999999999935,644.4655001672639,327.2644441215838,-0.5653674898511639,119.99464740002516,29.626354490411615,0.0008403798735947543,-3.688360920330333,8.5,1.0,-0.07487815737168434,0.4126062655582171,0,0.724208977771923
34.066666666666016,646.1542144323664,326.1930357751644,-0.5579511195908156,119.99507560802314,29.62849651362273,-0.005205998071889373,-2.8130165521982,9.5,1.0,0.09244418891032272,0.4116684739931945,0,0.7602910045534372
34.08333333333268,647.8508337141333,325.1341774328618,-0.5623885473036371,119.99546955938129,29.618084957599923,-0.000768570359067855,-3.48780993131892,7.5,1.0,-0.055413153320473085,0.42554141965025266,0,0.7424170034937561
34.09999999999935,649.5427428103698,324.0677976938038,-0.5602383490861066,119.99583199463079,29.618991437259652,-0.0015342795366395379,-3.292685958791352,11.0,1.0,0.026871941341049553,0.4270421158491311,0,0.7526249974034727
34.11666666666601,651.2369456292904,323.00505540388446,-0.5586387872227964,119.99616543506033,29.61758886486107,-0.0017345866512199493,-3.1756115752748113,8.5,1.0,0.01999249813796303,0.41788183620104036,0,0.7290839857887477
34.13333333333268,652.9328505376311,321.9450217446674,-0.562051628600973,119.99647220025551,29.61498759868125,0.0030925495564586574,-3.7053669451648865,9.0,1.0,-0.042635917783888755,0.4040978139355736,0,0.7323340105358511
34.149999999999345,654.6251318298827,320.87920390886995,-0.5608486545257925,119.99675442423506,29.621221483536914,0.003319190318861742,-3.623220167098932,12.0,1.0,0.01503644932966671,0.42942458912533077,0,0.7035419985186309
34.16666666666601,656.3186977130496,319.8154203125172,-0.5567540299877484,119.99701407029626,29.62785968680463,-0.0007754342191823581,-3.1739321002593592,10.5,1.0,0.05113945293113336,0.42272850759271924,0,0.76374999480322
34.183333333332676,658.0166085613334,318.75857802704866,-0.5633044340690735,119.99725294467255,29.628408250224844,0.007220190362115297,-4.104359260155616,10.5,1.0,-0.08169966157465333,0.4107374110846268,0,0.7840830076020211
34.19999999999934,659.7075633852594,317.6906345364296,-0.5531224583400584,119.99747270909874,29.644117936861527,-0.0015006676467608226,-2.8626155560933695,12.0,1.0,0.12659670305520798,0.4094299065420561,0,0.8386250119656324
34.21666666666601,661.4093070111493,316.6399615968001,-0.5605577254273701,119.99767489237084,29.641535596241106,0.007411912023661427,-3.917569333656022,8.5,1.0,-0.09267639483354183,0.419417783919035,0,0.7602080004289746
34.23333333333267,663.103194262087,315.5766632493074,-0.5509107728934922,119.99786090098117,29.656359020316305,-0.0022350405102165016,-2.7505416001936127,10.5,1.0,0.12000957976654161,0.4243112646289348,0,0.746333011193201
34.24999999999934,664.8072625536747,314.52975348213175,-0.5634214890360137,119.99803202890267,29.654312839072894,0.01150302873188902,-4.450324960116168,9.0,1.0,-0.1551300021400751,0.3995981107449036,0,0.7325419865082949
34.266666666666005,666.4981024574302,313.4616056840478,-0.5490470346208575,119.99818946659046,29.678448718574067,-0.0021570677726915344,-2.6701949760697006,13.5,1.0,0.177786248715955,0.40455747292890976,0,0.9416250104550272
34.28333333333267,668.2041232516635,312.4178710413512,-0.5538900509779227,119.99833430926323,29.67437897121625,0.003162211272015769,-3.40211698564182,8.0,1.0,-0.06046475077042694,0.42132645843416106,0,0.7335419941227883
34.299999999999336,669.8892345511408,311.3756796668016,-0.5489036063444003,118.88122909072843,29.68064442015195,-0.001824233361506611,-2.8412701913850924,10.0,1.0,0.0628343162044104,0.4174943026756323,0,0.7758749998174608
34.316666666666,671.5674503856706,310.34928672196287,-0.5501183982356741,118.03222912464197,29.67801054730443,-0.0001020539923772823,-3.104762114831056,9.0,1.0,-0.015436826944020387,0.40908706479349716,0,0.7685000018682331
34.33333333333267,673.2030318747859,309.3462367222881,-0.5550869903098674,115.11928593325686,29.678464964646928,0.00540486291490494,-3.862857268898633,10.0,1.0,-0.06465034616641217,0.4205062253038097,0,0.7762500026728958
34.34999999999933,674.789383752856,308.36249811977535,-0.5506338656599667,111.99693794416359,29.688821021280383,0.0015208434121591896,-3.31771436133918,12.5,1.0,0.059571125633485954,0.4213142375737152,0,0.7630409963894635
34.366666666666,676.3353865431636,307.41328690253823,-0.5547852937022262,108.84877410997349,29.691580052567247,0.00567227145441862,-3.990628616803508,10.5,1.0,-0.05714682461990834,0.40241025014335535,0,0.742000003810972
34.383333333332665,677.8435396692712,306.4786712687357,-0.5488402715587998,106.45616959598901,29.702508687328233,0.0003270072365987309,-3.194377170082105,13.5,1.0,0.08357207189472159,0.42764808116867864,0,0.7268749759532511
34.39999999999933,679.3145421402472,305.57913754993024,-0.5530870833273079,103.45449749135439,29.703411489923827,0.005204130876398483,-3.916626302049263,11.5,1.0,-0.06149742352983368,0.4116411838047116,0,0.7128330180421472
34.416666666665996,680.743430402714,304.6969979588826,-0.5502669436678425,100.75520298700435,29.712150504857632,0.0023839912169330013,-3.549975781229558,12.0,1.0,0.041960379215433136,0.4058044376950983,0,0.743833021260798
34.43333333333266,682.1456567880173,303.83677054764036,-0.549639532267112,98.70373916369833,29.71688053991643,0.00241737478123627,-3.5299854687377348,14.0,1.0,0.009534477529259901,0.42187294241586243,0,0.7638749957550317
34.44999999999933,683.5192405119291,302.99530030709553,-0.5452947417275564,96.65037963890909,29.720902018026948,-0.0012361812165765373,-2.9179912812426405,11.5,1.0,0.06732860318422262,0.412241611743559,0,0.7781669846735895
34.46666666666599,684.8732329148313,302.17390104227565,-0.5473380972788198,95.01984974576982,29.7189443226346,0.0008071743346867999,-3.350794768745584,10.5,1.0,-0.03224558808946642,0.42478540974061346,0,0.7564169936813414
34.48333333333266,686.2079078962222,301.36048515586117,-0.5447414150895825,93.78064702698397,29.72069046881432,-0.0010678504918936185,-3.0104768612473505,11.5,1.0,0.041509480479653485,0.41190397895429137,0,0.7453340222127736
34.499999999999325,687.5312658908622,300.55867164818346,-0.5417054935142237,92.83885296070673,29.71903816888166,-0.0041037720672524305,-2.60628611674841,10.5,1.0,0.049012188287792136,0.40238875482398895,0,0.7328749925363809
34.51666666666599,688.8468305586902,299.76703021161967,-0.5419656928697605,92.12308947033603,29.71355305855743,-0.0030914830276399514,-2.763771670049046,9.5,1.0,-0.004236687027324737,0.41592654204377777,0,0.8260419999714941
34.533333333332656,690.154422098736,298.9797230999794,-0.5430761567820395,91.57910921765429,29.708834478376346,-0.0019810191153609713,-3.0582630020294275,9.5,1.0,-0.01818659554972823,0.40420822593298217,0,0.7492499717045575
34.54999999999932,691.4552395121038,298.19452521518843,-0.5459230486455914,91.16568422561618,29.70696037912582,0.0016484300707161337,-3.6349578012176567,11.5,1.0,-0.04680729066317022,0.4171682242990654,0,0.764833006542176
34.56666666666599,692.7493407321555,297.4083461717329,-0.541614289675167,90.85148123166721,29.70968238910976,-0.0018472431824240187,-2.9809746807305944,13.5,1.0,0.07101995893543116,0.4072265993139066,0,0.9344590071123093
34.583333333332654,694.0434070939018,296.62980209918067,-0.5481660080882155,90.61268695626599,29.706892662892606,0.00470447523062445,-4.188584808438357,12.5,1.0,-0.10803469130540798,0.4121395541185759,0,0.7611670007463545
34.59999999999932,695.329763367261,295.8443726928636,-0.543876445614945,90.43120330696107,29.714488439297433,0.0012586127476051923,-3.513150885063014,14.5,1.0,0.07103210188342196,0.40978253709854995,0,0.7570829766336828
34.616666666665985,696.6175098458363,295.06565792772807,-0.5410317925426978,90.29327573348932,29.716382509928394,-0.0015860403246419352,-3.107890531037808,14.0,1.0,0.047221761130053184,0.4271068798949491,0,0.7817499863449484
34.63333333333265,697.9059687242035,294.29150928402026,-0.5390508300562299,90.1884507776508,29.71478744819104,-0.002692577807503871,-2.864734318622685,12.5,1.0,0.032935140011365216,0.4104245251958949,0,0.7285419851541519
34.64999999999932,699.1948191346372,293.5205961259507,-0.5399301993620982,90.10878381121351,29.710743704551376,-0.001813208501635577,-3.118840591173611,12.0,1.0,-0.014637415993180894,0.42382772443367206,0,0.7415000000037253
34.66666666666598,700.4821255666326,292.7490686524847,-0.5379292693925757,90.04823691672118,29.70910193121504,-0.0029088530558653014,-2.871304354704167,13.0,1.0,0.03331863373742483,0.41356034466504515,0,0.7643330027349293
34.68333333333265,701.7703145777174,291.9805114737814,-0.5376237533976042,90.00222127690701,29.704738550095172,-0.0032143690508368294,-2.9227826128225,11.5,1.0,0.005091763575788246,0.42632539422582005,0,0.9646249818615615
34.699999999999314,703.0582376963338,291.21264637624745,-0.5360396482515722,89.96724939064823,29.701297015522417,-0.003862168464062954,-2.7536695676934997,13.5,1.0,0.026405224812139624,0.41474975734330977,0,0.9516669961158186
34.71666666666598,704.3469947331415,290.4470486909718,-0.5348137129499949,89.94067075709157,29.695743719284753,-0.004120593400036564,-2.6522017406161,12.0,1.0,0.02044288488728377,0.40059369410707096,0,0.7461670029442757
34.733333333332645,705.6363997221733,289.68320310386315,-0.5361408622639415,89.9204709955885,29.689568308438613,-0.002793444086089947,-2.99132104436966,12.0,1.0,-0.02213510240096313,0.413344342587988,0,0.730458996258676
34.74999999999931,706.9245698763259,288.9177776578194,-0.5332425964486095,89.90511917684617,29.685889498054948,-0.004692786225389489,-2.594792626621796,12.0,1.0,0.04831777189275549,0.40430141817363247,0,0.7206249865703285
34.76666666666598,708.2147855648126,288.15618772853287,-0.5382077189267014,89.893451794602,29.678858677988547,0.0002723362527023987,-3.556875575973078,12.0,1.0,-0.08266133686434671,0.41073627644885624,0,0.7315840048249811
34.78333333333264,709.5010770840729,287.3882768893834,-0.530571466592788,89.88458458409643,29.680053815320374,-0.0063333460519262585,-2.3341253455838467,14.0,1.0,0.12675111454805865,0.4028936440836482,0,0.7119999791029841
34.79999999999931,710.7930981278223,286.63026762648707,-0.5349142850005265,89.8778455041122,29.670566753777376,-0.001990527644187723,-3.200475207350308,11.5,1.0,-0.07235216460449813,0.4149261549110024,0,0.7826250221114606
34.816666666665974,712.0817416638481,285.86669803109237,-0.5292241622031066,89.87272380332418,29.668662246886004,-0.006618176599083481,-2.3202851244101845,12.5,1.0,0.09468570123730113,0.40569891868593166,0,0.7681249990127981
34.83333333333264,713.3746531197903,285.1105060502707,-0.5300834917248767,89.86883131072528,29.658749522643546,-0.005758847077313445,-2.592171074646111,11.0,1.0,-0.014342079257619378,0.41946834564101604,0,0.7440419867634773
34.849999999999305,714.6668717418053,284.3532282406323,-0.5280312962438602,89.86587301635012,29.651501045194514,-0.006716382925232467,-2.355302644787667,12.0,1.0,0.03424091911209509,0.4095411227826869,0,0.776707980548963
34.86666666666597,715.9606093556323,283.5986227885103,-0.5323287358612085,89.863624712625,29.64144054820988,-0.0012917912412439003,-3.2131815868726,12.5,1.0,-0.07161003186607626,0.41999550957022846,0,0.7721250003669411
34.88333333333264,717.251067623859,282.8384790162559,-0.5266124856095263,89.8619160017939,29.639505834814386,-0.007008041492926109,-2.32790895212356,14.0,1.0,0.09512923088035424,0.40883197545530225,0,0.7661669806111604
34.8999999999993,718.5458312460439,282.08573508351634,-0.5274558958892795,89.86061738156228,29.62928015768547,-0.005004655208603714,-2.596745371274136,12.0,1.0,-0.014077711471787479,0.427266299493897,0,0.7975419866852462
34.91666666666597,719.8399453222372,281.33190768116594,-0.5289000676653375,89.85963043018624,29.62178491451599,-0.00356048343254578,-2.958047222764482,13.0,1.0,-0.024102460216405844,0.4133329598087554,0,0.7548329886049032
34.933333333332634,721.1329585998003,280.576218450543,-0.5260744678062848,89.85888034714046,29.61700403068614,-0.005192926740074544,-2.5748283336586892,13.5,1.0,0.0471323572034899,0.4286351762157539,0,0.714541005436331
34.9499999999993,722.4280937718243,279.8241905407899,-0.5228891089543302,89.85831028402566,29.60922693860155,-0.008378285592029135,-2.144897000195214,12.0,1.0,0.053122997655427225,0.4129888098421038,0,0.7354170083999634
34.966666666665965,723.7256115920541,279.0762955155325,-0.5241193234483368,89.85787703605841,29.59752278919841,-0.005921351995077928,-2.4869382001171285,10.5,1.0,-0.020533118073410322,0.40200169130834784,0,0.7425420044455677
34.98333333333263,725.0222036082145,278.3268075777688,-0.5234589757688171,89.85754776760331,29.588654871524625,-0.006581699674597652,-2.4921629200702773,11.5,1.0,0.011022795822620505,0.41494159500266115,0,0.7202500128187239
34.9999999999993,726.3192866520112,277.5781780897445,-0.5227876580949543,89.85729752357743,29.57994398304887,-0.005992327955748111,-2.495297752042166,12.0,1.0,0.011205927493572312,0.4051231013923898,0,0.7066250254865736
35.01666666666596,727.6168692253249,276.83042110776967,-0.5232779709653639,89.85710733811776,29.570969815817783,-0.00550201508533854,-2.6971786512252995,12.0,1.0,-0.008184693503856573,0.41625599701895755,0,0.8580839785281569
35.03333333333263,728.914082921152,276.0820291981057,-0.5210046615917769,89.8569627971684,29.564189756114416,-0.006480230917563112,-2.4183071907351796,13.0,1.0,0.037930600564352684,0.40619768609798745,0,0.7364169869106263
35.049999999999294,730.2129930019665,275.33658909908553,-0.5216576905662985,89.8568529460469,29.55448493809422,-0.005827201943041538,-2.650984314441108,12.0,1.0,-0.010900722994721758,0.41993293591654246,0,0.7984999974723905
35.06666666666596,731.5114148054971,274.59030162653625,-0.5218194341705414,89.85676945919455,29.547543432560236,-0.004335500234257106,-2.790590588664665,13.0,1.0,-0.002700017130166323,0.40793805350767376,0,0.9615000162739307
35.083333333332625,732.8097149680572,273.84380467944703,-0.5193487680562072,89.85670600918677,29.541128973574533,-0.005440856226114343,-2.474354353198799,12.5,1.0,0.04122007305523351,0.41993940858316453,0,0.7292089867405593
35.09999999999929,734.1098548131921,273.10051807257946,-0.5163767577450252,89.85665778718085,29.532980727843697,-0.008412866537296337,-2.0846126119192796,10.5,1.0,0.04957187716647346,0.4082048621405277,0,0.7987499993760139
35.11666666666596,735.4121974374013,272.36109907329245,-0.515398274329384,89.85662113845636,29.520756872026325,-0.007990172782767702,-2.050767567151568,9.0,1.0,0.016332626299884065,0.42292323096850054,0,0.741625000955537
35.13333333333262,736.7152625433587,271.62295497723625,-0.5203432871057084,89.85659328542575,29.508790837584556,-0.0030451600064432816,-3.0304605402909406,11.0,1.0,-0.08236167422006954,0.40713244923179076,0,0.7245840097311884
35.14999999999929,738.0146612941039,270.8783764342072,-0.5173653023415219,89.85657211712248,29.504915020606674,-0.004585557361938997,-2.6182763241745644,12.5,1.0,0.049671412134624955,0.423468774001314,0,0.7211249903775752
35.166666666665954,739.3162713903032,270.13767090936204,-0.5175964885963206,89.856556029212,29.498047671473472,-0.00435437110714032,-2.770965794504739,12.5,1.0,-0.003859236052558392,0.41182458380759374,0,0.8017499931156635
35.18333333333262,740.617710033697,269.3966645907795,-0.5128226943409504,89.85654380240003,29.492533983984963,-0.0076535957249947995,-2.0625794767028434,11.5,1.0,0.079522208368465,0.3999132929315291,0,0.7853749848436564
35.199999999999285,741.9226711111243,268.66187956832766,-0.5130592783402212,89.85653451002293,29.48107200274832,-0.007417011725723954,-2.2375476860217063,10.0,1.0,-0.003949341645587712,0.415003798195394,0,0.8457910153083503
35.21666666666595,743.2274582111045,267.92678589130594,-0.5117581073027114,89.85652744781633,29.47130855912266,-0.007206029414810301,-2.1425286116130238,10.0,1.0,0.021717395012647425,0.4033546252470015,0,0.8394579926971346
35.23333333333262,744.533200610891,267.1933906310703,-0.5083177835055779,89.85652208053932,29.460516840166136,-0.010646353211943849,-1.6855171669678142,8.5,1.0,0.05736727034092179,0.4166797448371999,0,0.7407079974655062
35.24999999999928,745.8414583362135,266.464491911879,-0.5105198581792987,89.85651800140879,29.446268965287956,-0.0068939097572062735,-2.2113103001806884,7.5,1.0,-0.03674330446211356,0.4032386953366829,0,0.7462920038960874
35.26666666666595,747.1481077563868,265.7327141063221,-0.5057600477133087,89.85651490126959,29.435944668653356,-0.011653720223196216,-1.526786180108413,9.0,1.0,0.07929026732273184,0.42074785365451395,0,0.7745830225758255
35.283333333332614,748.4582254511502,265.0071639893795,-0.5106434569035447,89.8565125451638,29.420555708277288,-0.005181064053279005,-2.5160717080650477,7.0,1.0,-0.0813402562730275,0.40071262415537423,0,0.7309170032385737
35.29999999999928,749.7647843542442,264.27522472298904,-0.5064113079532924,89.8565107545234,29.412804990285785,-0.007784393150712443,-1.9096430248390286,8.5,1.0,0.0705312629028501,0.4185128479459888,0,0.907458015717566
35.316666666665945,751.0744292033281,263.54882155788687,-0.5116570944474171,89.8565093936367,29.4011471347535,-0.002538606656587672,-2.945785814903417,7.5,1.0,-0.08734657559162325,0.40005334657800096,0,0.7175409991759807
35.33333333333261,752.3802454794027,262.8155583101307,-0.5041494773291288,89.8565083593628,29.397695615221348,-0.008377103541012064,-1.7674714889420502,9.0,1.0,0.12467672131169275,0.42123652947883333,0,0.9137080051004887
35.34999999999928,753.6915299514558,262.0921192100789,-0.5015035492631384,89.85650757331464,29.38515014082454,-0.011023031607002465,-1.46048289336523,5.0,1.0,0.04414053278701563,0.4116075854092853,0,0.7687920005992055
35.36666666666594,755.0047239902575,261.37215220752614,-0.5030123550916626,89.85650697591804,29.36935217180347,-0.007804043833548824,-1.876289736019138,4.5,1.0,-0.02518159699445729,0.4212226913897558,0,0.7772499811835587
35.38333333333261,756.3168302376923,260.65020467405367,-0.5024747116976123,89.85650652189662,29.35766488850917,-0.008341687227599204,-1.9257738416114827,6.0,1.0,0.008974791803325633,0.4123476728821025,0,0.7690410129725933
35.399999999999274,757.6293244407516,259.9289626929163,-0.5030007926279595,89.85650617684034,29.34626102857082,-0.006063566434464818,-2.1554643049668893,6.5,1.0,-0.008781791584671243,0.398946342539811,0,0.7433339778799564
35.41666666666594,758.9414390267228,259.2070303355522,-0.4995336139380887,89.85650591459756,29.33718023599667,-0.009530745124335605,-1.6932785829801338,5.0,1.0,0.05781409171586385,0.4165051029739913,0,0.7385409844573587
35.433333333332605,760.2560487865761,258.48965164568403,-0.5040637422082509,89.85650571529305,29.324394713614335,-0.003205886866494922,-2.61596714978808,4.0,1.0,-0.0754790449704816,0.39648107757873313,0,0.7802499749232084
35.44999999999927,761.5673952486225,257.76632498759966,-0.4972628574126429,89.85650556382163,29.319593558654198,-0.010006771662102898,-1.569580289872848,6.0,1.0,0.11304507301771101,0.4204912793352205,0,0.8088340109679848
35.46666666666594,762.8836306062292,257.0519333054979,-0.500881940854103,89.85650544870334,29.30651586714827,-0.0045493987055522656,-2.3417481739237087,3.5,1.0,-0.06034103952270674,0.40457917508987296,0,0.9735419880598783
35.4833333333326,764.1972719052321,256.3327827473693,-0.5005298864240239,89.85650536121345,29.29970267283087,-0.004901453135631395,-2.405048904354225,4.0,1.0,0.005876876286375975,0.41587989900098804,0,0.7599579985253513
35.49999999999927,765.5111663019895,255.61409470756843,-0.498875669595823,89.85650529472113,29.29471442737021,-0.004672913053160366,-2.243029342612535,4.0,1.0,0.027607292438492213,0.4103709795321637,0,0.7590000168420374
35.516666666665934,766.8262477656231,254.89758111672157,-0.4952232567134904,89.85650524418696,29.287716258901273,-0.008325325935493011,-1.7458176055675212,3.5,1.0,0.060895375463095355,0.40728637023378095,0,0.7756249979138374
35.5333333333326,768.143937454682,254.18587551516202,-0.5055761211910054,89.856505205781,29.27806900925268,0.00395571053087973,-3.647490563340513,3.5,1.0,-0.17113285805547615,0.4044977484020918,0,0.8237080182880163
35.549999999999265,769.454188467749,253.46056643535985,-0.4965592140925203,89.85650517659248,29.28435155056883,-0.0030866205727081986,-2.1884943380043076,6.5,1.0,0.149400201833381,0.40875372950483124,0,0.8502500131726265
35.56666666666593,770.7709261720935,252.74710109258808,-0.49886850377593545,89.85650515440919,29.279729008952174,-0.0007773308892930486,-2.713096602802585,3.5,1.0,-0.0385305455666381,0.41628530275128994,0,0.8327920222654939
35.5833333333326,772.0860127685398,252.03059692624683,-0.50006912208634,89.85650513754989,29.279375254748047,0.0024452991123710692,-3.0278579616815513,2.5,1.0,-0.02003957733998288,0.4053409460484949,0,0.9731670143082738
35.59999999999926,773.4002381691457,251.31251435975454,-0.5076539856853421,89.85650512473683,29.28303735163547,0.010030162711373192,-4.416714777008931,7.0,1.0,-0.12594607973732302,0.4170645649085827,0,0.7642919954378158
35.61666666666593,774.7089792598987,250.58448432411976,-0.5005516885176065,89.8565051149989,29.29934882830944,0.004998388991727998,-3.2500288662053585,8.5,1.0,0.11800976882427289,0.4163890922401171,0,0.9675839974079281
35.633333333332594,776.0228579847038,249.8657676403378,-0.4959369655936796,89.85650510759807,29.306834426572202,0.0003836660678011583,-2.550017319723215,4.5,1.0,0.07688302796123038,0.4060907225894689,0,0.7269159832503647
35.64999999999926,777.3400393860736,249.15312177411337,-0.5045495686011935,89.85650510197344,29.309209911291035,0.01111642641375915,-4.130010391833929,4.0,1.0,-0.14279409988992844,0.40707972656854446,0,0.7562919927295297
35.666666666665925,778.6510342753951,248.4291581184504,-0.49806072701187504,89.85650509769873,29.325857622191393,0.0046275848244407,-3.0780062351003576,6.5,1.0,0.10789937339937626,0.4092638194648633,0,0.7560829981230199
35.68333333333259,779.9666992175153,247.71371648249277,-0.5031760847441796,89.85650509444994,29.335131318276662,0.011913903795260415,-4.046803741060215,4.0,1.0,-0.08518545929370755,0.4132166692463876,0,0.7750000222586095
35.69999999999926,781.2786872222666,246.9915541394901,-0.5015604891179396,89.85650509198086,29.35297325880295,0.010298308169020387,-3.8280822446361285,8.0,1.0,0.02696305775710885,0.41287819153369576,0,0.7247079920489341
35.71666666666592,782.5918402365639,246.27151238013803,-0.5004070932128861,89.85650509010436,29.371315966103086,0.011367897197173182,-3.6968493467816774,6.0,1.0,0.019251584654265217,0.3984670470050641,0,0.7696250104345381
35.73333333333259,783.9058228704148,245.55298568471466,-0.5053831407966598,89.85650508867822,29.38846511218563,0.018620225008127437,-4.618109608069007,7.0,1.0,-0.08287629920744086,0.4047185771112432,0,0.7420829788316041
35.749999999999254,785.2162138282174,244.82792947189202,-0.4990338270682725,89.85650508759436,29.41634930653894,0.012270911279740114,-3.570865764841404,7.5,1.0,0.10559663714220224,0.4018907078625778,0,0.8302080095745623
35.76666666666592,786.5311819511217,244.1112079013026,-0.5019306855817341,89.85650508677062,29.43542117569465,0.017498670855686238,-4.142519458904842,6.0,1.0,-0.04832043438134533,0.41021998166819434,0,0.7938330236356705
35.783333333332585,787.8440683184733,243.3906800667303,-0.500113305303411,89.85650508614458,29.461625995091445,0.015681290577363116,-3.8855116753429053,8.0,1.0,0.030328739371192764,0.402066416582947,0,0.9621669887565076
35.79999999999925,789.1582619900271,242.67253943454503,-0.5070469741960794,89.85650508566879,29.486414801260324,0.025001863112308953,-5.131307005205743,7.5,1.0,-0.11523292304395098,0.409317218530789,0,0.721042015356943
35.81666666666592,790.4674447618052,241.94530395410635,-0.5031369009993192,89.85650508530719,29.52385390115322,0.021091789915548775,-4.478784203123446,10.5,1.0,0.06517949617362939,0.4036124006682111,0,0.9777079976629466
35.83333333333258,791.7794610624728,241.22319302031713,-0.5041148594075034,89.85650508503238,29.557395517464933,0.024514094885525087,-4.687270521874067,8.5,1.0,-0.016323885629155665,0.4138554995476283,0,0.7326659979298711
35.84999999999925,793.0907705413828,240.49979933467557,-0.5034844427158132,89.85650508482352,29.594104355429316,0.0238836781938348,-4.61236231312444,9.5,1.0,0.010523335289173277,0.4040978201305878,0,0.7702909933868796
35.866666666665914,794.4025357991407,239.77723246411145,-0.498327097601867,89.85650508466479,29.63252231653342,0.021229624026869343,-3.767417387874664,9.0,1.0,0.08588125117350394,0.39765831103819227,0,0.7884170045144856
35.88333333333258,795.718010121832,239.0614403991715,-0.504331836435162,89.85650508454415,29.664313592024666,0.02723436286016434,-4.860450432724798,9.0,1.0,-0.09990508262923095,0.4034435970617134,0,0.962041987804696
35.899999999999245,797.0291626100585,238.3377622065304,-0.5127356902567256,89.85650508445246,29.70849221185275,0.038202017282273126,-6.316270259634879,14.0,1.0,-0.13937829957753867,0.0,0,0.7527499983552843
35.91666666666591,798.3341871844834,237.60309096438846,-0.5133385467026252,89.85650508438279,29.765949704196736,0.04143081588548653,-6.389762155780927,18.0,1.0,-0.01006331307985638,0.0,0,0.7664579898118973
35.93333333333258,799.638768620494,236.86763311332078,-0.5126181815734528,89.85650508432983,29.827979093576296,0.04071045075631413,-6.2338572934685565,17.0,1.0,0.012024678818752733,0.0,0,0.7345420017372817
35.94999999999924,800.9438795161576,236.13311522797088,-0.4979250952232592,89.85650508428958,29.88994058719486,0.028707149654315922,-3.740314376081134,15.0,1.0,0.24052747395791832,0.0,0,0.7805839995853603
35.96666666666591,802.2596414826555,235.41785204466376,-0.5016362190506324,89.85650508425898,29.93292675145546,0.03241827348168914,-4.44418862564868,8.5,1.0,-0.061871765625248945,0.0,0,0.7648749742656946
35.983333333332574,803.5727399643877,234.6977108424342,-0.5145649722464105,89.85650508423574,29.983286798600403,0.048102429351635,-6.666513175389207,14.0,1.0,-0.21256297604181598,0.0,0,0.7645839941687882
35.99999999999924,804.8764184352048,233.96065357287966,-0.5038020411944595,89.85650508421807,30.055297623929455,0.03733949829968397,-4.799907905233524,18.5,1.0,0.17777196437491039,0.0,0,0.9516670252196491
36.016666666665905,806.1879541406629,233.23767012411827,-0.5111485736624111,89.85650508420464,30.11455723262187,0.045634070229670365,-6.079944743140114,16.0,1.0,-0.12202840470838718,0.0,0,0.7717499975115061
36.03333333333257,807.494143079877,232.5050710325622,-0.5087456889398003,89.85650508419444,30.182875482820666,0.04323118550705962,-5.647966845884069,22.0,1.0,0.04009054050830098,0.0,0,0.7679999980609864
36.04999999999924,808.8020885976908,231.77561267439222,-0.5119319606816176,89.85650508418668,30.246209750029305,0.04378597062311524,-6.188780107530441,21.0,1.0,-0.05313925902835258,0.0,0,0.761958013754338
36.0666666666659,810.1077032275439,231.0419905562776,-0.5128053212772063,89.85650508418078,30.310036954788696,0.0405112262136878,-6.313268064518264,22.5,1.0,-0.014578222083678361,0.0,0,0.760833005188033
36.08333333333257,811.4126766428938,230.30722844572554,-0.5003931877327893,89.8565050841763,30.370690314709798,0.028099092669270742,-4.187960838710959,21.0,1.0,0.2043082334164597,0.0,0,0.792667007772252
36.099999999999234,812.7266692680104,229.58872002196702,-0.5114556426360721,89.8565050841729,30.409463550916513,0.035402643376628906,-6.112776503226575,18.5,1.0,-0.18261139328345755,0.0,0,0.7266669999808073
36.1166666666659,814.0326331871953,228.85571987485937,-0.514829686493707,89.85650508417031,30.462471773089142,0.03877668723426376,-6.667665901935945,23.5,1.0,-0.0562644193034078,0.0,0,0.7357090071309358
36.133333333332565,815.3361165027768,228.11831752886832,-0.5146923446734388,89.85650508416835,30.51609880884532,0.03525467538882565,-6.600599541161566,27.0,1.0,0.0022926817512887547,0.0,0,0.791957980254665
36.14999999999923,816.6397010822448,227.38109421260268,-0.5217378424771748,89.85650508416686,30.56824127194769,0.03927631502973922,-7.76035972469694,28.5,1.0,-0.11707464094922693,0.0,0,0.7297080010175705
36.1666666666659,817.9380592452195,226.6347048674823,-0.5133995823072578,89.85650508416572,30.627046690089013,0.030938054859822206,-6.256215834818164,30.5,1.0,0.13830429876379727,0.0,0,0.7404579955618829
36.18333333333256,819.2425957896832,225.8991673918692,-0.5094533267418404,89.85650508416485,30.67180503169923,0.02431676461772392,-5.553729500890898,28.0,1.0,0.0657809125916117,0.0,0,0.7327499915845692
36.19999999999923,820.5500247877528,225.16878366472383,-0.5105008080389803,89.8565050841642,30.708218434271956,0.02536424591486386,-5.732237700534539,26.0,1.0,-0.0174841191116997,0.0,0,0.8015840139705688
36.216666666665894,821.8566880054019,224.43703083110077,-0.5158581583069346,89.8565050841637,30.744016956854303,0.02838473305555267,-6.639342620320724,30.5,1.0,-0.08919447146701984,0.0,0,0.7642089913133532
36.23333333333256,823.1594122342068,223.6982882794922,-0.5146132678408029,89.85650508416332,30.786520464022868,0.027139842589420926,-6.383605572192435,33.5,1.0,0.02077831711978813,0.0,0,0.7858749886509031
36.249999999999226,824.4630551068838,222.9611680488711,-0.5174151928138506,89.85650508416303,30.82463140008951,0.02793367468386604,-6.83016334331546,34.5,1.0,-0.046739259728127105,0.0,0,0.9394160006195307
36.26666666666589,825.7646275093751,222.22039800699233,-0.5110717616659131,89.85650508416282,30.866459666250886,0.021590243535928477,-5.6980980059892765,38.0,1.0,0.10549952749645711,0.0,0,0.7965000113472342
36.28333333333256,827.0708727171342,221.48789924857786,-0.5153266188853051,89.85650508416265,30.896149487742708,0.024157552278407046,-6.418858803593565,35.0,1.0,-0.07090845016879244,0.0,0,0.7182080007623881
36.29999999999922,828.3739894326771,220.7498492505798,-0.5074951142399027,89.85650508416252,30.93183080952218,0.014951927670134812,-5.051315282156139,37.0,1.0,0.1299962632320579,0.0,0,0.745249999454245
36.31666666666589,829.6828461696481,220.0220271459705,-0.5166843749712996,89.85650508416242,30.9542221079453,0.024141188401531732,-6.630789169293683,39.5,1.0,-0.15221240872743189,0.0,0,0.7834999996703118
36.333333333332554,830.9849595924736,219.28220851416285,-0.5083975505590196,89.85650508416235,30.98968492987596,0.014787609993985762,-5.17847350157621,40.5,1.0,0.13746188809687404,0.0,0,0.7535000040661544
36.34999999999922,832.2931589834719,218.55320554622386,-0.5149370336856582,89.8565050841623,31.011830171969578,0.021327093120624422,-6.307084100945726,41.5,1.0,-0.10873486714187541,0.0,0,0.7732499798294157
36.366666666665886,833.596563133472,217.81566327920814,-0.49883769429180536,89.85650508416225,31.04304616756214,0.0044633080495806166,-3.5842504605674352,41.0,1.0,0.262547163048208,0.0,0,0.743791984859854
36.38333333333255,834.9116718036366,217.09919963077223,-0.5028834498520062,89.85650508416222,31.049730433076586,0.008509063609781431,-4.350550276340462,33.5,1.0,-0.0674345355044086,0.0,0,0.7608339947182685
36.39999999999922,836.223871081994,216.37742125221644,-0.5172529088256073,89.8565050841622,31.06185789373703,0.022412291599672896,-6.810330165804277,43.5,1.0,-0.2354253046359784,0.0,0,0.7707499898970127
36.41666666666588,837.5255636824625,215.6368624444517,-0.5037451249608029,89.85650508416218,31.095419920378795,0.00890450773486856,-4.486198099482567,50.0,1.0,0.22178006721841287,0.0,0,0.7710409990977496
36.43333333333255,838.8371405352905,214.91395364453433,-0.500035142197063,89.85650508416217,31.10836647052392,0.005023345270664058,-3.8917188596895405,45.0,1.0,0.06185279033104777,0.0,0,0.7604579732287675
36.449999999999214,840.1513903349103,214.19591573601443,-0.524526581399332,89.85650508416215,31.115889443048903,0.029514784472932987,-7.935031315813725,48.0,1.0,-0.3881059091347048,0.0,0,0.7481659995391965
36.46666666666588,841.4476619668607,213.44590851600051,-0.482442142415528,89.85650508416215,31.160028224763856,-0.012448043301574232,-1.5610187894882346,55.0,1.0,0.6124202045191773,0.0,0,0.7489999989047647
36.483333333332546,842.7743401717315,212.7511021295928,-0.5206504743851161,89.85650508416215,31.141386411772196,0.025760288668013887,-7.536611273692941,42.0,1.0,-0.5677668772884937,0.0,0,0.7641669944860041
36.49999999999921,844.0735091669351,212.00612501868662,-0.4908311747093186,89.85650508416215,31.180329295716128,-0.0036459871215186452,-2.7219667642157646,56.0,1.0,0.46187162362690387,0.0,0,0.7489580020774156
36.51666666666588,845.3943120041715,211.3002136651723,-0.514124276146553,89.85650508416215,31.174690016852825,0.02035103989091236,-6.633180058529459,50.0,1.0,-0.370847359157191,0.0,0,0.7699159905314445
36.53333333333254,846.6983151666457,210.56373099319026,-0.4837685702535662,89.85650508416215,31.205165801741902,-0.010004666002074447,-1.7799080351176748,60.0,1.0,0.46902216783901873,0.0,0,0.7471249846275896
36.54999999999921,848.0240705941679,209.86716547562034,-0.5014530058862322,89.85650508416215,31.190147811630048,0.008674944039448962,-4.867944821070605,49.5,1.0,-0.2870576992965888,0.0,0,0.7687500037718564
36.566666666665874,849.3373009932083,209.1472648624045,-0.4668514825743236,89.85650508416215,31.203139317903194,-0.025926579272459668,0.4792331073576377,51.5,1.0,0.5237957970887135,0.0,0,0.764833006542176
36.58333333333254,850.6746500155803,208.47322586781087,-0.5114244801934517,89.85650508416215,31.16448937398169,0.01993404338509147,-6.312460135585418,47.0,1.0,-0.6396948550801054,0.0,0,0.8146670006681234
36.599999999999206,851.980636776206,207.74026641808487,-0.48476537442098,89.85650508416215,31.194340788079785,-0.006725062387380187,-1.9874760813512509,66.5,1.0,0.41871150361860354,0.0,0,0.7721669971942902
36.61666666666587,853.3056972057849,207.04237972825885,-0.48166224518699946,89.85650508416215,31.184711198836222,-0.008246057453728972,-1.5924856488107504,56.0,1.0,0.05175515217116214,0.0,0,0.7615420036017895
36.63333333333254,854.6329168847068,206.3486082257058,-0.492357030373291,89.85650508416215,31.17236197373139,0.00244872773256255,-3.55549138928645,60.0,1.0,-0.17666974203063612,0.0,0,0.8040000102482736
36.6499999999992,855.9526410659545,205.6406823402471,-0.48234977831439974,89.85650508416215,31.176795143083723,-0.005678958279610957,-1.93329483357187,66.0,1.0,0.1655254047816184,0.0,0,0.7493749726563692
36.66666666666587,857.2793834403335,204.94599849424284,-0.4828684384564884,89.85650508416215,31.168290333072655,-0.005160298137522279,-2.159976900143122,60.5,1.0,-0.00865792379769567,0.0,0,0.8525419980287552
36.683333333332534,858.6057653314541,204.2506266133189,-0.5061837870576661,89.85650508416215,31.16170559084866,0.020335848444327398,-6.0959861400858735,80.0,1.0,-0.3711699209452841,0.0,0,0.7953750027809292
36.6999999999992,859.9155753557201,203.52452147340824,-0.4592510560440622,89.85650508416215,31.19215862960708,-0.026596882569276503,0.7424083159484764,76.5,1.0,0.6645747140994964,0.0,0,0.7486249960493296
36.716666666665866,861.2580086858372,202.86066627228172,-0.4751214648942075,89.85650508416215,31.15390311455801,-0.00823974781558695,-2.154555010430914,55.5,1.0,-0.2589795882069689,0.0,0,0.7827499939594418
36.73333333333253,862.5897377490481,202.17559060049666,-0.47049139233908055,89.85650508416215,31.141563338499346,-0.012869820370713882,-1.4927330062585484,64.5,1.0,0.07713774707581865,0.0,0,0.7726670010015368
36.7499999999992,863.9246244764987,201.49668825203372,-0.46135754729126727,89.85650508416215,31.12434493216993,-0.019205395347939136,-0.09563980375512904,65.5,1.0,0.1513084815788245,0.0,0,0.7800000021234155
36.76666666666586,865.2656564240873,200.83000670180226,-0.47290567437073694,89.85650508416215,31.09558453853241,-0.007657268268469464,-2.2573838822530776,69.0,1.0,-0.19043999438603865,0.0,0,0.7850830152165145
36.78333333333253,866.5989002010252,200.14788354200746,-0.45210126959479785,89.85650508416215,31.08671198326803,-0.025345292124996366,1.0455696706481539,67.0,1.0,0.33426192003504357,0.0,0,0.7498750055674464
36.799999999999194,867.9460456015466,199.4936433386217,-0.44956380423083203,89.85650508416215,31.048758724154453,-0.027882757488962184,1.2273418023888922,63.5,1.0,0.042333318687692745,0.0,0,0.7534589967690408
36.81666666666586,869.2948467751917,198.84282357259875,-0.4603763702704071,89.85650508416215,31.01020055976509,-0.013628146298245103,-0.8635949185666648,66.0,1.0,-0.17857450878738435,0.0,0,0.7719169952906668
36.833333333332526,870.6365322097813,198.17745813279728,-0.4440787421004743,89.85650508416215,30.989791564907964,-0.0299257744681779,1.6818430488600014,74.0,1.0,0.26563171139423614,0.0,0,0.7587079890072346
36.84999999999919,871.9888828624764,197.5340463781429,-0.46082526985306105,89.85650508416215,30.94884261001926,-0.009402954634514737,-1.3908941706839997,82.5,1.0,-0.2725955564967918,0.0,0,0.7454579754266888
36.86666666666586,873.3302694796258,196.86807872336922,-0.44829373247403526,89.85650508416215,30.93476087351344,-0.02193449201354053,0.5654634975896004,84.0,1.0,0.20621866610192502,0.0,0,0.7391249819193035
36.88333333333252,874.6798961529887,196.21897255607473,-0.46501755473218853,89.85650508416215,30.906520600174865,-0.0010904694448312102,-2.4607219014462403,106.0,1.0,-0.27224396700551173,0.0,0,0.7771670061629266
36.89999999999919,876.0184790646001,195.5473872952075,-0.43096237001405874,89.85650508416215,30.904887504278307,-0.035145654162961004,2.723566859132256,91.5,1.0,0.5169302031300264,0.0,0,0.765208009397611
36.916666666665854,877.3791523762907,194.92176831153984,-0.44384429169978973,89.85650508416215,30.857698855473643,-0.017788827708202285,0.23414011547935343,87.5,1.0,-0.2118158781219842,0.0,0,0.7283749873749912
36.93333333333252,878.7316538399607,194.27867363371814,-0.4262653120692098,89.85650508416215,30.83105956236907,-0.0353678073387822,2.940484069287612,84.5,1.0,0.2854376397934762,0.0,0,0.7284579914994538
36.949999999999186,880.0952506996636,193.65945268923969,-0.4195253692007479,89.85650508416215,30.784463465546086,-0.03726614603210877,3.7642904415725673,83.0,1.0,0.11204058387608572,0.0,0,0.7804999768268317
36.96666666666585,881.4629900697329,193.04943630467736,-0.42626270757892365,89.85650508416215,30.728666288499284,-0.030528807653933013,2.2585742649435403,88.0,1.0,-0.11199764967434861,0.0,0,0.8224589983001351
36.98333333333252,882.8265885421861,192.43021891167578,-0.42979639660444724,89.85650508416215,30.690347255590837,-0.02177354966378148,1.3551445589661242,99.5,1.0,-0.05892058980460914,0.0,0,0.7948330021463335
36.99999999999918,884.1879903838974,191.80618686181182,-0.41599579552463495,89.85650508416215,30.657893706398653,-0.029958001015396418,3.4130867353796743,101.0,1.0,0.22642672945056783,0.0,0,0.7435829902533442
37.01666666666585,885.5578743277046,191.20100180385708,-0.41261445806083896,89.85650508416215,30.613035062561664,-0.033339338479192404,3.6478520412278046,98.0,1.0,0.05638578767034071,0.0,0,0.7602080004289746
37.033333333332514,886.9297967712837,190.60045223664704,-0.40620362130639487,89.85650508416215,30.563960584119073,-0.03372338903543787,4.388711224736683,105.5,1.0,0.10661213926887113,0.0,0,0.966416992014274
37.04999999999918,888.3055410216236,190.00871012091685,-0.41309291985079255,89.85650508416215,30.513465725106357,-0.026834090491040186,2.83322673484201,112.0,1.0,-0.11450196643867731,0.0,0,0.772749976022169
37.066666666665846,889.6771759681587,189.40750421000442,-0.3976480021404509,89.85650508416215,30.47496424145946,-0.035823991386027654,5.099936040905206,122.0,1.0,0.2523309868034602,0.0,0,0.8105839951895177
37.08333333333251,891.0579325259388,188.82755395177574,-0.40251504832080204,89.85650508416215,30.42132540508377,-0.03095694520567649,3.859961624543123,119.0,1.0,-0.08106890791792391,0.0,0,0.7242499850690365
37.09999999999918,892.4358500964296,188.2408903831055,-0.39299257729258336,89.85650508416215,30.377647436500755,-0.03357692733928669,5.115976974725874,130.0,1.0,0.15764232191591238,0.0,0,0.7160420063883066
37.11666666666584,893.8192915967719,187.66737439465973,-0.3777047322270187,89.85650508416215,30.327371795584373,-0.04886477240485132,7.269586184835525,122.5,1.0,0.24987080981621412,0.0,0,0.7454160077031702
37.13333333333251,895.2113389145742,187.11507444094656,-0.3872210272905021,89.85650508416215,30.25807146655336,-0.031977507948849404,5.1617517109013145,130.0,1.0,-0.1575417641102716,0.0,0,0.7528330024797469
37.149999999999174,896.5980674310437,186.5495525620748,-0.3732730065575439,89.85650508416215,30.210189842747532,-0.0459255286818076,7.097051026540789,140.0,1.0,0.22876235820050372,0.0,0,0.7256249955389649
37.16666666666584,897.9925487126999,186.00342718362893,-0.3623693597535694,89.85650508416215,30.146676233861385,-0.048966819230092884,8.458230615924474,125.5,1.0,0.18004658158696907,0.0,0,0.7079159840941429
37.183333333332506,899.3929017408216,185.47253889923897,-0.3555973730574894,89.85650508416215,30.07337241540398,-0.05573880592617286,9.074938369554683,122.5,1.0,0.11256878228551452,0.0,0,0.7335419941227883
37.19999999999917,900.7968178000285,184.95114588761245,-0.3618601001542618,89.85650508416215,29.996800314070374,-0.04109738853281031,7.44496302173281,131.5,1.0,-0.10416706396202455,0.0,0,0.6973750132601708
37.21666666666584,902.1974410065061,184.42097081525534,-0.34432301061868953,89.85650508416215,29.935269843236405,-0.05863447806838257,9.866977813039686,144.5,1.0,0.2847936782894519,0.0,0,0.6904999900143594
37.2333333333325,903.6071460891491,183.91543886389846,-0.3440581394532244,89.85650508416215,29.856266265154797,-0.04997718173520293,9.320186687823812,135.0,1.0,0.0044215403070045275,0.0,0,0.7349580118898302
37.24999999999917,905.0169850231775,183.41028032049863,-0.32701379511306344,89.85650508416215,29.781451170664706,-0.06702152607536387,11.592112012694287,146.5,1.0,0.27720075751753603,0.0,0,0.7488330011256039
37.266666666665834,906.4352288555192,182.92922376883635,-0.33871364735573756,89.85650508416215,29.692111456431043,-0.04582652224046646,8.955267207616572,150.5,1.0,-0.19288087882281174,0.0,0,0.7266250031534582
37.2833333333325,907.8477474575513,182.43160727716275,-0.30713947669120567,89.85650508416215,29.623505289797873,-0.07740069290499835,13.373160324569943,157.5,1.0,0.48507347270631307,0.0,0,0.7861250196583569
37.299999999999166,909.2752712457936,181.9788305022786,-0.3191052227656178,89.85650508416215,29.52120928784076,-0.05533476016787991,10.623896194741965,156.0,1.0,-0.19715283304287912,0.0,0,0.78583401045762
37.31666666666583,910.6972751568533,181.50900516153658,-0.31341143635247265,89.85650508416215,29.438784229665487,-0.050288537137120615,10.974337716845179,158.0,1.0,0.09476330017427281,0.0,0,0.9382920106872916
37.3333333333325,912.1219310885456,181.0472839792565,-0.3061021954834279,89.85650508416215,29.363503432545897,-0.05759777800616539,11.584602630107106,158.0,1.0,0.12141506343789675,0.0,0,0.8786249964032322
37.34999999999916,913.5499237655699,180.5959881912891,-0.30127499244478023,89.85650508416215,29.28008699389339,-0.05100742023436927,11.750761578064264,160.0,1.0,0.08040812139607158,0.0,0,0.7278749835677445
37.36666666666583,914.9800782931015,180.15159084515267,-0.30148132639007863,89.85650508416215,29.20373097198733,-0.050801086289070874,11.050456946838558,163.5,1.0,-0.0034443771623570846,0.0,0,0.7001250050961971
37.383333333332494,916.4101410959325,179.70689841905207,-0.2895408880481257,89.85650508416215,29.133318340030293,-0.05060552883399361,12.430274168103136,166.0,1.0,0.19674654036925238,0.0,0,0.6878749991301447
37.39999999999916,917.8454116513614,179.27931286434836,-0.2794050086024973,89.85650508416215,29.057563417421115,-0.060741408279622044,13.45816450086188,162.5,1.0,0.16761359088821803,0.0,0,0.6998750031925738
37.416666666665826,919.2849423618327,178.86629675390947,-0.27503106876389277,89.85650508416215,28.975612655822648,-0.05221665688368321,13.474898700517128,169.5,1.0,0.0728860711995976,0.0,0,0.7059159979689866
37.43333333333249,920.7262658041026,178.45958099488902,-0.26476027689077325,89.85650508416215,28.897448082529852,-0.06248744875680273,14.484939220310277,168.5,1.0,0.16980222605309192,0.0,0,0.7255419914145023
37.44999999999916,922.1716904445067,178.06768996056311,-0.25427954394134367,89.85650508416215,28.816761990960572,-0.05925893191896142,15.490963532186166,165.5,1.0,0.17320475229852167,0.0,0,0.6722910038661212
37.46666666666582,923.6211429288326,177.6909692821369,-0.25771292305543464,89.85650508416215,28.728067247335492,-0.055825552804870456,14.0945781193117,174.0,1.0,-0.0572517319542202,0.0,0,0.6645420216955245
37.48333333333249,925.0692934476591,177.3092743140083,-0.2349951297927467,89.85650508416215,28.661829636341285,-0.06397184728408002,17.05674687158702,171.0,1.0,0.36247796082746786,0.0,0,0.8479160023853183
37.499999999999154,926.5257408101932,176.96057379201287,-0.2335530521919537,89.85650508416215,28.56609019116049,-0.06541392488487305,16.434048122952213,171.5,1.0,0.024068359829813923,0.0,0,0.7002500060480088
37.51666666666582,927.9826895113603,176.61397394198434,-0.22608505487046565,89.85650508416215,28.49067012315361,-0.057392440464375916,16.860428873771326,174.0,1.0,0.12402551589788842,0.0,0,0.6489999941550195
37.533333333332486,929.4421859676769,176.27826414488044,-0.20469201426132386,89.85650508416215,28.40852920644616,-0.062318041187479384,19.516257324262796,168.0,1.0,0.34300372620539965,0.0,0,0.6904999900143594
37.54999999999915,930.9085297640854,175.97385185109718,-0.201430376253555,89.85650508416215,28.315261578795628,-0.06557967919524824,19.109754394557676,168.5,1.0,0.05439373572323976,0.0,0,0.6887080089654773
37.56666666666582,932.3758586417581,175.67422385070338,-0.18896055528453815,89.85650508416215,28.22602588706451,-0.0605397199762914,20.265852636734607,169.5,1.0,0.2052314081006107,0.0,0,0.6852090009488165
37.58333333333248,933.846809649397,175.3929159997667,-0.17659966773570435,89.85650508416215,28.135416464602734,-0.0729006075251252,21.359511582040767,169.0,1.0,0.20348784486036678,0.0,0,0.696374976541847
37.59999999999915,935.3211254101956,175.12981143626928,-0.17606381672529345,89.85650508416215,28.041172124894292,-0.05481543294380429,20.41570694922446,174.5,1.0,0.008944873582886079,0.0,0,0.6757089868187904
37.616666666665814,936.7955819441688,174.8674969240976,-0.1688270631183342,89.85650508416215,27.959121175667537,-0.06205218655076353,20.649424169534676,179.5,1.0,0.12022259081639855,0.0,0,0.720667012501508
37.63333333333248,938.2718981581447,174.61585946618644,-0.16090435903140027,89.85650508416215,27.88790685401746,-0.050169148625815174,20.989654501720807,181.5,1.0,0.13149280448983924,0.0,0,0.7043750083539635
37.649999999999146,939.7501616669992,174.3759261999199,-0.13746202037257835,89.85650508416215,27.812804628637682,-0.0736114872846371,23.793792701032487,173.5,1.0,0.37300959936057043,0.0,0,0.6664590036962181
37.66666666666581,941.2336430913319,174.17070963740116,-0.1362234260106708,89.85650508416215,27.732047931805027,-0.05378164612013772,22.87627562061949,180.5,1.0,0.0206732596163417,0.0,0,0.7537500059697777
37.68333333333248,942.7173775577609,173.96733066355378,-0.12351627253277143,89.85650508416215,27.656136203269995,-0.04407538768044318,23.925765372371696,178.5,1.0,0.20902570576980523,0.0,0,0.7049169798847288
37.69999999999914,944.2035765334866,173.7828216436551,-0.11189969332917714,89.85650508416215,27.59014990109598,-0.05569196688403748,24.755459223423017,181.5,1.0,0.1915415067952163,0.0,0,0.6877920241095126
37.71666666666581,945.6918185482825,173.6155892327158,-0.10209061552682903,89.85650508416215,27.518993397266097,-0.04165645520634341,25.25327553405381,182.5,1.0,0.1623053207437966,0.0,0,0.6926250061951578
37.733333333332475,947.1816293352362,173.4629629147067,-0.10627470727194825,89.85650508416215,27.456626380102115,-0.037472363461224185,23.351965320432285,191.5,1.0,-0.06973297422038888,0.0,0,0.7218749960884452
37.74999999999914,948.6707884807763,173.30410444585388,-0.08183965729549274,89.85650508416215,27.42129866522273,-0.03654215844159073,26.211179192259372,184.5,1.0,0.38729913213443357,0.0,0,0.7426250085700303
37.766666666665806,950.1633844094291,173.1816774568305,-0.06670150690361684,89.85650508416215,27.366584999817274,-0.05168030883346662,27.526707515355625,185.0,1.0,0.24752331261399357,0.0,0,0.6848750053904951
37.78333333333247,951.657662564409,173.08185877409866,-0.06516390502163755,89.85650508416215,27.319491419411484,-0.026240158428863184,26.516024509213374,189.5,1.0,0.025661987568395744,0.0,0,0.7017919851932675
37.79999999999914,953.1520924343223,172.9843378133614,-0.045657333005494266,89.85650508416215,27.28019844678847,-0.04574673044500647,28.509614705528023,183.5,1.0,0.31480044254103773,0.0,0,0.6832089857198298
37.8166666666658,954.6481401722285,172.915984760921,-0.030709244507766673,89.85650508416215,27.2524118598052,-0.0320117256967936,29.705768823316813,185.5,1.0,0.24453876552462256,0.0,0,0.7359160226769745
37.83333333333247,956.1450424802185,172.87000156609653,-0.017194723208484593,89.85650508416215,27.21084193137975,-0.015045763565574077,30.623461293990086,184.0,1.0,0.22188709264810672,0.0,0,0.7043750083539635
37.849999999999135,957.6424295134086,172.84425187276955,-0.005701794154789058,89.85650508416215,27.188310119336613,-0.02653869261926961,31.174076776394053,185.0,1.0,0.18955142225553076,0.0,0,0.6982920167502016
37.8666666666658,959.1400135875772,172.83571286411325,0.0022003323153751736,89.85650508416215,27.165536007957286,-0.003687460618254255,31.104446065836434,190.5,1.0,0.13115518668665235,0.0,0,0.6655000033788383
37.883333333332466,960.6376183803407,172.83900809765234,0.015070162540160761,89.85650508416215,27.160013648409038,-0.01655729084303984,31.862667639501858,185.0,1.0,0.2116229453453238,0.0,0,0.7009170076344162
37.89999999999913,962.1350567408551,172.8615764456627,0.023873300516069437,89.85650508416215,27.161684997745052,0.0033773661606266887,31.917600583701116,190.5,1.0,0.14590893387386183,0.0,0,0.6752499903086573
37.9166666666658,963.6322384098577,172.89732590544858,0.04369083716683242,89.85650508416215,27.166742960122406,-0.016440170490136293,33.75056035022067,184.5,1.0,0.31948661032431647,0.0,0,0.6699579826090485
37.93333333333246,965.1284176709838,172.9627368559699,0.05560901100397789,89.85650508416215,27.177598557083257,-0.0009513183410447129,34.2503362101324,185.5,1.0,0.1963890495279237,0.0,0,0.670000008540228
37.94999999999913,966.6237111119477,173.04597446335046,0.07009643782721564,89.85650508416215,27.183017095685308,0.012004665304932563,35.150201726079445,188.0,1.0,0.23728659638342103,0.0,0,0.791583996033296
37.966666666665795,968.1176417788607,173.15086553222196,0.08629436731210806,89.85650508416215,27.200994951690713,-0.004193264179959855,36.290121035647665,183.5,1.0,0.2640814578300519,0.0,0,0.6955839926376939
37.98333333333246,969.6096775227413,173.27994036654266,0.09993659215191386,89.85650508416215,27.21437768761329,0.009599629472745397,36.9740726213886,184.5,1.0,0.22391470803136498,0.0,0,0.7001250050961971
37.999999999999126,971.0998136138742,173.42935724569512,0.10608751902653468,89.85650508416215,27.228753952717266,0.0034487025981245756,36.38444357283316,186.5,1.0,0.10232057481881923,0.0,0,0.6726660067215562
38.01666666666579,972.5890024697626,173.58793695867882,0.11830061645494191,89.85650508416215,27.266730937371733,0.018617715542774083,36.8306661436999,192.5,1.0,0.20112034489129135,0.0,0,0.6747090083081275
38.03333333333246,974.076143562176,173.76469200140093,0.1357150589319886,89.85650508416215,27.29995408102343,0.02848803875048017,38.098399686219935,188.0,1.0,0.2829068736014406,0.0,0,0.6852500082459301
38.04999999999912,975.560300060427,173.96736020523056,0.1359687773204681,89.87581256222052,27.342621403085634,0.02823432036200066,36.45903981173196,197.0,1.0,0.004234457494198346,0.0,0,0.7301660079974681
38.06666666666579,977.0446984058742,174.17044508969624,0.16085113112889204,89.8935754420342,27.40402549376512,0.03049584063394259,38.875423887039176,185.5,1.0,0.3935380911631857,0.0,0,0.6764169957023114
38.083333333332455,978.5249421338132,174.41061889518798,0.17867782433459747,89.9760958444479,27.449750017052153,0.012669147428237158,40.125254332223506,187.0,1.0,0.2888772713645779,0.0,0,0.6632499862462282
38.09999999999912,980.0019145544172,174.6773658746306,0.18284713409617234,90.0520146146685,27.50190075217816,0.03546045431332953,39.0751525993341,193.5,1.0,0.06933702948541359,0.0,0,0.7214579964056611
38.116666666665786,981.4798872910603,174.9506614679414,0.20025700586010686,90.18169442686289,27.562380529392573,0.044787121143687436,40.24509155960046,187.5,1.0,0.2818698843579144,0.0,0,0.6882500019855797
38.13333333333245,982.9552908535786,175.2501353657508,0.21882883384227103,90.32940294244985,27.629784555190593,0.026215293161523268,41.54705493576028,187.0,1.0,0.299146847281416,0.0,0,0.8655420097056776
38.14999999999912,984.4270893748816,175.57744865635271,0.2307262788158214,90.46529477678985,27.691285834867973,0.0407913626192328,41.72823296145617,187.5,1.0,0.19477002503551666,0.0,0,0.7288750202860683
38.16666666666578,985.8976233227031,175.92289118086333,0.2472148351009847,90.63378104199738,27.7528866720508,0.024302806334069508,42.6369397768737,185.5,1.0,0.2664012650213089,0.0,0,0.6933330150786787
38.18333333333245,987.3647666988915,176.29316481450437,0.25675822082755456,90.78878840598831,27.826653964716787,0.040933127647171,42.38216386612422,188.0,1.0,0.15638700901278613,0.0,0,0.6734170019626617
38.199999999999115,988.831550554102,176.67827379839713,0.270570659635589,90.98983298463875,27.901673271377273,0.05296021109582999,42.829298319674535,190.0,1.0,0.2238857054076711,0.0,0,0.6736249779351056
38.21666666666578,990.2970240031286,177.0847559826068,0.2834184588601151,91.248149050673,27.98217764675956,0.04011241187130393,43.097578991804724,187.5,1.0,0.20814217324460335,0.0,0,0.6599169864784926
38.233333333332446,991.7609570749541,177.51113981828237,0.2981954895561193,91.48579983142453,28.07205695351525,0.050808941817330866,43.658547395082834,187.5,1.0,0.23770347061342822,0.0,0,0.6836669926997274
38.24999999999911,993.2233189637518,177.96061161471903,0.30926460995239485,91.79268970108093,28.156049811721896,0.06481838952556895,43.5951284370497,188.5,1.0,0.17894749903472373,0.0,0,0.7313340029213578
38.26666666666578,994.6867362316381,178.42819808700526,0.3281529605297583,92.17818588172695,28.255560788893714,0.04593003894820552,44.757077062229826,184.5,1.0,0.29820166608750065,0.0,0,0.7284170133061707
38.28333333333244,996.1466565728565,178.92524611367932,0.3431029240196396,92.53284236792129,28.349315809356717,0.055637462421905926,45.254246237337895,183.5,1.0,0.23776183298583364,0.0,0,0.6902920140419155
38.29999999999911,997.6059579696872,179.44655515016106,0.3595428353455692,92.97722969584802,28.437770903552543,0.0634104599491121,45.952547742402736,182.0,1.0,0.25925576645816684,0.0,0,0.6541249749716371
38.316666666665775,999.0649472571488,179.99496151137683,0.37316812626120954,93.51918199288575,28.5365395886159,0.04978516903347174,46.17152864544164,178.5,1.0,0.21515987654156704,0.0,0,0.6784169818274677
38.33333333333244,1000.5240671728271,180.5662250373615,0.3863612387126953,94.01777810616045,28.63451179961214,0.06034008724065315,46.30291718726498,182.5,1.0,0.2074600925916067,0.0,0,0.65591701422818
38.349999999999106,1001.9848934138405,181.16050034273056,0.4045590208004152,94.62470714362371,28.730857939867473,0.06540791958045084,47.181750312358986,176.0,1.0,0.28084830555496376,0.0,0,0.6957089935895056
38.36666666666577,1003.445723013662,181.78599485339845,0.41687529139182805,95.346522796193,28.834724137816792,0.05309164898903801,47.10905018741539,179.5,1.0,0.19138906666631195,0.0,0,0.6643339875154197
38.38333333333244,1004.908858227838,182.4339148690581,0.42433171373110606,96.01059319655674,28.93978111718089,0.06840367857908847,46.26543011244924,184.0,1.0,0.11597102333312076,0.0,0,0.651500013191253
38.3999999999991,1006.3791167248405,183.09814564078397,0.44441655840589306,96.80033697264066,29.053424936542307,0.07057806819107175,47.35925806746954,179.0,1.0,0.3017283639998714,0.0,0,0.7011250127106905
38.41666666666577,1007.8495957238532,183.79836895247018,0.4553107547863505,97.7212168464852,29.168279106386052,0.0596838718106143,47.01555484048173,177.5,1.0,0.16569051839992438,0.0,0,0.6937909929547459
38.433333333332435,1009.325040902316,184.5207793007179,0.47113597878963454,98.56842633042218,29.2898107077596,0.06559917466560206,47.40933290428904,177.0,1.0,0.2363258110399541,0.0,0,0.6709169829264283
38.4499999999991,1010.8035636117419,185.27393258503795,0.48211721698062193,99.55786949856034,29.407376296984324,0.07583268581830915,47.04559974257342,177.0,1.0,0.16396473662397182,0.0,0,0.7080830109771341
38.466666666665766,1012.2905048177315,186.0520561684074,0.49960225622826676,100.69405970481127,29.534519373652813,0.058347646570664324,47.627359845544056,176.0,1.0,0.25480617530771676,0.0,0,0.6810830091126263
38.48333333333243,1013.7789061011009,186.86440497903428,0.5116518048879856,101.73935469456212,29.663720740581194,0.06698225882165221,47.37641590732643,178.5,1.0,0.1758188718512968,0.0,0,0.6755840149708092
38.4999999999991,1015.2749033755782,187.7044513537329,0.5258627553638004,102.94303631036225,29.796118358278747,0.0729221583504962,47.42584954439586,174.5,1.0,0.20418440644411134,0.0,0,0.670375011395663
38.51666666666576,1016.778482028106,188.57708760390932,0.5473706111967356,104.30759340553327,29.928834761936876,0.07103103092268793,48.455509726637516,172.0,1.0,0.29996206053313346,0.0,0,0.6654160097241402
38.53333333333243,1018.2808120803918,189.49274764051725,0.5591749158181413,105.5629859330906,30.053700495651135,0.05922672630128223,48.07330583598251,172.0,1.0,0.16618656965321338,0.0,0,0.6687080021947622
38.549999999999095,1019.7885465292313,190.43628896311026,0.5764481386764096,106.71794705844336,30.18858288357224,0.06103703247435532,48.44398350158951,167.5,1.0,0.23817944179192818,0.0,0,0.6422919977921993
38.56666666666576,1021.2946065004189,191.41538416932778,0.588533400930419,107.78051129376789,30.317905745725266,0.06750457718938274,48.066390100953704,168.0,1.0,0.16663308174182345,0.0,0,0.6736659852322191
38.583333333332426,1022.8022756624797,192.42165329433433,0.6046681090492544,108.75807039026645,30.451033264076997,0.06939581225437341,48.23983406057222,165.5,1.0,0.21896334904509357,0.0,0,0.646792002953589
38.59999999999909,1024.3058449394632,193.4606374069155,0.6234805378104538,109.65742475904514,30.580636547730077,0.06808753389968414,48.74390043634333,161.5,1.0,0.251869759427057,0.0,0,0.6766250007785857
38.61666666666576,1025.8007990100862,194.5357733425503,0.6321469564816247,110.48483077832154,30.70591702481738,0.05942111522851323,47.846340261806,163.0,1.0,0.11712135565623324,0.0,0,0.6941249885130674
38.63333333333242,1027.2966147660409,195.63132104717928,0.6492602912369481,111.24604431605582,30.84318822195916,0.05929626117857988,48.1078041570836,163.5,1.0,0.22678039672707367,0.0,0,0.6857499829493463
38.64999999999909,1028.7827609964886,196.7593623023392,0.6627316734824923,111.94636077077135,30.973794569797313,0.06230471323607811,47.86468249425016,162.0,1.0,0.1785837380362445,0.0,0,0.6545840005856007
38.666666666665755,1030.2620416290572,197.9139279510315,0.6754366127752685,112.59065190910964,31.104248445886213,0.06557874319019263,47.5188094965501,160.5,1.0,0.16767357615507994,0.0,0,0.6487909995485097
38.68333333333242,1031.7342445919178,199.09337089281615,0.6787122889828375,113.18339975638087,31.235705822111484,0.07778957857553581,45.91128569793006,165.0,1.0,0.043384729026381436,0.0,0,0.682624988257885
38.699999999999086,1033.2096507466556,200.28333582744662,0.7050274772273889,113.7287277758704,31.38564829880065,0.06647735614456417,47.34677141875804,161.5,1.0,0.3340696707491624,0.0,0,0.6525409989990294
38.71666666666575,1034.6596037578438,201.51712871382173,0.717824628290538,114.23042955380076,31.51211738370277,0.05368020508141513,47.00806285125482,157.5,1.0,0.16648838578283032,0.0,0,0.6819159898441285
38.73333333333242,1036.099443922716,202.77443523076587,0.7270401823606412,114.6919951894967,31.64042886602502,0.05899337620451505,46.20483771075289,158.0,1.0,0.11994711480303122,0.0,0,0.6718329968862236
38.74999999999908,1037.5329241342242,204.0496611285675,0.7324426410939486,115.11663557433695,31.77440356887638,0.06765499948960352,44.92290262645173,162.0,1.0,0.07027951888181846,0.0,0,0.6882500019855797
38.76666666666575,1038.964335428421,205.33696662523084,0.7490962274721877,115.50730472839,31.920976137266507,0.06461065052627801,45.15374157587104,161.5,1.0,0.21298654466242506,0.0,0,0.6678749923594296
38.783333333332415,1040.3784976649863,206.65200987461608,0.7667242527731403,115.8667203501188,32.058112232115406,0.060146935944479174,45.49224494552263,158.0,1.0,0.2243684267974555,0.0,0,0.6823750154580921
38.79999999999908,1041.7732287486263,207.99559985082942,0.78343425414758,116.1973827221093,32.18342355963064,0.056166282872126105,45.69534696731358,155.0,1.0,0.21245522274513964,0.0,0,0.6776669761165977
38.816666666665746,1043.14890694589,209.36588521791623,0.8060469955710942,116.50159210434055,32.298162416838714,0.04585787324455792,46.61720818038815,150.5,1.0,0.28331530031374985,0.0,0,0.6851659854874015
38.83333333333241,1044.4964796987717,210.77029119538415,0.8058397674252407,116.7814647359933,32.39033611857036,0.05795428708178185,44.57032490823289,153.0,1.0,-0.002661736478415555,0.0,0,0.6908749928697944
38.84999999999908,1045.847315260349,212.177513742871,0.8237398409026042,117.03894755711383,32.50379909709163,0.05153799789637015,44.94219494493973,150.5,1.0,0.22550962477961595,0.0,0,0.8225420024245977
38.86666666666574,1047.1754290162012,213.6115862827522,0.8343130530650894,117.27583175254472,32.60449053392813,0.040964785733884956,44.36531696696384,149.5,1.0,0.13441969153443664,0.0,0,0.7369160011876374
38.88333333333241,1048.4907457822253,215.06231171065886,0.8418774012317958,117.49376521234115,32.70469733030317,0.04448839559773766,43.419190180178305,151.0,1.0,0.09627273158732919,0.0,0,0.7001249759923667
38.899999999999075,1049.7972769792648,216.52543757005805,0.8632670932883084,117.69426399535385,32.80935121055119,0.03380020270053907,44.25151410810698,151.0,1.0,0.2661421389523967,0.0,0,0.6950410024728626
38.91666666666574,1051.0742140566658,218.01850929454852,0.8727286371020169,117.87872287572554,32.890850201754944,0.034662825719550816,43.55090846486419,149.0,1.0,0.11982086670477227,0.0,0,0.6825830205343664
38.933333333332406,1052.3387853276813,219.52576257799362,0.9387648970466025,118.0484250456675,32.97208939257274,-0.021417742611194557,52.130545078918516,125.5,1.0,0.6981317007977318,0.0,0,0.7228330068755895
38.94999999999907,1053.5026765740026,221.11527697687433,0.9246388968177698,118.2045510420141,32.94115303098786,0.0023040370501924423,48.07832704735111,99.5,1.0,-0.17737322131961616,0.0,0,0.7374580018222332
38.96666666666574,1054.6903458739278,222.6901035315971,0.9611572051038526,118.34818695865297,32.95538631005793,-0.024970156209787264,50.44699622841067,107.5,1.0,0.43348848387489824,0.0,0,0.7010410190559924
38.9833333333324,1055.8209871534523,224.30904781557268,0.9502285414719671,118.48033200196073,32.91441207464998,-0.0051411276782239446,46.8681977370464,96.5,1.0,-0.1374875763417291,0.0,0,0.7435829902533442
38.99999999999907,1056.970431703046,225.917187699716,0.9681326911458253,118.60190544180388,32.91141947175093,-0.014481097516512609,47.120918642227835,106.5,1.0,0.22268470419496236,0.0,0,0.7283749873749912
39.016666666665735,1058.091957845577,227.54718428753696,0.9805229493280153,118.71375300645957,32.88895816307148,-0.01863615871465163,46.6725511853367,100.0,1.0,0.15529573918364478,0.0,0,0.6954999989829957
39.0333333333324,1059.194156886355,229.1923762015982,0.984814006891483,118.8166527659428,32.85743003637458,-0.015014174712370765,45.20353071120202,99.0,1.0,0.05411952684352045,0.0,0,0.6951249961275607
39.049999999999066,1060.2901587380145,230.84359712546095,0.9916820611184853,118.91132054466738,32.83238866811767,-0.014284900725691663,44.122118426721215,100.5,1.0,0.08642088277277885,0.0,0,0.721791002433747
39.06666666666573,1061.3755885755668,232.5035213366557,1.003190299030571,118.99841490109398,32.808250506902255,-0.018505476660115483,43.67327105603273,102.0,1.0,0.14405886299700071,0.0,0,0.7371249957941473
39.0833333333324,1062.442562112171,234.17695277430232,1.0081502784365153,119.07854170900646,32.7753234571224,-0.01648181705256646,42.40396263361964,99.5,1.0,0.06239840113153344,0.0,0,0.7626659935340285
39.09999999999906,1063.5018777461905,235.85669498917184,1.0135728540329685,119.15225837228594,32.74611359216481,-0.015219545669461376,41.242377580171784,102.5,1.0,0.06815870734558721,0.0,0,0.8119580161292106
39.11666666666573,1064.5526670717377,237.54311603381447,1.0419674175305063,119.22007770250306,32.71921933641805,-0.03722324401736987,42.94542654810307,98.5,1.0,0.3431224744073519,0.0,0,0.7715419924352318
39.133333333332395,1065.5556787217374,239.25958782467512,1.0302827042084475,119.28247148630281,32.64849436751659,-0.019437266435193612,39.56725592886184,91.0,1.0,-0.14589351535558895,0.0,0,0.818417000118643
39.14999999999906,1066.5791702227827,240.96504312402212,1.0519340148153122,119.33987376739859,32.613098515634036,-0.03527297094287363,40.540353557317104,98.5,1.0,0.2657038907866468,0.0,0,0.7592500187456608
39.166666666665726,1067.565935848774,242.69302122303708,1.057948380438321,119.3926838660067,32.545461151673265,-0.033869623653819625,39.52421213439026,91.0,1.0,0.07541866780532117,0.0,0,0.7560410012956709
39.18333333333239,1068.5426883134166,244.427608383326,1.066843981039162,119.44126915672616,32.48165864031696,-0.031975714959073365,38.914527280634154,93.5,1.0,0.11125386734985926,0.0,0,0.9204999951180071
39.19999999999906,1069.5043318821201,246.17146795873344,1.0712104596133234,119.48596762418808,32.42179408074564,-0.02418756401194999,37.74871636838049,95.0,1.0,0.054760987076582224,0.0,0,0.7757080020383
39.21666666666572,1070.458680120029,247.92011150302451,1.0917162763051866,119.52709021425304,32.3747599526924,-0.03297107607312966,38.6492298210283,93.0,1.0,0.25187192557928356,0.0,0,0.7896670140326023
39.23333333333239,1071.3772635261787,249.68851529558185,1.0859386895261693,119.56492299711279,32.30906878672708,-0.02719348929411236,36.18953789261698,88.5,1.0,-0.07235609465243054,0.0,0,0.7769170042593032
39.249999999999055,1072.306319026161,251.45209564809238,1.1012616508328852,119.59972915734376,32.27594785305544,-0.031186125518557924,36.51372273557019,94.5,1.0,0.18986325987520858,0.0,0,0.7493750017601997
39.26666666666572,1073.2084847257725,253.23018022824198,1.1077319668191326,119.63175082475625,32.231514037568225,-0.02668130306590477,35.70823364134212,89.5,1.0,0.08095062259179206,0.0,0,0.7328329957090318
39.283333333332386,1074.0993461772669,255.01450413595768,1.1040084506965906,119.66121075877575,32.19276179303328,-0.012304176787294008,33.62494018480527,92.0,1.0,-0.04664187644492568,0.0,0,0.8444160048384219
39.29999999999905,1074.9970486791835,256.79590193830535,1.1187598269446113,119.68831389807369,32.17943129410188,-0.016692581398755735,33.974964110883164,98.5,1.0,0.1828083741330455,0.0,0,0.738417002139613
39.31666666666572,1075.8685579205558,258.59072163266063,1.1309021055381394,119.7132487862278,32.15412262991218,-0.018734084501813575,33.984978466529896,92.5,1.0,0.15098419114649292,0.0,0,0.7172920159064233
39.333333333332384,1076.7183730669738,260.3963368024705,1.138278395942376,119.73618888332958,32.12152729357538,-0.016245517924226016,33.390987079917934,88.5,1.0,0.09214509802122953,0.0,0,0.8755830058362335
39.34999999999905,1077.5549939114676,262.2084906343146,1.1457729073507241,119.7572937726632,32.0906862610335,-0.014086728557815231,32.83459224795076,94.5,1.0,0.09359697547940435,0.0,0,0.7548329886049032
39.366666666665715,1078.3781436174404,264.02715839648073,1.1376580208532696,119.77671027085015,32.06256615764264,-0.005971842060360721,30.300755348770455,92.5,1.0,-0.10127748137902418,0.0,0,0.721792021067813
39.38333333333238,1079.2161493005713,265.8393568110849,1.169376264954408,119.79457344918214,32.06790684761977,-0.028225673931712384,32.78045320926228,97.5,1.0,0.37805392783925257,0.0,0,0.770582992117852
39.39999999999905,1079.9963703888511,267.67747146474267,1.1645505978080553,119.81100757324757,32.02524210130173,-0.014103314175411441,30.668271925557367,88.5,1.0,-0.060342643296448506,0.0,0,0.7701249851379544
39.41666666666571,1080.7855520648768,269.51203112429283,1.1881391394580196,119.82612696738776,32.0072073483221,-0.028543038181940927,32.20096315533442,90.0,1.0,0.2871251640221306,0.0,0,0.7333749963436276
39.43333333333238,1081.531330181737,271.36490939757067,1.1755007990785582,119.84003680999675,31.95676526235886,-0.006885078821873725,29.120577893200654,86.5,1.0,-0.15689006825338814,0.0,0,0.7691250066272914
39.449999999999044,1082.3005475533053,273.2084113844694,1.198754562315639,119.85283386519701,31.94599273083684,-0.02123077391064676,30.672346735920392,92.5,1.0,0.28320629238130035,0.0,0,0.7337499991990626
39.46666666666571,1083.0267637965953,275.069483352553,1.199874865719242,119.86460715598125,31.903582277486166,-0.022351077314249682,29.403408041552236,85.5,1.0,0.014018692095447177,0.0,0,0.7883750076871365
39.483333333332375,1083.7509600545816,276.93153598214207,1.2030140691187712,119.87543858350274,31.875904422850738,-0.016677018050155423,28.44204482493134,89.0,1.0,0.039260631923934364,0.0,0,0.7435419829562306
39.49999999999904,1084.4693671061202,278.7960078079679,1.2010683347198428,119.88540349682252,31.85575445337428,-0.005996869631926138,26.865226894958806,100.0,1.0,-0.024340120845638885,0.0,0,0.7714160019531846
39.51666666666571,1085.1914557768364,280.65922074632425,1.2244644935589677,119.89457121707672,31.85311780304536,-0.02072219117206009,28.519136136975284,98.0,1.0,0.2847545941592834,0.0,0,0.7196250080596656
39.53333333333237,1085.8698064959954,282.53894855014164,1.222302955587405,119.90300551971058,31.817193840363853,-0.009938710988330435,26.91148168218517,97.0,1.0,-0.027034493504430282,0.0,0,0.7324999896809459
39.54999999999904,1086.5522628928136,284.41732723495454,1.2373165330436493,119.91076507813374,31.798908795749757,-0.016365063072050434,27.5468890093111,96.0,1.0,0.1856468038973417,0.0,0,0.7322909950744361
39.566666666665704,1087.206481197307,286.3058523756443,1.2473019922159378,119.91790387188304,31.76620252132983,-0.02635052224433898,27.52813340558666,91.5,1.0,0.12426016567173892,0.0,0,0.7386249781120569
39.58333333333237,1087.8418442047052,288.2009197106576,1.2353766970476536,119.9244715621324,31.728267640401867,-0.00585896340429648,24.716880043352,98.5,1.0,-0.14806840059695672,0.0,0,0.7792919932398945
39.599999999999035,1088.4997938844626,290.08837067671027,1.2691372049180192,119.93051383716181,31.727233400988062,-0.03106076265823199,27.6301280260112,100.5,1.0,0.39953979297515907,0.0,0,0.7652919739484787
39.6166666666657,1089.0936869705295,291.9970430738303,1.267926454415313,119.93607273018887,31.67171457658464,-0.02128573063463124,26.17807681560672,89.0,1.0,-0.015141290881571373,0.0,0,0.7253329968079925
39.63333333333237,1089.6899159694517,293.9050763725762,1.2645704285841382,119.94118691177376,31.63154266285131,-0.009346935337555928,24.506846089364032,96.5,1.0,-0.04194627452894248,0.0,0,0.7778750150464475
39.64999999999903,1090.2925686476603,295.8111727394863,1.3009030673618298,119.94589195883185,31.612857493323915,-0.04567957411524759,27.70410765361842,98.0,1.0,0.4264761519493009,0.0,0,0.7303750026039779
39.6666666666657,1090.8256045609414,297.7379718408349,1.2735376635262416,119.9502206021253,31.53688224005214,-0.009700148340447523,23.022464592171048,95.5,1.0,-0.32971772549708667,0.0,0,0.768458005040884
39.683333333332364,1091.41118139593,299.6495280698077,1.3038047577523018,119.95420295395527,31.528529535802647,-0.03130929447171504,25.61347875530263,107.0,1.0,0.3618208647017488,0.0,0,0.7081250078044832
39.69999999999903,1091.9386577199375,301.5779886826374,1.300483824747893,119.95786671763885,31.472611862535764,-0.019273846893545832,23.96808725318158,98.5,1.0,-0.041502397845617406,0.0,0,0.7329159998334944
39.716666666665695,1092.4725504132914,303.5047410888132,1.3096411996516382,119.96123738022774,31.43627912260187,-0.019647477960867965,23.98085235190895,104.0,1.0,0.11400764462596306,0.0,0,0.7052500150166452
39.73333333333236,1092.9887903183167,305.43635162746847,1.3187631642161692,119.96433838980953,31.396998371687054,-0.028769442525399036,23.98851141114537,108.5,1.0,0.11356767010891067,0.0,0,0.7100829971022904
39.74999999999903,1093.4874007641527,307.3726369052313,1.320027505279582,119.96719131862477,31.354817679292395,-0.021168070620637636,22.993106846687223,110.5,1.0,0.01580726873201331,0.0,0,0.7341250020544976
39.76666666666569,1093.9835735423717,309.30959342550716,1.3468791296196323,119.96981601313479,31.32330259110191,-0.03905914203807925,25.195864108012334,112.5,1.0,0.3239057779058745,0.0,0,0.7102499948814511
39.78333333333236,1094.4275722160723,311.2592123901841,1.3463007374183376,119.972230732084,31.251370250423047,-0.029412301663428675,23.9175184648074,104.0,1.0,-0.007231449923142064,0.0,0,0.7103329990059137
39.799999999999024,1094.8727067023083,313.2086103199818,1.35089199080507,119.97445227351729,31.193924170790932,-0.024813918300958138,23.350511078884438,114.0,1.0,0.0573399633794482,0.0,0,0.7044580124784261
39.81666666666569,1095.3088937790335,315.160064664907,1.357090065615014,119.97649609163591,31.144311146331532,-0.03101199311090208,23.010306647330662,119.5,1.0,0.07733656136100216,0.0,0,0.7270409842021763
39.833333333332355,1095.7329839412814,317.1142156547544,1.3722108266642328,119.97837640430504,31.097362100404062,-0.03680834352615592,23.806183988398395,113.5,1.0,0.18683868681660112,0.0,0,0.7269579800777137
39.84999999999902,1096.1274841867541,319.07458383931885,1.386625060876342,119.98010629196064,31.034009351200964,-0.04174946122997981,24.48371039303904,118.0,1.0,0.17829421208996118,0.0,0,0.7406249933410436
39.86666666666569,1096.4936920801483,321.04046067280484,1.3786738901507234,119.98169778860378,30.955800606581793,-0.024162133687195334,22.290226235823425,119.0,1.0,-0.09907930607935658,0.0,0,0.773834006395191
39.88333333333235,1096.8755239147602,323.00338756731725,1.3847446691346859,119.98316196551548,30.907592288730232,-0.02041892152060254,21.974135741494052,143.0,1.0,0.07575016635238553,0.0,0,0.7083330128807575
39.89999999999902,1097.2454364441035,324.96861835643887,1.4241170621925368,119.98450900827424,30.866762554855562,-0.059791314578453436,25.584481444896433,129.0,1.0,0.45740301647809817,0.0,0,0.7042920042295009
39.916666666665684,1097.5377094632727,326.94690711810296,1.3964630948340184,119.98574828761231,30.762006466522482,-0.022130209305592837,20.95068886693786,118.5,1.0,-0.33285294011314115,0.0,0,0.706207996699959
39.93333333333235,1097.884574589075,328.91637672366414,1.447904306994103,119.98688842460332,30.727360006703492,-0.06335524518815805,25.770413320162717,136.5,1.0,0.5714989859321156,0.0,0,0.7197920058388263
39.949999999999015,1098.1297157942884,330.90109374462736,1.4124324237428527,119.98793735063505,30.60497827521815,-0.017441613563752508,20.26224799209763,134.0,1.0,-0.4173878584407307,0.0,0,0.7642499986104667
39.96666666666568,1098.4450922145952,332.8758843424454,1.4579981838856528,119.98890236258424,30.57010004254889,-0.06300737370655263,24.557348795258577,158.0,1.0,0.5177852016022277,0.0,0,0.7412920240312815
39.98333333333235,1098.6701912584251,334.8630053237467,1.4450800572982396,119.9897901735775,30.464183668140482,-0.03940468539275077,21.734409277155144,141.0,1.0,-0.16010804570532983,0.0,0,0.7105419936124235
39.99999999999901,1098.9209423937923,336.84706623257307,1.4796018742754224,119.9906069596913,30.400119946709697,-0.06298111049090306,24.840645566293087,156.5,1.0,0.40741092257680245,0.0,0,0.7317499839700758
40.01666666666568,1099.103065483663,338.8386121382472,1.473786129160417,119.991358402916,30.283428872588058,-0.04594028020681673,22.90438733977585,134.0,1.0,-0.07257436312058543,0.0,0,0.6769580068066716
40.033333333332344,1099.2967688676702,340.82907665655114,1.4924900998209418,119.99204973068272,30.194996046466652,-0.05311968925434973,24.142632403865512,149.5,1.0,0.22968879879431536,0.0,0,0.8625839836895466
40.04999999999901,1099.453211780174,342.8228263934715,1.4948947061487583,119.9926857522281,30.088813096007723,-0.055524295582166205,23.285579442319307,149.0,1.0,0.030050362609922734,0.0,0,0.7390000100713223
40.066666666665675,1099.6048608012848,344.8169562738397,1.5191390377911542,119.99327089204985,29.998844052198866,-0.06792380940248788,25.171347665391586,154.0,1.0,0.29427196756595375,0.0,0,0.8741249912418425
40.08333333333234,1099.7081241090746,346.81418534965684,1.5202037401680348,119.99380922068586,29.878449889740743,-0.056801581909977195,24.10280859923495,155.5,1.0,0.013308680539571988,0.0,0,0.7418750028591603
40.09999999999901,1099.8092613216247,348.81153148193266,1.5453431765144199,119.99430448303099,29.774317923226885,-0.06938896226281455,26.06168515954097,156.5,1.0,0.3044855416570764,0.0,0,0.7248750189319253
40.11666666666567,1099.8601599030312,350.8107963510775,1.548580453320821,119.9947601243885,29.638798778710253,-0.059684800069469635,25.237011095724583,153.0,1.0,0.04044565832757925,0.0,0,0.6896669801790267
40.13333333333234,1099.9045862104426,352.81022250140853,1.5620676628764047,119.99517931443742,29.519504829694394,-0.07317200962505344,25.74220665743475,165.0,1.0,0.1670261449965476,0.0,0,0.7019999902695417
40.149999999999004,1099.9220426714128,354.8100723979557,1.5646467288723076,119.99556496928243,29.39650944484593,-0.062394667440342166,24.84532399446085,165.5,1.0,0.03222835366459505,0.0,0,0.7224160071928054
40.16666666666567,1099.9343413715437,356.8099665780018,1.5998787868931383,119.99591977173984,29.288971074940438,-0.0838283449306021,27.90719439667651,155.5,1.0,0.4148550955320905,0.0,0,0.7288749911822379
40.183333333332335,1099.8761864694575,358.809058311084,1.593218460634346,119.99624619000065,29.132249867029724,-0.06289915769994292,25.744316638005905,159.0,1.0,-0.08306510934741229,0.0,0,0.894374999916181
40.199999999999,1099.83134724975,360.80849803610926,1.623667132486558,119.9965464948006,29.010509520204078,-0.07857838830647745,28.246589982803542,166.5,1.0,0.36368810105821914,0.0,0,0.7083750097081065
40.21666666666567,1099.7256576935285,362.805650485354,1.6301204680427852,119.99682277521654,28.8535185794799,-0.08503172386270474,27.747953989682124,157.0,1.0,0.08049452730159803,0.0,0,0.7020829943940043
40.23333333333233,1099.607081881426,364.8020835319075,1.6364199111192759,119.99707695319923,28.71094055201234,-0.07602936990817065,27.248772393809276,163.5,1.0,0.07858279971429263,0.0,0,0.7326670165639371
40.249999999999,1099.4759318333042,366.79773389875106,1.6655935500841725,119.99731079694328,28.579823623218015,-0.08933532611315997,29.549263436285564,160.5,1.0,0.34969126316190824,0.0,0,0.8975829987321049
40.266666666665664,1099.2866251277294,368.788713063669,1.676224151554799,119.99752593318782,28.415245803266483,-0.08349700409916427,29.52955806177134,147.0,1.0,0.13211125789714573,0.0,0,0.7339169969782233
40.28333333333233,1099.0761638642696,370.7775706038808,1.6712432113964102,119.9977238585328,28.25491471813719,-0.06140866093635089,27.517734837062804,160.0,1.0,-0.062182661928379734,0.0,0,0.6900830194354057
40.299999999998995,1098.875611246651,372.76745478278195,1.6943984797651646,119.99790594985016,28.132176714748734,-0.08456392930510527,29.110640902237684,166.0,1.0,0.2817462361763059,0.0,0,0.7059999916236848
40.31666666666566,1098.629039862328,374.7521648669978,1.7111244318831167,119.99807347386215,27.997341204884023,-0.0835048341075606,29.86638454134261,156.5,1.0,0.20610874170578308,0.0,0,0.6874579994473606
40.33333333333233,1098.34930798997,376.73247593351994,1.7161293455209603,119.99822759595318,27.857627326752283,-0.0700059454781623,29.119830724805567,157.0,1.0,0.06248091169013692,0.0,0,0.7777499849908054
40.34999999999899,1098.059668034399,378.7113645078028,1.7464065945459157,119.99836938827693,27.73733942934415,-0.08101759039315737,31.47189843488334,157.0,1.0,0.3618100470140816,0.0,0,0.7509999850299209
40.36666666666566,1097.7102542986288,380.6805800955503,1.7406296050032928,119.99849983721478,27.586966953329203,-0.05516825942361159,29.283139060930004,146.0,1.0,-0.0720881384582174,0.0,0,0.7104160031303763
40.383333333332324,1097.3722221299486,382.65178334318415,1.7686206518602363,119.9986198502376,27.47894181993218,-0.0617655499581391,31.369883436558002,156.0,1.0,0.336578700258403,0.0,0,0.7008330139797181
40.39999999999899,1096.9791531771473,384.6127555891902,1.7740717047032084,119.9987302622186,27.355490556149125,-0.06721660280111119,30.6219300619348,148.5,1.0,0.06803372015504153,0.0,0,0.7178749947343022
40.416666666665655,1096.5754004119763,386.57155773023084,1.7848083210685566,119.99883184124111,27.2589127563763,-0.055150044966850054,30.57315803716088,150.0,1.0,0.1334118154263582,0.0,0,0.7399159949272871
40.43333333333232,1096.150640084003,388.52591363871585,1.7988822679050687,119.99892529394182,27.176740626828156,-0.04606417426745212,30.943894822296528,150.5,1.0,0.17414392258914835,0.0,0,0.755041983211413
40.44999999999899,1095.6984169056022,390.47409953382027,1.8234177880961135,119.99901127042648,27.101894052741216,-0.04773958065511441,32.566336893377915,142.0,1.0,0.2975890202201557,0.25892959867794874,0,0.8001249807421118
40.46666666666565,1095.1985345495166,392.4106059211641,1.8270531461093942,119.99909036879237,27.013537468061468,-0.028856726469880467,31.539802136026747,136.5,1.0,0.045411078798759996,0.26040382974689547,0,0.7992500031832606
40.48333333333232,1094.6916153106918,394.34528343816527,1.851459325744392,119.99916313928898,26.95583242698471,-0.05326290610487838,33.12388128161605,135.0,1.0,0.2961102306125897,0.27713043568486256,0,0.6777089729439467
40.499999999998984,1094.1376333319754,396.2670151155764,1.850402035378354,119.99923008814586,26.891236126824005,-0.03006923703739006,31.47432876896963,130.0,1.0,-0.013215444965779671,0.29114908464173866,0,0.7086250116117299
40.51666666666565,1093.5856832076036,398.1893324252536,1.8820255991172634,119.99929168109419,26.863446659367973,-0.03997566050475743,33.88459726138178,130.0,1.0,0.3764453996871985,0.285069029297853,0,0.6947079964447767
40.533333333332315,1092.9732283676058,400.09323778674656,1.8772597314046664,119.99934834660665,26.8069465420934,-0.013946560667393191,31.730758356829064,120.5,1.0,-0.05950334352101433,0.30735682313784,0,0.6792079948354512
40.54999999999898,1092.3698539477018,402.0000412221931,1.8960698621592256,119.99940047887812,26.794258510242386,-0.011979147625106767,32.63845501409744,126.0,1.0,0.2309330772207251,0.31904972216801386,0,0.7512920128647238
40.56666666666565,1091.730720905591,403.895159209005,1.9138292356142295,119.99944844056786,26.77793371907854,-0.00947545531706484,33.38307300845847,119.0,1.0,0.2184506796657688,0.3073632940406025,0,0.7012919813860208
40.58333333333231,1091.0580340643385,405.77862903480496,1.9151666538250418,119.99949256532243,26.759701661290862,0.008909964664580716,32.029843805075075,114.0,1.0,0.01671624113279363,0.3304353206893351,0,0.6864999886602163
40.59999999999898,1090.3828286101896,407.66119814962866,1.934738091240683,119.99953316009663,26.777521285516475,-0.010661472751060552,33.01790628304504,114.5,1.0,0.2399313280130099,0.3333231732097862,0,0.7124579860828817
40.616666666665644,1089.6709100145943,409.5301934092399,1.9449624478384715,119.99957050728891,26.78896790891188,-0.001725926191814775,32.81074376982703,105.5,1.0,0.12711579680780602,0.3491778347095628,0,0.712667009793222
40.63333333333231,1088.939919479378,411.3918127299518,1.9638569883615893,119.9996048667058,26.81148213114413,-0.0020432053787742266,33.686446261896215,101.0,1.0,0.231932311418017,0.33142788132522844,0,0.7024579972494394
40.649999999998975,1088.1738868728075,413.2392893362626,1.964343170488855,119.99963647736934,26.827139232305594,0.01544844644583554,32.211867757137725,95.0,1.0,0.006077220184143112,0.3584434311943375,0,0.7340830052271485
40.66666666666564,1087.4069559608356,415.086393740523,1.9768900857713096,119.99966555917979,26.872116572850736,0.02026596154010685,32.32712065428264,96.5,1.0,0.15556958211048652,0.362400620711198,0,0.76770901796408
40.68333333333231,1086.6169103845873,416.9237308013549,1.990706656422091,119.99969231444541,26.92160757770357,0.023189112480339395,32.59627239256958,92.5,1.0,0.1710204992662915,0.35158290878882204,0,0.7272919756360352
40.69999999999897,1085.8015551591625,418.7499774947164,2.000559716536773,119.99971692928978,26.972348111615354,0.029442271794072106,32.35776343554175,87.0,1.0,0.12254638289310818,0.35624435750827566,0,0.681541976518929
40.71666666666564,1084.9682455273394,420.5681022692738,2.014289548757576,119.99973957494659,27.031224020480252,0.015712439573269066,32.61465806132505,81.0,1.0,0.16996741306919844,0.35994496894533784,0,0.7330420194193721
40.733333333332304,1084.1100525243296,422.37461515238994,2.0240921812920187,119.99976040895086,27.093842511279178,0.021376068394604264,32.36879483679503,72.5,1.0,0.12192536450818578,0.36533623512499,0,0.7389590027742088
40.74999999999897,1083.2341923153062,424.17262911210923,2.0330173513635734,119.9997795762348,27.162879874984156,0.027272898711556248,32.02127690207702,71.5,1.0,0.1111053853715781,0.3681667710476872,0,0.7337920251302421
40.766666666665635,1082.3423194925892,425.96275462412956,2.03508726809034,119.99979721013602,27.23924966760446,0.039378381619946445,30.81276614124621,70.0,1.0,0.025868231222946764,0.37450464981978215,0,0.7010419794823974
40.7833333333323,1081.4467430513403,427.751030441813,2.051719351557064,119.99981343332514,27.335778620998823,0.036274529054372895,31.487659684747726,68.0,1.0,0.20498135540043433,0.3753798345937122,0,0.7197499799076468
40.79999999999897,1080.5215489807067,429.52416452837184,2.056862745197671,119.99982835865913,27.422479202224004,0.04401321217122688,30.692595810848637,58.0,1.0,0.0642041465735943,0.37769410927633335,0,0.7125000120140612
40.81666666666563,1079.5872471545345,431.29251674732666,2.064263155785521,119.99984208996639,27.521400575465563,0.04885113705858446,30.215557486509184,59.0,1.0,0.09224273794415674,0.3882039484033349,0,0.7233750075101852
40.8333333333323,1078.6398843995012,433.0539065750573,2.077795727203159,119.99985472276909,27.627105075509135,0.04691679389586812,30.52933449190551,51.5,1.0,0.16757105943316034,0.3867699642431466,0,0.7439169858116657
40.849999999998964,1077.6687728884685,434.8023154296471,2.077837531346528,119.99986634494756,27.72641175357153,0.05783779796970334,29.117600695143306,48.0,1.0,0.0005225523265628973,0.3917233393195356,0,0.7234580116346478
40.86666666666563,1076.697588201014,436.55068384200996,2.086575884279373,119.99987703735175,27.845310075136325,0.05943241571213731,28.870560417085983,48.0,1.0,0.10879819806260443,0.3968140867341461,0,0.6962500046938658
40.883333333332295,1075.7111628459043,438.29049919919333,2.0960208624853753,119.99988687436361,27.965475502891,0.0596969017715292,28.722336250251587,41.5,1.0,0.11751833550422922,0.3998678251404358,0,0.7494589954148978
40.89999999999896,1074.7083491393494,440.02092045760884,2.0996036385649304,119.99989592441452,28.084798301231352,0.05611412569197416,27.83340175015095,40.5,1.0,0.04475483463587096,0.40548291449958684,0,0.7423330098390579
40.91666666666563,1073.6993421003513,441.747737880486,2.1057035058789753,119.99990425046136,28.214860018400223,0.0591071609494267,27.30004105009057,39.5,1.0,0.07610115078152258,0.39506615963680103,0,0.73983398033306
40.93333333333229,1072.6798204761412,443.4683685163669,2.108617840477992,119.99991191042444,28.348310231432244,0.06467660229177996,26.38002463005434,37.5,1.0,0.03641310713558013,0.3925878482634138,0,0.7034160080365837
40.94999999999896,1071.65528863504,445.18602072323085,2.1188616515880834,119.9999189575905,28.490551050118675,0.06231525442681418,26.428014778032605,34.5,1.0,0.12735469761468146,0.3985653959622838,0,0.697124982252717
40.966666666665624,1070.6132154951006,446.89308797451804,2.1148722174834322,119.99992544098326,28.626004427324972,0.07359393191249586,24.656808866819564,32.5,1.0,-0.049826681431191205,0.3952377260481073,0,0.7537910132668912
40.98333333333229,1069.5779608105397,448.6042989974907,2.1253001696934115,119.9999314057046,28.782112386192722,0.06987028608099655,24.79408532009174,33.0,1.0,0.1296186578079522,0.4078805602585809,0,0.744916993426159
40.999999999998956,1068.5249182618795,450.3046216679258,2.127483879566577,119.99993689324823,28.929165205143203,0.07381434019618327,23.876451192055043,29.0,1.0,0.027289611351437648,0.40663285437939695,0,0.7511659932788461
41.01666666666562,1067.468165171071,452.0026408181476,2.1306972725401043,119.99994194178838,29.082660825206556,0.07616060690903703,23.125870715233027,29.0,1.0,0.04014585014419614,0.41187972663401357,0,0.7038750045467168
41.03333333333229,1066.405961101689,453.6972555100719,2.137603416246954,119.9999465864453,29.23960078517576,0.07425444124684599,22.875522429139814,28.5,1.0,0.08611334341985061,0.4162089355482743,0,0.8633749966975302
41.04999999999895,1065.3320791652231,455.3844941744291,2.1389593259884427,119.99995085952968,29.391684163915944,0.07734718495300497,21.925313457483888,26.0,1.0,0.016947256051910775,0.4026048981319379,0,0.7549579895567149
41.06666666666562,1064.2559104380227,457.07027525649386,2.139875433974814,119.9999547907673,29.549043896719308,0.08033665511685362,20.955188074490334,28.0,1.0,0.011450853631146257,0.40450129845147637,0,0.7781670137774199
41.083333333332284,1063.1781977726334,458.75506979531065,2.14666417132826,119.99995840750591,29.71162457073756,0.07691852745329576,20.7731128446942,27.0,1.0,0.08465642884535453,0.40400741544756835,0,0.7180419925134629
41.09999999999895,1062.089072371432,460.432509305234,2.150834583543911,119.99996173490544,29.866794363021885,0.07559169291207146,20.26386770681652,25.5,1.0,0.05208302397387926,0.4015986505395925,0,0.7660420087631792
41.116666666665616,1060.9929608195287,462.1053921818451,2.1533187459384306,119.999964796113,30.018853050676277,0.07543182049402387,19.558320624089912,24.0,1.0,0.031042064384327855,0.4238038562247084,0,0.7124579860828817
41.13333333333228,1059.8926969154295,463.77554701962663,2.154672507193338,119.99996761242396,30.170246631393795,0.07589059760977612,18.734992374453945,22.0,1.0,0.016920405297262867,0.4176785731399929,0,0.750333012547344
41.14999999999895,1058.7901730055164,465.4442108688282,2.1567890197267743,119.99997020343004,30.32231684974137,0.07508218872762473,18.040995424672367,24.5,1.0,0.026450243178358118,0.41315812224431575,0,0.74637500802055
41.16666666666561,1057.6841197977642,467.11053750970575,2.1577427296911385,119.99997258715564,30.47263441625445,0.07493923903572686,17.22459725480342,23.0,1.0,0.011920812573681328,0.4115526220407852,0,0.756124994950369
41.18333333333228,1056.5764778807015,468.7758085693969,2.159439442673597,119.9999747801832,30.62237261874531,0.07324252605326809,16.53475835288205,24.0,1.0,0.021205737544208764,0.4077440012270762,0,0.7636669906787574
41.199999999998944,1055.4660120536564,470.4391979105164,2.1677919555885534,119.99997679776854,30.76960693879952,0.06521029368910725,16.72085501172923,23.5,1.0,0.10402952585985883,0.40188758309365535,0,0.7975839835125953
41.21666666666561,1054.3416916251165,472.0932541825028,2.1693502562590807,119.99997865394705,30.89987488959494,0.06348843148749106,16.032513007037537,20.0,1.0,0.019476298849248216,0.4211124590445805,0,0.7449580007232726
41.233333333332276,1053.2147950296794,473.7455564411612,2.1728522390003526,119.99998036163129,31.025845363368354,0.05934546186590372,15.619507804222522,19.0,1.0,0.043746862642882425,0.42033591854213254,0,0.746000005165115
41.24999999999894,1052.0821190073038,475.3939022252275,2.1712769450889406,119.99998193270079,31.1427538176599,0.05980854760211374,14.571704682533515,18.5,1.0,-0.01968863241427024,0.41232123631582457,0,0.757250003516674
41.26666666666561,1050.9520410047166,477.0440302808465,2.1773487619233842,119.99998337808472,31.25985499912275,0.052159303728394946,14.543022809520108,19.5,1.0,0.07575248721810414,0.40838927447187773,0,0.7504590030293912
41.28333333333227,1049.811964606958,478.6872663526867,2.178810470417854,119.99998470783794,31.360998913255514,0.048660763756116054,13.925813685712065,18.0,1.0,0.018269325664196007,0.4070276651244264,0,0.7526249974034727
41.29999999999894,1048.6694874842217,480.3288342270388,2.1851462071828,119.9999859312109,31.454512187785056,0.03983443343863424,13.955488211427237,15.5,1.0,0.07903176206518413,0.42356216088700166,0,0.737666996428743
41.316666666665604,1047.5173666131693,481.96209053589655,2.182025895583407,119.92360576207149,31.52973096905838,0.04001587776739646,12.773292926856342,13.5,1.0,-0.039008942760889426,0.4174493467146374,0,0.7684169977437705
41.33333333333227,1046.4307002027658,483.51280823169935,2.18518380573761,113.61359660916588,31.600876858483822,0.03347618094332816,12.463975756113806,15.0,1.0,0.04166863434346624,0.4125611203417992,0,0.7882080099079758
41.349999999998936,1045.4221913442316,484.9423648208856,2.18886653404016,104.96951830859888,31.655255552923986,0.025973988556679206,12.278385453668283,14.5,1.0,0.052577180606079826,0.4064368208130821,0,0.7382080075331032
41.3666666666656,1044.4953364284308,486.24595884033204,2.188906461433293,95.97032170900563,31.69391038687121,0.021682072585973433,11.567031272200971,13.5,1.0,0.0006240583636480113,0.42504339295147536,0,0.7476670143660158
41.38333333333227,1043.649332009737,487.43573843459603,2.190407795890181,87.59381401534812,31.724961214437357,0.015501313590012169,11.140218763320583,13.0,1.0,0.02570393501818853,0.4112981930850207,0,0.6941659958101809
41.39999999999893,1042.8720218026936,488.52544201069276,2.1936377629764525,80.31185560199054,31.74570937112719,0.01227134650374051,11.08413125799235,13.0,1.0,0.060253694344246767,0.42477417164840553,0,0.7489999989047647
41.4166666666656,1042.1450026440057,489.53771117120476,2.1928517881198744,74.77756720783879,31.757396908931184,0.007955510928641552,10.25047875479541,12.0,1.0,-0.01576495006011898,0.4103770459214101,0,0.7754169928375632
41.433333333332264,1041.4639030852761,490.48761878684564,2.1953145257341404,70.13127628779756,31.766695646426584,0.0054927733143754764,10.150287252877245,13.0,1.0,0.0526255299639288,0.4242066824559583,0,0.8085420122370124
41.44999999999893,1040.8148779624619,491.38810194156616,2.1969430239431302,66.60009518856623,31.767364809644143,-0.0016548825900315478,9.890172351726347,12.0,1.0,0.036661401311690545,0.40958866639628,0,0.7250829949043691
41.466666666665596,1040.1912567558963,492.2503748718821,2.1997280233834484,63.849078742625935,31.765311151253627,-0.01037133183387251,9.934103411035808,10.0,1.0,0.06533459078701434,0.42084775492209997,0,0.7192910125013441
41.48333333333226,1039.5857359106383,493.08272906524314,2.200748891640265,61.75830624371131,31.754636077840075,-0.011392200090689197,9.560462046621485,8.5,1.0,0.02479000447220861,0.42875024705184794,0,0.7160000095609576
41.49999999999893,1038.9949670323272,493.8930648397879,2.200707358189149,60.169319144536196,31.74266205330304,-0.017689308117618374,8.93627722797289,7.5,1.0,-0.001035413983341546,0.41101599670325556,0,0.7210830226540565
41.51666666666559,1038.4160881802484,494.6871607884328,2.2022990431932956,58.96168894916311,31.725279768473328,-0.01928099312176501,8.761766336783735,8.5,1.0,0.040470751609995144,0.4247480371697813,0,0.7297919946722686
41.53333333333226,1037.8449766155918,495.46798778182347,2.2025941324786267,58.04389000067957,31.70632271030763,-0.02631674047601917,8.257059802070241,7.5,1.0,0.007625700965997052,0.4055663576333117,0,0.738041999284178
41.549999999998924,1037.280500613968,496.2392648546953,2.204312621054334,57.34636279983207,31.681172791108253,-0.028035229051726503,8.154235881242144,8.0,1.0,0.04492000391293151,0.4175635640891022,0,0.7218750251922756
41.56666666666559,1036.7199303838877,497.00244988963254,2.2054131898600926,56.81624212718798,31.65462866256157,-0.029135797857485105,7.892541528745286,7.0,1.0,0.02904783568109219,0.4265630261533281,0,0.7298330019693822
41.583333333332256,1036.1625015893844,497.75961004547935,2.2053859466477594,56.413350415978464,31.620526585713108,-0.0334732032495455,7.335524917247172,6.5,1.0,-0.0007243819246779762,0.409819367740368,0,0.7222910062409937
41.59999999999892,1035.6081188961018,498.51267562688565,2.2060934812727453,56.107152715459236,31.58923099525235,-0.03418073787453135,7.001314950348304,6.5,1.0,0.018913370845193338,0.4181028430206978,0,0.7687920005992055
41.61666666666559,1035.0555050908936,499.2622269847018,2.207237296355037,55.87444246306462,31.554954983645082,-0.03447145503999094,6.800788970208982,7.0,1.0,0.030697105840449164,0.4280150190540238,0,0.7478329935111105
41.63333333333225,1034.5037862044685,500.00877520609635,2.209366102643961,55.69758267124471,31.522961708743402,-0.036600261328914925,6.880473382125389,6.5,1.0,0.05726851350426958,0.41040613887329214,0,0.751749990740791
41.64999999999892,1033.9518145931168,500.7523484483537,2.2099389067075093,55.56316922946158,31.48956035629177,-0.03379813654725483,6.528284029275234,5.5,1.0,0.015462358102561767,0.420187771410349,0,0.6949999951757491
41.666666666665584,1033.4004327464777,501.4942389013819,2.21024874069075,55.4610150137064,31.458324987876193,-0.034107970530495635,6.11697041756514,4.0,1.0,0.008379581528203582,0.42835550745460993,0,0.9512499964330345
41.68333333333225,1032.8495932380638,502.2349201844489,2.2110937000018573,55.383377809732465,31.426847514973268,-0.03495292984160292,5.870182250539084,5.5,1.0,0.022880832250255626,0.4137382731753856,0,0.7770000083837658
41.699999999998916,1032.2987156000872,502.9743471562255,2.2129794150915973,55.32437353471227,31.396309444741497,-0.033643192585232295,5.922109350323451,4.5,1.0,0.0510825826834867,0.4226665054098559,0,0.8211660024244338
41.71666666666558,1031.7468922378202,503.712135515161,2.2126386764705406,55.27953028569693,31.365318960294218,-0.03330245396417553,5.353265610194071,4.0,1.0,-0.00924561705657466,0.4305231309414863,0,0.7376660068985075
41.73333333333225,1031.1956603550352,504.4496568825105,2.213036761698474,55.24544941644527,31.33466114395492,-0.0337005391921088,5.011959366116442,4.5,1.0,0.010808213099388404,0.413991384154336,0,0.8012499893084168
41.74999999999891,1030.644393498597,505.1866130750911,2.21387776403892,55.21954795581401,31.306315171076847,-0.03151406201192497,4.807175619669866,4.0,1.0,0.0228412611929665,0.424407759746316,0,0.7668330217711627
41.76666666666558,1030.0927037962335,505.92284283966677,2.215703133135085,55.199862845734245,31.277327104802463,-0.033339431108090345,4.884305371801919,3.5,1.0,0.04956192338244649,0.40699136636636635,0,0.7605830032844096
41.783333333332244,1029.5398210097549,506.6578650756369,2.215991755629473,55.18490216207363,31.2474933535026,-0.03075808577048544,4.530583223081152,3.5,1.0,0.007844987362801259,0.41533271658583537,0,0.7497910119127482
41.79999999999891,1028.9868400602504,507.3925762978549,2.2188968020216864,55.17353204249156,31.21921394248352,-0.03366313216269878,4.918349933848692,2.5,1.0,0.07881574241768083,0.42374662822063064,0,0.7377919973805547
41.816666666665576,1028.4318140188648,508.12556316825015,2.216988173791851,55.164890751609185,31.188269404212882,-0.031754503932863276,3.951009960309215,1.0,1.0,-0.05185138788272498,0.405390245954511,0,0.7137079956009984
41.83333333333224,1027.8782538961914,508.8595206532355,2.21848743475008,55.15832337053858,31.1606894847327,-0.030531780273796553,3.970605976185529,3.5,1.0,0.0407490006036984,0.41646868099617074,0,0.7631670159753412
41.84999999999891,1027.3236441927688,509.5925810428169,2.2192435028964566,55.153332160924926,31.13262835460742,-0.03128784842017307,3.782363585711317,1.5,1.0,0.02055981702888565,0.4270558507673442,0,0.7390829850919545
41.86666666666557,1026.7685185871956,510.32517151083215,2.2202436801448733,55.14953884161854,31.103874539607297,-0.0322880256685898,3.6694181514267905,1.0,1.0,0.027196890217331442,0.4100231604207942,0,0.7409999961964786
41.88333333333224,1026.2126895963704,511.0571681216494,2.220673094847521,55.14665591894569,31.076454233082217,-0.03013474710465403,3.4016508908560743,1.0,1.0,0.011679634130398853,0.4172391263767034,0,0.7868329994380474
41.899999999998904,1025.6565684227164,511.7888969105126,2.220732639787826,55.14446489771432,31.04876234964142,-0.03019429204495916,3.0409905345136443,1.0,1.0,0.0016196971449059447,0.42888878561137705,0,0.7349999796133488
41.91666666666557,1025.1004204735934,512.5205704891446,2.2205427288065622,55.142799721578484,31.02153884545338,-0.027553039711826433,2.6245943207081863,1.0,1.0,-0.0051659317130564805,0.40710438717881586,0,0.761208008043468
41.933333333332236,1024.5444242478188,513.2523328787643,2.223046828684356,55.14153418771525,30.99622010125482,-0.030057139589620085,2.974756592424912,1.0,1.0,0.06801327430549953,0.4167411712114439,0,0.7848340028431267
41.9499999999989,1023.9866070909303,513.9826879660607,2.2222258714425807,55.14057238197919,30.968601462266257,-0.029236182347844863,2.3848539554549473,0.0,1.0,-0.022328952083366986,0.4292627304836332,0,0.9226250112988055
41.96666666666557,1023.4293970990146,514.7134910631835,2.222886372439368,55.139841409619784,30.942792576586843,-0.02756943294671066,2.230912373272968,0.0,1.0,0.017966045416646433,0.41326237320822595,0,0.7841670012567192
41.98333333333223,1022.8717101513087,515.4439186039683,2.2223126277071388,55.13928587062664,30.91745980525772,-0.026995688214481284,1.738547423963781,0.5,1.0,-0.01560678941667876,0.4187178391633074,0,0.809333025244996
41.9999999999989,1022.3144466414055,516.1746603990215,2.2230938703693206,55.138863660991845,30.892654292223057,-0.027776930876663112,1.6431284543782687,0.0,1.0,0.021249759683326055,0.42865200225606315,0,0.739875016734004
42.016666666665564,1021.7566156612584,516.9049623630905,2.2247165116950542,55.1385427816694,30.868623006441076,-0.027189765161918178,1.7858770726269613,-0.5,1.0,0.044114022476662296,0.4131392400377575,0,0.7020830234978348
42.03333333333223,1021.1976028702869,517.6343549805338,2.2247195533743,55.13829891338435,30.843639461711568,-0.027192806841163986,1.471526243576177,-0.5,1.0,8.274681933071251e-05,0.42198772277962204,0,0.8379999781027436
42.049999999998896,1020.6385897397927,518.3637434458877,2.2258470853840273,55.1381135734877,30.818653206786607,-0.028320338850891243,1.4829157461457063,-1.0,1.0,0.030664231424931746,0.4305635395998294,0,0.7491249998565763
42.06666666666556,1020.0787559861553,519.0924992808132,2.2276778342251506,55.137972715166256,30.794475320567873,-0.028052632332896454,1.689749447687424,-2.5,1.0,0.04976345552162571,0.4148987374578844,0,0.7377500005532056
42.08333333333223,1019.5175900920693,519.8202275671388,2.2285224464305298,55.13786566284195,30.768699330397325,-0.02889724453827558,1.6138496686124544,-3.0,1.0,0.02297323997964206,0.4204229607250755,0,0.7248749898280948
42.09999999999889,1018.955810578969,520.5474805532735,2.2280316613622326,55.137784303075485,30.74244021784699,-0.026413769261307785,1.1683098011674726,-3.0,1.0,-0.01335080601221475,0.43308730473982243,0,0.7267500041052699
42.11666666666556,1018.3943886880174,521.2750083489315,2.2281182222226685,55.13772246965297,30.718169788956228,-0.026500330121743687,0.9009858807004836,-3.0,1.0,0.002354849726004471,0.41408622860952665,0,0.6958330050110817
42.133333333332224,1017.8329043022859,522.0024869246777,2.2299863668596123,55.13767547625186,30.693819862512257,-0.028368474758687423,1.1405915284202903,-3.0,1.0,0.05077849316893601,0.4209517282258363,0,0.7417500019073486
42.14999999999889,1017.2700622265018,522.7289148270152,2.231543388939973,55.13763976126701,30.66835501065801,-0.028033445437588345,1.2843549170521742,-4.5,1.0,0.042332929234694935,0.4315017909235257,0,0.7388749800156802
42.166666666665556,1016.7060900467794,523.454465134444,2.232913856406368,55.13761261787853,30.642596763842306,-0.029403912903983365,1.3706129502313047,-5.5,1.0,0.03726584087415029,0.4151637530427086,0,0.7428330136463046
42.18333333333222,1016.1411242652719,524.1792415840681,2.2298642245260054,55.13759198890328,30.615579641481453,-0.026354281023620807,0.22236777013878273,-6.0,1.0,-0.08277466214217652,0.42225913621262456,0,0.7299999997485429
42.19999999999889,1015.5783715688812,524.9057373918055,2.2304598005421803,55.137576310882096,30.59221453487148,-0.02515373842349078,0.13342066208326964,-3.5,1.0,0.01620103604802742,0.43135754905665596,0,0.739500013878569
42.21666666666555,1015.0151864105493,525.6318977517816,2.2311706658286465,55.137564395586,30.569101707804442,-0.025864603709957024,0.08005239724996178,-3.5,1.0,0.019336454962149776,0.4183402734274238,0,0.7525410037487745
42.23333333333222,1014.4514852849462,526.3576574603409,2.234107191110366,55.13755533996096,30.54533584084386,-0.028801128991676528,0.6480314383499771,-5.0,1.0,0.0797179563106232,0.4219300673493865,0,0.7610409811604768
42.249999999998884,1013.885655451747,527.0817586291138,2.231278456639153,55.13754845768593,30.51992174823058,-0.024267887590223133,-0.4111811369900138,-4.5,1.0,-0.0768034762136261,0.43494406664086543,0,0.7305000035557896
42.26666666666555,1013.3218762230445,527.8074574122317,2.2348565012452837,55.13754322715691,30.49762274212393,-0.027845932196354006,0.3532913178059918,-5.5,1.0,0.09703391427182434,0.4184723154285294,0,0.8171249937731773
42.283333333332216,1012.7555040669597,528.5311342749119,2.2331307569331598,55.137539251954856,30.47203677930695,-0.026120187884230095,-0.388025209316405,-7.0,1.0,-0.04691390143690541,0.42862148132439587,0,0.7883750076871365
42.29999999999888,1012.1903816658321,529.2557874333035,2.233083604847484,55.13753623080129,30.449240322802435,-0.02445617291493463,-0.632815125589843,-4.5,1.0,-0.0012827575288099184,0.41223756906077347,0,0.7772080134600401
42.31666666666555,1011.6252934577723,529.9804672074116,2.2333536278441937,55.13753393472458,30.42676834532328,-0.02472619591164449,-0.7796890753539059,-5.5,1.0,0.007345762149380706,0.4191043062909616,0,0.6901249871589243
42.33333333333221,1011.0600096080019,530.704994345361,2.2330971468178857,55.137532189706285,30.404048303552802,-0.024469714885336558,-1.0678134452123436,-6.5,1.0,-0.0069773760437049255,0.42907654484682745,0,0.6991250265855342
42.34999999999888,1010.4949116178785,531.4296664266298,2.234648484918165,55.13753086349238,30.382885483619514,-0.024488191980498456,-0.8406880671274062,-6.5,1.0,0.042178657707110385,0.4119595536959554,0,0.7308330095838755
42.366666666665544,1009.9286901071432,532.1534609649608,2.235905087685103,55.13752985556981,30.360384092410293,-0.025744794747436295,-0.7044128402764438,-7.0,1.0,0.03417219462426621,0.41953212168155873,0,0.7205830188468099
42.38333333333221,1009.3615595293529,532.8765434064622,2.2341160411676197,55.13752908954866,30.336800964661947,-0.022503547498018417,-1.4226477041658663,-6.5,1.0,-0.048632099892106956,0.42912167650897676,0,0.7014159928075969
42.399999999998876,1008.7957234925744,533.600639305582,2.234692645908539,55.13752850737258,30.316122876834093,-0.023080152238937668,-1.4535886224995198,-6.0,1.0,0.01568507339806917,0.41303988692890836,0,0.7536249759141356
42.41666666666554,1008.2294700372973,534.3244088147994,2.236026648059203,55.13752806491876,30.294915050799098,-0.02441415438960171,-1.2721531734997118,-7.5,1.0,0.03627521070550816,0.41918138115503756,0,0.6914580008015037
42.43333333333221,1007.6622515795254,535.0474222925081,2.2364081782768035,55.13752772865386,30.272683626726035,-0.02342108093604578,-1.3632919040998273,-7.0,1.0,0.010379043089971535,0.43160618918721194,0,0.9360419935546815
42.44999999999887,1007.0947573141847,535.7702193032675,2.235473981539929,55.13752747309253,30.2511625861764,-0.02248688419917144,-1.8179751424598964,-8.0,1.0,-0.02540907414601707,0.4156350530478306,0,0.707999977748841
42.46666666666554,1006.5279385329841,536.4935461472917,2.2365630016995293,55.137527278865925,30.23049980781999,-0.023575904358771552,-1.6907850854759379,-8.0,1.0,0.029617805512389742,0.4224125270771377,0,0.7248750189319253
42.483333333332205,1005.9603323720572,537.2162552835034,2.2367700857379194,55.137527131253705,30.209142141524865,-0.02248317724120419,-1.8144710512855626,-8.0,1.0,0.005633599974100513,0.4345728331554802,0,0.7469170086551458
42.49999999999887,1005.3925765629306,537.9388468605734,2.2342663777491527,55.137527019068415,30.18848276894621,-0.019979469252437543,-2.6886826307713374,-8.0,1.0,-0.06800759001553967,0.41498908116638833,0,0.7674169901292771
42.516666666665536,1004.8266316905961,538.6628576649929,2.235767222302617,55.13752693380759,30.170123681696847,-0.021480313805901655,-2.4132095784628023,-6.5,1.0,0.04080736265734286,0.42595182595182596,0,0.7150000019464642
42.5333333333322,1004.2596008290684,539.3860182581727,2.237628639597633,55.13752686900937,30.15077339335759,-0.02211414904548903,-2.0479257470776817,-8.5,1.0,0.050596084261072295,0.432426524831738,0,0.7346250058617443
42.54999999999887,1003.6912248475356,540.1081221174347,2.2368646476007634,55.13752681976272,30.130453058245084,-0.021350157048619423,-2.4287554482466094,-9.0,1.0,-0.020781182776689954,0.41867339912784024,0,0.7389590027742088
42.56666666666553,1003.1234007137799,540.830660000125,2.2365941731908845,55.137526782335264,30.110834634498204,-0.021079682638740493,-2.657253268947966,-8.0,1.0,-0.007358042999347312,0.42870048454652465,0,0.7558749930467457
42.5833333333322,1002.555772029092,541.553351437909,2.240215333719284,55.1375267538904,30.09191625756381,-0.02354315236241344,-1.7943519613687795,-9.0,1.0,0.09819575753372499,0.40760025079737205,0,0.7486669928766787
42.599999999998865,1001.985530090236,542.2739826670645,2.239122463176599,55.137526732272306,30.070283069621276,-0.02245028181972852,-2.276611176821268,-10.5,1.0,-0.029722462146431698,0.41993259596854476,0,0.7822499901521951
42.61666666666553,1001.4160760485742,542.9952366661496,2.2372194746194087,55.137526715842554,30.04965391906373,-0.020547293262538346,-2.965966706092761,-10.0,1.0,-0.05172406062119238,0.42759012830271736,0,0.8032910118345171
42.633333333332196,1000.8479955754199,543.7175730229803,2.2347741721846126,55.137526703355945,30.03127320449903,-0.017012065203424687,-3.7795800236556563,-8.0,1.0,-0.06642585303938209,0.41325250453288404,0,0.7745420152787119
42.64999999999886,1000.2816831298738,544.4412963472608,2.235537108958533,55.13752669386612,30.015640571911,-0.017775001977345273,-3.6677480141933936,-7.5,1.0,0.02075248817637075,0.41943644930060314,0,0.7535410113632679
42.66666666666553,999.7148186941347,545.1645874002687,2.2368723544908358,55.13752668665385,29.999306937948546,-0.01911024750964785,-3.4006488085160362,-8.0,1.0,0.03630899290582243,0.4281576639134566,0,0.7623339770361781
42.68333333333219,999.1469889929176,545.8871209054537,2.2364272710462743,55.137526681172524,29.982282634281404,-0.01764107716255614,-3.6403892851096216,-9.0,1.0,-0.012107770923173177,0.4154797293600569,0,0.7630829932168126
42.69999999999886,998.5794809356775,546.6099070706084,2.2384451869456865,55.13752667700672,29.966072052410357,-0.01965899306196839,-3.1842335710657728,-9.5,1.0,0.054841754112762736,0.4240805834854719,0,0.7350420055445284
42.716666666665525,998.0105155132069,547.3315465813805,2.238436397501835,55.1375266738407,29.948007411815595,-0.01965020361811698,-3.3105401426394634,-11.5,1.0,-0.00023911419900900927,0.4302077178310077,0,0.736916990717873
42.73333333333219,997.4415564335931,548.053191092983,2.2357191185784324,55.137526671434536,29.930512523311464,-0.015972938976187123,-4.186324085583678,-10.0,1.0,-0.0737885518527388,0.4158088772083516,0,0.765209028031677
42.749999999998856,996.8745603614897,548.7763789590068,2.2348581155854945,55.13752666960585,29.91583467498839,-0.015111935983249225,-4.511794451350207,-8.5,1.0,-0.02341904777830998,0.42530145662386754,0,0.7744579925201833
42.76666666666552,996.3081871664052,549.5000547422082,2.237289621035326,55.13752666821605,29.90194795733408,-0.01754344143308062,-3.9070766708101243,-9.0,1.0,0.06605215466634735,0.4351562570748096,0,0.7750410004518926
42.78333333333219,995.740056025715,550.2223512479786,2.241097894039139,55.1375266671598,29.886405735031133,-0.020454271952734082,-2.9442460024860746,-11.5,1.0,0.10323462613314179,0.41861282934482696,0,0.7642919954378158
42.79999999999885,995.1691783091803,550.9424789227762,2.23862375953687,55.13752666635705,29.867610412930382,-0.017980137450464895,-3.766547601491645,-13.5,1.0,-0.06720672432011499,0.426640050812086,0,0.7539170037489384
42.81666666666552,994.6000840308283,551.6640168203073,2.2379354788047396,55.137526665746954,29.851088298054766,-0.017291856718334664,-4.059928560894987,-12.0,1.0,-0.018722284592068927,0.4119811544712478,0,0.721792021067813
42.833333333332185,994.0314865078727,552.3859462435207,2.2361924702500944,55.13752666528328,29.83578694238372,-0.01471256247531061,-4.635957136536993,-11.5,1.0,-0.04738253742190818,0.4213443460305385,0,0.7594999915454537
42.84999999999885,993.4641481771661,553.1088656399354,2.238065851688373,55.137526664930895,29.82226719171259,-0.01658594391358914,-4.181574281922195,-10.5,1.0,0.050920727546855234,0.42826474877489834,0,0.767332996474579
42.866666666665516,992.8954565390288,553.8307209273069,2.236480650209744,55.13752666466308,29.80702609177647,-0.015000742434960301,-4.708944569153317,-12.0,1.0,-0.0430982301385536,0.41692998351803456,0,0.8276670123450458
42.88333333333218,992.3279099010055,554.553476798162,2.2370133029546095,55.13752666445954,29.793833759818952,-0.014757044453715285,-4.62536674149199,-12.0,1.0,0.014489645250201182,0.42428344523861095,0,0.7946669938974082
42.89999999999885,991.7599783656152,555.2759302612251,2.236720756806511,55.13752666430485,29.780273136480847,-0.01446449830561658,-4.775220044895194,-11.5,1.0,-0.007958462849879316,0.4318539844641208,0,0.7419169996865094
42.91666666666551,991.1922582055037,555.9985498395523,2.2359053874218646,55.137526664187284,29.76698132229795,-0.013649128920970364,-5.065132026937117,-11.5,1.0,-0.02217824437659429,0.4151004829694481,0,0.7547500135842711
42.93333333333218,990.6251274359266,556.7216320792561,2.236182515843253,55.13752666409793,29.75502974594248,-0.0132087785450139,-5.0390792161622695,-10.0,1.0,0.007539053374043474,0.4265739332029269,0,0.9538750164210796
42.949999999998845,990.0577963014911,557.4445571231397,2.2385795665082147,55.13752666403003,29.742891775918192,-0.015605829209975663,-4.423447529697362,-13.0,1.0,0.06511884869109273,0.4120715955555154,0,0.7551659946329892
42.96666666666551,989.488733910658,558.1661201699428,2.2365895770803865,55.13752666397842,29.728551244285182,-0.013615839782147534,-5.0540685178184175,-13.0,1.0,-0.05408427411867775,0.419276062299886,0,0.7559579971712083
42.983333333332176,988.9211085484718,558.8888142154243,2.2354181645490154,55.1375266639392,29.71662458030843,-0.01178491138684157,-5.432441110691051,-12.5,1.0,-0.03185714780453999,0.43012984200600934,0,0.76299998909235
42.99999999999884,988.3543301484034,559.6121726883727,2.2340198662739397,55.13752666390939,29.705794983225275,-0.010386613111765808,-5.859464666414631,-11.0,1.0,-0.038021955349390686,0.41573277224414606,0,0.7359590090345591
43.01666666666551,987.7885637730038,560.3363229791528,2.2346090885334293,55.13752666388674,29.6962502855539,-0.01097583537125546,-5.715678799848779,-10.0,1.0,0.01602824345703226,0.42662137623878654,0,0.7554159965366125
43.03333333333217,987.2223708103708,561.0601397821036,2.235011882304177,55.13752666386952,29.686739721084635,-0.010776317492885656,-5.629407279909268,-11.5,1.0,0.01095744607421937,0.4310100982803196,0,0.8382079831790179
43.04999999999884,986.6558863447767,561.7837284673451,2.2353027958422618,55.137526663856434,29.67683692120263,-0.011067231030970515,-5.577644367945561,-12.0,1.0,0.007914050977864902,0.4208020343935145,0,0.7424590003211051
43.066666666665505,986.0891914014122,562.5071523239696,2.231209001267193,55.137526663846494,29.666727013428172,-0.006427717786297027,-6.746586620767337,-11.0,1.0,-0.11091340274661432,0.4256351724199912,0,0.751833023969084
43.08333333333217,985.5254627470927,563.2328900448215,2.2336677225514063,55.13752666383893,29.660820246421473,-0.008886439070510566,-6.047951972460402,-10.0,1.0,0.06678929168536465,0.41261876994566643,0,0.7459580083377659
43.099999999998836,984.9599514117465,563.9572395217751,2.2359371251012155,55.13752666383319,29.652654082714598,-0.011155841620319684,-5.4287711834762415,-13.0,1.0,0.06166015834455213,0.4227916324930376,0,0.8276249864138663
43.1166666666655,984.3927976935056,564.6803037616968,2.233814973523279,55.13752666382883,29.642496099018757,-0.008544098754016627,-6.057262710085745,-13.0,1.0,-0.05766848832660196,0.4281705847437811,0,0.769499980378896
43.13333333333217,983.8271797031264,565.4045699587039,2.2368168250238027,55.13752666382551,29.63464452000146,-0.011545950254540305,-5.234357626051446,-14.0,1.0,0.08148365700403876,0.4163379622124962,0,0.7808330119587481
43.14999999999883,983.2593901248639,566.1271349938281,2.2344416501148174,55.13752666382299,29.624034503406556,-0.009170775345554993,-5.9406145756308675,-13.5,1.0,-0.0645262224642433,0.4276171850581795,0,0.7522500236518681
43.1666666666655,982.6933183649085,566.8510465890859,2.234418376556365,55.13752666382107,29.61572879420752,-0.008713717011408662,-5.96436874537852,-13.5,1.0,-0.0006331501452127263,0.41186531745321037,0,0.7514999888371676
43.183333333332165,982.1272634531051,567.5749713586517,2.231552843157783,55.137526663819614,29.607721348806837,-0.005848183612826574,-6.778621247227113,-12.5,1.0,-0.07779864008712772,0.41913741799017673,0,0.7171249890234321
43.19999999999883,981.5632852930846,568.3005152030798,2.2347737771575167,55.137526663818505,29.602347139776235,-0.009069117612560351,-5.867172748336268,-13.0,1.0,0.08740131594772337,0.43045456173657626,0,0.7820000173524022
43.216666666665496,980.9969731337375,569.0242387506746,2.2317813100392545,55.13752666381767,29.59415721183464,-0.005698496125654984,-6.72030364900176,-14.5,1.0,-0.0812300437646992,0.41479394026421595,0,0.7741669833194464
43.23333333333216,980.432829225698,569.7496537258368,2.230617147617781,55.13752666381703,29.588920557141765,-0.004534333704181659,-7.032182189401056,-11.5,1.0,-0.03166010959215296,0.42425523114136443,0,0.7554579933639616
43.24999999999883,979.8695302006066,570.4757249644206,2.2312910318890733,55.137526663816544,29.584753705661722,-0.005208217975473772,-6.819309313640634,-11.0,1.0,0.018330767578041588,0.41629044394281417,0,0.7946249970700592
43.26666666666549,979.3057420154674,571.2014164398183,2.234564689693364,55.137526663816175,29.58012728248842,-0.008159321463346192,-5.89158558818438,-14.0,1.0,0.08882454388015824,0.42483484612492617,0,0.7580410165246576
43.28333333333216,978.7395811900195,571.9252583803658,2.2301554861460247,55.13752666381589,29.57262928560594,-0.0037501179160068787,-7.134951352910628,-14.5,1.0,-0.11938069033857167,0.43010081184762244,0,0.755749992094934
43.299999999998825,978.1766174240612,572.6515895950231,2.230245360584133,55.13752666381568,29.569183089907096,-0.0038399923541150294,-7.080970811746377,-13.0,1.0,0.0024450024635235337,0.4193693937589113,0,0.7504999812226743
43.31666666666549,977.6135883817668,573.3778702106948,2.233138296993174,55.137526663815514,29.565821514686355,-0.006466091863276623,-6.248582487047826,-15.0,1.0,0.07853958481144763,0.42682589162103984,0,0.7484590169042349
43.333333333332156,977.048460614783,574.1025189822741,2.22774042761399,55.13752666381539,29.559879484217547,-0.0010682224840925514,-7.749149492228695,-12.5,1.0,-0.14580533244646482,0.4167002498589506,0,0.801415997557342
43.34999999999882,976.4872526212611,574.8302076678907,2.2293436157766573,55.1375266638153,29.558897831975926,-0.0026714106467600196,-7.249489695337218,-12.5,1.0,0.04358663386545433,0.42691095705411003,0,0.855666003189981
43.36666666666549,975.9248787275636,575.5569956967238,2.223805803423207,55.13752666381523,29.556607983089606,0.003077253119379897,-8.749693817202331,-12.0,1.0,-0.14953001968072735,0.4106280193236715,0,0.7670409977436066
43.38333333333215,975.3665382522597,576.286886886426,2.224553889678735,55.13752666381517,29.559435847391903,0.002329166863852094,-8.4498162903214,-10.0,1.0,0.020348654858230203,0.424640377546853,0,0.7592499896418303
43.39999999999882,974.8076519116726,577.0163601850961,2.2191402175559003,55.13752666381513,29.56157625379094,0.0077428389866867064,-9.86988977419284,-10.5,1.0,-0.14622614041839527,0.4247378741616898,0,0.7579159864690155
43.416666666665485,974.2527228709141,577.7488484067696,2.2279538025115038,55.1375266638151,29.56884282723739,-0.000916302878465558,-7.321933864515704,-9.5,1.0,0.2353283990822963,0.42400881057268724,0,0.7696250104345381
43.43333333333215,973.6913596196702,578.4764173281237,2.2275681885872918,55.13752666381508,29.56800078278203,-0.0005306889542535665,-7.393160318709422,-13.5,1.0,-0.010490127217288876,0.4297003504255167,0,0.7434999861288816
43.449999999998816,973.130276970863,579.2042026648645,2.222219961656363,55.13752666381506,29.56751310153215,0.004817537976675279,-8.835896191225654,-12.5,1.0,-0.14448307633037347,0.41495335526612287,0,0.7719580025877804
43.46666666666548,972.5730946890912,579.9349783760421,2.227413901589441,55.137526663815045,29.572063781629396,-0.0002789499831115094,-7.301537714735392,-11.5,1.0,0.1403703208684427,0.43236256954258423,0,0.7457920000888407
43.48333333333215,972.0121243347764,580.6628502718777,2.227001496359506,55.13752666381504,29.571807438097196,0.00013345524682373267,-7.380922628841235,-14.5,1.0,-0.011218890812267769,0.4169317653787039,0,0.7306659827008843
43.49999999999881,971.451454206334,581.3909534529172,2.2238167595821974,55.13752666381503,29.571972755746206,0.003357903708299137,-8.22855357730474,-12.5,1.0,-0.08642400115402721,0.4255106413369519,0,0.7905419915914536
43.51666666666548,970.8931057342597,582.1208385253086,2.2210159319877842,55.137526663815024,29.575058525034827,0.0061587313027122725,-8.937132146382844,-11.0,1.0,-0.0760487340257497,0.4132164036046366,0,0.9759999811649323
43.533333333332145,970.3368037317828,582.8522845706241,2.2241636873676964,55.13752666381502,29.580718109447012,0.003010975922800085,-7.9622792878297055,-11.5,1.0,0.0854253429178835,0.42851099069256665,0,0.8450829773209989
43.54999999999881,969.7782020759028,583.5819758924963,2.2224553382674697,55.13752666381502,29.583517364001267,0.004700373129430168,-8.377367572697823,-12.5,1.0,-0.046441710915936546,0.41399785061794736,0,0.8587920165155083
43.566666666665476,969.2208478020568,584.3126204357545,2.218402460493972,55.13752666381502,29.587836797241888,0.008753250902927778,-9.426420543618693,-10.5,1.0,-0.10981377654956198,0.420589388162349,0,0.7756669947411865
43.58333333333214,968.6664593106276,585.0455178608682,2.219309162871602,55.13752666381502,29.595880571273753,0.00784654852529787,-9.055852326171216,-9.5,1.0,0.02466156740359606,0.41869878118505477,0,0.9738340158946812
43.59999999999881,968.1114065273354,585.7779123194266,2.2240623645343396,55.13752666381502,29.603090515063695,0.0030146248007012484,-7.63351139570273,-11.0,1.0,0.12859585710882435,0.42939361682934307,0,0.7750420190859586
43.61666666666547,967.5528788087149,586.5076602366556,2.222644812319026,55.13752666381502,29.605860826789822,0.004432177016014727,-7.980106837421638,-13.5,1.0,-0.038544985734705356,0.41354065610290686,0,0.8501249831169844
43.63333333333214,966.9953861066925,587.2381991626269,2.2209589601124837,55.13752666381502,29.609933801428046,0.006118029222557109,-8.388064102452983,-12.5,1.0,-0.045830991440823324,0.425812989739228,0,0.927332992432639
43.649999999998805,966.4391257769713,587.9696769003235,2.2212363465343934,55.13752666381502,29.615495792311286,0.0057008499002701996,-8.23283846147179,-11.5,1.0,0.007546071802172771,0.4175380978589409,0,0.7945419929455966
43.66666666666547,965.8826625666605,588.7010003108186,2.2191598950259115,55.13752666381502,29.62073460999097,0.007777301408752102,-8.739703076883075,-12.0,1.0,-0.056429273585363066,0.42254596405507605,0,0.7710419886279851
43.683333333332136,965.3277191124945,589.4334776127507,2.222048942424489,55.13752666381502,29.62791649238614,0.004685882977727651,-7.8438218461298455,-11.5,1.0,0.07843443584878204,0.4185028375821998,0,0.8055000216700137
43.6999999999988,964.7706618155711,590.164348602127,2.2165630259029605,55.13752666381502,29.632222609921342,0.010171799499256284,-9.306293107677908,-11.5,1.0,-0.14814925515739735,0.421586690993412,0,0.7721250003669411
43.71666666666547,964.2176223781489,590.8982645481476,2.211547758776509,55.13752666381502,29.64156991316734,0.01518706662570768,-10.583775864606745,-8.5,1.0,-0.1356015530944383,0.4102218988723172,0,0.7653329812455922
43.73333333333213,963.6682706650735,591.6349448930114,2.212519342190171,55.13752666381502,29.65549223467169,0.01394880561386902,-10.150265518764046,-6.5,1.0,0.026425484810003657,0.42116311545565116,0,0.7752919918857515
43.7499999999988,963.1182034649934,592.3710911492427,2.2129288517281336,55.13752666381502,29.668310196356607,0.013539296075906647,-9.890159311258428,-7.5,1.0,0.011140124219335464,0.41351861723754707,0,0.8152500085998327
43.766666666665465,962.567834852131,593.1070120859903,2.212284310379338,55.13752666381502,29.680751871202546,0.014183837424702084,-9.934095586755056,-7.0,1.0,-0.017532758801732034,0.41929384945224935,0,0.824499991722405
43.78333333333213,962.0179406850298,593.8432876051783,2.213847926960303,55.13752666381502,29.693643083998577,0.012287270372864255,-9.360457352053034,-7.5,1.0,0.0425120947189607,0.41678003301227984,0,0.7904169906396419
43.799999999998796,961.4668959380048,594.5787024010205,2.2117978969105363,55.13752666381502,29.704934294838147,0.014337300422631039,-9.81627441123182,-8.0,1.0,-0.055712743168623485,0.42120943204868155,0,0.7882080099079758
43.81666666666546,960.9173599702706,595.3152453090265,2.211774032311031,55.13752666381502,29.718109231530306,0.014361165022136468,-9.689764646739093,-7.0,1.0,-0.0006492292345075638,0.4175132821858683,0,0.796709005953744
43.83333333333213,960.3678415799944,596.0518013312786,2.2079888485460564,55.13752666381502,29.731006401584164,0.017744902025932596,-10.613858788043455,-6.0,1.0,-0.10261312087403776,0.41791796374290424,0,0.8284580253530294
43.84999999999879,959.8211151195977,596.7904321001134,2.2068473817270364,55.13752666381502,29.74731237928747,0.01888636884495254,-10.768315272826072,-3.5,1.0,-0.03104328919108926,0.4089046182621691,0,0.8995420066639781
43.86666666666546,959.2752321377097,597.5296864577283,2.207339860730624,55.13752666381502,29.764589215176642,0.017921444179414436,-10.460989163695643,-3.0,1.0,0.013396943152012925,0.4209682296773484,0,0.7837500015739352
43.883333333332125,958.728985154785,598.2686718897993,2.2038394624748197,55.13752666381502,29.78105740204495,0.021421842435218608,-11.276593498217386,-2.5,1.0,-0.09494100077545883,0.41111039433790125,0,0.7875419978518039
43.89999999999879,958.1853282564161,599.0095648726406,2.207149442452654,55.13752666381502,29.800741686600983,0.018111862457384387,-10.165956098930431,-2.5,1.0,0.08980481620139147,0.42642239543796634,0,0.7992910104803741
43.916666666665456,957.6392219997272,599.7486543067232,2.198838800965679,55.13752666381502,29.817098182416,0.02587625224981771,-12.29957365935826,-0.5,1.0,-0.22235027694583187,0.4134750237667191,0,0.9379169787280262
43.93333333333212,957.0992768384339,600.492256658766,2.2020395031752122,55.13752666381502,29.84087473796238,0.02267555004028443,-11.179744195614955,2.0,1.0,0.08685508383250079,0.42613122488368405,0,0.7985419942997396
43.94999999999879,956.5569543972434,601.2341270011768,2.192844218131769,55.13752666381502,29.86171672618309,0.031247636651672295,-13.507846517368973,3.0,1.0,-0.24512453303383278,0.42523105273549516,0,0.7573750044684857
43.96666666666545,956.0214764965897,601.9809527191854,2.200580523603398,55.13752666381502,29.890427343389923,0.02351133118004345,-11.104707910421384,3.5,1.0,0.20743644684636706,0.42677257962140164,0,0.8087090100161731
43.98333333333212,955.4802370058893,602.7236135090982,2.2043883164178424,55.13752666381502,29.912031297043676,0.019703538365599016,-9.86282474625283,0.5,1.0,0.10322170144115352,0.41807213163743673,0,0.7657500100322068
43.999999999998785,954.9361735473916,603.4642079921285,2.1941335790453205,55.13752666381502,29.929854044750343,0.02925462295077663,-12.517694847751699,1.0,1.0,-0.2720598958019747,0.41429667327770087,0,0.7567499997094274
44.01666666666545,954.3997331642177,604.2103426652725,2.2012799666117746,55.13752666381502,29.956734002791578,0.022108235384322494,-10.310616908651019,5.0,1.0,0.1920199791854821,0.4227966900206174,0,0.7444160000886768
44.033333333332116,953.8579743570552,604.952624707376,2.193913422898224,55.13752666381502,29.97704890476421,0.029474779097872886,-12.186370145190612,3.5,1.0,-0.19778459582204438,0.4183072977384006,0,0.7352919783443213
44.04999999999878,953.3216982530151,605.6988774630848,2.1940909944086826,55.13752666381502,30.00346772322458,0.028509187613370294,-11.911822087114366,4.5,1.0,0.0048307425067737365,0.41134268761428516,0,0.7686669996473938
44.06666666666545,952.7852896442015,606.445034979671,2.189589597454608,55.13752666381502,30.029662942626732,0.0330105845674451,-12.947093252268619,8.0,1.0,-0.1218524711626027,0.41973743946731235,0,0.7923750090412796
44.083333333332114,952.252245209718,607.1935995166574,2.192911847832831,55.13752666381502,30.059648130186982,0.028811584919463673,-11.768255951361171,8.5,1.0,0.09013593396910524,0.41360790341931614,0,0.7780840096529573
44.09999999999878,951.7167168026889,607.9403890187477,2.1983199463150336,55.13752666381502,30.08612112612257,0.0234034864372612,-10.060953570816704,3.0,1.0,0.14607772704812952,0.42400089284883885,0,0.7788339862599969
44.116666666665445,951.1771575355963,608.6842714237433,2.1957386201882394,55.13752666381502,30.107648884829942,0.02501447182438987,-10.636572142490023,5.0,1.0,-0.07010911377112206,0.4153372228704784,0,0.769208010751754
44.13333333333211,950.6395202670651,609.4295441272914,2.1960575846358537,55.13752666381502,30.130633756078016,0.024695507376775616,-10.381943285494014,7.0,1.0,0.008677115070660022,0.4276407937656868,0,0.7829579990357161
44.149999999998776,950.101645310391,610.1746453057566,2.197480745960024,55.13752666381502,30.15332560268277,0.023272346052605197,-9.829165971296408,6.0,1.0,0.03869735237572927,0.42305843770320317,0,0.7790419913362712
44.16666666666544,949.5627104995976,610.9189802470852,2.1879461317030984,55.13752666381502,30.17416279248186,0.031737607194312734,-12.297499582777846,6.5,1.0,-0.25379317190789585,0.41572178033508206,0,0.7920830103103071
44.18333333333211,949.0308970246106,611.6684198130208,2.1839499404800686,55.13752666381502,30.203323449151675,0.03573379841734248,-13.178499749666708,13.0,1.0,-0.10828990314473735,0.4111327570880067,0,0.7648750033695251
44.199999999998774,948.5020826918717,612.4199786175448,2.195049782441286,55.13752666381502,30.235963486213755,0.02345954339310241,-9.907099849800025,9.5,1.0,0.2932612247798242,0.4297148668499755,0,0.8415839984081686
44.21666666666544,947.9649589228237,613.1656214890933,2.1878827724925047,55.13752666381502,30.257519862150204,0.03062655334188369,-11.744259909880014,10.5,1.0,-0.19256051513210543,0.4159227528754674,0,0.9984579810407013
44.233333333332105,947.4331929328034,613.9150947488065,2.188919437551057,55.13752666381502,30.285660002518703,0.029589888283331423,-11.246555945928009,12.0,1.0,0.02819469092073666,0.4261561975206144,0,0.7631249900441617
44.24999999999877,946.9006502759192,614.6640163426774,2.1871590526211033,55.13752666381502,30.31185959704006,0.03006404707323984,-11.547933567556806,13.5,1.0,-0.04785418544755789,0.4179814175534697,0,0.7638749957550317
44.26666666666544,946.3694268338044,615.413874255695,2.1886583308410335,55.13752666381502,30.339483055323587,0.028564768853309722,-10.928760140534084,12.5,1.0,0.04076482206479845,0.42729198585182243,0,0.9375000081490725
44.2833333333321,945.8370797435249,616.1629348744959,2.1944183326736755,55.13752666381502,30.365036086069924,0.021399177223345948,-9.157256084320451,11.5,1.0,0.15543514323887908,0.4267401870221414,0,0.7287920161616057
44.29999999999877,945.3004269175469,616.9089167640465,2.19281780730247,55.13752666381502,30.384699547004335,0.022999702594551415,-9.49435365059227,9.0,1.0,-0.043514330723339094,0.41006385551273333,0,0.7504170062020421
44.316666666665434,944.7649687413666,617.65575662421,2.190217023074424,55.13752666381502,30.40571485671082,0.023687928274855437,-10.096612190355362,10.0,1.0,-0.07063584843400363,0.0,0,0.9575829899404198
44.3333333333321,944.2314547432652,618.4039865681426,2.190551153102378,55.13752666381502,30.427481050624948,0.023353798246901203,-9.857967314213218,13.5,1.0,0.009089657606264623,0.0,0,0.7971670129336417
44.349999999998765,943.6976907688579,619.1520382072641,2.1891416333083455,55.13752666381502,30.4489800262264,0.02203442824461277,-10.11478038852793,13.0,1.0,-0.03832678876957442,0.0,0,0.7892080175224692
44.36666666666543,943.1649817179205,619.9008414539296,2.181507275303549,55.13752666381502,30.469227118999882,0.029668786249409163,-12.068868233116756,16.5,1.0,-0.20477915659507806,0.0,0,0.7821250183042139
44.3833333333321,942.6380047674904,620.6536897313952,2.177209062519813,55.13752666381502,30.496487510870587,0.033966999033145484,-13.041320939870054,20.0,1.0,-0.11640299395704691,0.0,0,0.7326249906327575
44.39999999999876,942.1142685770326,621.4087961066643,2.191313074718956,55.13752666381502,30.524892586836998,0.016820943371428587,-9.024792563922032,20.0,1.0,0.3663722036257718,0.0,0,0.7582080143038183
44.41666666666543,941.5799348008978,622.1564408423839,2.185184183086311,55.13752666381502,30.540349611461394,0.022949835004073545,-10.61487553835322,16.5,1.0,-0.1652148444912035,0.0,0,0.7477499893866479
44.433333333332094,941.0501932652827,622.907346389448,2.1840380943042614,55.13752666381502,30.55907664610219,0.021163950885697336,-10.768925323011931,20.0,1.0,-0.031168906694722102,0.0,0,0.7429590041283518
44.44999999999876,940.521312681816,623.658858574046,2.1845254279218076,55.13752666381502,30.57852399267825,0.020676617268151176,-10.461355193807158,21.5,1.0,0.013256989316500059,0.0,0,0.7404170173685998
44.466666666665425,939.9920659240152,624.4101129281264,2.1896646824932904,55.13752666381502,30.595539681997863,0.012719587591375259,-8.876813116284294,19.5,1.0,0.13891144358990004,0.0,0,0.79704201198183
44.48333333333209,939.4589652850372,625.1586374393407,2.1884163499997706,55.13752666381502,30.60722814348286,0.013967920084895004,-9.126087869770577,17.0,1.0,-0.033947467179393405,0.0,0,0.7640420226380229
44.49999999999876,938.9267994686603,625.9078268540067,2.190360321189822,55.13752666381502,30.61839617376237,0.00932455050804748,-8.475652721862346,18.5,1.0,0.05283593635903073,0.0,0,0.7686250028200448
44.51666666666542,938.3931782560961,626.6559803387069,2.1781342338733483,55.13752666381502,30.626964927127254,0.021550637824521157,-11.685391633117408,19.0,1.0,-0.321096771517915,0.0,0,0.7840000034775585
44.53333333333209,937.8687436870945,627.4106018451613,2.1696259663002047,55.13752666381502,30.645361791345024,0.027482112528347535,-13.811234979870445,28.0,1.0,-0.22745922957741577,0.0,0,0.8320829947479069
44.549999999998754,937.3507485442788,628.1696580138253,2.180055735961722,55.13752666381502,30.67061354096991,0.017052342866830106,-10.686740987922267,31.0,1.0,0.276472295586884,0.0,0,0.7896250172052532
44.56666666666542,936.8248649375195,628.9232704256851,2.1775644653786763,55.13752666381502,30.68508998333283,0.01709370282030065,-11.212044592753362,28.5,1.0,-0.0676707893145363,0.0,0,0.7389579841401428
44.583333333332085,936.3008604131796,629.6781906159297,2.182233462172442,55.13752666381502,30.700797626609152,0.01242470602653478,-9.727226755652016,27.5,1.0,0.12634210974461169,0.0,0,0.7562499959021807
44.59999999999875,935.7733368932143,630.430656011181,2.181369415026426,55.13752666381502,30.711189415167894,0.010970047328079602,-9.836336053391209,28.0,1.0,-0.023501817486566434,0.0,0,0.8456250070594251
44.61666666666542,935.2464637356637,631.1835769306807,2.187881535207867,55.13752666381502,30.721270234258416,0.004457927146638507,-7.901801632034725,24.0,1.0,0.1753409928413935,0.0,0,0.7976249908097088
44.63333333333208,934.7146986729556,631.9330508483392,2.1748226396259227,55.13752666381502,30.724469564106062,0.015333687777571825,-11.341080979220834,26.0,1.0,-0.34135607096183057,0.0,0,0.7504589739255607
44.64999999999875,934.1927659752704,632.6894049282876,2.173181160264525,55.13752666381502,30.738560038905685,0.016975167138969738,-11.604648587532502,34.5,1.0,-0.044626309243765205,0.0,0,0.7668750185985118
44.666666666665414,933.6720755198015,633.4466147306218,2.1638014232177456,55.13752666381502,30.753357089200346,0.024311747367414593,-13.962789152519502,33.5,1.0,-0.24984136887959232,0.0,0,0.74562500230968
44.68333333333208,933.1585102938901,634.2086750916839,2.181888914999319,55.13752666381502,30.775696382046124,0.006224255585841386,-8.9776734915117,36.5,1.0,0.4572793453389114,0.0,0,0.7643339922651649
44.699999999998745,932.6312460650563,634.9613221990055,2.1879927300948765,55.13752666381502,30.78068272974201,-0.0017782924439400105,-7.18660409490702,29.5,1.0,0.16455102387001336,0.0,0,0.7706670148763806
44.71666666666541,932.0993976679682,635.7107369824747,2.182358726642745,55.13752666381502,30.779048553152585,0.0038557110081915984,-8.711962456944212,29.5,1.0,-0.15208780234465868,0.0,0,0.72825001552701
44.73333333333208,931.5717798949627,636.4631362918684,2.183045363113554,55.13752666381502,30.781904431306323,0.0014192469303528907,-8.427177474166527,32.5,1.0,0.018677568593204824,0.0,0,0.7473749865312129
44.74999999999874,931.0436456215691,637.2151731423182,2.184079852198596,55.13752666381502,30.78320866029288,0.0003847578453108902,-8.056306484499917,32.0,1.0,0.02813554115592286,0.0,0,0.7929579878691584
44.76666666666541,930.514733656997,637.9666632413215,2.192669517177515,55.13752666381502,30.782905338099244,-0.009801315318138215,-5.63378389069995,29.5,1.0,0.22955999136022046,0.0,0,0.7787500217091292
44.783333333332074,929.9793862356797,638.7135824964331,2.1770486345394953,55.13752666381502,30.773898477564458,0.005819567319881536,-9.78027033441997,29.5,1.0,-0.4018380051838679,0.0,0,0.7777079881634563
44.79999999999874,929.4557711921518,639.468772883924,2.1740950651602193,55.13752666381502,30.778610348237358,0.007334691408481309,-10.468162200651982,40.0,1.0,-0.08017871977698736,0.0,0,0.7650420011486858
44.816666666665405,928.93438893648,640.225506508549,2.1770629448506065,55.13752666381502,30.78535056685404,0.004366811718094166,-9.48089732039119,39.5,1.0,0.08056551813380762,0.0,0,0.7809590024407953
44.83333333333207,928.4107630859962,640.9806894028684,2.1891937849839547,55.13752666381502,30.788744545927628,-0.00903994149816345,-6.088538392234714,36.0,1.0,0.3187618942136179,0.0,0,0.8120000129565597
44.84999999999874,927.8780149844392,641.729464866846,2.196613679340355,55.13752666381502,30.780437325483913,-0.016459835854563565,-4.053123035340828,28.5,1.0,0.1991795531948374,0.0,0,0.7811250106897205
44.8666666666654,927.3397257641334,642.4742668207035,2.1874985378815577,55.13752666381502,30.764712778174875,-0.008453483926326832,-6.631873821204497,32.0,1.0,-0.24307160141643092,0.0,0,0.8095839875750244
44.88333333333207,926.8082477869264,643.2239443479854,2.1796378573858153,55.13752666381502,30.756944467441592,-0.0005928034305844321,-8.779124292722699,37.0,1.0,-0.21067429418319192,0.0,0,0.8223339973483235
44.899999999998734,926.2826791445549,643.9777764495327,2.189989884840032,55.13752666381502,30.755828254456883,-0.01188188760041431,-5.867474575633619,38.0,1.0,0.27451384015675157,0.0,0,0.7539170037489384
44.9166666666654,925.7493351118429,644.7261275555906,2.1891397198580274,55.13752666381502,30.744909546470524,-0.011031722618409567,-6.120484745380171,34.0,1.0,-0.023124362572615766,0.0,0,0.968958018347621
44.933333333332065,925.2166274937043,645.474931821567,2.1966022026852743,55.13752666381502,30.734243025851526,-0.01925490660470297,-4.0722908472281025,34.5,1.0,0.2002925491230972,0.0,0,0.8249999955296516
44.94999999999873,924.6783468212691,646.2197399531352,2.19123800069822,55.13752666381502,30.71654965376728,-0.013890704617648629,-5.643374508336862,33.0,1.0,-0.14490863719280844,0.0,0,0.7942499942146242
44.9666666666654,924.1440691753364,646.9674248013328,2.1915309611943914,55.13752666381502,30.703319078238337,-0.014763379286757417,-5.586024705002117,37.0,1.0,0.007969734350981705,0.0,0,0.8026249997783452
44.98333333333206,923.6095725102102,647.714953095203,2.1917495230668083,55.13752666381502,30.689752634084083,-0.014981941159174283,-5.5516148230012705,35.0,1.0,0.005945840610588952,0.0,0,0.7858749886509031
44.99999999999873,923.074912476668,648.4623645506277,2.1999397481449883,55.13752666381502,30.675608874489164,-0.023566258476355184,-3.330968893800762,33.0,1.0,0.21923150436635344,0.0,0,0.7649579783901572
45.016666666665394,922.5341489758578,649.2053720010338,2.1950574615896867,55.13752666381502,30.653954458897452,-0.018683971921053644,-4.798581336280457,35.0,1.0,-0.13204826404685469,0.0,0,0.7403749914374202
45.03333333333206,921.9970194809233,649.9510107479072,2.192098765589432,55.13752666381502,30.636531249572837,-0.015929113338817746,-5.6791488017682745,38.5,1.0,-0.08031729176144614,0.0,0,0.7815000135451555
45.049999999998725,921.4620984521306,650.6982354317358,2.199711732137213,55.13752666381502,30.621807952190224,-0.023551037674692573,-3.607489281060965,37.5,1.0,0.20422120827646564,0.0,0,0.7505830144509673
45.06666666666539,920.9215043829689,651.4413661655605,2.1973631182675413,55.13752666381502,30.600167520006426,-0.02120242380502102,-4.364493568636579,35.5,1.0,-0.06380660836745398,0.0,0,0.7612500048708171
45.08333333333206,920.3826571303055,652.1857644953977,2.1894274238897196,55.13752666381502,30.580620541334767,-0.013076197341896467,-6.618696141181948,39.5,1.0,-0.21262496502047237,0.0,0,0.8057499944698066
45.09999999999872,919.8497341002105,652.9344154682562,2.193872156825843,55.13752666381502,30.568604397448844,-0.01752093027801971,-5.371217684709169,40.5,1.0,0.12033343765438326,0.0,0,0.7676249952055514
45.11666666666539,919.3134887915472,653.6806903533382,2.206457014592433,55.13752666381502,30.552507228424638,-0.029711177398938915,-2.022730610825501,37.0,1.0,0.32985897925929664,0.0,0,0.7831660041119903
45.133333333332054,918.7678944318498,654.4201577493968,2.2077928144841583,55.13752666381502,30.525207898003302,-0.031046977290664298,-1.8136383664953006,28.0,1.0,0.03632405422224462,0.0,0,0.7881250057835132
45.14999999999872,918.2213127787471,655.1588956810472,2.2023670578640036,55.13752666381502,30.496803091904155,-0.025017971859878863,-3.4881830198971806,33.0,1.0,-0.1465479007999866,0.0,0,0.771708000684157
45.166666666665385,917.6787473635453,655.9005883434044,2.2070598394582133,55.13752666381502,30.47381500527404,-0.02971075345408858,-2.2929098119383085,33.5,1.0,0.1269788428533414,0.0,0,0.7644169963896275
45.18333333333205,917.132707333675,656.6397267072759,2.2109093667103226,55.13752666381502,30.446813026165493,-0.03274387130522083,-1.375745887162985,28.5,1.0,0.10434488904533815,0.0,0,0.7583749829791486
45.19999999999872,916.5838260233976,657.376757603776,2.2085356740247395,55.13752666381502,30.41672813486023,-0.03037017861963776,-2.225447532297791,25.0,1.0,-0.06448606657279712,0.0,0,0.8108339970931411
45.21666666666538,916.0366957426378,658.1150892982354,2.1944458107236846,55.13752666381502,30.38935799548907,-0.015246268781548,-6.135268519378675,31.5,1.0,-0.3660366399436783,0.0,0,0.819125009002164
45.23333333333205,915.5000224187347,658.861056441331,2.218073423626303,55.13752666381502,30.37534784575283,-0.03887388168416628,-0.28116111162720436,33.5,1.0,0.5712844327004598,0.0,0,0.7618329836986959
45.249999999998714,914.9458751075847,659.5941362410205,2.2193026056839376,55.13752666381502,30.340473015651007,-0.0388469587409177,-0.1686966669763226,21.0,1.0,0.03342707628694246,0.0,0,0.8507090096827596
45.26666666666538,914.3908271267524,660.3265343391483,2.2189520121242983,55.13752666381502,30.304783239999885,-0.038496365181278414,-0.5012180001857935,21.0,1.0,-0.009537504227834535,0.0,0,0.7755839906167239
45.283333333332045,913.8360359540832,661.059126988508,2.2197491928074524,55.13752666381502,30.270631944812997,-0.037811026299064306,-0.5007308001114761,17.0,1.0,0.021683664129965936,0.0,0,0.7781670137774199
45.29999999999871,913.2806609490511,661.7912771363282,2.215509420319222,55.13752666381502,30.235990828212252,-0.03185803952026056,-1.9004384800668856,21.5,1.0,-0.11483430152202045,0.0,0,0.7814170094206929
45.31666666666538,912.7283950763849,662.5257753603258,2.2116542806562274,55.13752666381502,30.206719555145234,-0.02800289985726589,-3.1402630880401317,23.5,1.0,-0.10449591424654565,0.0,0,0.9801250125747174
45.33333333333204,912.1789648938512,663.262397183033,2.2166173463698278,55.13752666381502,30.181407812425192,-0.031017863780757434,-1.884157852824079,21.5,1.0,0.1342071181187393,0.0,0,0.7765000045765191
45.34999999999871,911.6258855905882,663.9962830866103,2.214185118245933,55.13752666381502,30.152908244693467,-0.028585635656862785,-2.7304947116944476,27.0,1.0,-0.06607172912875646,0.0,0,0.7841670012567192
45.366666666665374,911.0745928994337,664.7315120331618,2.2128524230091013,55.13752666381502,30.12746473903821,-0.025065857949943652,-3.2382968270166685,23.5,1.0,-0.0362397041439205,0.0,0,0.797417014837265
45.38333333333204,910.5242805336732,665.4674750317281,2.2078468867748877,55.13752666381502,30.104432660862393,-0.020060321715730023,-4.742978096210001,28.0,1.0,-0.13534165581968566,0.0,0,0.9605840023141354
45.399999999998705,909.9776589361175,666.2061834073764,2.216441876317976,55.13752666381502,30.08731216032794,-0.026225267516453155,-2.4457868577260005,23.0,1.0,0.2296973398415219,0.0,0,0.8022499969229102
45.41666666666537,909.4247084163659,666.9401663485093,2.2154572579449523,55.13752666381502,30.06321498296487,-0.025240649143429383,-2.8674721146356004,20.5,1.0,-0.026779846095086844,0.0,0,0.7963749812915921
45.43333333333204,908.8724808576222,667.6746933790067,2.2135840172842447,55.13752666381502,30.04191626521478,-0.020690549265516278,-3.5204832687813603,23.0,1.0,-0.050916907657052146,0.0,0,0.7698330155108124
45.4499999999987,908.3216302128652,668.4102535752777,2.2154271691971807,55.13752666381502,30.02290385995032,-0.022533701178452326,-3.112289961268816,24.0,1.0,0.050100438739102075,0.0,0,0.7800830062478781
45.46666666666537,907.7694247553701,669.1447972212784,2.207292519008758,55.13752666381502,30.00476743034865,-0.011471663109455132,-5.46737397676129,28.5,1.0,-0.21779065342320542,0.0,0,0.7650000043213367
45.483333333332034,907.2232127579002,669.883808512794,2.21387607164302,55.13752666381502,29.994644785983038,-0.014873742483153762,-3.6804243860567736,24.0,1.0,0.17722452461274338,0.0,0,0.7506249821744859
45.4999999999987,906.6721473130774,670.6192077993653,2.2166467530008203,55.13752666381502,29.98097693373586,-0.017644423840954104,-3.008254631634064,23.5,1.0,0.07523329810097937,0.0,0,0.7535410113632679
45.516666666665365,906.1190464289415,671.3530774384263,2.2091203202572576,55.13752666381502,29.965818060599517,-0.0066790485058736415,-5.204952778980439,30.0,1.0,-0.20196285447274573,0.0,0,0.7793749973643571
45.53333333333203,905.5714845788705,672.0910891290615,2.211714936003725,55.13752666381502,29.95968033598206,-0.009273664252340998,-4.522971667388263,34.5,1.0,0.07046887064968588,0.0,0,0.8130409987643361
45.5499999999987,905.0220097172948,672.8276776245351,2.2155861179631757,55.13752666381502,29.952948102246612,-0.009445240228275864,-3.5137830004329578,33.0,1.0,0.10492757238981151,0.0,0,0.8113329822663218
45.56666666666536,904.4696875119698,673.5621334888812,2.213114147290628,55.13752666381502,29.944268444888195,-0.006973269555728301,-4.308269800259774,34.0,1.0,-0.0671481232327797,0.0,0,0.8382500091101974
45.58333333333203,903.9191825456726,674.2979524321339,2.2249641692335125,55.13752666381502,29.940485504982554,-0.014860035893559331,-1.1849618801558643,29.0,1.0,0.3118570427269988,0.0,0,0.7959580107126385
45.599999999998694,903.3599969641522,675.0271963697755,2.204871425516777,55.13752666381502,29.926830247134276,0.005232707823175974,-6.510977128093519,42.0,1.0,-0.5002422743638008,0.0,0,0.7676249952055514
45.61666666666536,902.8155757812257,675.7675279243836,2.217503096974555,55.13752666381502,29.935200883387793,-0.003169298741762194,-3.1065862768561114,35.0,1.0,0.3309984687150529,0.0,0,0.7357499853242189
45.633333333332025,902.261846655125,676.500923649811,2.2209683260988773,55.13752666381502,29.93275608730806,-0.0021359400683191865,-2.2639517661136668,33.0,1.0,0.0939927478956984,0.0,0,0.7429170073010027
45.64999999999869,901.7055794744176,677.2323961775489,2.2175876783909323,55.13752666381502,29.930793247926033,0.0012447076396258083,-3.3583710596682,36.5,1.0,-0.09171151792924766,0.0,0,0.9312089823652059
45.66666666666536,901.1517883186485,677.9657450651594,2.2120083076557115,55.13752666381502,29.933297713433603,0.01159383645611767,-5.01502263580092,37.5,1.0,-0.1506353274242152,0.0,0,0.8092500211205333
45.68333333333202,900.6020973865382,678.7021723285894,2.219469559534348,55.13752666381502,29.943951732528546,0.004132584577481335,-3.0090135814805516,40.5,1.0,0.20026038687880418,0.0,0,0.7698750123381615
45.69999999999869,900.0469271367595,679.434477749113,2.2199308023670556,55.13752666381502,29.950102756443776,0.008714230422047997,-3.005408148888331,42.5,1.0,0.012547315460615828,0.0,0,0.7677919929847121
45.716666666665354,899.491419175421,680.1665270234497,2.2167957804670735,55.13752666381502,29.958110673629765,0.011849252322030157,-4.003244889332999,53.5,1.0,-0.08508144405696386,0.0,0,0.7365409983322024
45.73333333333202,898.9382089306946,680.9003142271384,2.2192656375965645,55.13752666381502,29.972444314464305,0.014697066327931108,-3.4019469335997994,58.5,1.0,0.06709088356582167,0.0,0,0.7210829935502261
45.749999999998685,898.3831880255984,681.6327328438282,2.215201857352501,55.13752666381502,29.98594982635415,0.018760846571994616,-4.6411681601598795,57.0,1.0,-0.11010680319384034,0.0,0,0.7545410189777613
45.76666666666535,897.8311480835023,682.3674008896135,2.2163444511258614,55.13752666381502,30.00782208064892,0.023212027960241688,-4.384700896095928,72.5,1.0,0.031073918083695813,0.0,0,0.7445829978678375
45.78333333333202,897.2782690748038,683.1014376985735,2.217154430566201,55.13752666381502,30.02967176065161,0.028272896795053626,-4.230820537657557,76.0,1.0,0.02203168418355077,0.0,0,0.7847080123610795
45.79999999999868,896.7247956928094,683.8350264461639,2.217764883989845,55.13752666381502,30.055649926040424,0.027662443371409662,-4.1384923225945345,71.5,1.0,0.016605677176797097,0.0,0,0.7472079887520522
45.81666666666535,896.1708745922072,684.5682771873671,2.2168217974870137,55.13752666381502,30.082704773140314,0.03475404547571159,-4.48309539355672,87.5,1.0,-0.025650760360588318,0.0,0,0.7025419909041375
45.833333333332014,895.6176452567117,685.3020499979255,2.214170402534638,55.13752666381502,30.114635879421797,0.037405440428087466,-5.289857236134032,85.5,1.0,-0.07200570621635306,0.0,0,0.7284999883268028
45.84999999999868,895.0663633850339,686.0372870570613,2.225056816314492,55.13752666381502,30.151840014534088,0.032945406467313365,-2.373914341680419,78.5,1.0,0.2879316596035215,0.0,0,0.698916002875194
45.866666666665346,894.5071102435913,686.7664791846615,2.2218190119400907,55.13752666381502,30.18211000845876,0.03618321084171461,-3.4243486050082517,90.5,1.0,-0.08785675423788712,0.0,0,0.7201250118669122
45.88333333333201,893.9502210109123,687.497478239171,2.2118303506386847,55.13752666381502,30.21947542402677,0.0528758934243605,-6.254609163004951,115.5,1.0,-0.26533155254273233,0.0,0,0.7348330109380186
45.89999999999868,893.4006611399043,688.2340033122982,2.222517228647151,55.13752666381502,30.268043551420263,0.04218901541589437,-3.3527654978029706,122.0,1.0,0.2829337351410273,0.0,0,0.7289159984793514
45.91666666666534,892.8432616472576,688.9646133592896,2.2263035127509045,55.13752666381502,30.312277655429618,0.045383729645814164,-2.411659298681782,127.5,1.0,0.1026427410846164,0.0,0,0.7822919869795442
45.93333333333201,892.2830998594336,689.6931077014978,2.224554978574368,55.13752666381502,30.354209918469056,0.05438911166756278,-3.046995579209069,106.5,1.0,-0.04753252201589684,0.0,0,0.7196249789558351
45.949999999998674,891.7242127245265,690.4225803915984,2.23697596309572,55.13752666381502,30.40416663142542,0.041968127146210676,0.17180265247455861,116.0,1.0,0.3258631534571285,0.0,0,0.7920420030131936
45.96666666666534,891.1563081658477,691.1450550606348,2.232577224447322,55.13752666381502,30.444202140996254,0.05389795176703904,-1.296918408515265,109.5,1.0,-0.11910002459238958,0.0,0,0.7833329727873206
45.983333333332006,890.5915870683255,691.8700207958119,2.2351239387456716,55.13752666381502,30.493708159673304,0.05135123746868952,-0.778151045109159,124.0,1.0,0.06917206857789958,0.0,0,0.7440000190399587
45.99999999999867,890.0250215235154,692.5935459982766,2.234126991391495,55.13752666381502,30.543652394922297,0.060151393998349345,-1.2668906270654954,126.0,1.0,-0.02711500885326024,0.0,0,0.7250419876072556
46.01666666666534,889.459177576678,693.3176356771113,2.2402709325350445,55.13752666381502,30.598895718886517,0.054007452854799805,0.23986562376070275,125.0,1.0,0.16561316135471052,0.0,0,0.7491249998565763
46.033333333332,888.8888955731685,694.0382351994818,2.2429775586193466,55.13752666381502,30.65262076929865,0.059373522269120745,0.7439193742564217,136.0,1.0,0.07350031347949297,0.0,0,0.7688750047236681
46.04999999999867,888.3166652674685,694.7572885440997,2.2443099986858077,55.13752666381502,30.707150537377156,0.05804108220265957,0.846351624553853,138.0,1.0,0.036232771421029084,0.0,0,0.7278340053744614
46.066666666665334,887.7434773745334,695.4755787880541,2.2505866382943274,55.13752666381502,30.76596142760423,0.06010344872543305,2.3078109747323117,137.0,1.0,0.16912299618595078,0.0,0,0.6927080103196204
46.083333333332,887.1657923528821,696.1902572128909,2.255658321056623,55.13752666381502,30.821160771459752,0.05503176596313741,3.384686584839387,145.0,1.0,0.13710796437823713,0.0,0,0.7008330139797181
46.099999999998666,886.584490154103,696.9019966236741,2.2542847282451155,55.13752666381502,30.878631063451053,0.06500694603169155,2.6308119509036323,150.5,1.0,-0.037350804706391086,0.0,0,0.721791002433747
46.11666666666533,886.0041661435428,697.6145338352882,2.257480597792231,55.13752666381502,30.93856759637491,0.07067094868169654,3.178487170542179,155.0,1.0,0.08672460050949868,0.0,0,0.6737920048180968
46.133333333332,885.4215679244741,698.3252127714509,2.2578085005497677,55.13752666381502,31.003457239552134,0.07034304592415985,2.9070923023253075,154.0,1.0,0.008920260305699219,0.0,0,0.7306250045076013
46.14999999999866,884.8387367031472,699.0357006338484,2.2665311997434294,55.13752666381502,31.069505727559214,0.07073363058087168,4.944255381395185,152.0,1.0,0.2329889895167529,0.0,0,0.7285829924512655
46.16666666666533,884.2497303608603,699.7410776705552,2.2681562801780597,55.13752666381502,31.134452828906873,0.0691085501462414,4.96655322883711,156.0,1.0,0.044181060376718304,0.0,0,0.6983750208746642
46.183333333331994,883.6595785024058,700.4454965935905,2.27558452428502,55.13752666381502,31.200599630234457,0.0710415434653604,6.579931937302266,152.0,1.0,0.19939780289269765,0.0,0,0.7236670062411577
46.19999999999866,883.0642103782226,701.1455123304665,2.277240833165733,55.13752666381502,31.26582898018439,0.06938523458464774,6.5479591623813596,157.5,1.0,0.04502893173561861,0.0,0,0.6922500033397228
46.216666666665326,882.467683628942,701.844540994085,2.2739109501637467,55.13752666381502,31.335681535338512,0.07576296816203376,5.1287754974288156,159.5,1.0,-0.09034189095862882,0.0,0,0.6813749787397683
46.23333333333199,881.873487866202,702.5455521428618,2.279642777588078,55.13752666381502,31.408352861311535,0.06027452072098738,6.277265298457289,160.0,1.0,0.15468694875815592,0.0,0,0.6910829979460686
46.24999999999866,881.2752838113174,703.2431459672947,2.28905638061343,55.13752666381502,31.462265281464056,0.03484603588335222,8.366359179074374,157.5,1.0,0.25070616925489375,0.0,0,0.7093329913914204
46.26666666666532,880.6705394870907,703.9350777106646,2.2898309551469054,55.13752666381502,31.4919392077161,0.018583291247411537,8.019815507444624,160.5,1.0,0.021068951552936123,0.0,0,0.6988339882809669
46.28333333333199,880.065259391623,704.6265408269609,2.284567915487702,55.13752666381502,31.505697444347547,0.008965988253012204,6.0118893044667745,167.5,1.0,-0.14221287906823835,0.0,0,0.710167019860819
46.299999999998654,879.4636268601434,705.3211799650987,2.2913354394244156,55.13752666381502,31.509663968774063,-0.011991562063530472,7.407133582680064,166.5,1.0,0.18206960589239035,0.0,0,0.6585420051123947
46.31666666666532,878.8573071546988,706.0117316647976,2.2977168369157868,55.13752666381502,31.493528746301678,-0.03178931779653959,8.644280149608038,167.0,1.0,0.1718908468687675,0.0,0,0.7302080048248172
46.333333333331986,878.2465931395828,706.6984001633531,2.3084576450397942,55.13752666381502,31.458554356237553,-0.055089111646410505,10.986568089764823,164.0,1.0,0.2842860081212606,0.0,0,0.677250005537644
46.34999999999865,877.6285391188483,707.3784696176159,2.3101395876538064,55.13752666381502,31.40179630514343,-0.06838911428672566,10.791940853858893,166.0,1.0,0.045724854872756154,0.0,0,0.7196659862529486
46.36666666666532,877.0093421350732,708.057498579039,2.3135157337817187,55.13752666381502,31.332739756966227,-0.0823594848185758,11.075164512315336,166.0,1.0,0.0915900795903206,0.0,0,0.7400829927064478
46.38333333333198,876.387856183567,708.7344331750288,2.3158017739208425,55.13752666381502,31.251091470792893,-0.09413412575143854,11.0450987073892,169.0,1.0,0.06211104775419213,0.0,0,0.6951249961275607
46.39999999999865,875.7648243576864,709.4099452616026,2.3195707063991495,55.13752666381502,31.159173174780996,-0.10620583638297898,11.42705922443352,170.5,1.0,0.1021756286525154,0.0,0,0.6936249847058207
46.416666666665314,875.1392510034229,710.0831043910831,2.325756353160686,55.13752666381502,31.056986689719693,-0.11943028942942302,12.456235534660113,169.0,1.0,0.16671671052484277,0.0,0,0.7175840146373957
46.43333333333198,874.509525719,710.7523810912048,2.3269677319299533,55.13752666381502,30.9436901126074,-0.12634086709596204,12.073741320796067,174.5,1.0,0.03294327631490539,0.0,0,0.7135829946491867
46.449999999998646,873.8789901492315,711.420894464612,2.3330292733197684,55.13752666381502,30.825151995112567,-0.13668935794459003,13.044244792477642,172.5,1.0,0.1634316324556101,0.0,0,0.6928340008016676
46.46666666666531,873.2444139664182,712.0855735626537,2.335633418008588,55.13752666381502,30.6982201516411,-0.14209906557406393,13.026546875486584,177.0,1.0,0.0707268128066992,0.0,0,0.6975840078666806
46.48333333333198,872.6081090167282,712.7485978805846,2.3433858558699954,55.13752666381502,30.56721620718301,-0.1511106092515102,14.415928125291952,172.5,1.0,0.2078566710173531,0.0,0,0.6968329835217446
46.49999999999864,871.9666831846604,713.4066694094655,2.3522600748599114,55.13752666381502,30.428507605282213,-0.15963710389459873,16.04955687517517,174.0,1.0,0.23688766927707827,0.0,0,0.7294579991139472
46.51666666666531,871.3194428149257,714.0590229477813,2.35599682012824,55.13752666381502,30.281974320498374,-0.16136433944177855,16.229734125105104,175.5,1.0,0.10130901823291387,0.0,0,0.7066669932100922
46.533333333331974,870.6697692906556,714.7089533648491,2.363160185474995,55.13752666381502,30.134329835089353,-0.1685277047885334,17.33784047506306,176.0,1.0,0.19246499427308122,0.0,0,0.6835829990450293
46.54999999999864,870.0154567857132,715.3542132977781,2.369580250568156,55.13752666381502,29.98222550867071,-0.17122776465110956,18.20270428503784,176.0,1.0,0.17291182989718254,0.0,0,0.6952499970793724
46.566666666665306,869.3570151828873,715.9952592328214,2.3719519788737435,55.13752666381502,29.827336571724054,-0.16812747536714268,17.921622571022702,179.0,1.0,0.06443284793830914,0.0,0,0.6929169758222997
46.58333333333197,868.6970550465949,716.6347417217703,2.3813320196040695,55.13752666381502,29.67365393374002,-0.1702502393699401,19.55297354261362,178.0,1.0,0.24984912542965226,0.0,0,0.7146249990910292
46.59999999999864,868.0311256596083,717.2680057162585,2.38849109513693,55.13752666381502,29.51795568915471,-0.17740931490280065,20.531784125568173,175.5,1.0,0.19235255859112455,0.0,0,0.7044580124784261
46.6166666666653,867.3606797917332,717.8964860846207,2.3885593782080816,55.13752666381502,29.360940751792,-0.1684112891834415,19.519070475340904,182.5,1.0,0.0018576184880082086,0.0,0,0.7046659884508699
46.63333333333197,866.6901910108514,718.524920671415,2.3995711770066204,55.13752666381502,29.208804019672897,-0.16853476503029083,21.511442285204545,173.0,1.0,0.2910647377594719,0.0,0,0.7111660088412464
46.649999999998634,866.0128228258255,719.1459340183587,2.400521307363765,55.13752666381502,29.054659661939844,-0.1694848953874355,20.706865371122728,181.5,1.0,0.02584225932234946,0.0,0,0.6556250154972076
46.6666666666653,865.3348649030015,719.7663034970145,2.410643564228951,55.13752666381502,28.907764567835954,-0.1668960249836009,22.42411922267364,176.5,1.0,0.26871293892674336,0.0,0,0.8402499952353537
46.683333333331966,864.6506622797127,720.3797788473362,2.4125636837571434,55.13752666381502,28.757289502462044,-0.15429505310601854,21.854471533604183,182.5,1.0,0.052188846689379134,0.0,0,0.8629999938420951
46.69999999999863,863.9652829724265,720.9919393167486,2.4203515196517755,55.13752666381502,28.616060641109726,-0.1620828890006507,22.91268292016251,180.5,1.0,0.20877847468029376,0.0,0,0.6860409921500832
46.7166666666653,863.2751570922094,721.5987436547538,2.4297173707801876,55.13752666381502,28.47634584281672,-0.1551455644838935,24.347609752097505,175.5,1.0,0.24948666814150988,0.0,0,0.6723330006934702
46.73333333333196,862.5793783243987,722.1990578570106,2.4305782341289324,55.13752666381502,28.33434473288019,-0.1560064278326383,23.4085658512585,185.5,1.0,0.023415250884905606,0.0,0,0.7230830087792128
46.74999999999863,861.8830830259733,722.7987728664593,2.4377630314407557,55.13752666381502,28.207070608130046,-0.14515017950597997,24.245139510755102,183.5,1.0,0.19302665053094364,0.0,0,0.6970000104047358
46.766666666665294,861.1824969055925,723.3934696993896,2.445311874043908,55.13752666381502,28.078937412444375,-0.13298173212153008,25.14708370645306,184.0,1.0,0.20254790698523295,0.0,0,0.8482080011162907
46.78333333333196,860.477441516424,723.9828610238692,2.457769835922307,55.13752666381502,27.9570925450407,-0.14543969399992873,27.288250223871835,179.5,1.0,0.32676574419113924,0.0,0,0.7035410089883953
46.799999999998626,859.7650984144097,724.563423285974,2.459123176774291,55.13752666381502,27.834442472019482,-0.12547928235010586,26.3729501343231,186.5,1.0,0.036800613181350944,0.0,0,0.7127920107450336
46.81666666666529,859.0519702663482,725.1430209736934,2.463838266523552,55.13752666381502,27.719434540332273,-0.1301943720993668,26.42377008059386,184.0,1.0,0.1275759512421436,0.0,0,0.6885000038892031
46.83333333333196,858.3361172004401,725.7192497678345,2.4776656781950286,55.13752666381502,27.61629228117611,-0.12120980135246118,28.85426204835632,182.0,1.0,0.35979657074528615,0.0,0,0.6758329982403666
46.84999999999862,857.6123650691792,726.2855253965374,2.4834896723571216,55.13752666381502,27.505178015743926,-0.12703379551455418,29.11255722901379,182.0,1.0,0.15713385911383854,0.0,0,0.6722910038661212
46.86666666666529,856.885327245013,726.8475763171834,2.486789872737104,55.13752666381502,27.410178727473028,-0.10614020165253812,28.667534337408277,187.0,1.0,0.0895408988016364,0.0,0,0.6787499878555536
46.883333333331954,856.1564385027499,727.4072248109451,2.4989606238263526,55.13752666381502,27.315749990655902,-0.092869037726103,30.600520602444966,176.5,1.0,0.31974070594764836,0.0,0,0.6377499958034605
46.89999999999862,855.4207925695794,727.9579609511949,2.5061488280972117,55.13752666381502,27.23052979580517,-0.1000572419969621,31.16031236146698,181.0,1.0,0.1931159235685887,0.0,0,0.6847080076113343
46.916666666665286,854.6812068720595,728.5033949354602,2.510390903828713,55.13752666381502,27.144694515540746,-0.07775863528431826,30.89618741688019,186.5,1.0,0.1148961374744869,0.0,0,0.6571669946424663
46.93333333333195,853.9393140637001,729.0456866430051,2.5179271734539466,55.13752666381502,27.07330952298004,-0.08529490490955194,31.53771245012811,185.0,1.0,0.20221968248469202,0.0,0,0.6742079858668149
46.94999999999862,853.1933555054375,729.5823718994843,2.5231304394862826,55.13752666381502,27.003384022610895,-0.06302142626257545,31.522627470076866,185.0,1.0,0.14061905949081518,0.0,0,0.6673329917248338
46.96666666666528,852.4446145416202,730.1151684875642,2.531318070446337,55.13752666381502,26.945508258384947,-0.07120905722262982,32.313576482046116,185.0,1.0,0.21916426902782224,0.0,0,0.6964159838389605
46.98333333333195,851.6915363813492,730.6418168709191,2.5362283574514577,55.13752666381502,26.890175574841983,-0.047879639889657266,32.18814588922767,187.0,1.0,0.1327967280833602,0.0,0,0.6494590197689831
46.999999999998614,850.9358813154417,731.164761090254,2.5505377144474353,55.13752666381502,26.846192968713314,-0.06218899688563484,34.5128875335366,178.5,1.0,0.3712325368500157,0.0,0,0.8497500093653798
47.01666666666528,850.1728208711507,731.676839202973,2.5554668206314934,55.13752666381502,26.800053096823582,-0.03829545529067691,34.30773252012196,183.5,1.0,0.13329968877667644,0.0,0,0.6716659991070628
47.033333333331946,849.4072456193614,732.185149904233,2.5621384739147324,55.13752666381502,26.764869753149902,-0.04496710857391584,34.584639512073174,183.5,1.0,0.1795458132660058,0.0,0,0.6949579983484
47.04999999999861,848.6382961581519,732.6883416780856,2.569927116897858,55.13752666381502,26.734685831713655,-0.023533244403214137,35.1507837072439,184.0,1.0,0.20879948795960332,0.0,0,0.6771250045858324
47.06666666666528,847.8653244758067,733.18561049484,2.5799777007725835,55.146544698338445,26.713058209548155,-0.03358382827793971,36.29047022434634,182.5,1.0,0.2668580261090959,0.0,0,0.6422089936677366
47.08333333333194,847.0872770391713,733.6751591499462,2.5877073337906595,55.1548412901,26.69272918293406,-0.011873244132067029,36.7742821346078,180.5,1.0,0.2071993989987899,0.0,0,0.6559169851243496
47.09999999999861,846.304799815157,734.1590929941827,2.5947910896461566,55.20204034377114,26.681805651233965,-0.01895699998756406,37.06456928076468,179.5,1.0,0.19016047273260767,0.0,0,0.6835840176790953
47.116666666665274,845.5182959879379,734.6378481686642,2.6045076957784823,55.24546347314858,26.673661522809,0.000807042847481565,38.0387415684588,179.5,1.0,0.257943700306231,0.0,0,0.6606249953620136
47.13333333333194,844.7256052753222,735.1098749261391,2.6121468346816576,55.35525424295463,26.67440609042828,-0.006832096055693793,38.42324494107528,179.5,1.0,0.2041201368504058,0.0,0,0.6612500001210719
47.149999999998606,843.9278788777231,735.5766827345213,2.619279395354299,55.45626175117619,26.675698207562817,0.015387670393478105,38.65394696464517,178.5,1.0,0.1905824987769104,0.0,0,0.6729580054525286
47.16666666666527,843.1240506758156,736.0393964041915,2.628396338650466,55.649594659916914,26.689969604685412,0.006270727097311468,39.3923681787871,176.5,1.0,0.24096666593281235,0.0,0,0.7474170124623924
47.18333333333194,842.3134548462848,736.4962179225496,2.6365220975030637,55.82746093595838,26.701440735634357,0.027211926159712796,39.83542090727226,176.0,1.0,0.21495391622635374,0.0,0,0.6789169856347144
47.1999999999986,841.4948651029482,736.948820022822,2.641827268682386,56.122866860495314,26.7268911162235,0.02190675498039063,39.50125254436335,178.0,1.0,0.14085276640247943,0.0,0,0.844458001665771
47.21666666666527,840.6699101887081,737.3992436684389,2.646862970013199,56.394640311069296,26.751110335087766,0.045509868921561836,39.10075152661801,176.5,1.0,0.13314849317482105,0.0,0,0.7055420137476176
47.233333333331935,839.8366185058231,737.8487869070357,2.66119552589604,56.80907451877864,26.794185021399585,0.03117731303872118,41.060450915970804,169.5,1.0,0.36178326257155846,0.0,0,0.7360829913523048
47.2499999999986,838.9913341433074,738.2892778694975,2.667200675442011,57.19035398987123,26.825723437467488,0.05325620457471514,40.83627054958248,174.0,1.0,0.156220874209602,0.0,0,0.7888330146670341
47.266666666665266,838.1352723752304,738.7288686045827,2.6783171332226234,57.739885300276285,26.876949333833494,0.042139746794102706,41.90176232974949,171.5,1.0,0.28114069119242846,0.0,0,0.6506670033559203
47.28333333333193,837.2668389332023,739.1626814829447,2.6879678417410053,58.245454105848935,26.918316085860113,0.05990895753303915,42.5410573978497,168.5,1.0,0.24359983138212443,0.0,0,0.6465000042226166
47.2999999999986,836.3837669825165,739.5932086951607,2.694413770404836,58.94583193040434,26.977137274462585,0.05346302886920862,42.32463443870982,171.0,1.0,0.16258231549594018,0.0,0,0.6582089990843087
47.31666666666526,835.4882550942759,740.022678634986,2.7020428513655284,59.59017952899531,27.030209841324233,0.04583394790851614,42.39478066322589,170.5,1.0,0.18972888929756368,0.0,0,0.6721250247210264
47.33333333333193,834.5805520005057,740.4495084659657,2.710459328445337,60.182979319699,27.102658687647967,0.06408164862352139,42.63686839793553,167.5,1.0,0.20677400024520526,0.0,0,0.683707999996841
47.349999999998595,833.6568771575458,740.8743928330407,2.719457907686885,61.002680164452606,27.16776664436859,0.05508306938197327,42.98212103876132,169.5,1.0,0.21775831681379043,0.0,0,0.6549170066136867
