t,x,y,heading,speed,true_offset,true_heading_err,det_offset,det_lookahead,det_confidence,steering,lane_iou,off_track,detect_ms
0.0,251.31546914487853,700.5258187647061,0.42781358530668184,85.0,-4.268807529683727e-14,-0.047548979100045796,48.95837287559398,8.64777272790593,1.0,0.6981317007977318,0.3793326331098004,0,2.0657920103985816
0.016666666666666666,252.6044587689879,701.1135688760482,0.4218530163511746,85.0,-0.10225379479940797,-0.06934403823393859,75.34058511375918,7.240214790460778,1.0,-0.10480113117645597,0.41731362114752596,0,2.047291985945776
0.03333333333333333,253.89692879962973,701.6936254804733,0.40007961363954486,85.0,-0.20041247057900807,-0.047570635522308835,89.52415219455992,3.199163434984748,1.0,-0.36684374871512104,0.42145336356158336,0,2.0199159916955978
0.05,255.20172128273228,702.2454053464376,0.3906473133306263,85.0,-0.28898572985226645,-0.06357667329697664,97.88158488311366,1.384337315185802,1.0,-0.16494015401242587,0.43955890563930766,0,1.9779579888563603
0.06666666666666667,256.5116601999149,702.7848536550779,0.39025450619622665,85.0,-0.3789920209455386,-0.06318386616257698,102.84999292445801,1.2599055278906683,1.0,-0.006931779581913595,0.4522951760723688,0,1.977416977752
0.08333333333333333,257.82181091517623,703.3237873687614,0.38947897549304983,85.0,-0.47443139126942563,-0.08551350189693857,105.43491832851649,1.0709913915226295,1.0,-0.01368498157246548,0.41539842465684346,0,1.9405409984756261
0.09999999999999999,259.1323791960439,703.861704858371,0.38633720987971093,85.0,-0.5954279273337086,-0.08237173628359967,106.39733133977927,0.4616362202206371,1.0,-0.055386218141480995,0.4298493691959003,0,1.979917025892064
0.11666666666666665,260.44463101670095,704.3955022015891,0.38220994874250824,85.0,-0.7119893024963175,-0.07824447514639699,106.25186217039007,-0.30191600518929446,1.0,-0.07270563860772304,0.4486229289070215,0,1.9315419776830822
0.13333333333333333,261.7590747755135,704.9238790078205,0.3781961452790626,85.0,-0.8430201342452672,-0.0952891824426772,105.73729295956085,-1.0156665956298958,1.0,-0.07071372323791543,0.41831757391599866,0,1.9560410000849515
0.15,263.07562874104974,705.4469756530738,0.3746411655308274,85.0,-0.9778089453777045,-0.09173420269444199,105.01841026701929,-1.6192824834917392,1.0,-0.06265282915167356,0.4291273154716063,0,2.0425000111572444
0.16666666666666666,264.3940339814319,705.9653886800872,0.37156874639557247,85.0,-1.1100275521192162,-0.1079187643856272,104.12953155326991,-2.1126302283867058,1.0,-0.05416612505448015,0.44231986575967364,0,1.9249999895691872
0.18333333333333332,265.7140257787031,706.4797485731399,0.3681788141003567,85.0,-1.262615879759171,-0.10452883209041142,103.09788773066127,-2.6442738121190357,1.0,-0.05975112516523425,0.45880342563631094,0,1.9354589749127626
0.19999999999999998,267.03575363341895,706.989630836523,0.364391774358182,85.0,-1.4104288740861344,-0.10074179234823671,101.86061558787715,-3.2270430575937734,1.0,-0.06673088522538927,0.4275122733193067,0,1.9717499963007867
0.21666666666666665,268.35940295003354,707.4945040196791,0.360934655122563,85.0,-1.5630040195137092,-0.11495030600455408,100.59861628513241,-3.727911193790898,1.0,-0.06093246503768297,0.4378112480348902,0,1.9290829950477928
0.2333333333333333,269.68478976006014,707.9947981814,0.35753656922015287,85.0,-1.7254918930499024,-0.11155222010214395,99.4034183767613,-4.1988514115874676,1.0,-0.059894498025789555,0.4541092990908541,0,1.95612502284348
0.24999999999999997,271.0118689572477,708.4905856851116,0.35370394227685137,85.0,-1.8831966524060624,-0.10771959315884244,98.31305546015871,-4.72998907033812,1.0,-0.06753174516432908,0.4199876444435442,0,1.9385420018807054
0.26666666666666666,272.34083857158754,708.9812833604738,0.3504590989871115,85.0,-2.049981760191161,-0.12072974930201737,97.1028777963488,-5.134704436190162,1.0,-0.05719947728721138,0.4371596229979301,0,1.9598749931901693
0.2833333333333333,273.67139342383274,709.4676661619903,0.3472003304120912,85.0,-2.220600385598643,-0.11747098072699708,95.88654121753609,-5.5263423506757645,1.0,-0.05744441104357464,0.44675812510207413,0,1.961083005880937
0.3,275.00352621730593,709.949710418255,0.34408123551128367,85.0,-2.3866351284518172,-0.11435188582618955,94.62784726981538,-5.87769166723176,1.0,-0.05498736396295371,0.4131923855480811,0,1.937499997438863
0.31666666666666665,276.33715607013266,710.4275972878107,0.3403137893918104,85.0,-2.564591689225679,-0.12558466218263165,93.44773438444334,-6.332416189256859,1.0,-0.06638664494002185,0.42975517125826335,0,1.949458004673943
0.3333333333333333,277.6725768672059,710.9004563991629,0.3366939895880728,85.0,-2.742036006929997,-0.12196486237889405,92.20238068815452,-6.743012247336303,1.0,-0.06379214625135088,0.4438109845312453,0,1.9533750019036233
0.35,279.00970056689283,711.3684784672109,0.3330140692923254,85.0,-2.9143915089189982,-0.11828494208314666,90.97220080970276,-7.148622179511762,1.0,-0.06484871278608513,0.4614373180768845,0,1.9283329893369228
0.36666666666666664,280.3485374930701,711.8315768687938,0.32959613522635983,85.0,-3.0977575654934526,-0.12874731194328365,89.89913466395427,-7.4913667370506865,1.0,-0.060243497407488064,0.4235835614191551,0,1.940041984198615
0.3833333333333333,281.6889494356464,712.2900965179293,0.3262436109732844,85.0,-3.2796461237710837,-0.12539478769020826,88.99610593030583,-7.809098660729159,1.0,-0.05909331148797363,0.43677809692599157,0,1.9544160168152303
0.39999999999999997,283.0308910408688,712.7441198351913,0.3225278389677501,85.0,-3.4568235678075934,-0.12167901568467393,87.98876602163021,-8.180066406880833,1.0,-0.06547870725390786,0.455088423785187,0,1.9566249975468963
0.41666666666666663,284.37451042528375,713.1931536805403,0.31925088506807126,85.0,-3.643342845952367,-0.13127953133084008,86.94617570249497,-8.45760753271881,1.0,-0.05776426482452993,0.4191969950763921,0,1.9746669859159738
0.4333333333333333,285.71959405610295,713.6377821440316,0.3162242361966168,85.0,-3.828788437727008,-0.12825288245938563,85.90574462928024,-8.679272623634853,1.0,-0.05336074700512681,0.42900227480931746,0,2.0908750011585653
0.44999999999999996,287.06601725822065,714.0783374813543,0.31273741805227145,85.0,-4.009982329233314,-0.12476606431504025,84.85754410832453,-8.975387688481291,1.0,-0.06145460329914579,0.4457167394260359,0,1.9174999906681478
0.4666666666666666,288.4139684087379,714.5141954172276,0.30932375884705154,85.0,-4.198088875001523,-0.13332904082068545,83.82175568306033,-9.246881667637776,1.0,-0.06016833180491102,0.4100490045313814,0,1.9873330020345747
0.4833333333333333,289.763399572944,714.9454493766457,0.30605436316670714,85.0,-4.3864125632956075,-0.13005964514034105,82.6479507001342,-9.481872498199236,1.0,-0.05763132801894036,0.4253066797081958,0,1.9263330032117665
0.49999999999999994,291.114233462477,715.3722892146807,0.3025172684578395,85.0,-4.570144715965193,-0.1265225504314734,81.6745342902172,-9.756061618619395,1.0,-0.06233844192044357,0.4425341474033798,0,1.9251249905209988
0.5166666666666666,292.4665686716355,715.7943483651734,0.2994957396793817,85.0,-4.757126222112126,-0.13466598715642247,80.72602227247056,-9.926659577891883,1.0,-0.05327064901827867,0.45332377343029806,0,2.056416997220367
0.5333333333333333,293.8201729695635,716.2123194755092,0.29623691034688415,85.0,-4.9473269392358885,-0.13140715782392492,79.68421943858847,-10.13347154798214,1.0,-0.05744547970009462,0.41657322154210175,0,1.9413330010138452
0.55,295.17513217398385,716.6258772088439,0.29270924968035045,85.0,-5.132951777916327,-0.12787949715739122,78.74375230191757,-10.380768167575274,1.0,-0.06217260323453337,0.4337169606901204,0,1.933666004333645
0.5666666666666668,296.53154183591613,717.034652542568,0.28949319063306006,85.0,-5.317634736690244,-0.13509493875388068,77.75993911397933,-10.562308879728958,1.0,-0.05669316554469459,0.4479412003573459,0,1.9449170213192701
0.5833333333333335,297.8892591265017,717.4390634762598,0.2861693177973341,85.0,-5.508437615919479,-0.1317710659181547,76.78538290014843,-10.756270328561016,1.0,-0.05858944682071568,0.41243202509216076,0,1.9239580142311752
0.6000000000000002,299.248313125017,717.8389593046502,0.2828881283574142,85.0,-5.6945735340648485,-0.12848987647823482,75.80458740764206,-10.935025640902461,1.0,-0.05783876020668505,0.4223102624310821,0,1.9576250051613897
0.6166666666666669,300.6086719392272,718.2343936747359,0.2799592570000534,85.0,-5.876100404516201,-0.125561005120874,74.84703054457151,-11.043281665710676,1.0,-0.05164001346083625,0.4374993585203888,0,1.9272080098744482
0.6333333333333336,301.9701830934115,718.6258420384778,0.27677199709751416,85.0,-6.066611255361993,-0.1321406020862377,73.87101108021105,-11.193957432542645,1.0,-0.05618656255011328,0.4536917263365893,0,1.9111669971607625
0.6500000000000004,303.33293497762185,719.0129489313713,0.27350003611457224,85.0,-6.253266131921626,-0.1288686411032958,72.8908248228817,-11.354070329802749,1.0,-0.05767644775511362,0.41715610667919634,0,1.9242909911554307
0.6666666666666671,304.69694616360255,719.3955948890972,0.2704561034202542,85.0,-6.4353251492484205,-0.12582470840897778,71.91349076982199,-11.466831781721988,1.0,-0.05366488304568048,0.42696209234475097,0,1.9414170237723738
0.6833333333333338,306.0621157771898,719.7740871222837,0.2672915080443435,85.0,-6.620440920492169,-0.1318230849398429,71.06530999787563,-11.596980742916392,1.0,-0.05578785272001588,0.4431169794220034,0,1.9628750160336494
0.7000000000000005,307.42847632769707,720.148257258,0.2640551803588889,85.0,-6.8066498931311985,-0.12858675725438834,70.21089229734659,-11.735015764126143,1.0,-0.05704969176589278,0.40610879612875206,0,1.946541975485161
0.7166666666666672,308.7960406577609,720.5180034514644,0.2609993160533099,85.0,-6.988312879098408,-0.12553089294880931,69.28337773175366,-11.83512851163156,1.0,-0.0538748327128033,0.42141763672416804,0,1.9186249992344528
0.733333333333334,310.1647284948983,720.883568834011,0.25807645441437727,85.0,-7.167156955167039,-0.13122092815417227,68.37838286647221,-11.907333820007622,1.0,-0.051534241589928344,0.4357822921439845,0,1.9040830084122717
0.7500000000000007,311.5344789811194,721.2451321755456,0.25497834780236195,85.0,-7.3525202398360054,-0.12812282154215696,67.55713010542358,-12.00833993553463,1.0,-0.054618093668528954,0.4475544012499612,0,1.9366670167073607
0.7666666666666674,312.90534305371904,721.6024501556416,0.25191439466212917,85.0,-7.533531390138531,-0.12505886840192418,66.71628417587009,-12.099246090981898,1.0,-0.05401716184651837,0.41095108639259553,0,1.944416988408193
0.7833333333333341,314.277295495453,721.9555662018142,0.24898786174643453,85.0,-7.710236675007218,-0.12213233548622952,65.80675437711731,-12.161800752652535,1.0,-0.051598856703204424,0.426675473177981,0,2.0905839919578284
0.8000000000000008,315.65027546633985,722.3046656775917,0.24597677755359346,85.0,-7.889830657575672,-0.1272318744355333,64.94118210991711,-12.237158676402963,1.0,-0.053086853553364025,0.44013965536659533,0,2.0592910004779696
0.8166666666666675,317.02430037940684,722.6496294187526,0.2428209979311337,85.0,-8.06958990656077,-0.12407609481307358,64.07791269489255,-12.335677393054825,1.0,-0.05563276294089831,0.45860138436482084,0,1.9511670107021928
0.8333333333333343,318.3994070782981,722.9902553295532,0.2398153506418142,85.0,-8.24491371684944,-0.12107044752375405,63.290527879432375,-12.403260742506394,1.0,-0.0529911778516238,0.41377551020408165,0,1.9479169859550893
0.850000000000001,319.7755313656991,723.326746622263,0.23691851191050414,85.0,-8.416550868678781,-0.12582454774743168,62.483850603079006,-12.448550955953458,1.0,-0.05107622154785934,0.428286255081038,0,1.9275830127298832
0.8666666666666677,321.15262463875666,723.6592500985518,0.23408600904618015,85.0,-8.594332342800216,-0.12299204488310768,61.72127728153207,-12.480431086270933,1.0,-0.04994377692277049,0.4459314995271576,0,1.9632920157164335
0.8833333333333344,322.530654203348,723.987851625567,0.2314217040934472,85.0,-8.768132119056142,-0.12032773993037472,60.96458854521032,-12.480660127993376,1.0,-0.04698254654849866,0.4601763581930948,0,1.948791992617771
0.9000000000000011,323.9095543705965,724.3127804996403,0.22865331647568965,85.0,-8.938185362895936,-0.11755935231261717,60.16365575416714,-12.499622241295956,1.0,-0.04881508810995484,0.42146932003236476,0,1.970208017155528
0.9166666666666679,325.28934878184623,724.6338908033188,0.22586350236327543,85.0,-9.108740548959492,-0.12199884770113695,59.420166146946016,-12.521670324405179,1.0,-0.04919229545362251,0.4310044753853804,0,1.958625012775883
0.9333333333333346,326.67003366048095,724.9511504924598,0.22301822183984288,85.0,-9.281143839070577,-0.11915356717770438,58.63548768743003,-12.552831170537686,1.0,-0.0501687005063734,0.4481910096163746,0,1.9146249978803098
0.9500000000000013,328.05161564196493,725.2644804669007,0.22003313098460067,85.0,-9.449545582214437,-0.11616847632246219,57.953001575128496,-12.6079778733246,1.0,-0.05262942802728888,0.4085316764031955,0,1.9214999920222908
0.966666666666668,329.43412678502796,725.5736849037237,0.2170736506917555,85.0,-9.61374768699428,-0.11320899602961701,57.232133712106794,-12.656326784399292,1.0,-0.05217871694029156,0.42486460934529496,0,1.9065829983446747
0.9833333333333347,330.8175469568186,725.8787964779506,0.21465269962200292,85.0,-9.78113947278413,-0.11762982216319222,56.502323299826216,-12.605510812085242,1.0,-0.04269670152259117,0.433174497482209,0,2.0325419900473207
1.0000000000000013,332.20170173396605,726.1805579687746,0.21183270467005808,85.0,-9.94739768808332,-0.11480982721124736,55.78165743037884,-12.628666051963126,1.0,-0.049723596759315196,0.4509962054240723,0,1.9543340022210032
1.016666666666668,333.5867019722136,726.4784149554288,0.20876656650562384,85.0,-10.109687861773129,-0.11174368904681313,55.120798379612964,-12.69530734308277,1.0,-0.05405560861632193,0.4127094464906365,0,1.8772090261336416
1.0333333333333345,334.9726089693752,726.7720239465426,0.20636985649801706,85.0,-10.268101082276154,-0.11583185714702407,54.38972089608912,-12.638450277372499,1.0,-0.04226968968805265,0.4242286984898241,0,1.9423750054556876
1.0500000000000012,336.35921568099576,727.06231048039,0.2037693493341513,85.0,-10.431829514735687,-0.11323134998315833,53.651959377892055,-12.620540836433271,1.0,-0.045859127665497774,0.4419658845559569,0,1.9335830002091825
1.0666666666666678,337.7465725954197,727.3489901560639,0.20093122025281612,85.0,-10.591898032762895,-0.11039322090182314,53.032664321966564,-12.646175792018322,1.0,-0.050042815163006085,0.45252324037184594,0,1.936749991727993
1.0833333333333344,339.13473755511586,727.6317311844206,0.1985609037654025,85.0,-10.747970976354956,-0.10802290441440951,52.45197973323428,-12.586277965561504,1.0,-0.041804744279853506,0.4138910862234065,0,1.9004579808097333
1.100000000000001,340.5235688002743,727.9111810312913,0.19580725424176995,85.0,-10.903198735723079,-0.11142482661409937,51.87374186472317,-12.597869816388528,1.0,-0.04855562007823858,0.4282246986769673,0,1.9314169767312706
1.1166666666666676,341.91316428593535,728.186805469023,0.1930580891913004,85.0,-11.060724141428677,-0.10867566156362983,51.21384090583193,-12.608152185478518,1.0,-0.048476668446223156,0.443190330094298,0,1.9142499950248748
1.1333333333333342,343.3035122564987,728.4586086426519,0.1904897789935378,85.0,-11.21437845823782,-0.10610735136586724,50.62706133109683,-12.585323314423304,1.0,-0.045292125300867486,0.46080450162082814,0,1.9177089852746576
1.1500000000000008,344.6945537156411,728.7268400788994,0.1882592057336418,85.0,-11.364415297381848,-0.10387677810597125,49.9740603338291,-12.502299773769789,1.0,-0.03934274604014846,0.41493606886177503,0,1.9391660171095282
1.1666666666666674,346.08619002362445,728.9919680305509,0.18588311174705055,85.0,-11.515311409668774,-0.10735186607871078,49.3512900445533,-12.448711380913602,1.0,-0.0419065216360126,0.42877252543653543,0,1.9195000058971345
1.183333333333334,347.47845237148255,729.2537885782186,0.18307682353926888,85.0,-11.667101279031087,-0.10454557787092911,48.74310805544306,-12.474831138687213,1.0,-0.049482307695514996,0.4436283094673947,0,1.916957990033552
1.2000000000000006,348.87144398008587,729.5117010106547,0.18046066258899238,85.0,-11.814937867041259,-0.1019294169206526,48.125904253671294,-12.46555947227264,1.0,-0.04613478691193168,0.46169389817016543,0,1.8982499896083027
1.2166666666666672,350.26510556133167,729.7659682743832,0.17813439131934078,85.0,-11.959087961008086,-0.09960314565100101,47.56117373235313,-12.404222387461154,1.0,-0.04102880829517271,0.4156743748038087,0,1.9158330105710775
1.2333333333333338,351.6593548657498,730.0169928181515,0.17572477885194973,85.0,-12.105019290709283,-0.10276288044320261,47.03518728564603,-12.360249682716493,1.0,-0.04249697138767949,0.43030485776077193,0,1.948374992934987
1.2500000000000004,353.05420499378715,730.2646570359112,0.17365248889817292,85.0,-12.250343946059665,-0.1006905904894258,46.305689609239124,-12.256957518800245,1.0,-0.036553533541290074,0.4451184226842475,0,1.9516670145094395
1.266666666666667,354.44956535851645,730.5094301900498,0.17089222543659546,85.0,-12.392748034759146,-0.09793032702784835,45.728536522584534,-12.281878233187243,1.0,-0.04867206101043451,0.406475824209906,0,1.9139999931212515
1.2833333333333337,355.8455960451217,730.7503508543793,0.16862237379553127,85.0,-12.531261018772891,-0.09566047538678416,45.12395832083231,-12.217200982989514,1.0,-0.04003480264278448,0.4221397815207226,0,1.9456250010989606
1.3000000000000003,357.242169989091,730.9881021182464,0.16620048761753484,85.0,-12.672321042058336,-0.09854656758643221,44.51086520550416,-12.182429726529342,1.0,-0.04271317335634094,0.43175324810744303,0,1.9947499968111515
1.3166666666666669,358.63931564317414,731.2224703450199,0.16407833911214031,85.0,-12.81170282429624,-0.0964244190810377,43.99831322656805,-12.094780173981421,1.0,-0.03743218676779879,0.4468140119351736,0,1.918333990033716
1.3333333333333335,360.0369555150346,731.4538730957172,0.16184211329084944,85.0,-12.948092504170555,-0.09418819325974682,43.4780008552444,-12.03106732422427,1.0,-0.039442342412562795,0.40818527852971986,0,1.9875419966410846
1.35,361.4351093606785,731.6821498320606,0.1594951034286849,85.0,-13.08132857510781,-0.09184118339758228,42.94132847815059,-11.98977239521724,1.0,-0.04139416223760794,0.4217829545337309,0,1.8985829956363887
1.3666666666666667,362.8337951227498,731.9071444618264,0.15704150726340707,85.0,-13.217386714807075,-0.09445280975248986,42.45836554728335,-11.969271663383356,1.0,-0.043271727674739954,0.43103268464635086,0,1.897374982945621
1.3833333333333333,364.23302872009214,732.1287066077647,0.15497295515879417,85.0,-13.350995992840215,-0.09238425764787696,41.91968805822819,-11.87992846523891,1.0,-0.03648765943527679,0.4480836381345132,0,1.939792011398822
1.4,365.63271763635623,732.3473738941426,0.152848957065062,85.0,-13.481687600328232,-0.09026025955414478,41.355921688139304,-11.803992857218612,1.0,-0.03746478080969696,0.4073180622420014,0,1.8989590171258897
1.4166666666666665,367.0328678439159,732.5630677529218,0.15063386616503874,85.0,-13.6093827495125,-0.08804516865412153,40.82034812034869,-11.74739089698626,1.0,-0.03906994768515252,0.42284126016470175,0,1.9673750211950392
1.4333333333333331,368.43349239758214,732.7756596250894,0.14825884031490613,85.0,-13.74022559965856,-0.09050957561604561,40.367083241126096,-11.721815919453864,1.0,-0.04188770523749329,0.4371406355507356,0,1.9109169952571392
1.4499999999999997,369.8346179116825,732.9849243812747,0.1459192058974421,85.0,-13.868272504865457,-0.08816994119858157,39.957871030601936,-11.690780011589034,1.0,-0.041264229522672786,0.44786226984292105,0,1.900582981761545
1.4666666666666663,371.23622919356103,733.1909104462289,0.1436867185635134,85.0,-13.993018147360798,-0.08593745386465287,39.5768942805542,-11.641526421798089,1.0,-0.03937647151639245,0.4094334908704795,0,1.9287909963168204
1.483333333333333,372.63829684352487,733.3937669210314,0.14168766004753724,85.0,-14.114613076535782,-0.08393839534867673,39.10398418459553,-11.551927149675741,1.0,-0.035262879830343534,0.4217634275069854,0,1.8885419995058328
1.4999999999999996,374.04076721368716,733.5938201770942,0.13965511021050273,85.0,-14.239605938041061,-0.08653498773345875,38.58376587902541,-11.471779094981862,1.0,-0.0358531561671169,0.4372156085335415,0,1.9246670126449317
1.5166666666666662,375.4436413047994,733.7910224309617,0.1377326599485117,85.0,-14.362044227867091,-0.08461253747146771,38.09614560595929,-11.374761767329066,1.0,-0.03391258633258996,0.44864032623847866,0,1.9370829977560788
1.5333333333333328,376.84689191482204,733.985527366415,0.13561406406916265,85.0,-14.48176901263407,-0.08249394159211866,37.58853831944815,-11.316883868405798,1.0,-0.037369581023299736,0.4084704016030726,0,1.9090420100837946
1.5499999999999994,378.2505514526832,734.1770589466196,0.13372402028521427,85.0,-14.598502924112193,-0.0806038978081703,37.113029512903395,-11.219868942794132,1.0,-0.03334135374561148,0.4242185393374956,0,1.9348329806234688
1.566666666666666,379.65457048627997,734.3659372083187,0.13169143542883172,85.0,-14.718581282635002,-0.08300435418925282,36.67153979796202,-11.15230610736469,1.0,-0.03585377336154584,0.43841282548675475,0,1.8940000154543668
1.5833333333333326,381.05897053042486,734.5519612939912,0.1295673751591787,85.0,-14.836035804398051,-0.0808802939195998,36.23725618531951,-11.103828781354961,1.0,-0.0374658764924329,0.4482769410488548,0,1.897707988973707
1.5999999999999992,382.4637625325753,734.7350019319344,0.12746120120160073,85.0,-14.950491338010265,-0.07877411996202183,35.737185433144006,-11.05393589130611,1.0,-0.03715067483270359,0.4087457039288811,0,1.922084018588066
1.6166666666666658,383.86893693405995,734.9150834297533,0.1253232266156248,85.0,-15.061972627472464,-0.0766361453760459,35.34234616071897,-11.011662609400759,1.0,-0.037711076481765436,0.4231064695623287,0,1.8999159801751375
1.6333333333333324,385.2744931334376,735.0921602911312,0.1234143268827706,85.0,-15.176124393731737,-0.07897720434714657,34.90477444508798,-10.929559857390775,1.0,-0.03367373232269255,0.4380948457006304,0,1.9312500080559403
1.649999999999999,386.6803847937323,735.2665537656602,0.12164415840123508,85.0,-15.287892491583165,-0.07720703586561103,34.50036708179522,-10.825485357402862,1.0,-0.031228112193706158,0.4560881914219743,0,1.9033330027014017
1.6666666666666656,388.08658295702,735.4384583031529,0.11982167414682193,85.0,-15.397160493764458,-0.07538455161119789,34.03201426269667,-10.734827259372937,1.0,-0.03215040485434656,0.40985787152926884,0,1.911416999064386
1.6833333333333322,389.4930920781402,735.607799782567,0.11802163756556697,85.0,-15.503854154508135,-0.07358451502994293,33.603182794639864,-10.64355174548215,1.0,-0.03175467375352759,0.424828530812572,0,1.9110839930363
1.6999999999999988,390.8999037413167,735.7746092211341,0.1160052367819516,85.0,-15.61328635137158,-0.07564695958184063,33.1703178721262,-10.594858088487761,1.0,-0.035568536148039655,0.44017895800259776,0,1.8852500070352107
1.7166666666666655,392.3070488989907,735.9385816263708,0.11417870889411258,85.0,-15.720350697282042,-0.0738204316940016,32.731442174620376,-10.513665698831291,1.0,-0.0322216891937988,0.4545957181033512,0,1.8999169988092035
1.733333333333332,393.71449120940804,736.0999835696412,0.11221730184804472,85.0,-15.824834684996617,-0.07185902464793373,32.332665131103404,-10.45993665804141,1.0,-0.0345992525540204,0.40946605500743627,0,1.8927089986391366
1.7499999999999987,395.12224738723404,736.2586246369509,0.11050422830580275,85.0,-15.926547381180294,-0.07014595110569177,31.966529811945925,-10.363329860028697,1.0,-0.030221505375940545,0.4254182687311649,0,1.8935840053018183
1.7666666666666653,396.53027326312736,736.4148538828024,0.10848559752304418,85.0,-16.0306530107271,-0.07204607982045813,31.723480213054536,-10.32563903146119,1.0,-0.035607839253896656,0.439432817056708,0,1.95462501142174
1.7833333333333319,397.93861163921093,736.5682405279014,0.10639237192936939,85.0,-16.132630016072447,-0.06995285422678334,31.435891799753602,-10.30283739357426,1.0,-0.036922487587039074,0.4544039965603374,0,1.924209005665034
1.7999999999999985,399.34726800252935,736.718678869181,0.10484767996049588,85.0,-16.231649090080115,-0.06840816225790983,31.091788867487914,-10.18169008802703,1.0,-0.027252521218953843,0.4114707207443186,0,2.007249975576997
1.816666666666665,400.7561550660746,736.8669410916762,0.10338192717090953,85.0,-16.328485085165926,-0.06694240946832347,30.73144593178316,-10.050881783740914,1.0,-0.025860459313520108,0.42469415778961384,0,1.907958008814603
1.8333333333333317,402.16525793186,737.0131380755016,0.10163778146438558,85.0,-16.4275589430647,-0.06896711868182741,30.336314319620687,-9.975409308226947,1.0,-0.03076932789827673,0.4392007592168513,0,1.9110419962089509
1.8499999999999983,403.57461364308176,737.156877157491,0.1000743494865814,85.0,-16.525184925825826,-0.06740368670402322,29.91347696360755,-9.870116935807445,1.0,-0.02758297871553303,0.45685487175284767,0,1.8964589980896562
1.866666666666665,404.9841923580317,737.2984126329188,0.09827707009838205,85.0,-16.620601193571503,-0.06560640731582387,29.479299615049204,-9.811120420734248,1.0,-0.03170606637706668,0.4113109462122165,0,1.9510420097503811
1.8833333333333315,406.39402317501805,737.4374144743454,0.09614019917571362,85.0,-16.71347694448534,-0.06346953639315545,29.13806326967012,-9.81574142774468,1.0,-0.03769162774095745,0.42663215774319957,0,1.8911249935626984
1.8999999999999981,407.8041478019758,737.5734033742297,0.0945528720488432,85.0,-16.807119756061244,-0.06551057932733277,28.761171254435585,-9.720786284065,1.0,-0.028004332152579046,0.44101369665364676,0,2.3017920029815286
1.9166666666666647,409.21448651123274,737.7071537746621,0.09297511918378457,85.0,-16.899860042288267,-0.06393282646227413,28.417974007382135,-9.627710569653463,1.0,-0.027835506263494916,0.4564018223793082,0,2.126790990587324
1.9333333333333313,410.62503449009904,737.8386788436057,0.09135866052790366,85.0,-16.990369858628924,-0.06231636780639322,28.0850507449627,-9.545173911337045,1.0,-0.028518007459522154,0.41309531279412687,0,1.9725000020116568
1.949999999999998,412.0357932308717,737.967923649219,0.08946585734276657,85.0,-17.078594253072456,-0.06042356462125614,27.75928780453428,-9.515740175967172,1.0,-0.033389994869863736,0.4262230309331947,0,1.962499984074384
1.9666666666666646,413.44679407931335,738.0944979362658,0.08803282254051739,85.0,-17.167408362207674,-0.06248714870304441,27.429783748908058,-9.404254376591473,1.0,-0.0252834605609821,0.44054797909515414,0,1.9217910012230277
1.9833333333333312,414.85797486424383,738.2190500807171,0.08653735698099874,85.0,-17.255874225353374,-0.06099168314352575,27.09059142632722,-9.308308857255359,1.0,-0.026384444579206766,0.45822896111730244,0,1.9418329757172614
1.9999999999999978,416.2693403345531,738.3414917144177,0.08496471068934928,85.0,-17.342225548951625,-0.0594190368518763,26.756331833516334,-9.22997323677051,1.0,-0.027745459841876687,0.4133474265860142,0,1.888375001726672
2.0166666666666644,417.6808966168584,738.4617136189478,0.08324977720839438,85.0,-17.42635299372625,-0.0577041033709214,26.451654306602393,-9.18034296412593,1.0,-0.03025429782238643,0.42900731669347725,0,1.9387500069569796
2.033333333333331,419.09265699594107,738.5795146227497,0.08160850798292826,85.0,-17.510812989910324,-0.05943581699682575,26.159552506482225,-9.11926136407208,1.0,-0.028955479569800484,0.44338262553033736,0,1.9117500050924718
2.0499999999999976,420.50460881662457,738.6949983900638,0.08036720384807676,85.0,-17.594964164592707,-0.058194512861974246,25.79330859823213,-8.988145874130016,1.0,-0.021901864366278397,0.4604205444987625,0,1.9635839853435755
2.066666666666664,421.9167028999562,738.8087294072241,0.07903446045950906,85.0,-17.67735986586702,-0.056861769473406536,25.422004111076483,-8.878576899749191,1.0,-0.023514665953258157,0.41535554325924223,0,1.9311660144012421
2.083333333333331,423.3289473034201,738.9205783648831,0.07723013615798083,85.0,-17.757870637529212,-0.055057445171878314,25.077674404969045,-8.858472434309215,1.0,-0.03183026295124376,0.4303256585770587,0,1.8912910018116236
2.0999999999999974,424.7413912197258,739.029878994961,0.07557755700388517,85.0,-17.83810471516705,-0.056661769985972485,24.819345281760825,-8.811663921359095,1.0,-0.029154898100238788,0.4451986567945861,0,1.9011250114999712
2.116666666666664,426.15401383518775,739.1368453014779,0.07398544064080562,85.0,-17.9183326105344,-0.05506965362289293,24.579719004977832,-8.755683790396485,1.0,-0.02808878162203738,0.4602125532913122,0,1.8963339971378446
2.1333333333333306,427.56680496300277,739.2415624137932,0.07249675702693766,85.0,-17.996308526723087,-0.053580970009024974,24.354582576625457,-8.68311260312095,1.0,-0.026264846104001975,0.4175395807927624,0,1.9018329912796617
2.1499999999999972,428.97975041591076,739.3441762118475,0.07125568245824343,85.0,-18.072178585923403,-0.05233989544033074,24.04993089523719,-8.568505936654779,1.0,-0.021897815141438612,0.43266502350821234,0,1.9261669949628413
2.166666666666664,430.39282213200534,739.4450363606572,0.0700791607503787,85.0,-18.14812256394318,-0.054311252470138516,23.721829335052718,-8.446592662092957,1.0,-0.02075916526647384,0.44743772351392064,0,1.9148749997839332
2.1833333333333305,431.80601153423794,739.5442339304963,0.06840154548811016,85.0,-18.225025684916183,-0.05263363720786997,23.387390674760802,-8.419969970257613,1.0,-0.029596330623519365,0.45751858204688395,0,1.9011670083273202
2.199999999999997,433.2193653631149,739.6410605737473,0.06679676862770352,85.0,-18.299555581476348,-0.05102886034746333,23.063395602873605,-8.381163040994936,1.0,-0.028312024531239162,0.4194887480882674,0,1.911874976940453
2.2166666666666637,434.63287275717084,739.7356189757724,0.06545018855892319,85.0,-18.371815097476365,-0.04968228027868301,22.777387665323943,-8.29711252804567,1.0,-0.023758706267281465,0.4350961290122628,0,1.9521249923855066
2.2333333333333303,436.04650620010716,739.8282738917585,0.06402856318742932,85.0,-18.443598558059705,-0.05130610781737976,22.504803749317297,-8.229834316475745,1.0,-0.02508224532583963,0.44957862870234006,0,1.9157089991495013
2.249999999999997,437.46026993508895,739.9189190576244,0.06259733651279355,85.0,-18.516250327265467,-0.04987488114274399,22.180961600984006,-8.166845519359248,1.0,-0.025251572793961032,0.4077094995404796,0,1.8922500021290034
2.2666666666666635,438.8741619558222,740.0075407149728,0.06140355149834316,85.0,-18.586877119649245,-0.048681096128293605,21.8567776437862,-8.063292149343662,1.0,-0.02106367865217544,0.42152949835688297,0,1.9005830108653754
2.28333333333333,440.2881587642522,740.0944744264674,0.05988727167256821,85.0,-18.655814769662683,-0.04716481630251867,21.573341366805877,-8.022023906750928,1.0,-0.026751495948306208,0.43702528058043305,0,1.9155830086674541
2.2999999999999967,441.7022857630017,740.1792640240144,0.05838846315271387,85.0,-18.72368892317137,-0.048615224712223785,21.371796240540085,-7.979148814548984,1.0,-0.026443396847024847,0.45355012997604366,0,1.898208021884784
2.3166666666666633,443.1165382567086,740.2619340215242,0.05699800626571522,85.0,-18.79253336574863,-0.04722476782522513,21.218454120576677,-7.918290513583649,1.0,-0.0245325516845509,0.41026868405169725,0,1.8969169759657234
2.33333333333333,444.53090433230915,740.342637482632,0.055651611530928485,85.0,-18.85941025579586,-0.0458783730904384,21.005617346875948,-7.851768960173576,1.0,-0.02375543751296905,0.4254344702099724,0,1.9517079927027225
2.3499999999999965,445.94537778462575,740.421436576129,0.05439037689527993,85.0,-18.924381819779118,-0.044617138454789845,20.783638338872393,-7.772367278588205,1.0,-0.022253407676955723,0.4412084307212859,0,1.9647919980343431
2.366666666666663,447.3599494960516,740.4984516245165,0.05301590839899101,85.0,-18.988363694332005,-0.04610147195228109,20.512820307918524,-7.716470262421728,1.0,-0.024250571445295546,0.45159752520908253,0,1.9107499974779785
2.3833333333333298,448.7746257260234,740.5735223165161,0.0516858677681937,85.0,-19.05365098085304,-0.044771431321483784,20.30073758627909,-7.654653753627006,1.0,-0.023466996542481203,0.41501729888102734,0,1.9056250166613609
2.3999999999999964,450.1894005517496,740.6467113658048,0.050315222510181314,85.0,-19.117055987914437,-0.0434007860634714,20.100300597218563,-7.602527396013133,1.0,-0.024183142094382208,0.43031364268424577,0,1.8927920027635992
2.416666666666663,451.60427436472156,740.7179611925457,0.04929773598706377,85.0,-19.178521134348877,-0.04238329954035386,19.818119943773684,-7.488482338709851,1.0,-0.017953715234587334,0.4411057066377811,0,1.9301249994896352
2.4333333333333296,453.01921994102514,740.7877713676166,0.047956272162242984,85.0,-19.239120498312637,-0.04381571237879579,19.585681947186362,-7.437404719177509,1.0,-0.023668470370999558,0.455594430855291,0,1.9156660127919167
2.449999999999996,454.4342578920102,740.8556833821395,0.04645118928820703,85.0,-19.301172898196167,-0.042310629504759834,19.395849139651965,-7.417855540088144,1.0,-0.02655404301408536,0.4183236068790993,0,1.9046670058742166
2.466666666666663,455.84939645344224,740.9214655711608,0.04516903957665885,85.0,-19.361095074252706,-0.04102847979321165,19.24142110656635,-7.358701353200351,1.0,-0.02262231145771726,0.43399441570173275,0,1.8754160264506936
2.4833333333333294,457.2646181942873,740.9854332871108,0.04396684472800111,85.0,-19.419202448383615,-0.03982628494455391,18.97771956793831,-7.287326669362517,1.0,-0.021212021190371314,0.44520434386139435,0,1.898457994684577
2.499999999999996,458.6799158140821,741.0476995849588,0.04272884249042596,85.0,-19.476032737815625,-0.04128242666808262,18.722849360122773,-7.225144261015946,1.0,-0.021843623463152915,0.40970789219905224,0,1.8824159924406558
2.5166666666666626,460.09528943509576,741.108213693918,0.04145314628799581,85.0,-19.534499565387346,-0.04000673046565247,18.51930159753802,-7.172141915836633,1.0,-0.02250848398312595,0.4246433123638008,0,1.9112919981125742
2.533333333333329,461.51073910201757,741.1669221673732,0.040309480921181584,85.0,-19.591160649349945,-0.038863065098838245,18.295732154458733,-7.09726170425184,1.0,-0.020179590406546027,0.43405702164826254,0,1.9475000153761357
2.549999999999996,462.9262549860895,741.2240118020243,0.039088611638650926,85.0,-19.646202800424323,-0.03764219581630759,18.056759066868768,-7.039198896141148,1.0,-0.02154141945136784,0.4511658646399141,0,1.8967919750139117
2.5666666666666624,464.34183951419686,741.2793732346962,0.037606719367059366,85.0,-19.699867373188304,-0.0387796424652411,17.9480048530392,-7.030556271090614,1.0,-0.026145081167764452,0.41565991836061517,0,1.8949999939650297
2.583333333333329,465.75750452763856,741.332636863577,0.03632023887988711,85.0,-19.75479143124327,-0.03749316197806884,17.844257894421578,-6.98686867325165,1.0,-0.02269869767223371,0.42845141130065056,0,1.9163749821018428
2.5999999999999956,467.1732368921953,741.3840792234676,0.03515788237297618,85.0,-19.807894300558406,-0.03633080547115791,17.755325455877458,-6.9223763989636495,1.0,-0.020509297550055986,0.43985873482745763,0,2.030958014074713
2.6166666666666623,468.58902809472175,741.4338759632515,0.03384411514535437,85.0,-19.85935161991131,-0.0350170382435361,17.62484933638603,-6.887726725965706,1.0,-0.02317997503339232,0.45768144229287583,0,1.9627079891506582
2.633333333333329,470.00488349673765,741.4818126405132,0.03263985132615935,85.0,-19.90930589553333,-0.036362000969537324,17.4948280349918,-6.834570688697738,1.0,-0.021248515981109706,0.4218268163315653,0,1.9178749935235828
2.6499999999999955,471.4207956004726,741.5280442199931,0.03156125489324163,85.0,-19.960807379320922,-0.035283404536619614,17.383812166963796,-6.760694228370096,1.0,-0.019031756548965034,0.43085619457553287,0,1.9587500137276947
2.666666666666662,472.83675674579973,741.5727485751326,0.03040624007494031,85.0,-20.010781831887098,-0.03412838971831829,17.277615309165146,-6.70345653271316,1.0,-0.0203797924850188,0.4481159300791557,0,2.157374983653426
2.6833333333333287,474.2527685808201,741.6158174447114,0.02929845471918225,85.0,-20.059120998896237,-0.03302060436256023,17.122098663768767,-6.639846999270221,1.0,-0.019546663545086326,0.41312351115281887,0,1.9210409955121577
2.6999999999999953,475.66882725803714,741.6573176510099,0.02808571895632019,85.0,-20.10633868901036,-0.034291468756343514,16.905103997248286,-6.597643374439543,1.0,-0.021397952902443635,0.4231293508007034,0,1.9680410041473806
2.716666666666662,477.0849352227077,741.6971005222114,0.026537626636623967,85.0,-20.154908749481017,-0.03274337643664729,16.738519246542083,-6.61769652984907,1.0,-0.027312482756302492,0.4387883670012806,0,2.0138339896220714
2.7333333333333285,478.5011030779964,741.734691080753,0.025461513813063993,85.0,-20.201286911169902,-0.03166726361308732,16.596586202635248,-6.551570527053002,1.0,-0.018987943985095762,0.45453053184504266,0,1.9866670190822333
2.749999999999995,479.9173105649849,741.770757661434,0.024532591556805487,85.0,-20.2461413702861,-0.030738341356828812,16.49277633156631,-6.46132774350275,1.0,-0.016391277570970565,0.41741036480350713,0,1.9774999818764627
2.7666666666666617,481.3335509439979,741.8055086800892,0.023430845793949637,85.0,-20.290305144267304,-0.032058875706561366,16.368813808412394,-6.405798670448837,1.0,-0.01944012298882964,0.43106980979779375,0,1.9156250054948032
2.7833333333333283,482.7498287502436,741.8386993411323,0.022297646529719536,85.0,-20.33571410557938,-0.03092567644233126,16.243815792091723,-6.358068887994225,1.0,-0.019994968993679287,0.4464949957870075,0,1.9492919964250177
2.799999999999995,484.16614325876407,741.87028505624,0.020900914867899262,85.0,-20.379518497358664,-0.029528944780510994,16.08573698827587,-6.359822016707001,1.0,-0.024643216074135204,0.4146439091478247,0,1.874290988780558
2.8166666666666615,485.5825005025236,741.8998925298642,0.019797867578899734,85.0,-20.421345090003264,-0.028425897491511462,15.946302499186583,-6.308351182563883,1.0,-0.019463082408017647,0.42433024816396064,0,1.9222080009058118
2.833333333333328,486.9988895430697,741.9279376767754,0.01885594711685499,85.0,-20.462503079712334,-0.029849089917050316,15.822161013208763,-6.22967965820779,1.0,-0.01662059518407357,0.438788527221102,0,1.9193330081179738
2.8499999999999948,488.4153043715895,741.9546486856233,0.017664887292105958,85.0,-20.50478301142995,-0.028658030092301286,15.65972329860877,-6.199084528056732,1.0,-0.021015608354615876,0.455438668164641,0,1.9111250003334135
2.8666666666666614,489.83175000983175,741.9796726411262,0.016405786996390646,85.0,-20.545376330429917,-0.027398929796585973,15.521500479133508,-6.18194897783931,1.0,-0.022215761472152984,0.41915606719820137,0,1.9413749978411943
2.883333333333328,491.24822603296616,742.0029131301426,0.01514776979438364,85.0,-20.584186624726293,-0.026140912594578965,15.367346051984011,-6.165250201614315,1.0,-0.022196657477349974,0.4338564211700776,0,1.9244590075686574
2.8999999999999946,492.6647301721654,742.0243716500355,0.014025300550258264,85.0,-20.622472285046783,-0.027330413868571605,15.311780247236872,-6.124644775900457,1.0,-0.019805690676665294,0.4482515193059278,0,1.9734590023290366
2.916666666666661,494.08125750553506,742.0442401744136,0.012842529359677803,85.0,-20.661185551451673,-0.026147642677991145,15.275876318387727,-6.096484908656613,1.0,-0.02086940248311012,0.4145287126443965,0,1.9817920110654086
2.933333333333328,495.49780734799384,742.0624332575643,0.012118618391762669,85.0,-20.698223824402426,-0.02542373171007601,15.169180033263867,-5.986354859465255,1.0,-0.012774204555587778,0.4301279601763971,0,1.9342080049682409
2.9499999999999944,496.9143699894545,742.07960088007,0.011126502402787628,85.0,-20.734236897760606,-0.02443161572110097,15.076054215286891,-5.928967921904288,1.0,-0.017506140658384114,0.4445958964478242,0,1.9175829947926104
2.966666666666661,498.330948966028,742.0953630999112,0.009529900027405735,85.0,-20.77056393090295,-0.02509776376898508,15.029295560459119,-5.983113818387849,1.0,-0.028167883925963033,0.46014577466936396,0,1.9165830162819475
2.9833333333333276,499.74755130306045,742.1088635872644,0.008224541377023015,85.0,-20.80611536367348,-0.02379240511860236,15.016024728382362,-5.982472472289712,1.0,-0.02303166758292412,0.42643799581598624,0,1.9196669745724648
2.9999999999999942,501.16417005614824,742.1205148895258,0.007404409864408289,85.0,-20.83981809098301,-0.022972273605987636,14.917368955735803,-5.894038103276328,1.0,-0.014471898650029343,0.4395824351789124,0,1.9036660087294877
3.016666666666661,502.58079788841513,742.1310043743183,0.00646532267951987,85.0,-20.872359282946636,-0.022033186421099214,14.78289911233432,-5.830505383505351,1.0,-0.016570609944606966,0.4563780972774549,0,1.9274999795015901
3.0333333333333274,503.99743494657014,742.140163517638,0.005137043641019842,85.0,-20.90585428427743,-0.022922283005218032,14.656059636477817,-5.83980477876932,1.0,-0.023435926713364127,0.4227766041174765,0,1.9149589934386313
3.049999999999994,505.41408292091563,742.1474409641216,0.004002678073629395,85.0,-20.93832467486851,-0.021787917437827587,14.618664969375471,-5.813640797441105,1.0,-0.020015542578198327,0.4359397055338615,0,1.9275829836260527
3.0666666666666607,506.8307382390833,742.1531114095844,0.0029783322359284835,85.0,-20.969188449195865,-0.02076357160012667,14.540566343033547,-5.7685526260994795,1.0,-0.018074722685504287,0.4525921464953199,0,1.8877080001402646
3.0833333333333273,508.24739862251005,742.1573307073475,0.001668725758145891,85.0,-20.998601395409217,-0.019453965122344086,14.512694787778097,-5.776782817021463,1.0,-0.023106589356515505,0.41923480683081976,0,1.9004579808097333
3.099999999999994,509.6640633167198,742.1596947344077,0.0006643126521766896,85.0,-21.02911533083242,-0.020625347403586403,14.492870638553903,-5.729456509824438,1.0,-0.017723081279415298,0.43403360911629246,0,1.9369579968042672
3.1166666666666605,511.080729670791,742.1606358439291,-0.00039924343879719983,85.0,-21.05833250136316,-0.019561791312612514,14.514709383750176,-5.694627158035606,1.0,-0.018766433541041145,0.4499887638153997,0,1.8905000179074705
3.133333333333327,512.4973962245526,742.1600702490724,-0.0017384877582041565,85.0,-21.08604327165952,-0.018222546993205555,14.523418916845065,-5.710988795776859,1.0,-0.023629324529681264,0.41577370425084786,0,1.9503750081639737
3.1499999999999937,513.914060750396,742.1576073926556,-0.0027583973286628228,85.0,-21.11256912423058,-0.01934062379675212,14.486760246619374,-5.668923955121834,1.0,-0.017996461079221787,0.429987021280979,0,1.9113330054096878
3.1666666666666603,515.3307220275307,742.1536996680621,-0.003934152243336165,85.0,-21.139966633150657,-0.01816486888207878,14.475323620920625,-5.656649520462561,1.0,-0.020745639448651463,0.44523867959258806,0,1.9096249889116734
3.183333333333327,516.7473777309441,742.1481263000944,-0.005044122585879235,85.0,-21.165698782238554,-0.017054898539535707,14.488282755915286,-5.632921239719892,1.0,-0.01958520737606455,0.4565446432260464,0,1.8922080053016543
3.1999999999999935,518.1640263754017,742.1409804900666,-0.006318166354804543,85.0,-21.189858717231562,-0.015780854770610402,14.533258109845994,-5.639764876091343,1.0,-0.022479338143938106,0.4268590340262695,0,1.915208005812019
3.21666666666666,519.5806647660439,742.1320298139482,-0.007295796012232023,85.0,-21.213876847240336,-0.016907179425539216,14.512114233088472,-5.592693072908343,1.0,-0.017250576712552392,0.4416787679217884,0,1.890874991659075
3.2333333333333267,520.9972937292582,742.1216941946233,-0.008256771207705755,85.0,-21.237827543659886,-0.015946204230065483,14.550566698524214,-5.544394529195603,1.0,-0.0169567604133536,0.45274625228897464,0,1.9044170039705932
3.2499999999999933,522.4139121060907,742.1099972349854,-0.009406195997011731,85.0,-21.260417042275755,-0.014796779440759507,14.508524991097575,-5.53202665007077,1.0,-0.020281185682855904,0.4237521336574768,0,1.8942499882541597
3.26666666666666,523.830516102349,742.0966719871535,-0.01085928959302282,85.0,-21.281378381568278,-0.013343685844748418,14.536313373456125,-5.575044214945219,1.0,-0.02563720986115753,0.4385533996546905,0,1.9275410159025341
3.2833333333333266,525.2470992402157,742.0812882959191,-0.011916422422781358,85.0,-21.30301492915226,-0.014360289351236826,14.513012236635216,-5.544751887560281,1.0,-0.018653121547432785,0.45310130768839363,0,1.8993330013472587
3.299999999999993,526.6636653239435,742.0644070970183,-0.012859725718615317,85.0,-21.323357973199645,-0.013416986055402867,14.481880839289328,-5.495004959946684,1.0,-0.016644991382845004,0.41950739935837733,0,1.9176249916199595
3.3166666666666598,528.080214853338,742.0461896543707,-0.013778360835539717,85.0,-21.342364799845488,-0.012498350938478467,14.378120436663899,-5.442684492442439,1.0,-0.016209788050161135,0.43451451122256024,0,1.9019580213353038
3.3333333333333264,529.496747049846,742.0266709274504,-0.015120384756654745,85.0,-21.361102313566686,-0.013203731101656102,14.328641747533348,-5.468953602961525,1.0,-0.023678348884962827,0.4491038076723427,0,1.8994169950019568
3.349999999999993,530.9132517761565,742.0052511985848,-0.01625419012431581,85.0,-21.379807055790124,-0.012069925733995037,14.286105753900141,-5.456520447419496,1.0,-0.02000566065863714,0.41747391565890185,0,1.8973330152221024
3.3666666666666596,532.3297313061998,741.982225443169,-0.017432195101415877,85.0,-21.39690570207554,-0.01089192075689497,14.267232295234061,-5.452538790305441,1.0,-0.020785329313244602,0.4331688258276784,0,1.8979580199811608
3.383333333333326,533.7461827289738,741.9575310841792,-0.01857582347309338,85.0,-21.41233561805834,-0.009748292385217468,14.303532441395166,-5.4424676154795275,1.0,-0.02017893781700041,0.4480104530328086,0,1.9210409955121577
3.399999999999993,535.1626049843062,741.931216847657,-0.019590552968317413,85.0,-21.428545369139847,-0.010758630618164634,14.276102699543305,-5.4094390313763245,1.0,-0.017905077439797308,0.45853242496172303,0,1.9396659918129444
3.4166666666666594,536.5789998085833,741.9034653394888,-0.02060108373807274,85.0,-21.443786468490114,-0.009748099848409304,14.31791181344281,-5.376898091524405,1.0,-0.017831005938115246,0.4291262934001911,0,1.9241660193074495
3.433333333333326,537.9953658659206,741.8742825351817,-0.02171009650712186,85.0,-21.457596057895852,-0.008639087079360185,14.364708245723328,-5.363404365316182,1.0,-0.01956831549574989,0.4436032690208242,0,1.899249997222796
3.4499999999999926,539.4116986881611,741.8435289810994,-0.023012568649045554,85.0,-21.47090276391601,-0.009343496079223062,14.358356596567388,-5.385406005394447,1.0,-0.02298075615457051,0.454390311603664,0,1.893374981591478
3.4666666666666592,540.8279902534083,741.8109307195798,-0.024276899504836132,85.0,-21.484139190767568,-0.008079165223432484,14.371382094102929,-5.399638492463816,1.0,-0.022308019735868472,0.42552775203377613,0,1.9315830140840262
3.483333333333326,542.2442394716846,741.7765418234652,-0.025450521926472115,85.0,-21.495584550321176,-0.006905542801796501,14.425199675975165,-5.396890293548224,1.0,-0.020708023383133902,0.44037784018381415,0,1.9243750139139593
3.4999999999999925,543.6604473550274,741.7404908095784,-0.026506181577780737,85.0,-21.505367324872218,-0.005849883150487879,14.422682956324131,-5.372882371292118,1.0,-0.018627133312488327,0.4538878470003916,0,1.9029169925488532
3.516666666666659,545.0766163916533,741.702944782537,-0.027518187934283275,85.0,-21.516410571380607,-0.006830925282734442,14.409863092029669,-5.341876582655344,1.0,-0.017857037413822236,0.42339029490230007,0,1.9018329912796617
3.5333333333333257,546.492746706278,741.6639656028997,-0.02848473638575608,85.0,-21.526087640272905,-0.005864376831261637,14.340182996318216,-5.303815490628857,1.0,-0.01705508354905846,0.4386896495384364,0,1.8933750106953084
3.5499999999999923,547.9088386841572,741.6236176831203,-0.029812823015681198,85.0,-21.5343954598314,-0.004536290201336519,14.31248149657225,-5.332605237160614,1.0,-0.023432533132236682,0.4499360798383438,0,1.9028750248253345
3.566666666666659,549.324875827658,741.5813891066543,-0.031153093207155168,85.0,-21.54240413862285,-0.005329191739652371,14.362902238162926,-5.362468716992588,1.0,-0.02364741804046739,0.42163632990455774,0,1.907166006276384
3.5833333333333255,550.7408551016429,741.5372626963112,-0.03219729358123363,85.0,-21.549953791185203,-0.004284991365573906,14.321596900575894,-5.3375973258801785,1.0,-0.018424980171645747,0.43513883497129313,0,1.8962920003104955
3.599999999999992,552.1567875268623,741.491657744206,-0.03334845704654123,85.0,-21.556024177043234,-0.0031338279002663116,14.331244696719159,-5.33301230419552,1.0,-0.020311855562639914,0.449075220873586,0,1.8905829929281026
3.6166666666666587,553.5726665151581,741.4444228530008,-0.03451223474531776,85.0,-21.561254082322435,-0.004414393643636973,14.380511941102586,-5.330863015038787,1.0,-0.020534366845718126,0.41827691863284194,0,1.9016250153072178
3.6333333333333253,554.9884895737353,741.3955402257637,-0.03584372009331797,85.0,-21.567507786340034,-0.0030829082956367673,14.425405580477305,-5.359113085102675,1.0,-0.02349247749917637,0.4334499621467886,0,1.8855829839594662
3.649999999999992,556.4042462908067,741.3447724947567,-0.03696080743778976,85.0,-21.571875232840622,-0.0019658209511649732,14.479032593958443,-5.347466844150783,1.0,-0.019710753049062554,0.44499586435070304,0,1.9048330141231418
3.6666666666666585,557.8199454125499,741.2924232718433,-0.03793059564177954,85.0,-21.574830856470065,-0.003640968325206252,14.485239923289013,-5.309594418497795,1.0,-0.017112238968143716,0.45899576453256397,0,1.8985409988090396
3.683333333333325,559.2355931009175,741.2387011454533,-0.03890285944614839,85.0,-21.579988883534444,-0.002668704520837402,14.5216650170229,-5.273604028767363,1.0,-0.017155913209406293,0.4317414868595971,0,1.9210419850423932
3.6999999999999917,560.6511878881107,741.1836026616647,-0.04035964282357453,85.0,-21.583769543784705,-0.0012119211434112598,14.603237400316207,-5.326630173162785,1.0,-0.025702280754426668,0.44294365673184244,0,1.8859579868149012
3.7166666666666583,562.066700906677,741.1264420221158,-0.04145102528745151,85.0,-21.585486431650917,-0.00012053867953427944,14.63261859036722,-5.311491884558594,1.0,-0.019257309700065763,0.4582475335771583,0,1.9004579808097333
3.733333333333325,563.4821506981164,741.0677365508302,-0.0425472879730669,85.0,-21.588690482924765,-0.0017458436046285525,14.624601534902842,-5.2977961667299684,1.0,-0.019343399183487313,0.42845716863887123,0,1.889374980237335
3.7499999999999916,564.897535282413,741.0074794103416,-0.044094139499731656,85.0,-21.59116376010827,-0.00019899207796379714,14.647852539819564,-5.366114055087207,1.0,-0.02729060272560794,0.43965285392142667,0,1.9210000173188746
3.766666666666658,566.3128249645669,740.9450329530112,-0.04504374337943002,85.0,-21.591445665550186,0.0007506118017345659,14.70855625292674,-5.3237358831210155,1.0,-0.016756147148697713,0.4565591574115815,0,1.9057089812122285
3.7833333333333248,567.7280547092146,740.8812425594651,-0.04619220262337166,85.0,-21.59250807753967,-0.0008997446595023009,14.758183575236767,-5.318944464160912,1.0,-0.020264153648778146,0.42581252943947245,0,1.8865000165533274
3.7999999999999914,569.1432102598966,740.8158268746622,-0.047350883602725116,85.0,-21.593782715635264,0.0002589363198511538,14.782219817481781,-5.316163933366875,1.0,-0.020444462492174898,0.4374903191829907,0,1.8983329937327653
3.816666666666658,570.5582890647333,740.7487715203184,-0.048341838248439885,85.0,-21.593415889186204,0.0012498909655659224,14.764433663453563,-5.283121000893211,1.0,-0.017485652638350654,0.4517987820480016,0,1.9233330094721168
3.8333333333333246,571.9733007259688,740.6803139202124,-0.04981503088284432,85.0,-21.59284227800943,-0.00015359566704607752,14.760297093412927,-5.338567262457991,1.0,-0.02599166246334858,0.4241915161696766,0,1.900584000395611
3.849999999999991,573.3882100005112,740.60977181039,-0.050964056743031234,85.0,-21.59305987187023,0.000995430193140835,14.720902400630585,-5.333217016674652,1.0,-0.020274148651531987,0.4349847120072721,0,1.911583007313311
3.866666666666658,574.8030372863388,740.5376039801462,-0.05237976905721835,85.0,-21.591649679329525,0.0024111425073279485,14.766471462171673,-5.376293819758976,1.0,-0.02497796261686651,0.45029042072589814,0,1.9081250065937638
3.8833333333333244,576.2177609854872,740.4634332344813,-0.05375361462130797,85.0,-21.58848297210333,0.0008298308978519007,14.861693844261012,-5.410117598645019,1.0,-0.0242395849847664,0.4222863989677102,0,1.8972080142702907
3.899999999999991,577.6323814504066,740.3873189475461,-0.0547528850461607,85.0,-21.58730737846628,0.0018291013227046337,14.94491624698077,-5.3748510469056665,1.0,-0.01763235644088255,0.43341321818895523,0,1.9094159943051636
3.9166666666666576,579.0469251503043,740.3097911104547,-0.055764782188151986,85.0,-21.584716153037267,0.002840998464695918,15.004079860627726,-5.343202726007618,1.0,-0.017855110713356354,0.4490540139106563,0,1.9366250198800117
3.9333333333333242,580.4613896758177,740.2308319405723,-0.057006306316348426,85.0,-21.580691410626404,0.004082522592892358,14.995399906192628,-5.35429373099428,1.0,-0.021905744739469123,0.4204540793305714,0,2.0573330111801624
3.949999999999991,581.8757550815267,740.1501167401573,-0.05858767539163987,85.0,-21.578490111355755,0.002629643924676184,15.086940641350983,-5.426407045533199,1.0,-0.027899272192449764,0.4321667200231326,0,1.9507079850882292
3.9666666666666575,583.2899910782958,740.067165007884,-0.05983183628019351,85.0,-21.574764786755875,0.0038738048132298183,15.203240519108476,-5.434728481509016,1.0,-0.021952253432269003,0.4472802532760935,0,1.9167499849572778
3.983333333333324,584.704122775217,739.9824538031523,-0.06088360468014946,85.0,-21.569276910329332,0.00492557321318577,15.231560771484169,-5.407898900031401,1.0,-0.018558487906676833,0.419797599049453,0,1.9298749975860119
3.9999999999999907,586.1181645934184,739.8962553065172,-0.06216312287126293,85.0,-21.565013520529607,0.003091142699004589,15.25874323281598,-5.4232822405825925,1.0,-0.022575896574878136,0.42853454774518007,0,1.9037080055568367
4.016666666666658,587.5320949615945,739.808247588707,-0.06316501819929904,85.0,-21.560634408679867,0.004093038027040696,15.2332266788717,-5.387822861090907,1.0,-0.017678663823956792,0.4442280090219397,0,1.9101250218227506
4.033333333333324,588.9459364456163,739.7188233050746,-0.06437370904776366,85.0,-21.554835954331832,0.005301728875505313,15.210353993222867,-5.3911190424112965,1.0,-0.02132660462964117,0.46066605746776323,0,2.003708010306582
4.049999999999991,590.3596688105872,739.6276901899167,-0.06602197080114496,85.0,-21.549159409239188,0.0037557334635206566,15.3284368285128,-5.473774477078724,1.0,-0.02907877325029426,0.4274791832186304,0,1.9091250142082572
4.0666666666666575,591.7732490440078,739.534226998621,-0.06712879601417104,85.0,-21.543838799340843,0.004862558676546745,15.416840806574776,-5.455288600462909,1.0,-0.019529726317097918,0.4422461866491717,0,1.9170420127920806
4.083333333333324,593.1867249641712,739.4391992786508,-0.06854430128063216,85.0,-21.53695020169533,0.00627806394300786,15.52697397955819,-5.493332138658069,1.0,-0.0249743111122498,0.4592626447288239,0,1.901292009279132
4.099999999999991,594.6000649560824,739.3421708719411,-0.0698479934105281,85.0,-21.528999743520934,0.004306586498013146,15.665991485500692,-5.509662896362819,1.0,-0.023002273975540114,0.42748249079412887,0,1.886459009256214
4.116666666666657,596.0132772517939,739.2432999879844,-0.07102157444456648,85.0,-21.522898764840903,0.005480167532051536,15.805885604484791,-5.501803772957167,1.0,-0.02070729332690753,0.442417285064163,0,1.9255420193076134
4.133333333333324,597.4263725413346,739.1427706533482,-0.07230551254881373,85.0,-21.515135233029973,0.006764105636298783,15.897195521682457,-5.514188095348812,1.0,-0.022653855157745713,0.4573620567015547,0,1.898124988656491
4.149999999999991,598.8393375927258,739.0404270751844,-0.07368613229668734,85.0,-21.505596957314598,0.004788043688792849,15.923920160088187,-5.54356167567183,1.0,-0.02435905883238816,0.4255997523603157,0,1.9197500078007579
4.166666666666657,600.252159999963,738.9361328277265,-0.07496433311561873,85.0,-21.498813921339494,0.006066244507724236,15.969101075645971,-5.553254610356953,1.0,-0.022552660664992466,0.4402337143150018,0,1.8754590128082782
4.183333333333324,601.6648479441116,738.8300327952002,-0.07655106989222903,85.0,-21.49022012766138,0.007652981284334531,16.161969619245575,-5.61835854216055,1.0,-0.02799392237183864,0.4561719353920013,0,1.9689160108100623
4.19999999999999,603.0773657571215,738.7216913332654,-0.07780590255448223,85.0,-21.479378510004864,0.00890781394658774,16.318660494781305,-5.620899224458261,1.0,-0.022140487330621884,0.4244168621655419,0,1.9453749991953373
4.216666666666657,604.4897465076833,738.6115774836055,-0.0791470388450854,85.0,-21.470769173302447,0.006810161672859568,16.49002165860101,-5.638930462123631,1.0,-0.023662693591944253,0.4396696413951204,0,1.9011249823961407
4.233333333333324,605.9019783104228,738.4995695384606,-0.08040171737746885,85.0,-21.461121518839896,0.00806484020524302,16.58266680823909,-5.640603830454584,1.0,-0.02213776872467966,0.4544502617801047,0,1.8984169873874635
4.24999999999999,607.3140684676546,738.3857897850174,-0.08149210033878507,85.0,-21.449696452400918,0.009155223166559243,16.558071981015683,-5.612464845666542,1.0,-0.019239677953837932,0.42277027306151116,0,1.965749979717657
4.266666666666657,608.7260337219648,738.2704703804704,-0.08271349157767778,85.0,-21.43994366516182,0.006855129946151686,16.514675077464485,-5.6090861920630575,1.0,-0.021550626170623647,0.43712672829910826,0,1.9233329803682864
4.2833333333333234,610.1378570730174,738.1534265003776,-0.0843449178450889,85.0,-21.43023230713256,0.008486556213562799,16.531485816067406,-5.679980381058915,1.0,-0.02878192503153855,0.4515664166759694,0,1.9441669865045696
4.29999999999999,611.5494875968742,738.0340794913657,-0.0860091316373172,85.0,-21.4182098301443,0.010150770005791107,16.59384518198806,-5.7540526601018875,1.0,-0.029360039541808502,0.4204885087086468,0,1.9012910197488964
4.316666666666657,612.9609175470534,737.912383393723,-0.08726507375039812,85.0,-21.406252289844787,0.007801949257590798,16.65756156056102,-5.751405444407892,1.0,-0.022160056270300477,0.435345708795028,0,1.9174999906681478
4.333333333333323,614.3721935408308,737.7889147182134,-0.0883367911692873,85.0,-21.395199640527245,0.008873666676479985,16.825804560515756,-5.7155058717549325,1.0,-0.01891040586872882,0.44987438204068403,0,1.9232920021750033
4.34999999999999,615.7833364006229,737.6639336248346,-0.08962460130767402,85.0,-21.38262877771278,0.010161476814866705,16.905609169278627,-5.720057418864809,1.0,-0.022722150005414644,0.4213971998267934,0,1.9097919866908342
4.3666666666666565,617.1943171383821,737.5371353515144,-0.09121940490365985,85.0,-21.369862202987647,0.00806766399322291,16.933764618217765,-5.779937574146233,1.0,-0.02813616591112513,0.43340797774982875,0,1.9442090124357492
4.383333333333323,618.6050938635419,737.4080870032428,-0.09291217551368355,85.0,-21.358433136312527,0.009760434603246618,17.07273951878485,-5.855206298184079,1.0,-0.029863541616472478,0.45066182879614053,0,1.9242499838583171
4.39999999999999,620.0156501182845,737.2766507196263,-0.09408089992433048,85.0,-21.34460607350208,0.010929159013893547,17.171954526646132,-5.832766254529405,1.0,-0.020621624800866385,0.4199624711316397,0,1.9074580050073564
4.416666666666656,621.4260517969179,737.1435659746231,-0.09529297785833872,85.0,-21.32996077905998,0.008368200043820481,17.277266177451143,-5.819007751858025,1.0,-0.021386349469595913,0.4339755495234402,0,1.9053330179303885
4.433333333333323,622.8362911304744,737.0087718110453,-0.09691841688453288,85.0,-21.3181059673581,0.009993639070014645,17.42173703745795,-5.880522579576129,1.0,-0.02867635501529439,0.44562140349793605,0,1.9276250095572323
4.4499999999999895,624.2463095014709,736.8716855684944,-0.09840467508123124,85.0,-21.303948547668572,0.011479897266713,17.568913851880772,-5.914474064858826,1.0,-0.02622207409597867,0.4178406174964189,0,1.9740000134333968
4.466666666666656,625.6561225696516,736.7325038267628,-0.09959464242130836,85.0,-21.28773662704569,0.00881184942079806,17.627254034556742,-5.893497241725065,1.0,-0.020996337719034995,0.43198416908074583,0,1.9887920061592013
4.483333333333323,627.0657690179812,736.5916445524626,-0.10097804811713765,85.0,-21.27525333525291,0.010195255116627347,17.659310542951314,-5.908295361901305,1.0,-0.02440819339474259,0.44339399425967263,0,2.147624996723607
4.499999999999989,628.4752192519521,736.4488353006478,-0.10260980095238796,85.0,-21.260810307383267,0.01182700795187766,17.76493952603179,-5.967416666187521,1.0,-0.02878768321973702,0.41825795300218116,0,1.9600839877966791
4.516666666666656,629.884434580212,736.3037263655613,-0.10416849711438439,85.0,-21.244055770056622,0.013385704113874087,17.83233019584163,-6.011025931154207,1.0,-0.02749946887129407,0.4330142318577019,0,1.914375025080517
4.533333333333323,631.2934220159555,736.1564210691141,-0.10569034550481254,85.0,-21.22995088202774,0.010964011324844732,17.979555920634738,-6.04626772203143,1.0,-0.026849694169414073,0.4442933943026633,0,1.9807500066235662
4.549999999999989,632.7021836438341,736.0069716788146,-0.10732625119368236,85.0,-21.214418843838462,0.012599917013714546,18.103531950755205,-6.100755821967376,1.0,-0.028860908000021696,0.4597532224977802,0,1.9319999846629798
4.566666666666656,634.1106989016595,735.8552178883589,-0.10859638080103125,85.0,-21.196569433700283,0.013870046621063434,18.222541021737975,-6.086962125869041,1.0,-0.022410299495658124,0.4312068895147137,0,1.9319170096423477
4.583333333333322,635.5190202764255,735.7016752238596,-0.10970217168771546,85.0,-21.181129635777722,0.010946233696397953,18.34931185723445,-6.043941650380091,1.0,-0.01951148045372547,0.44271774856203777,0,1.9144160032738
4.599999999999989,636.9271710041181,735.54657534461,-0.1113860321965777,85.0,-21.165622781050832,0.012630094205260192,18.420379194111284,-6.10711343834964,1.0,-0.02970644398844486,0.45964575961822796,0,1.9215000211261213
4.616666666666656,638.3350585690474,735.389104556964,-0.11291356230010499,85.0,-21.14773062329294,0.014157624308787487,18.46804331510073,-6.139556927017132,1.0,-0.02694988716009966,0.43199543271926516,0,1.9187500001862645
4.633333333333322,639.742703950156,735.2294833632335,-0.11456045493722682,85.0,-21.131246499454733,0.011688325966653174,18.601057400670193,-6.192313260906452,1.0,-0.02905463278225638,0.4425856215318023,0,1.8991249962709844
4.649999999999989,641.1500845434684,735.0675441462038,-0.11624587363100439,85.0,-21.114688414693827,0.013373744660430745,18.72079811022792,-6.249980814234753,1.0,-0.029733917088314583,0.4575943899588394,0,1.9102499936707318
4.666666666666655,642.5571902025987,734.903233134741,-0.11775318786314493,85.0,-21.095742841194838,0.014881058892571283,18.928412984694514,-6.273193063748899,1.0,-0.02659339212185874,0.43000234122904346,0,1.9113750022370368
4.683333333333322,643.9640465950276,734.7368013603522,-0.11956207879284579,85.0,-21.077610792487803,0.012486660311059439,19.181495360869807,-6.350022593052107,1.0,-0.03191076867971755,0.4416988337713535,0,1.9102089863736182
4.699999999999989,645.3705996290165,734.567825009873,-0.12075555198049215,85.0,-21.059921816723218,0.013680133498705796,19.2809758680266,-6.312561544079708,1.0,-0.021058178266709544,0.4582719111861167,0,1.9287500181235373
4.716666666666655,646.7769499925779,734.3971700968024,-0.12204388543040383,85.0,-21.040542232082007,0.014968466948617474,19.382485418402368,-6.29367545354608,1.0,-0.022731380145615605,0.43022663870166367,0,1.929250021930784
4.733333333333322,648.183079328635,734.2247034776441,-0.12384218037560729,85.0,-21.021679162746157,0.01247587676885721,19.52482206761888,-6.367720228941933,1.0,-0.031723969951000894,0.4419735643128462,0,1.941833004821092
4.7499999999999885,649.5888962453945,734.0497085034381,-0.12533678068680576,85.0,-21.004005462476425,0.01397047708005568,19.587917758647418,-6.383968986555092,1.0,-0.026369186112000387,0.4584200956840598,0,1.9168329890817404
4.766666666666655,650.9944500445307,733.8726125910675,-0.12690792291189842,85.0,-20.984214597072125,0.015541619305148345,19.710420017883784,-6.413408992290319,1.0,-0.027718937898698212,0.42738465031320627,0,1.9283750152681023
4.783333333333322,652.3997238661196,733.6933085732617,-0.1286779633121736,85.0,-20.963950489681455,0.012932697318368658,19.82334980189847,-6.4776573795165575,1.0,-0.03122585413948697,0.44135827738660555,0,1.9319590064696968
4.799999999999988,653.8046781111277,733.5115174462005,-0.1303253389450172,85.0,-20.945629679197243,0.014580072951212246,19.97186531547196,-6.517225232781044,1.0,-0.029063149040828337,0.45656385341758543,0,1.9597079954110086
4.816666666666655,655.2093309715837,733.3274120794742,-0.13175490531556747,85.0,-20.924975307647152,0.016009639321762525,20.129433034987976,-6.5158499941377785,1.0,-0.025222291967061855,0.4258546104050301,0,1.9101249927189201
4.8333333333333215,656.6137192059721,733.1412988570647,-0.13348388653092078,85.0,-20.903479126916135,0.013271115864950804,20.249372468474775,-6.568650125300975,1.0,-0.030501970315831732,0.4402978975542979,0,1.953500002855435
4.849999999999988,658.0177835551336,732.9527577531697,-0.13492668572904767,85.0,-20.8846789313084,0.014713915063077704,20.339455200582172,-6.567634412645266,1.0,-0.025455662549689284,0.45730346199115224,0,1.9092080183327198
4.866666666666655,659.4215744160373,732.7621910633006,-0.13662809409921156,85.0,-20.863834970438507,0.01641532343324159,20.483706893088154,-6.613400514047054,1.0,-0.030015836081383654,0.4264235214210001,0,1.9277090032119304
4.883333333333321,660.8250390134965,732.5692362288884,-0.1382516705186981,85.0,-20.84121715678856,0.013482405730012624,20.617236496045845,-6.643302876700416,1.0,-0.028643512476534096,0.4409226023269355,0,1.9539580098353326
4.899999999999988,662.228188484408,732.3740030177656,-0.13994523890662464,85.0,-20.822117660652616,0.015175974117939153,20.756418627074503,-6.684683966233946,1.0,-0.029877607492286677,0.45771119045686925,0,1.920125010656193
4.9166666666666545,663.631005302445,732.1763937581727,-0.14175772250776897,85.0,-20.800619189227202,0.016988457719083486,20.903145337540003,-6.745947175852651,1.0,-0.03197410409766516,0.4260789054061005,0,1.9059580226894468
4.933333333333321,665.0334616529418,731.9762422420765,-0.14373358938347752,85.0,-20.776666679634786,0.014318412986802226,21.134445160270637,-6.834363509889744,1.0,-0.03485411841599065,0.44041329226249976,0,1.9221660040784627
4.949999999999988,666.4355197933163,731.7733200514364,-0.14505621732219096,85.0,-20.756382954337933,0.01564104092551566,21.347495646047072,-6.801218227970741,1.0,-0.023336255953838588,0.4576113454516028,0,1.8885839963331819
4.966666666666654,667.837308316869,731.5685436375592,-0.1467070985828702,85.0,-20.734225716484993,0.017291922186194908,21.54617518641887,-6.828689912989555,1.0,-0.029124960710543286,0.42634479355157096,0,1.898042013635859
4.983333333333321,669.2387568688079,731.3614533173778,-0.14854895998959702,85.0,-20.70973004750776,0.019133783592921727,21.73187409127885,-6.889609262633728,1.0,-0.032491997500862436,0.44161038219029936,0,1.9985410035587847
4.999999999999988,670.6398216121202,731.1517820759267,-0.15009820113941677,85.0,-20.68895006559427,0.015947288057906933,21.921422098038036,-6.89524064324422,1.0,-0.02733274109817892,0.45610306544817886,0,1.9102919904980808
5.016666666666654,672.0405598428661,730.939940499811,-0.1519055373975741,85.0,-20.66635903175091,0.017754624316064255,22.073709895640032,-6.947298769702558,1.0,-0.03188336120345388,0.42689644560701645,0,1.9280840060673654
5.033333333333321,673.4409129171288,730.7255676660671,-0.15361367331730277,85.0,-20.64120796873273,0.019462760235792936,22.296807729233933,-6.979387285243607,1.0,-0.03013445019127262,0.4421702834660116,0,1.9312080112285912
5.049999999999987,674.8408977707077,730.5088031528409,-0.15521078890234347,85.0,-20.61962115193189,0.016233928262812863,22.480625422916226,-6.990134659247487,1.0,-0.028176933380785394,0.4535137628786714,0,1.881500007584691
5.066666666666654,676.2405346409263,730.2898029793957,-0.15721488389878044,85.0,-20.596624097032905,0.018238023259249836,22.680236016535186,-7.07402525994415,1.0,-0.0353516481463714,0.42682939336444287,0,1.9006250076927245
5.083333333333321,677.6397298035394,730.0679982423756,-0.15885415786116797,85.0,-20.570788329743735,0.019877297221637363,22.857608924526566,-7.088696445251063,1.0,-0.028920298522002157,0.44254535089683816,0,1.977833017008379
5.099999999999987,679.0385594876136,729.8439001402031,-0.16058956761609133,85.0,-20.548304072699864,0.016696185934745866,23.02868096838516,-7.120157651349168,1.0,-0.03061530922639892,0.4535918789629493,0,1.9044160144403577
5.116666666666654,680.4369981634603,729.617374834022,-0.16214774802241524,85.0,-20.52465224153579,0.018254366341069774,23.1548820451396,-7.11832777498796,1.0,-0.027490374179390095,0.4280767891167613,0,1.8890829815063626
5.13333333333332,681.8350821745037,729.3886707839719,-0.16406479175809424,85.0,-20.498793325401266,0.020171410076748775,23.24181044308919,-7.181428996231579,1.0,-0.03381728642158793,0.4428981261063297,0,1.9075419986620545
5.149999999999987,683.232725181131,729.157286967618,-0.16592218124972974,85.0,-20.475614707348623,0.01702136704563595,23.371047058115266,-7.231287159568851,1.0,-0.032765730891699166,0.45425628752314035,0,1.9119159842375666
5.166666666666654,684.6299360072757,728.9233075844481,-0.16763958972169776,85.0,-20.451502268410483,0.018738775517603973,23.532536575001487,-7.253885965514465,1.0,-0.030297934111012913,0.4277698136391563,0,1.9060419872403145
5.18333333333332,686.0267429349125,728.686928965808,-0.16926164939522573,85.0,-20.42495722333623,0.020360835191131937,23.572496387726083,-7.258341841847299,1.0,-0.02861676830516369,0.4427013039728043,0,1.9103749946225435
5.199999999999987,687.4231646049392,728.4482849549375,-0.17124217934277758,85.0,-20.401266835243693,0.017242709215616495,23.713364027255217,-7.327410813857368,1.0,-0.03493630775778134,0.453646477132262,0,1.9021669868379831
5.2166666666666535,688.8191108949342,728.2068757589785,-0.17325150882478332,85.0,-20.376840874248117,0.019252038697622237,23.90323084381656,-7.398997800296767,1.0,-0.035443905725428916,0.4282708824821022,0,1.8907080229837447
5.23333333333332,690.2145692966417,727.9626621362044,-0.17490149078850684,85.0,-20.34956883752184,0.02090202066134575,24.0663689821953,-7.402827481905415,1.0,-0.02910910421502922,0.4396051222926789,0,1.8990829994436353
5.249999999999987,691.6096228509333,727.7161463657094,-0.17654840010972814,85.0,-20.32490452346783,0.017358766316724006,24.19861287851071,-7.4059225546621406,1.0,-0.029054926959063677,0.4545361844453282,0,1.9170000159647316
5.266666666666653,693.0042685243795,727.4673334038645,-0.17845483523845962,85.0,-20.300314172851074,0.019265201445455488,24.409978006145458,-7.455793509281955,1.0,-0.03363028854418136,0.42864141584249366,0,1.9385420018807054
5.28333333333332,694.3984373179267,727.2158620942806,-0.1804287864016614,85.0,-20.273023492356597,0.021239152608657278,24.6091394702663,-7.515920017539431,1.0,-0.03482035273701829,0.43998028605751954,0,1.9091250142082572
5.2999999999999865,695.7921070035353,726.961639255299,-0.18223918759348826,85.0,-20.247712186087554,0.017767627158401217,24.777626806306753,-7.544132912256783,1.0,-0.03193739321153535,0.45459365759151626,0,1.9197910150978714
5.316666666666653,697.1853141601525,726.7048937330501,-0.1840011216689808,85.0,-20.22254270528154,0.019529561233893766,24.97827933080871,-7.562464756280379,1.0,-0.03108294015106586,0.4283488462086804,0,1.9054170115850866
5.33333333333332,698.5780667857757,726.4456938714295,-0.18591961672001875,85.0,-20.194877585541875,0.02144805628493171,25.178010753858473,-7.608365973124439,1.0,-0.033842868568638385,0.4406999085556937,0,1.9394580158405006
5.349999999999986,699.9703195749541,726.1838224994368,-0.18788975600520577,85.0,-20.16914044450961,0.01804428139084191,25.340765130848276,-7.66180539633492,1.0,-0.03475316567144479,0.4568256453531523,0,1.939375011716038
5.366666666666653,701.3620537394106,725.9192087055237,-0.1897051505556995,85.0,-20.14357909970427,0.01985967594133564,25.510867673357506,-7.685179748176246,1.0,-0.03202542120821997,0.42822835046301005,0,1.896000001579523
5.3833333333333195,702.7533052323527,725.6520688024186,-0.19151006355958683,85.0,-20.115446408159663,0.021664588945222968,25.672377821494408,-7.705726977388734,1.0,-0.03184064129088705,0.4408608768798342,0,1.9287920149508864
5.399999999999986,704.1440722951245,725.3824182478978,-0.19347402494857194,85.0,-20.089313797128977,0.01816245632222807,25.814684258810146,-7.754206010333018,1.0,-0.03464427518345502,0.45714953460960045,0,1.89200000022538
5.416666666666653,705.5343070927654,725.1100368023609,-0.19538752807832654,85.0,-20.063585065270413,0.020075959451982678,25.988403584760814,-7.791665128935365,1.0,-0.03375487643579422,0.4293853134474129,0,1.936915999976918
5.433333333333319,706.9240181428083,724.8349956384724,-0.19748735619305824,85.0,-20.03514603316748,0.022175787566714372,26.1971954901084,-7.861331629169792,1.0,-0.03703884339452643,0.441193962511792,0,1.9070830021519214
5.449999999999986,708.3131485902969,724.5570369287605,-0.1994270020124589,85.0,-20.008243326304804,0.018557001130620393,26.38916123367251,-7.899329423843582,1.0,-0.03421568536550326,0.4567449797361124,0,1.9326249894220382
5.466666666666653,709.7017372835638,724.2763843225445,-0.20119898031219957,85.0,-19.981955750172023,0.020328979430361077,26.518371587584852,-7.905517453732355,1.0,-0.03126001899459666,0.4272466874111319,0,1.9342080049682409
5.483333333333319,711.0898264867438,723.9932716091959,-0.2031570284910454,85.0,-19.95315834624608,0.022287027609206894,26.693865230424215,-7.94507486495468,1.0,-0.034540049234561096,0.4428123976416639,0,1.8939170113299042
5.499999999999986,712.477358681012,723.7074414947679,-0.20540354568538116,85.0,-19.926096239382243,0.018882651421920662,26.89167734870756,-8.035216211124569,1.0,-0.03962367119078698,0.4570116014927795,0,1.904957985971123
5.516666666666652,713.8642452522288,723.4184949892987,-0.20714988358646189,85.0,-19.899347406170207,0.02062898932300139,27.017176688908613,-8.031438883986908,1.0,-0.030807977024306345,0.42807093470174246,0,1.928416982991621
5.533333333333319,715.2506251106774,723.1271269530761,-0.20920493099978596,85.0,-19.870125077351148,0.022684036736325464,27.154651680789268,-8.083584389942274,1.0,-0.03624965643427275,0.4426217757707943,0,1.948749995790422
5.549999999999986,716.636403266926,722.8329104577723,-0.21110153000279908,85.0,-19.84254441919041,0.018837195541732243,27.327280397422072,-8.105046059016974,1.0,-0.03345690508826491,0.4575918884664132,0,1.8860000127460808
5.566666666666652,718.0216209204153,722.5360662277358,-0.21270876712501394,85.0,-19.815859970356257,0.020444432663947104,27.493680752423465,-8.073324711047256,1.0,-0.028355406070760647,0.4274909840288511,0,2.0434579928405583
5.583333333333319,719.4063596858896,722.2369960088283,-0.21486588075933502,85.0,-19.786899041670527,0.022601546298268188,27.56972163070539,-8.142203326119184,1.0,-0.03804833999715385,0.4430633356503251,0,1.9376249983906746
5.599999999999985,720.7904501017274,721.9349394491738,-0.21689843511536375,85.0,-19.75952606793356,0.01879806682582849,27.69002214524589,-8.185883892196015,1.0,-0.03585323581160676,0.4594112399643176,0,1.9025410001631826
5.616666666666652,722.1739237125822,721.6300702763921,-0.21912898358154814,85.0,-19.73289704163288,0.021028615292012887,27.899031833766912,-8.263634489714008,1.0,-0.03934230918094548,0.4279481823700701,0,1.9768750062212348
5.633333333333319,723.5567138569064,721.322115959643,-0.2209391296986878,85.0,-19.703108698829833,0.02283876140915253,28.110577864759172,-8.262365393988564,1.0,-0.03193289648265032,0.44566272570278254,0,1.9272920035291463
5.649999999999985,724.9389442937799,721.0116590965763,-0.22258377087370787,85.0,-19.67553874847872,0.018554768881375333,28.225441726366796,-8.231182119292429,1.0,-0.029014934583253965,0.4596899146303179,0,1.904540986288339
5.666666666666652,726.3206622713845,720.6989293813132,-0.22471229892227826,85.0,-19.649254334154623,0.020683296929945718,28.38829026644347,-8.288646617844034,1.0,-0.03754460879755552,0.43053326749783977,0,1.8985829956363887
5.6833333333333185,727.7017114654949,720.3832593512316,-0.22659687527062575,85.0,-19.619955085971828,0.02256787327829321,28.508753904850213,-8.299766681438463,1.0,-0.033244976494916735,0.44572649135895837,0,1.9895409932360053
5.699999999999985,729.082163303199,720.0649871906146,-0.22880852195941725,85.0,-19.592957315961975,0.01875832242468739,28.55040664066535,-8.369544140222546,1.0,-0.03900926007444544,0.45906121828953367,0,1.9057500176131725
5.716666666666652,730.4619078597501,719.7436627391456,-0.23100917885757494,85.0,-19.566384584302824,0.02095897932284507,28.677163295506837,-8.434615713189514,1.0,-0.038815616100930914,0.42917308680020544,0,1.9996249757241458
5.733333333333318,731.8409419510266,719.4193027238207,-0.2327963465199628,85.0,-19.536694870717273,0.022746146985232946,28.79247997955647,-8.422401733752274,1.0,-0.03152780247420247,0.4446021132152519,0,1.9084170053247362
5.749999999999985,733.2193941545863,719.0924786626721,-0.2345195303177887,85.0,-19.50968338989306,0.01835564942666898,28.925242541167307,-8.399051940235195,1.0,-0.030399757783503623,0.4614320199581848,0,1.9105419924017042
5.7666666666666515,734.5972811339363,718.7632797614251,-0.23665759041386586,85.0,-19.483681013425524,0.02049370952274615,29.037024193523262,-8.451567436915527,1.0,-0.0377125833384942,0.42949725260617266,0,1.890832994831726
5.783333333333318,735.9744611174214,718.4311356096886,-0.23866347886765643,85.0,-19.4546502904804,0.022499597976536723,29.07954055284862,-8.478136357326662,1.0,-0.035383257821614306,0.4471699845923084,0,1.9508329860400409
5.799999999999985,737.3509720866323,718.0962296585824,-0.24046508507531325,85.0,-19.42827822144662,0.018095164744596246,29.092290519102857,-8.46671477544255,1.0,-0.03178234509719263,0.4610440793063724,0,1.9327499903738499
5.816666666666651,738.7268774536004,717.7588443216268,-0.24257407207368906,85.0,-19.40264480365814,0.02020415174297205,29.133321787394877,-8.51126434873392,1.0,-0.03720024815488186,0.4312066061377922,0,2.084999985527247
5.833333333333318,740.1020682199141,717.4185579706078,-0.24456937128097592,85.0,-19.374024202640122,0.02219945095025891,29.119922231207582,-8.53351399081522,1.0,-0.03519662139257216,0.4464236553657915,0,1.945166994119063
5.8499999999999845,741.4765772761251,717.0755283817407,-0.24647772315495237,85.0,-19.348419576726375,0.017809578448338748,29.14588173324482,-8.539152962636406,1.0,-0.0336640751804172,0.4191861115916515,0,1.9035000004805624
5.866666666666651,742.8504292087272,716.729876372156,-0.2485289686871645,85.0,-19.32319067432904,0.01986082398055089,29.29406525533107,-8.570369986380879,1.0,-0.036182652374761384,0.43166671801033035,0,1.8978749867528677
5.883333333333318,744.2235692343718,716.3814069840928,-0.2504465025773037,85.0,-19.29505635671628,0.021778357870690098,29.271636401600865,-8.576178155705728,1.0,-0.03382592631545469,0.4470980028719536,0,1.9528749980963767
5.899999999999984,745.5960385340912,716.0303051957577,-0.2523366968325832,85.0,-19.27044321871647,0.017278365079040375,29.25503375999763,-8.576783510270012,1.0,-0.03334400617106369,0.41642207523770153,0,1.9244159921072423
5.916666666666651,746.9678417318205,715.6766098025956,-0.2547221375356631,85.0,-19.24596675277205,0.019663805782120264,29.311292568894302,-8.666837948175203,1.0,-0.042071173058896676,0.4318102474586713,0,1.9073750008828938
5.933333333333318,748.3387973079599,715.3196430636733,-0.2565903748961973,85.0,-19.21811148977211,0.021532043142654472,29.353499313105868,-8.659912608908922,1.0,-0.032956957223742894,0.44872930088648694,0,1.9341250008437783
5.949999999999984,749.7090835933592,714.9601156787762,-0.2584155045402838,85.0,-19.194295467132925,0.016875296140896445,29.37571475264641,-8.645422658699648,1.0,-0.032197039893993674,0.41901069933323,0,1.9195420027244836
5.966666666666651,751.0787114127563,714.5980879439576,-0.2607416789863606,85.0,-19.1703899322566,0.019201470586973246,29.449171904083258,-8.722017485554368,1.0,-0.041027102518400665,0.43341958803113384,0,1.9456669979263097
5.983333333333317,752.4474933876611,714.2328751982595,-0.2626443040942774,85.0,-19.143189520446256,0.02110409569489008,29.409669438781155,-8.719075519367921,1.0,-0.033563128745725236,0.4483197167478914,0,1.9123330130241811
5.999999999999984,753.8155780225628,713.8650588362117,-0.26441905717095626,85.0,-19.120481395170096,0.016305608074288575,29.32397587606166,-8.693089647994663,1.0,-0.0313089377374985,0.41697264738644335,0,1.9175829947926104
6.016666666666651,755.1830077200264,713.4948150422879,-0.26684333045319547,85.0,-19.09738280731122,0.018729881356527783,29.36306864899011,-8.78546347418729,1.0,-0.04275522184230361,0.43295309999589676,0,1.8846669991035014
6.033333333333317,756.5495358279724,713.1212573163098,-0.26864921780679124,85.0,-19.070850360087405,0.020535768710123553,29.350644520965723,-8.762478772569722,1.0,-0.03185781826185371,0.44964321291345627,0,1.9022920168936253
6.049999999999984,757.9153871048319,712.7452324049731,-0.2704792659059873,85.0,-19.049502669087154,0.015701591725775236,29.30793320933979,-8.74470921672077,1.0,-0.032283745972068255,0.4196225791799149,0,1.9312500080559403
6.06666666666665,759.2805479512319,712.3667085511664,-0.2726167586097403,85.0,-19.02725966146705,0.017839084429528196,29.299764474728285,-8.783163404192843,1.0,-0.03770258476285309,0.43528484898092823,0,2.037166996160522
6.083333333333317,760.644896587649,711.9852675429469,-0.27454449893353905,85.0,-19.001988965569574,0.019766824753326973,29.3175371413736,-8.782185648459107,1.0,-0.03400583274732709,0.4497124392870933,0,1.9268750038463622
6.099999999999984,762.0085073702251,711.6011971352262,-0.27646669930839274,85.0,-18.98233961865479,0.014934251051455127,29.318658636753447,-8.78020642652871,1.0,-0.03390818162849566,0.4190459484279715,0,1.9126250117551535
6.11666666666665,763.3713773738033,711.2145063055042,-0.2789247307274063,85.0,-18.961183549431926,0.0173922824704687,29.378098925480366,-8.87510302639271,1.0,-0.043349850130804564,0.4346620556999325,0,1.9162920070812106
6.133333333333317,764.7332927629571,710.8244666700433,-0.2808029443647166,85.0,-18.936545724764645,0.019270496107778978,29.413914948486273,-8.86152180382419,1.0,-0.03313281699387545,0.45230468869162016,0,1.9009170064236969
6.1499999999999835,766.0944731725747,710.4318697559982,-0.28266035614361024,85.0,-18.91826200668352,0.014283077508990882,29.401556936604404,-8.844664182159931,1.0,-0.032766123774151674,0.42100542301585664,0,1.915041997563094
6.16666666666665,767.4549220204582,710.0367452481061,-0.28468037784263633,85.0,-18.898028334861635,0.016303099208016977,29.434682339284123,-8.857814306712749,1.0,-0.0356323537050367,0.4368514766378093,0,1.9044170039705932
6.183333333333317,768.8145699331583,709.6388734120399,-0.28685921929960795,85.0,-18.874933300757583,0.018481940664988594,29.4301383830838,-8.899126863092434,1.0,-0.03843121174475558,0.4535078544664345,0,1.933915977133438
6.199999999999983,770.1733477195322,709.2380400654965,-0.2888754025906119,85.0,-18.858482250282677,0.01356378879347414,29.45400928038056,-8.909412309830268,1.0,-0.0355647028962281,0.4230304906361244,0,1.8854170048143715
6.21666666666665,771.5313145912464,708.8344679904327,-0.2906875709776246,85.0,-18.839267472015397,0.015375957180486843,29.419152962416348,-8.88238055519285,1.0,-0.03196854717930579,0.4381059521374514,0,1.9094999879598618
6.2333333333333165,772.8885478930546,708.4284357147362,-0.2930142583822856,85.0,-18.81803558410826,0.010679416449589862,29.38464284029746,-8.949351185183867,1.0,-0.0410361394970152,0.4532317153614305,0,1.8971250101458281
6.249999999999983,774.2448328118612,708.0192466832825,-0.29496443076362544,85.0,-18.80290669838322,0.012629588830929683,29.400359737967715,-8.9456574350294,1.0,-0.03440122965256129,0.4232514586184542,0,1.916500012157485
6.26666666666665,775.6003171629341,707.6074134422234,-0.2966990808043102,85.0,-18.78501525651519,0.014364238871614421,29.361242684055796,-8.903100375608929,1.0,-0.030601915061203258,0.4378474493132766,0,1.930333994096145
6.283333333333316,776.9550850884838,707.193229530964,-0.2989286875265731,85.0,-18.765911258081285,0.009482398004027892,29.33418037649873,-8.951616751480387,1.0,-0.03932571586965263,0.4541071609439887,0,1.9174159970134497
6.299999999999983,778.3089261801925,706.7760260520172,-0.30115428641429276,85.0,-18.752478062220582,0.011707996891747563,29.385626879673055,-8.997504381354716,1.0,-0.03925509850460946,0.4253932353243549,0,1.908959005959332
6.3166666666666496,779.6618353920865,706.3558105015945,-0.30309747251965363,85.0,-18.735892112222515,0.013651182997108434,29.34767623850407,-8.990542417159698,1.0,-0.034278087754217305,0.43931568095053386,0,1.9359159923624247
6.333333333333316,781.0139254932025,705.9329667918049,-0.30509088541861185,85.0,-18.718544599213363,0.008445665420360737,29.333475633630123,-8.992889656592897,1.0,-0.03516337477959408,0.45633437648750746,0,1.9582079839892685
6.349999999999983,782.3651700063754,705.5074286500779,-0.3071679707475046,85.0,-18.70658004877283,0.010522750749253518,29.355616553246705,-9.010232930222898,1.0,-0.03663804452537764,0.42459248905424574,0,2.129083004547283
6.366666666666649,783.7155277263279,705.0790847781607,-0.30915170650343815,85.0,-18.69167309365181,0.012506486505187042,29.31487437108724,-9.009996467920498,1.0,-0.034992811713276076,0.4415797743179546,0,1.8953749968204647
6.383333333333316,785.0650330688151,704.6480629979187,-0.31126900143969827,85.0,-18.676744044206245,0.007338168964809822,29.300109834749282,-9.033872478814047,1.0,-0.037346655229779896,0.455579181855002,0,1.8953749968204647
6.399999999999983,786.4136227868782,704.214184885105,-0.31326279217541875,85.0,-18.66634839813869,0.009331959700530301,29.309440120817282,-9.034467254965453,1.0,-0.035170034244628,0.4266035254961581,0,1.929583988385275
6.416666666666649,787.7613447628958,703.7776188307629,-0.31521648462938295,85.0,-18.65312831377778,0.011285652154494506,29.198403944433544,-9.02775176183397,1.0,-0.03446327496334834,0.44127906976744186,0,1.8867080216296017
6.433333333333316,789.1082112515811,703.3384205770085,-0.3173463091477166,85.0,-18.64077471947205,0.006044048579567862,29.158948096798245,-9.053093616751841,1.0,-0.037567455421257466,0.4578741988313553,0,1.9086670072283596
6.449999999999982,790.4541392709697,702.896354732287,-0.31932424532140524,85.0,-18.632212369449096,0.008021984753256496,29.11968072477307,-9.049967090671544,1.0,-0.034890591049499126,0.4265953295405533,0,1.9178749935235828
6.466666666666649,791.7991902801127,702.4516275943163,-0.32118388778173607,85.0,-18.62084801293648,0.009881627213587318,29.057030459374566,-9.025536146390005,1.0,-0.03280544644213809,0.4406907596111672,0,1.9156670023221523
6.483333333333316,793.1434119304893,702.0043999128125,-0.32344963563022094,85.0,-18.611376888056522,0.0046910643268597285,29.082227307093078,-9.075411732911824,1.0,-0.03996249857596505,0.4582386162721385,0,1.911040977574885
6.499999999999982,794.48661682622,701.5541277145487,-0.32561412302485804,85.0,-18.60473123796761,0.006855551721496822,29.10840062513803,-9.105030401068937,1.0,-0.03817827624753014,0.42825459735299254,0,1.894583023386076
6.516666666666649,795.8288439677544,701.1009492232535,-0.3274981861688587,85.0,-18.595019282437278,0.008739614865497458,29.11753039532152,-9.082780343132061,1.0,-0.03323592995076495,0.44303887790259117,0,1.945124997291714
6.5333333333333155,797.1702149106538,700.6452426970883,-0.3296398356197038,85.0,-18.588105026729405,0.0033410714952487592,29.16530360406234,-9.107910259574185,1.0,-0.03777583469806236,0.46045200594053404,0,1.930291997268796
6.549999999999982,798.5106068144612,700.1866644718615,-0.3315141356140653,85.0,-18.583371850917025,0.005215371489610265,29.153019048833123,-9.083706551158375,1.0,-0.03306382833880146,0.4283280128922328,0,1.8964580085594207
6.566666666666649,799.8501368512088,699.7255747570604,-0.33345290920987253,85.0,-18.575983441467713,0.007154145085417507,29.07490967444689,-9.072051219517625,1.0,-0.03420031118915199,0.443296450493185,0,1.8686249968595803
6.583333333333315,801.1887704224114,699.2618888650019,-0.3356378835903453,85.0,-18.572297743207503,0.0017161135794782623,29.08845901503156,-9.10530749827507,1.0,-0.038539279587447475,0.45876803048172005,0,1.9236250082030892
6.599999999999982,802.5263876572326,698.7952792020568,-0.33773467121652095,85.0,-18.56986658349658,0.003812901205653918,29.067729823585424,-9.121307059141976,1.0,-0.036985261183068295,0.42740960770255043,0,1.8795419891830534
6.6166666666666485,803.8630235709749,698.325865867629,-0.3396652705657789,85.0,-18.564464986543562,0.005743500554911851,29.01383220727447,-9.106610966389825,1.0,-0.03405622772969712,0.44504326781301795,0,1.886250014649704
6.633333333333315,805.198750745239,697.8538729011805,-0.34189906213125565,85.0,-18.564246798772913,0.0006854742965573535,29.02490330318024,-9.14724331410319,1.0,-0.039399451678645156,0.45852223498357814,0,1.874874986242503
6.649999999999982,806.5334202539516,697.3788973786983,-0.34391928924724463,85.0,-18.563275710262126,0.0027057014125463352,29.001445570219808,-9.147674016645205,1.0,-0.03563597410920397,0.4302991855277698,0,1.9619999802671373
6.666666666666648,807.8671274812829,696.9012264917806,-0.34560418152588207,85.0,-18.559442637937913,0.004390593691183775,28.87660080724526,-9.087420205839793,1.0,-0.02972463561744832,0.4448417737593336,0,1.9177920185029507
6.683333333333315,809.2000279919009,696.4213091309374,-0.347886893401018,85.0,-18.561318147922854,0.00017357696911679543,28.840492535292718,-9.137513997238015,1.0,-0.040261382339281004,0.45865973041365476,0,1.9649169989861548
6.6999999999999815,810.5318295176919,695.9383503952826,-0.35026854324843887,85.0,-18.561072247217886,0.002555226816537637,28.897426914737217,-9.203518813246335,1.0,-0.04200439375601451,0.43015657118313,0,1.9155830086674541
6.716666666666648,811.8624770288134,695.4522211474577,-0.3520878768513123,85.0,-18.557452346500305,0.004374560419411089,28.847694448732547,-9.165309596207212,1.0,-0.03209486247291835,0.44411839366400974,0,1.9250000186730176
6.733333333333315,813.1922379069426,694.9636718137755,-0.3541917504138556,85.0,-18.558906851155896,0.00040740153777907295,28.840777084670126,-9.17996943220896,1.0,-0.037110135567770035,0.4149876972810476,0,1.9497920002322644
6.749999999999981,814.5209679968544,694.4723259146297,-0.356445392653445,85.0,-18.558329698993333,0.002661043777368477,28.853720920218436,-9.221093445402355,1.0,-0.03974920935123113,0.42931053874704755,0,1.9009160168934613
6.766666666666648,815.8485873955866,693.9779867835116,-0.35839213863822206,85.0,-18.554559891424464,0.004607789762145541,28.79876630952338,-9.205125923880853,1.0,-0.034340835235138846,0.44387008977535847,0,1.97199999820441
6.783333333333315,817.1752419264895,693.4810640530201,-0.3606122661920172,85.0,-18.556444753776994,0.0007766364690019456,28.81515596322873,-9.239146989255392,1.0,-0.03915869389637601,0.4146210873146623,0,1.9214579951949418
6.799999999999981,818.5007899569363,692.981197207327,-0.36217367031022923,85.0,-18.555344518889875,0.0023380405872139853,28.680201251176037,-9.152728399389304,1.0,-0.027547220142402448,0.42898894316254166,0,1.9023749919142574
6.816666666666648,819.8255558777174,692.4792612556545,-0.3645547713805738,85.0,-18.552583580081997,-0.0013166679459277741,28.59816299263,-9.217773761911978,1.0,-0.04199472652737646,0.4456096747794987,0,1.9131670123897493
6.833333333333314,821.1491228839235,691.9741723283088,-0.3668630683083826,85.0,-18.554448859133153,0.0009916289818810429,28.629181900915533,-9.267123079685161,1.0,-0.04071214357504428,0.41623641234616054,0,1.9000829779542983
6.849999999999981,822.4715204698093,691.4660295636376,-0.36850361574485613,85.0,-18.553044051639006,0.0026321764183545593,28.530551712300507,-9.193823356558052,1.0,-0.028942752788647226,0.4291695956477887,0,1.987833995372057
6.866666666666648,823.7930826442118,690.9557180277765,-0.3709016786882958,85.0,-18.550507159740782,-0.0009943070723312797,28.50503350218071,-9.260234249954957,1.0,-0.042293522368949274,0.44591549011086745,0,1.9376249983906746
6.883333333333314,825.1134172606477,690.4422387730001,-0.37312608199888636,85.0,-18.55191576119447,0.0012300962382592595,28.576424453027627,-9.292671783317768,1.0,-0.03923403256243998,0.41680937682660457,0,1.9104169914498925
6.899999999999981,826.4326064265845,689.9258238342933,-0.37499455775075885,85.0,-18.550173125296375,0.0030985719901317488,28.536120923696743,-9.25948498980992,1.0,-0.032961159561406904,0.43090465045283405,0,1.9315000099595636
6.916666666666647,827.7508283815148,689.4069449255061,-0.3772183405623047,85.0,-18.54755205718092,-0.0006950737199070134,28.47735465120131,-9.291759927265986,1.0,-0.03922309942137054,0.44487087554159555,0,1.9139579962939024
6.933333333333314,829.0678932039566,688.8851358627919,-0.3792466423856282,85.0,-18.548536744871488,0.0013332281034165172,28.486908435659444,-9.287422425178528,1.0,-0.035778287340681114,0.41620088856130866,0,1.8946250202134252
6.949999999999981,830.3838969316439,688.3606564702917,-0.38128647249125786,85.0,-18.546648005617858,0.0033730582090461536,28.508765294392894,-9.285295951246663,1.0,-0.0359814658263364,0.431291533944618,0,1.9175829947926104
6.966666666666647,831.6988280733351,687.8334937467848,-0.383379145431981,85.0,-18.544156582719587,-0.0005486710072440393,28.478312723934092,-9.292763165931886,1.0,-0.036912748173910326,0.44502406896412816,0,1.8961669993586838
6.983333333333314,833.0126531574398,687.3035804587633,-0.3855789024188322,85.0,-18.54493386660748,0.0016510859796071697,28.483755657282472,-9.319257313595084,1.0,-0.03879975921821332,0.41632795142977075,0,1.9052499847020954
6.9999999999999805,834.3253093832737,686.7707783592708,-0.38779768171546264,85.0,-18.54259482919909,0.0038698652762376162,28.448296891506928,-9.348130232948888,1.0,-0.039134937566048064,0.43169770700895665,0,1.9150840234942734
7.016666666666647,835.6367802087203,686.2350650791974,-0.39001922347589957,85.0,-18.539865906900772,7.598461059404871e-05,28.413884257067366,-9.376351812651436,1.0,-0.039183612210882596,0.4453420904182448,0,2.137333998689428
7.033333333333314,836.9470576895071,685.6964396362525,-0.3920339321304069,85.0,-18.539758262035928,0.002090693265101362,28.42543474753993,-9.366064337122086,1.0,-0.03553871277646436,0.417019232734482,0,1.9718749972525984
7.04999999999998,838.2562473384459,685.1551754608669,-0.39427479581349134,85.0,-18.536796448734727,0.004331556948185822,28.46616572276449,-9.397007726680961,1.0,-0.03952405950921728,0.43126941900371624,0,1.9377919961698353
7.066666666666647,839.5642208021393,684.6109789313682,-0.39660904209259695,85.0,-18.53383324106456,0.0006453502953757129,28.538756751626394,-9.443594953343181,1.0,-0.041169306168869775,0.44451461750025467,0,1.9370000227354467
7.0833333333333135,840.8709204148826,684.063730755034,-0.398682525482506,85.0,-18.532918994876244,0.0027188336852847494,28.64655516214741,-9.441224476646266,1.0,-0.03657456603486928,0.41610306943721886,0,1.9869579991791397
7.09999999999998,842.1764825094675,683.5137743370994,-0.4004198992413677,85.0,-18.529067318567396,0.004456207444146487,28.59058580368806,-9.378139654325942,1.0,-0.030649935607162844,0.4304447324719511,0,1.963916001841426
7.116666666666647,843.4810871542861,682.9615505009949,-0.4025102349655054,85.0,-18.526306244829343,0.0005170776146258826,28.489507409605153,-9.381252605409683,1.0,-0.03687155928561025,0.44409751533211966,0,1.9579169747885317
7.133333333333313,844.7845346164969,682.4066008116529,-0.40497429245971384,85.0,-18.525573718241237,0.0029811351088342986,28.490645838978093,-9.45173808320192,1.0,-0.04345599243045394,0.41872818488027763,0,2.0130000193603337
7.14999999999998,846.0866106951602,681.8484410407831,-0.40677194768036884,85.0,-18.521350449759236,0.004778790329489302,28.35139008696123,-9.399028307805136,1.0,-0.03171269204804007,0.4331089140939326,0,1.9253329955972731
7.1666666666666465,847.387681291667,681.2879414891778,-0.4093677249261037,85.0,-18.518475351560387,0.001332127336675093,28.338828242239746,-9.492542614510754,1.0,-0.045775833621375904,0.4443281154706241,0,1.9200409878976643
7.183333333333313,848.6872925744824,680.7240665402544,-0.4117317641898687,85.0,-18.516588171724948,0.0036961666004400873,28.408433004109842,-9.540556154154487,1.0,-0.04169416271471903,0.41855995118478595,0,1.9127080158796161
7.19999999999998,849.9855672044652,680.1571208377505,-0.4137737018807355,85.0,-18.51135194763028,0.005738104291306889,28.454241149586757,-9.5284715055023,1.0,-0.036018610325991386,0.4326158756451564,0,1.9318339764140546
7.216666666666646,851.2826814608704,679.5875253231312,-0.4157061832320295,85.0,-18.507430193125266,0.0016112208180960594,28.418232497721384,-9.497024303011985,1.0,-0.034089400987787885,0.4435311407287285,0,1.9307920010760427
7.233333333333313,852.5786925632256,679.0154242245334,-0.41802315577584215,85.0,-18.505147631287226,0.003928193361908694,28.41734853874887,-9.536239056403305,1.0,-0.040864988109848746,0.41781953439346486,0,1.9186249992344528
7.24999999999998,853.8733746455023,678.4403218421038,-0.42052241065767626,85.0,-18.49958270500304,0.006427448243742806,28.52494944964785,-9.606837271392386,1.0,-0.04407593378971102,0.43012550594904314,0,1.9789999932982028
7.266666666666646,855.1666153583704,677.8619855186511,-0.4222820801094875,85.0,-18.494971289103923,0.0021068828023221853,28.472846569163906,-9.541008432400005,1.0,-0.03104301475290764,0.44358751465653173,0,1.8991669930983335
7.283333333333313,856.4588363887841,677.2813744155872,-0.4251626113000803,85.0,-18.49198654067552,0.004987413992915025,28.571154036971663,-9.680194950279704,1.0,-0.05078918731627654,0.4187481633852483,0,1.9073339935857803
7.299999999999979,857.7493795920462,676.6970434434845,-0.4268438888924789,85.0,-18.48492106681038,0.00666869158531358,28.585087410321606,-9.597286777208803,1.0,-0.029660903260132473,0.4298752228163993,0,1.932416984345764
7.316666666666646,859.0389385492161,676.1105435368968,-0.42919482434230655,85.0,-18.480234357065825,0.002914573383494157,28.61341174333772,-9.638576602062775,1.0,-0.04146331848237601,0.4462150188214635,0,1.9341669976711273
7.333333333333313,860.327115120606,675.5210135839964,-0.43184337219003754,85.0,-18.476105383951687,0.005563121231225154,28.71578594615505,-9.7319985232632,1.0,-0.04670508971874231,0.4209994952044422,0,1.9249999895691872
7.349999999999979,861.6137257773818,674.928073905517,-0.4336620865684473,85.0,-18.4682243361918,0.007381835609634901,28.661544961218873,-9.67182551503124,1.0,-0.03208394623088412,0.4316026721354748,0,1.9356249831616879
7.366666666666646,862.8992559189587,674.3327952316662,-0.43586415749996793,85.0,-18.462778407148797,0.0034500747011771975,28.631152029411567,-9.683223787853121,1.0,-0.038840532029342095,0.4462369383621689,0,1.9165419798810035
7.383333333333312,864.1834720988899,673.7346871748341,-0.43838491716993716,85.0,-18.457890811018366,0.005970834371146427,28.71142238141389,-9.75172306754521,1.0,-0.044454686940214254,0.41772333115183247,0,2.024332992732525
7.399999999999979,865.4661765136499,673.1333438213333,-0.4405641619262601,85.0,-18.449432179252348,0.008150079127469345,28.76442763583809,-9.75583972273993,1.0,-0.03843831828378383,0.4325296687036981,0,1.903541007777676
7.416666666666646,866.7475674092478,672.5292065710968,-0.4429525940380505,85.0,-18.44313860016265,0.004371923572989711,28.848426487912253,-9.797556696599532,1.0,-0.04212386912588039,0.44563492860442233,0,1.9066249951720238
7.433333333333312,868.0275117104947,671.9220105317896,-0.4448532627277233,85.0,-18.436945061497873,0.006272592262662524,28.794278954848146,-9.749471337101891,1.0,-0.03352864255524651,0.41745297438301165,0,1.911458995891735
7.449999999999979,869.3062996220107,671.3123828406494,-0.44680636731823403,85.0,-18.428058947397354,0.008225696853173259,28.597207950025457,-9.71267360643309,1.0,-0.034452913215278054,0.4316314049753859,0,1.9156660127919167
7.4666666666666455,870.583894428599,670.7002587073048,-0.44935817235877695,85.0,-18.421893605959557,0.004574155128038104,28.39211737292781,-9.785439487030537,1.0,-0.04500145109018247,0.447787947367367,0,1.9648750021588057
7.483333333333312,871.8599230557732,670.0848763976171,-0.4522797211806347,85.0,-18.415413575458402,0.007495703949895849,28.405228661705735,-9.922130273390025,1.0,-0.05151113567516888,0.41961747746284417,0,1.9174999906681478
7.499999999999979,873.1341483703092,669.4657687395802,-0.45422993856398813,85.0,-18.404794760967377,0.009445921333249285,28.432862601034287,-9.8780434278604,1.0,-0.03440202286625683,0.4339837529480538,0,1.95087498286739
7.516666666666645,874.4071638679334,668.8441772441004,-0.4564002638901209,85.0,-18.39713589597959,0.00537210447590919,28.50173887040909,-9.875395927245867,1.0,-0.038281148073045314,0.4445275240481772,0,1.9409579981584102
7.533333333333312,875.6788273127027,668.2198243569588,-0.4585898796010791,85.0,-18.3895254512445,0.007561720186867404,28.51406374626246,-9.876294359969917,1.0,-0.03862106356890258,0.4200558738384922,0,1.9080420024693012
7.5499999999999785,876.9491206172323,667.5926885144879,-0.46065126517369887,85.0,-18.378813116401627,0.00962310575948716,28.342352795418652,-9.853939669010352,1.0,-0.0363613589406607,0.4342332743647475,0,1.9413330010138452
7.566666666666645,878.2181184549654,666.9629354420276,-0.4634630836341829,85.0,-18.371143344104567,0.006145909838199015,28.315333244333992,-9.967974506129638,1.0,-0.049579661159961166,0.44717769612791214,0,1.9250419863965362
7.583333333333312,879.4853405271671,666.3296166722367,-0.46582329382626964,85.0,-18.362436693312322,0.008506120030285724,28.332417877629524,-9.9960119203443,1.0,-0.041626708070924515,0.41957512911555844,0,1.9483329961076379
7.599999999999978,880.7510643057542,665.6933087587516,-0.4684499910954559,85.0,-18.35038650191738,0.011132817299471964,28.378134634665884,-10.071067593438908,1.0,-0.04632032489318807,0.4344670787531845,0,1.9473340071272105
7.616666666666645,882.015112331552,665.0536783710112,-0.4704061034700514,85.0,-18.340828363185,0.006750918405574847,28.420984983655927,-10.022020386250762,1.0,-0.03450592868155218,0.4474335748792271,0,1.92304200027138
7.6333333333333115,883.2779067508707,664.4115765885949,-0.4730299372531366,85.0,-18.331264634755183,0.009374752188660018,28.487027001441714,-10.095472593513682,1.0,-0.046269901010489216,0.4234712375120851,0,1.9336659752298146
7.649999999999978,884.5390120569195,663.7661636575967,-0.4760748223532242,85.0,-18.3179839303545,0.01241963728874762,28.587262262000266,-10.242073800939998,1.0,-0.053681641834407,0.4345787293517121,0,1.9512079888954759
7.666666666666645,885.798146311734,663.1169138036903,-0.4784185106351662,85.0,-18.306868930067555,0.008372137322831206,28.65044348453798,-10.256367075091955,1.0,-0.04133564635428662,0.45032906304948506,0,1.9533750019036233
7.683333333333311,887.0557554705349,662.4647147174103,-0.48014714956784516,85.0,-18.295008540749052,0.010100776255510145,28.65254444361775,-10.158890673825628,1.0,-0.030495935650187968,0.4223672573119034,0,1.9508750119712204
7.699999999999978,888.3122353341762,661.810342654507,-0.48325470992883085,85.0,-18.28069935104078,0.013208336616495842,28.748034457462907,-10.314232006835882,1.0,-0.05478442583407554,0.43708328282216025,0,1.956791995326057
7.716666666666645,889.5666756335414,661.1520691704801,-0.48555079798777223,85.0,-18.268754551681727,0.00905581638295705,28.820581505907647,-10.31701737455511,1.0,-0.04049704797422838,0.4505246925942244,0,1.9778329879045486
7.733333333333311,890.8196011736326,660.4909171188068,-0.48778821496219754,85.0,-18.25592565381924,0.01129323335738236,28.909982166497834,-10.309049321965079,1.0,-0.03946333006023995,0.42275920088385244,0,2.0170000207144767
7.749999999999978,892.0710443060417,659.8269634074757,-0.4907021178980815,85.0,-18.239927246633112,0.01420713629326631,29.13636018087327,-10.423530213391551,1.0,-0.05137656504222564,0.4388108369228292,0,2.1501659939531237
7.766666666666644,893.3205474316281,659.1593659362445,-0.4928095509416215,85.0,-18.226882383246394,0.009804227300811041,29.121584878192134,-10.387884608981427,1.0,-0.03717286332626016,0.450083816371458,0,1.9464170036371797
7.783333333333311,894.5686408665935,658.4891367052787,-0.49533148623458384,85.0,-18.212993283749437,0.012326162593773393,29.210703687963395,-10.428463155692729,1.0,-0.04447539223704305,0.4253267775484602,0,1.9373339891899377
7.799999999999978,895.8150400595651,657.8157619981475,-0.49849716917894776,85.0,-18.19553166225254,0.015491845538137317,29.39848490371237,-10.583657228244354,1.0,-0.055806985413820315,0.44030195810381567,0,1.999458996579051
7.816666666666644,897.059301319852,657.1384449670655,-0.5007603620000909,85.0,-18.181015226941494,0.011178570473833138,29.554679473667687,-10.569867859237963,1.0,-0.039917481745590254,0.4530440740815381,0,1.9964580133091658
7.833333333333311,898.3020264958274,656.4583136698578,-0.5033118027175504,85.0,-18.165179248586792,0.013730011191292635,29.631664066271654,-10.608640982434622,1.0,-0.04499503486868989,0.4282228630194995,0,1.9725410093087703
7.849999999999977,899.5430123140258,655.7750138502508,-0.5062606753539306,85.0,-18.145729010517083,0.016678883827672852,29.801187217342267,-10.717641086303388,1.0,-0.05199203037999362,0.44061527860812466,0,1.9421670003794134
7.866666666666644,900.7819777752946,655.0880574977604,-0.5090258411254747,85.0,-18.12991921956084,0.012796977445671487,30.016158397085945,-10.789236994621865,1.0,-0.04875836721876262,0.41602203231946866,0,1.9829590164590627
7.883333333333311,902.019038954142,654.3976778310313,-0.5113429985515172,85.0,-18.111790662985648,0.015114134871714036,30.028026556110063,-10.77710883068033,1.0,-0.04086824529161875,0.4280079296497738,0,1.9248330208938569
7.899999999999977,903.254497095025,653.704433554769,-0.5137077531733351,85.0,-18.090379787112074,0.01747888949353188,30.041671772449874,-10.774001291321984,1.0,-0.04170676474090344,0.4422148050297976,0,1.9667919841594994
7.916666666666644,904.4883124304505,653.0082696642135,-0.5168137103035308,85.0,-18.073871539574967,0.01386259741386242,30.21369487569016,-10.904807220416316,1.0,-0.05475621831212111,0.41706634894029504,0,2.1059999999124557
7.9333333333333105,905.719959562868,652.3082769602142,-0.5195226439629177,85.0,-18.054233488898767,0.016571531073249268,30.414166416594377,-10.95886483016466,1.0,-0.047768345603670125,0.4311254722810287,0,1.9731250067707151
7.949999999999977,906.9497059446988,651.6049503783064,-0.521847501202475,85.0,-18.030758227691763,0.0188963883128066,30.541288431557682,-10.941417580583995,1.0,-0.04100389677963983,0.44531784005468217,0,1.9308750052005053
7.966666666666644,908.1778138707427,650.898766714921,-0.5246199815825854,85.0,-18.012730658224143,0.014866767042865936,30.640213362114928,-11.005448135181279,1.0,-0.04888714110445229,0.41741448426022015,0,2.0067080040462315
7.98333333333331,909.4039591989301,650.1891808648586,-0.5277258715825887,85.0,-17.99167018073389,0.01797265704286921,30.816684046567214,-11.127151974008264,1.0,-0.05475503720991037,0.4335242019369629,0,1.9423330086283386
7.999999999999977,910.627894721032,649.4757901709315,-0.5306046391545209,85.0,-17.96621028730201,0.020851424614801495,31.03875299273187,-11.203133250995283,1.0,-0.05075814479830269,0.44551596989373665,0,1.9589159928727895
8.016666666666644,911.8497714884161,648.7588790120202,-0.5331835702123842,85.0,-17.94596331167149,0.016543615189345995,31.31796308990332,-11.222000846084054,1.0,-0.04547916643561085,0.42211314644266773,0,1.9325839821249247
8.033333333333312,913.0697953301171,648.0388191047032,-0.5363331314725422,85.0,-17.92252759254568,0.01969317644950408,31.54503411027371,-11.34311171848905,1.0,-0.05552336575207485,0.43420705337745924,0,1.9334589887876064
8.04999999999998,914.2875452516263,647.31492023531,-0.538866985363361,85.0,-17.894658665824064,0.015250745003682176,31.685517563577488,-11.348356362148957,1.0,-0.04468530270276513,0.4481584461637653,0,1.94191699847579
8.066666666666647,915.5034570119033,646.5879380927064,-0.5416783362665735,85.0,-17.873054281234996,0.01806209590689467,31.92266827954463,-11.403464686335692,1.0,-0.04957143041147473,0.4227672930338727,0,1.9377499993424863
8.083333333333314,916.7173201678753,645.8575404729005,-0.544916063977478,85.0,-17.847467703311047,0.02129982361779925,32.19958813280124,-11.533356862281384,1.0,-0.0570743177390326,0.43695880877235577,0,1.953917002538219
8.099999999999982,917.9288121369797,645.1232165299161,-0.5478494970690453,85.0,-17.817886010752837,0.017162392034284272,32.5380070030625,-11.603290594484363,1.0,-0.05172029983832894,0.45105362239630775,0,1.948125020135194
8.11666666666665,919.1381448065606,644.3853419208336,-0.5507811764161487,85.0,-17.793573815595508,0.020094071381387635,32.96799069897573,-11.670168123262712,1.0,-0.05168943407023988,0.4253696529622944,0,1.9312500080559403
8.133333333333317,920.3453090705395,643.6439251121378,-0.5537109803420227,85.0,-17.765109130101184,0.023023875307261688,33.305372346975425,-11.734084756514907,1.0,-0.05165642669134056,0.4398661114863843,0,1.9347500056028366
8.149999999999984,921.5502959507542,642.8989747359684,-0.5566679131478076,85.0,-17.733727668082082,0.0188101920753313,33.63875216656575,-11.800389621278399,1.0,-0.05213388346739657,0.45364991159383683,0,1.9341250008437783
8.166666666666652,922.7530747981044,642.150464556471,-0.5598325292820644,85.0,-17.70708146738144,0.02197480820958808,34.104321568066,-11.901573790713698,1.0,-0.05578821790484048,0.4282836666936594,0,1.9757919944822788
8.18333333333332,923.9534788792308,641.3981517980656,-0.5625875481918636,85.0,-17.675952994508457,0.024729827119387315,34.434873834795106,-11.924882078280511,1.0,-0.04857972875891148,0.4427567605933707,0,1.9936669850721955
8.199999999999987,925.1518057714954,640.6425347629745,-0.565698668890784,85.0,-17.642886170406534,0.020565261530752443,34.71846809525521,-12.011522951381568,1.0,-0.05484706672810532,0.41827873088576556,0,1.974834012798965
8.216666666666654,926.3477760524127,639.883193251132,-0.5690033954740965,85.0,-17.613754103476772,0.023869988114064933,35.048906209973055,-12.129709461380205,1.0,-0.058252723645357316,0.4307801851286746,0,1.979583001229912
8.233333333333322,927.5412303910974,639.1199035381665,-0.5722741436955323,85.0,-17.579941498132293,0.027140736335500733,35.48026311701096,-12.23716874360817,1.0,-0.05765511717052145,0.4457017003263253,0,1.928582991240546
8.24999999999999,928.7321818221037,638.3527144262596,-0.5749663373842411,85.0,-17.544289572662954,0.022446698150340172,35.91883564128739,-12.236016907416046,1.0,-0.047473603773295854,0.4191130670968928,0,1.9225419964641333
8.266666666666657,929.92106351797,637.5823218265556,-0.5778573361631814,85.0,-17.512492753933984,0.02533769692928045,36.33950941098195,-12.270752604002068,1.0,-0.050973431647029735,0.4332423685999209,0,1.9639589881990105
8.283333333333324,931.1077130446154,636.8084953955282,-0.5812000473149566,85.0,-17.476601523926764,0.028680408081055656,36.69716303620305,-12.385610251249744,1.0,-0.05892074136967635,0.4486644110504872,0,1.974499988136813
8.299999999999992,932.2917692682001,636.0307066685369,-0.5846562292055341,85.0,-17.439707942262764,0.024634170865375452,37.082448813114596,-12.516460844522662,1.0,-0.06091598497633485,0.4243512040351448,0,1.963999995496124
8.31666666666666,933.4731302459405,635.2488302814293,-0.5877940514127308,85.0,-17.404813063068605,0.027771993072572165,37.379222544142884,-12.584797830048235,1.0,-0.05531684161150485,0.43663422894097964,0,1.9662920094560832
8.333333333333327,934.6520320228233,634.4632508488401,-0.5907230287993228,85.0,-17.36547446354029,0.0307009704591642,37.704509983609285,-12.612760651013309,1.0,-0.05164187957951478,0.45325730259692903,0,1.988208998227492
8.349999999999994,935.828627801761,633.6742218142472,-0.5940320027153875,85.0,-17.326778799977777,0.026385519937428326,38.14646528382947,-12.708163338320295,1.0,-0.05832742219452805,0.4269351239584826,0,1.9457089947536588
8.366666666666662,937.0026062675195,632.881303781674,-0.5973418387322209,85.0,-17.28940365048813,0.02969535595426176,38.4876312424513,-12.79999749660899,1.0,-0.05834258402493605,0.4417078011297135,0,1.939375011716038
8.38333333333333,938.1739538789375,632.0845044231968,-0.6006899008408908,85.0,-17.247341412035244,0.03304341806293165,38.850091664889774,-12.895139418594763,1.0,-0.0590148420537415,0.45579395643580495,0,1.9077500037383288
8.399999999999997,939.3426271964831,631.2837877933575,-0.6038436619787557,85.0,-17.206520878620893,0.028444744446048498,39.309983291780654,-12.951514488889192,1.0,-0.05559725268565236,0.42958816391871363,0,2.0126250165048987
8.416666666666664,940.5087694372954,630.4793894351806,-0.6073026562061313,85.0,-17.16622959113875,0.03190373867342411,39.782232365677615,-13.06072370479774,1.0,-0.06096543036484351,0.4438213744832385,0,1.9488749967422336
8.433333333333332,941.672122298149,629.670962217932,-0.6107063955032748,85.0,-17.121040294905107,0.03530747797056755,40.24815500422836,-13.155711990285706,1.0,-0.05999390575515654,0.42008421354588205,0,1.9802919996436685
8.45,942.832716749856,628.8585799414689,-0.6138494836845433,85.0,-17.078351823137,0.030563918480896124,40.63648658610141,-13.199970780474283,1.0,-0.05540948602187122,0.4314911002073539,0,1.9318330159876496
8.466666666666667,943.9907520838818,628.0425538330678,-0.6170910244437002,85.0,-17.03505967960555,0.03380545924005307,40.95934087525361,-13.26023373508799,1.0,-0.05714138761391793,0.44820168821106715,0,2.062250016024336
8.483333333333334,945.1461361565762,627.2227781997336,-0.6205953037663547,85.0,-16.987177733551988,0.03730973856270759,41.36742698353777,-13.365508289742998,1.0,-0.061761573659533726,0.4239563131570889,0,1.924125012010336
8.500000000000002,946.2986404183133,626.3989588195766,-0.6240859771916464,85.0,-16.943152061547043,0.032773140165073156,41.767043958497844,-13.46422302320472,1.0,-0.06152238076607095,0.43818085019248093,0,1.9659590034279972
8.51666666666667,947.4482619799624,625.5711214506231,-0.6271609955564637,85.0,-16.8967317571981,0.03584815852989043,42.11061990044175,-13.484103703938013,1.0,-0.05421185925207386,0.4518669837591723,0,1.9463749777060002
8.533333333333337,948.5953324952548,624.7397528937296,-0.6307303101782924,85.0,-16.845957742445165,0.03941747315171917,42.560201763408415,-13.59232004161169,1.0,-0.06290480182319513,0.4259983373872348,0,1.9913750002160668
8.550000000000004,949.7394282940663,623.904295385782,-0.6344497898456204,85.0,-16.800620464120716,0.034962425657099616,43.0075220159753,-13.72338278965084,1.0,-0.06554385617626744,0.4428779825966315,0,1.9384589977562428
8.566666666666672,950.8804087188252,623.0645882256591,-0.6379748450951107,85.0,-16.75110045118508,0.03848748090658993,43.51686826717018,-13.814298924486259,1.0,-0.062126802651935695,0.45772767724710767,0,1.944875024491921
8.58333333333334,952.018422046669,622.2208642719313,-0.6413324737147993,85.0,-16.69715164775928,0.033516464287778325,43.99752299713867,-13.871466915204774,1.0,-0.05918307388405159,0.43223859218334354,0,1.945124997291714
8.600000000000007,953.1535960533542,621.373324055192,-0.6447140072624584,85.0,-16.649678879299046,0.03689799783543746,44.398833154489886,-13.93068804323217,1.0,-0.05960343919021333,0.4458307660710618,0,1.9740419811569154
8.616666666666674,954.2858975896055,620.5219500624911,-0.6481756652405783,85.0,-16.597418575987675,0.04035965581355738,44.847883257870336,-14.002021073837858,1.0,-0.06101226309714711,0.42292587642644186,0,2.0113329810556024
8.633333333333342,955.4152451819476,619.6666615380063,-0.6517393527691405,85.0,-16.542662892637203,0.0354334738683838,45.22481078363191,-14.088946510855058,1.0,-0.06280589198142028,0.43535859241403463,0,1.9577920029405504
8.65000000000001,956.5415376284177,618.8073538111303,-0.6553561928547597,85.0,-16.492475974734607,0.039050313954002935,45.66005269319797,-14.18204996285662,1.0,-0.06374012801869455,0.4517241732259286,0,1.9597909995354712
8.666666666666677,957.6647147362241,617.943978093992,-0.6591568797342511,85.0,-16.437168755713117,0.04285100083349436,46.13225536203987,-14.304644862507326,1.0,-0.06697064237818463,0.4267307652883413,0,1.9351250084582716
8.683333333333344,958.7846023189096,617.076339778453,-0.66255582223235,85.0,-16.380945810958202,0.037591487920555,46.53986754614506,-14.35004189351902,1.0,-0.05990956024369343,0.4397623184234063,0,1.9677499949466437
8.700000000000012,959.9015343856116,616.2049000485707,-0.6661402183372931,85.0,-16.327703744709467,0.0411758840254981,46.944047703964756,-14.427070504781737,1.0,-0.06316988946383909,0.45602100123596767,0,1.943042007042095
8.71666666666668,961.0153356987232,615.3294623983892,-0.6696548654694829,85.0,-16.269387724282844,0.04469053115768796,47.337314991906204,-14.488499652448047,1.0,-0.06194383593027973,0.4305194268962385,0,1.9754579989239573
8.733333333333347,962.1260532844984,614.4501155446993,-0.6734829601563855,85.0,-16.212855721635137,0.03968395490376797,47.74187566966232,-14.603999033026865,1.0,-0.06745212794259509,0.44491825124288864,0,1.9363339815754443
8.750000000000014,963.2333965170873,613.5665232124079,-0.677034429396982,85.0,-16.156651540108903,0.04323542414436443,48.098514842132445,-14.665136983289493,1.0,-0.06259112163768019,0.46051158826489225,0,1.9381659803912044
8.766666666666682,964.3375947218673,612.6790037652943,-0.6804709364637962,85.0,-16.09542043663522,0.04667193121117863,48.39824209213265,-14.703131820278749,1.0,-0.06057006171193641,0.4352094106013473,0,1.9846670038532466
8.78333333333335,965.4387364457459,611.7876949813266,-0.6842644793140327,85.0,-16.038634879693447,0.04144667757250531,48.747025942158515,-14.803961776676168,1.0,-0.06684513481034889,0.4491513203971491,0,1.9359169818926603
8.800000000000017,966.5364890364318,610.8922153924544,-0.6878508679590511,85.0,-15.979935562380636,0.045033066217523794,49.094121055094334,-14.863514517209513,1.0,-0.06320491173114073,0.42485757926023776,0,1.936125016072765
8.816666666666684,967.6310230364329,609.9928046035009,-0.6916544721356668,85.0,-15.916160279475363,0.048836670394139414,49.41161629484674,-14.95986136623796,1.0,-0.06702189336198246,0.43889193466634946,0,1.9347500056028366
8.833333333333352,968.7221281245259,609.089237156554,-0.6953126922563663,85.0,-15.859140440583298,0.04328376535666423,49.746035787528704,-15.026238084780793,1.0,-0.06446736725602745,0.4553722656209902,0,1.9265419978182763
8.85000000000002,969.8099204704871,608.1816842619453,-0.698637170481689,85.0,-15.79784091779519,0.046608243581987,50.032558641415335,-15.029820456176079,1.0,-0.05860009352886702,0.42997060697621836,0,1.942665985552594
8.866666666666687,970.89468967095,607.2705200472334,-0.7027382139509227,85.0,-15.733786348742324,0.04129732423946452,50.37089484684648,-15.173152061480332,1.0,-0.072245399874416,0.44505828635037775,0,2.003417001105845
8.883333333333354,971.9757130357214,606.3549148215695,-0.7065446164599868,85.0,-15.675298434265635,0.045103726748528576,50.68919072160565,-15.257835494692408,1.0,-0.06707105404677578,0.46136840489227776,0,1.9160000083502382
8.900000000000022,973.0532434155781,605.4352014287508,-0.7101190101102903,85.0,-15.611423150586283,0.048678120398832125,50.94003872223973,-15.29738135052715,1.0,-0.06299407703592702,0.4342056190949776,0,1.908209000248462
8.91666666666669,974.1274795013106,604.5116424016419,-0.713793238410223,85.0,-15.54760296263845,0.04273072061553851,51.166510155077404,-15.35333659873438,1.0,-0.06474868697520761,0.45059844865670107,0,1.9174999906681478
8.933333333333357,975.1983149769037,603.5841426287816,-0.7173737782536285,85.0,-15.48708619543062,0.04631126045894396,51.27670126287511,-15.390185969612743,1.0,-0.06310210869390756,0.4252230518062517,0,1.942333998158574
8.950000000000024,976.2658226455109,602.6528146404181,-0.72111953674497,85.0,-15.421502025734906,0.05005701895028547,51.40560538637577,-15.455331372843975,1.0,-0.06600559671051164,0.44036915317996733,0,1.9612919713836163
8.966666666666692,977.3298343036205,601.7174945690782,-0.7251415903427514,85.0,-15.359236980823269,0.04423862025095138,51.62508929562227,-15.56767889964262,1.0,-0.07085858555332643,0.4544457889892126,0,1.918082998599857
8.98333333333336,978.3900754582132,600.7779025626454,-0.7290500947628797,85.0,-15.29658604202884,0.048147124671079726,51.90637340314044,-15.655186727972126,1.0,-0.06886454117255007,0.4312301171984291,0,1.954292005393654
9.000000000000027,979.4466361243186,599.83417378631,-0.7326314622364515,85.0,-15.228403965201327,0.05172849214465147,52.160709840224506,-15.680309190647442,1.0,-0.063116655839665,0.4476074731703298,0,2.0731250115204602
9.016666666666694,980.4998101822873,598.8866671382773,-0.7363195340230573,85.0,-15.16765099370583,0.04534778465000333,52.35409076639364,-15.723632069846026,1.0,-0.06499195719907855,0.4220233955762225,0,1.9598340149968863
9.033333333333362,981.5494826130797,597.9352827614458,-0.7402538853236106,85.0,-15.103430314865125,0.04928213595055664,52.51488386182237,-15.809595804023063,1.0,-0.06931848868805743,0.43726538505289503,0,1.9387920037843287
9.05000000000003,982.5954038491759,596.9797759784624,-0.7440731664679741,85.0,-15.035832999868823,0.0427944520460698,52.76063616636574,-15.871455271467436,1.0,-0.06729729979114978,0.45173113559181644,0,1.975624996703118
9.066666666666697,983.6376681167353,596.0202815068716,-0.7479504388694997,85.0,-14.975226029005578,0.046671724447595486,52.98583318102031,-15.941315372893001,1.0,-0.06831597682197102,0.4275769051200913,0,1.9343330059200525
9.083333333333364,984.6762043378865,595.0567531150732,-0.7516754559888942,85.0,-14.90913175377834,0.05039674156698992,53.19936150136476,-15.98098619377924,1.0,-0.06564115609397983,0.4423360698326925,0,1.9328749913256615
9.100000000000032,985.7111442023561,594.0893628518515,-0.7554947491760188,85.0,-14.84432043776442,0.04366065742917746,53.45191239198462,-16.03605094276015,1.0,-0.06729751134942671,0.45854262286627817,0,1.9505840027704835
9.1166666666667,986.7423817804416,593.1180269151187,-0.7593876357872241,85.0,-14.782487488983627,0.047553544040382804,53.62200702920245,-16.102187683060393,1.0,-0.0685902325566081,0.4358141315481795,0,2.003916015382856
9.133333333333367,987.7698302534455,592.1426838576429,-0.7633349647297123,85.0,-14.715145355528964,0.05150087298287098,53.7842572819587,-16.17551845902893,1.0,-0.0695464036097502,0.4487124975369969,0,1.9514999876264483
9.150000000000034,988.7934207320325,591.1632927322029,-0.7669238866844523,85.0,-14.65358972485524,0.04427540004908604,53.934090319552716,-16.181375414048652,1.0,-0.06324943871687917,0.4276160258803036,0,1.926416007336229
9.166666666666702,989.8134896677525,590.1802343357566,-0.7709581139715183,85.0,-14.590886732366783,0.04830962733615196,54.10389412048373,-16.26717242022724,1.0,-0.07107233527470062,0.44014773200166457,0,1.932416984345764
9.183333333333369,990.8295844324277,589.1930687601595,-0.7748574842310159,85.0,-14.523470170757156,0.04112459089784548,54.25933953605766,-16.32531030108386,1.0,-0.06870411154160387,0.4563446588410196,0,1.9401249883230776
9.200000000000037,991.8418221578755,588.2019485698572,-0.7787364962837751,85.0,-14.465226754079804,0.045003602950604675,54.44687073934068,-16.377474652586976,1.0,-0.06834653343062164,0.4313881114499353,0,2.040749997831881
9.216666666666704,992.8502077103742,587.2069093636163,-0.7828467003816173,85.0,-14.401493168513934,0.04911380704844692,54.72056658368177,-16.46920004969643,1.0,-0.0724062138620634,0.44787881304898564,0,1.9290829950477928
9.233333333333372,993.8544949424565,586.207733903589,-0.7864159314988,85.0,-14.338380580620615,0.04131722740508803,54.81854673221186,-16.459861771504464,1.0,-0.06290333403507392,0.42165388072493154,0,1.9848340016324073
9.250000000000039,994.8552094969605,585.2049802823797,-0.7901699641057879,85.0,-14.279864494044606,0.04507126001207595,54.812788753321314,-16.484121339687043,1.0,-0.06615097389726347,0.43538823235685753,0,1.9609169976320118
9.266666666666707,995.8521526391082,584.1984770207014,-0.7940609433368362,85.0,-14.216035158165734,0.048962239243124255,54.871717064888394,-16.532051628942202,1.0,-0.06855673093737004,0.4522495141214903,0,1.9167079881299287
9.283333333333374,996.8451719611405,583.1881023028293,-0.7982083428425262,85.0,-14.159134690567132,0.041450626040984706,55.00550068538661,-16.62424592730296,1.0,-0.07305913717900937,0.42760065452802065,0,1.9472090061753988
9.300000000000042,997.8339923271685,582.173617838595,-0.8019874925648529,85.0,-14.100429784394878,0.04522977576331144,55.04891740159499,-16.64649628266775,1.0,-0.066592267395873,0.4439547448434632,0,1.93425000179559
9.316666666666709,998.8189717524967,581.155403727455,-0.8056535651183576,85.0,-14.038473236038456,0.03693142429306706,55.08011440264295,-16.647441208207685,1.0,-0.06460536325440426,0.45828144458281445,0,1.9592500175349414
9.333333333333377,999.8002117202825,580.1335854608028,-0.8098270609804699,85.0,-13.986165610839743,0.0411049201551793,55.17786277152499,-16.73968162498005,1.0,-0.07351719198768493,0.4358499979212572,0,1.932165992911905
9.350000000000044,1000.777178600501,579.1076809041307,-0.8137132948443344,85.0,-13.92795003749784,0.044991154019043855,55.234165537115466,-16.776571250678934,1.0,-0.06847338165893761,0.4505100922029509,0,1.9060000195167959
9.366666666666712,1001.7501512082607,578.0779873822545,-0.8174074486489569,85.0,-13.873121025804403,0.036402847947090144,55.276568762630355,-16.777359595815845,1.0,-0.06509883346701473,0.42683194040128963,0,1.9043329812120646
9.383333333333379,1002.7193133394704,577.0447065840813,-0.8213661433094467,85.0,-13.821561713759571,0.04036154260757996,55.31365102196784,-16.82570900055331,1.0,-0.06974600378441549,0.44136121824015717,0,1.954499981366098
9.400000000000047,1003.6843774441977,576.0075972753721,-0.8254054774813825,85.0,-13.764398385041815,0.04440087677951576,55.29813074345191,-16.886649703556323,1.0,-0.07116200173711501,0.4550560629069501,0,1.9524579984135926
9.416666666666714,1004.6452444561577,574.9665982216877,-0.8295983311410845,85.0,-13.717868337496256,0.035980193945514445,55.372623599680175,-16.972814481365816,1.0,-0.07385694867304225,0.43462298491939677,0,1.9351250084582716
9.433333333333382,1005.6017382781953,573.9215795554198,-0.8335588521285451,85.0,-13.66690739318969,0.03994071493297502,55.553402041256604,-17.013757934363596,1.0,-0.0697780764864916,0.44708569759679573,0,1.9368749926798046
9.450000000000049,1006.5540857910524,572.8727808811266,-0.8374671200718592,85.0,-13.616532267193934,0.03089091486286244,55.6374369554905,-17.04364161154153,1.0,-0.06886038781013666,0.4255761475940745,0,1.9482500210870057
9.466666666666717,1007.5023270547723,571.8202681970114,-0.8411002985400663,85.0,-13.572777097464728,0.03452409333106954,55.618769209318465,-17.02273280586476,1.0,-0.06402727732655578,0.4382570641875268,0,2.0444160036277026
9.483333333333384,1008.4467381021047,570.764317337302,-0.8451390225443498,85.0,-13.523877680571935,0.03856281733535305,55.52265282605177,-17.075621993547124,1.0,-0.07115128850028084,0.4545804224883566,0,2.031291980529204
9.500000000000052,1009.386876764675,569.7045608843446,-0.8494411232285601,85.0,-13.484078398325321,0.029797162958890566,55.6549372224506,-17.17381668958255,1.0,-0.07577406577546744,0.429236068810519,0,2.1863750007469207
9.516666666666719,1010.3224475622847,568.6407696796881,-0.8533414669374538,85.0,-13.44187199708664,0.03369750666778426,55.81291337220773,-17.195824188370878,1.0,-0.06872120908075324,0.446120284742083,0,2.0297919982112944
9.533333333333387,1011.2538621028206,567.5733375281568,-0.857150985706464,85.0,-13.39903820643925,0.024784405228191142,55.92159061400386,-17.20054856465267,1.0,-0.06712579965205756,0.4603935076457387,0,1.953084021806717
9.550000000000054,1012.1812034918386,566.5023648895434,-0.8610845071151713,85.0,-13.363930560200117,0.028717926636898428,56.00371449953162,-17.227357245063025,1.0,-0.06930391378116789,0.4368386347222658,0,1.95087498286739
9.566666666666721,1013.1043250237404,565.4277528284797,-0.8648225156324895,85.0,-13.323252422676823,0.03245593515421663,55.89740384312168,-17.2178357284331,1.0,-0.06586942621949965,0.4518107660368654,0,1.9562919915188104
9.583333333333389,1014.0234232067136,564.3496976469144,-0.8690870962656779,85.0,-13.28981690219535,0.024344614471625836,55.9108467940212,-17.30344014556126,1.0,-0.07511570884027799,0.42902701285077366,0,1.9440000178292394
9.600000000000056,1014.9379155927284,563.2677327120088,-0.8730133622612353,85.0,-13.25533210489088,0.02827088046718318,55.942152159549735,-17.324762981939614,1.0,-0.06917648993264482,0.4451563834885708,0,1.9347499764990062
9.616666666666724,1015.8481528588261,562.1821855855093,-0.8772409303942891,85.0,-13.218371018163989,0.02025823672254468,55.924247815725266,-17.399444726354467,1.0,-0.07446619387125841,0.4587488383263546,0,1.953125
9.633333333333391,1016.7537927801355,561.0928000810275,-0.8812903348129727,85.0,-13.189673812438134,0.024307641141228298,56.02160240468754,-17.439103851543564,1.0,-0.07133881133157446,0.4361026369676961,0,1.952458987943828
9.650000000000059,1017.6550139258406,559.9997562159523,-0.8850077837961069,85.0,-13.15524137852131,0.0280250901243625,55.997616421749626,-17.417361786307016,1.0,-0.06550817421861059,0.4513150180082084,0,1.9216249929741025
9.666666666666726,1018.552165518927,558.9033696675731,-0.8889625041284532,85.0,-13.126509177841392,0.019869744840835254,55.937534384909895,-17.439130501414414,1.0,-0.06967620886188418,0.4277399056109072,0,1.9346249755471945
9.683333333333394,1019.4449742055082,557.8034437184249,-0.8929750321294656,85.0,-13.098362224836759,0.02388227284184763,55.874405850044646,-17.47039877065995,1.0,-0.0706913274048264,0.44243353675829544,0,1.978874992346391
9.700000000000061,1020.3333622329922,556.6999442136367,-0.8970374320895871,85.0,-13.06622177526517,0.015959211975711707,55.82139648966546,-17.509370594333465,1.0,-0.07156697554230577,0.4578403677566635,0,1.9440409960225224
9.716666666666729,1021.2172600858968,555.5928448368529,-0.901364073616288,85.0,-13.04361385135441,0.020285853502412635,55.947311337770074,-17.594334137830845,1.0,-0.076204643536466,0.4337699532493788,0,2.002207998884842
9.733333333333396,1022.0963596584138,554.4819315251833,-0.9052607772484542,85.0,-13.014877529895916,0.02418255713457884,56.04676903657022,-17.598545737599277,1.0,-0.0686572750383995,0.4504658580601838,0,1.9705420127138495
9.750000000000064,1022.9711236677024,553.367601065895,-0.9092924554351409,85.0,-12.990011887530653,0.016347842846167415,56.05093691526135,-17.626830822519835,1.0,-0.07102757785270583,0.42424690055394354,0,1.9330829964019358
9.766666666666731,1023.8413879579713,552.2497529055765,-0.9132089026014708,85.0,-12.966853475052623,0.0202642900124973,56.05089429856399,-17.633198452963185,1.0,-0.06900404227565249,0.44130140650073946,0,1.9499579793773592
9.783333333333399,1024.707267591881,551.1285049829364,-0.9168396118403892,85.0,-12.938427453506153,0.012142146303597333,55.87342453252924,-17.587757179193865,1.0,-0.06398388096123761,0.4523657188407925,0,1.9562079978641123
9.800000000000066,1025.5690706025148,550.0041207001813,-0.921306392194333,85.0,-12.92122650224426,0.0166089266575411,55.871111505545905,-17.694541882868485,1.0,-0.07866288171117117,0.4327127156576376,0,1.9954160088673234
9.816666666666734,1026.425842654838,548.8758981623803,-0.9253029339601156,85.0,-12.897698271249837,0.02060546842332378,55.77023836752315,-17.71250519854614,1.0,-0.07041061923074655,0.44786567714090214,0,1.9507079850882292
9.833333333333401,1027.2780988883505,547.7442605185721,-0.9292921596954798,85.0,-12.876329328603106,0.012949861412255292,55.70206013635483,-17.728384228737667,1.0,-0.07028215065640225,0.4230298812762278,0,1.960749999852851
9.850000000000069,1028.125833994464,546.6092320456662,-0.9337606041862251,85.0,-12.857984204355361,0.01741830590300053,55.782727722436576,-17.82983188767801,1.0,-0.07869206741924988,0.4383327350661965,0,2.004374982789159
9.866666666666736,1028.9684888423815,545.4704268596375,-0.937508841637448,85.0,-12.833309518742869,0.02116654335422341,55.75856532915962,-17.797630734324816,1.0,-0.06604915262112877,0.45493823276494894,0,1.923790987348184
9.883333333333404,1029.806869268704,544.3284712102345,-0.9415745367138282,85.0,-12.818541584095794,0.013689917290910958,55.837336203879495,-17.82377832169533,1.0,-0.07162482709091654,0.4297484822202949,0,1.9265419978182763
9.900000000000071,1030.6405999352035,543.1831164092305,-0.9458391616541114,85.0,-12.79914814038012,0.017954542231194193,55.88928681565812,-17.884655692073956,1.0,-0.07511648632671877,0.44683199646773125,0,1.9580000080168247
9.916666666666739,1031.4694385263297,542.034216485693,-0.9495256289151185,85.0,-12.7799824024226,0.010195702724451694,55.80286214655279,-17.83898487832284,1.0,-0.06496376142335472,0.46019743751312747,0,1.9380839949008077
9.933333333333406,1032.294036113126,540.8822688895351,-0.9541193149257475,85.0,-12.765538740474726,0.014789388735080733,55.87993513871618,-17.958321157029417,1.0,-0.08088817002022844,0.43803970772750755,0,1.9195420027244836
9.950000000000074,1033.1133333326818,539.72654551845,-0.9578007826316273,85.0,-12.744587870202881,0.01847085644096047,55.80562580256392,-17.908762689583163,1.0,-0.06487590529993116,0.4529534706975173,0,1.9291249918751419
9.966666666666741,1033.928370251536,538.5678137697917,-0.961858039110762,85.0,-12.731967975990571,0.011174334715213896,55.79331632228903,-17.92873386721777,1.0,-0.07147667174816948,0.42810853306136326,0,1.9422910118009895
9.983333333333409,1034.738699203107,537.4057847535057,-0.9662682187720915,85.0,-12.71613799791919,0.015584514376543401,55.90326336239518,-18.011382666444806,1.0,-0.07767013651233892,0.4438919628027041,0,1.9919589976780117
10.000000000000076,1035.5438955342483,536.2401933530738,-0.9704465477065725,85.0,-12.698811073643096,0.008495118827123394,55.96864386678178,-18.049051269584286,1.0,-0.07360202082893258,0.4586572587459861,0,1.9311670039314777
10.016666666666744,1036.3442146265638,535.0712477619876,-0.9747150593152542,85.0,-12.686776466722893,0.012763630435805083,56.044014345042804,-18.101426207182893,1.0,-0.07518468796139016,0.4379925430048301,0,1.956416992470622
10.033333333333411,1037.1395367852335,533.8988966591292,-0.9784550035410525,85.0,-12.66869514788698,0.01650357466160346,55.92963619716175,-18.056517249209385,1.0,-0.06590343770795751,0.45056332350257794,0,1.952749997144565
10.050000000000079,1037.9304688642349,532.7235793016248,-0.9826536648651638,85.0,-12.657248436886148,0.009515100401634169,55.94356388021346,-18.095878127059386,1.0,-0.07395887805756862,0.4273672769122568,0,1.9560829969123006
10.066666666666746,1038.716459226638,531.5449514576242,-0.9872426753029956,85.0,-12.643768914718784,0.014104110839465944,55.985959292305125,-18.203876253609458,1.0,-0.08080619804620216,0.4437652552265733,0,1.9309580093249679
10.083333333333414,1039.4970325964691,530.3627291186561,-0.9910716056629321,85.0,-12.627070628895881,0.006821038312982752,55.921866146249336,-18.170828697133928,1.0,-0.06746680810439229,0.4578915063390268,0,1.945166994119063
10.100000000000081,1040.273073608483,529.1775266920146,-0.9952913900753433,85.0,-12.617407566217745,0.011040822725393973,55.98815679945305,-18.209361919988893,1.0,-0.07432959298646592,0.4351390144064643,0,2.083083993056789
10.116666666666749,1041.044106427306,527.9890601015113,-0.9993280244341031,85.0,-12.601766718464022,0.015077457084153756,55.89183800555063,-18.21336096033049,1.0,-0.07111459867751876,0.4506273172493652,0,1.9447910017333925
10.133333333333416,1041.8103355723272,526.7974908245642,-1.0038566888382503,85.0,-12.590801197846982,0.008563801889755807,55.971459969958374,-18.305676860416405,1.0,-0.079748116269229,0.4274951306692922,0,1.9792910024989396
10.150000000000084,1042.5711606612167,525.6024637836313,-1.0077046436064043,85.0,-12.578669293460827,0.012411756657909834,55.94586136049381,-18.271829533981453,1.0,-0.06780099957107281,0.44078489337317783,0,1.945916999829933
10.166666666666751,1043.327381718785,524.4045179766206,-1.0118419489218116,85.0,-12.562968543208115,0.005570980821488103,55.92647440042283,-18.291318184485746,1.0,-0.07288195123109469,0.45557146826838807,0,1.9442079938016832
10.183333333333419,1044.078640050718,523.203453713916,-1.0166453848317307,85.0,-12.555076361201245,0.010374416731407266,56.136775899030184,-18.42979809740055,1.0,-0.08456436083805134,0.4357469364980578,0,2.0673339895438403
10.200000000000086,1044.824120502753,521.9987946998883,-1.0204429020479597,85.0,-12.540379534468084,0.014171933947636273,56.0195894023916,-18.381853782801834,1.0,-0.06691495743465652,0.44984900776531495,0,1.9511659920681268
10.216666666666754,1045.5650208771065,520.7913134040799,-1.024459467488331,85.0,-12.529251455081132,0.007269213813732245,55.92686750022667,-18.37513406267412,1.0,-0.0707622205216936,0.4243796000781606,0,1.9622909894678742
10.233333333333421,1046.3010653604679,519.5808659814473,-1.0290269648214343,85.0,-12.518953492872143,0.011836711146835599,55.94258595749929,-18.467740502523775,1.0,-0.08042901706088396,0.44064464981918094,0,1.9400840101297945
10.250000000000089,1047.0315734699996,518.3670693154637,-1.0329513533122112,85.0,-12.502755988282034,0.004895165797934142,55.850699536026724,-18.440957617000464,1.0,-0.0691435157187965,0.0,0,1.9179999944753945
10.266666666666756,1047.7573125568852,517.1504152059441,-1.0374711136572858,85.0,-12.495821197764306,0.009414926143008762,55.92467322403556,-18.522289434502813,1.0,-0.07959198106368354,0.0,0,1.9945829990319908
10.283333333333424,1048.477545264724,515.9304933678728,-1.041380555556285,85.0,-12.482483582773272,0.013324368042007873,55.752298653189506,-18.490557937013307,1.0,-0.06888100656675215,0.0,0,2.1261250076349825
10.300000000000091,1049.193003267248,514.7077651515186,-1.0456658595623987,85.0,-12.471225306173583,0.006791641851218833,55.76102858636132,-18.527642978779717,1.0,-0.07547934587985926,0.0,0,1.9898329919669777
10.316666666666759,1049.9032149544205,513.4819822164734,-1.0499853954298874,85.0,-12.461603887518313,0.011111177718707621,55.742000013534586,-18.56938261652599,1.0,-0.07607997513727678,0.0,0,1.949833007529378
10.333333333333426,1050.6081252190115,512.2531429416622,-1.0542104838952118,85.0,-12.445863376304098,0.015336266184031944,55.62070134505924,-18.592439500047302,1.0,-0.07442267709168349,0.0,0,1.9587500137276947
10.350000000000094,1051.3078372526056,511.0213363357017,-1.0588975210367446,85.0,-12.438771731900392,0.00924772084392167,55.72977511839899,-18.697626005801645,1.0,-0.08252456925011119,0.0,0,1.9767500052694231
10.366666666666761,1052.0017680982917,509.7862636957934,-1.0630708632085075,85.0,-12.425670980770192,0.013421063015684576,55.65654287498994,-18.706275911643665,1.0,-0.0735144944368686,0.0,0,1.9585420086514205
10.383333333333429,1052.6905385351931,508.54830580891075,-1.067545051181803,85.0,-12.413081293582964,0.00715664857818088,55.749190525580616,-18.76864934563858,1.0,-0.07879279584924376,0.0,0,1.9676670199260116
10.400000000000096,1053.3737632402704,507.30727863482605,-1.0719153919817739,85.0,-12.402942794642732,0.011526989378151775,55.904629880481,-18.809861332301416,1.0,-0.07697129255406902,0.0,0,1.9449169922154397
10.416666666666764,1054.051557726176,506.0632773971577,-1.0762869751959325,85.0,-12.386613254651017,0.015898572592310423,55.91145925608055,-18.849631229905654,1.0,-0.07699308783385377,0.0,0,1.9354580144863576
10.433333333333431,1054.7239074979075,504.8163250208028,-1.0808047017548523,85.0,-12.37755914154449,0.009709193288344187,56.12793148536366,-18.91408022169622,1.0,-0.07955631749979572,0.0,0,1.9331249932292849
10.450000000000099,1055.390617037665,503.56634788739564,-1.0849387787346383,85.0,-12.36380466715721,0.013843270268130148,56.106399573552444,-18.906933350308584,1.0,-0.07282528244803138,0.0,0,1.9522499933373183
10.466666666666766,1056.0521533932267,502.3136252146885,-1.0893435324756857,85.0,-12.349583011153593,0.007566910863082255,56.17746832120746,-18.94869503049236,1.0,-0.07757496074813662,0.0,0,1.9693750073201954
10.483333333333434,1056.7081654142464,501.0580007992194,-1.0937399533435685,85.0,-12.338863323063169,0.011963331730965088,56.26880712550583,-18.987270178707938,1.0,-0.07742879154450096,0.0,0,1.972583995666355
10.500000000000101,1057.3586508598073,499.79950442276146,-1.0980672243892797,85.0,-12.321915674045911,0.016290602776676266,56.30248796859421,-19.011838335629086,1.0,-0.07621568829840888,0.0,0,1.9590419833548367
10.516666666666769,1058.0036843771834,498.5382050110808,-1.1028946845556518,85.0,-12.311329647902486,0.01045741368864217,56.55228230338673,-19.125324348281236,1.0,-0.08498527870578114,0.0,0,1.9660410180222243
10.533333333333436,1058.6426215295053,497.27380643475004,-1.1072018314064849,85.0,-12.296515248524557,0.01476456053947528,56.56775857194341,-19.140797830392877,1.0,-0.0758626048579563,0.0,0,1.990042015677318
10.550000000000104,1059.2761068217028,496.0066675990206,-1.1119282667895156,85.0,-12.280141949186078,0.008845251808086374,56.74860263918466,-19.231003879053617,1.0,-0.08321506857269499,0.0,0,1.9537500047590584
10.566666666666771,1059.903596010609,494.73654880054136,-1.116317543235586,85.0,-12.267611339188766,0.01323452825415683,56.947363761253385,-19.257026354733956,1.0,-0.07730346665056481,0.0,0,1.9637500226963311
10.583333333333439,1060.5255042703754,493.4636880222633,-1.1205645532363258,85.0,-12.248862971477928,0.01748153825489651,56.98641182346682,-19.2563647640866,1.0,-0.07480737795273457,0.0,0,1.9272500067017972
10.600000000000106,1061.1420010852376,492.188197480664,-1.1255126528892079,85.0,-12.235830415576713,0.011793205084150713,57.25058426232926,-19.38170845805581,1.0,-0.08709848794977926,0.0,0,1.958541019121185
10.616666666666774,1061.7521791245042,490.90967207816266,-1.1302692988596776,85.0,-12.219123762306465,0.01654985105462048,57.40880189250282,-19.467748065159448,1.0,-0.0837444898944643,0.0,0,1.9601249950937927
10.633333333333441,1062.356268791166,489.628258749421,-1.134443451184747,85.0,-12.199591242949923,0.010091247499762535,57.65943268305693,-19.445618168228588,1.0,-0.07352871411864316,0.0,0,1.9676660012919456
10.650000000000109,1062.95500439625,488.34433502908195,-1.1391541232320164,85.0,-12.185295551624247,0.014801919547031916,57.704097725412225,-19.52076977797869,1.0,-0.08293880756061994,0.0,0,1.9398329895921052
10.666666666666776,1063.5476852370339,487.0576051174796,-1.1439725729205974,85.0,-12.16432693131192,0.019620369235612948,57.902408183794634,-19.612317448571353,1.0,-0.08482741382826982,0.0,0,1.936875021783635
10.683333333333444,1064.1341591782098,485.76803435138487,-1.1486246803098528,85.0,-12.14775327846581,0.013637717218811131,58.13115975035571,-19.670361588439008,1.0,-0.08191231933129904,0.0,0,1.9727910112123936
10.700000000000111,1064.7146275730815,484.47574920986256,-1.1535090729089612,85.0,-12.128433777949196,0.018522109817919574,58.4763839570667,-19.767835710284587,1.0,-0.08598264469686308,0.0,0,1.9572080054786056
10.716666666666779,1065.2887770408822,483.1806442592625,-1.1580593020261079,85.0,-12.105726164819917,0.012429843567934862,58.82909382367285,-19.801410552504763,1.0,-0.08012624347803737,0.0,0,1.9616250065155327
10.733333333333446,1065.8570275610093,481.8829402133338,-1.162668853052257,85.0,-12.088117673195171,0.0170393945940841,59.03671464945049,-19.844276565907627,1.0,-0.08116630677524427,0.0,0,1.9681660050991923
10.750000000000114,1066.4192902322318,480.5826305836709,-1.1674344529764555,85.0,-12.063979698933604,0.02180499451828255,59.295881068877016,-19.91346095478924,1.0,-0.08390139321008064,0.0,0,1.9798749999608845
10.766666666666781,1066.9753497866918,479.27965621080773,-1.1723616640319343,85.0,-12.044082914029651,0.016076183791627896,59.60872386650062,-20.008937360136116,1.0,-0.08673264333098327,0.0,0,2.0119169785175472
10.783333333333449,1067.5249825875649,477.973957842635,-1.176944087460664,85.0,-12.0213093013038,0.020658607220357617,59.836566906480485,-20.038687444345868,1.0,-0.08069071299326638,0.0,0,1.9525839888956398
10.800000000000116,1068.068626375834,476.6657545419509,-1.1817392668295583,85.0,-11.995479419960397,0.014778383658135663,60.27189475124531,-20.105453341717958,1.0,-0.0844196948646066,0.0,0,1.9604999979492277
10.816666666666784,1068.605990868474,475.35495942199736,-1.1867355539257445,85.0,-11.974544138510517,0.01977467075432182,60.583868110959195,-20.205694844021526,1.0,-0.08794235750008968,0.0,0,1.9606669957283884
10.833333333333451,1069.136799572548,474.04149584651316,-1.1916897444584047,85.0,-11.946531847335,0.02472886128698204,61.02166963227171,-20.29443317274949,1.0,-0.0872051597239284,0.0,0,1.9449170213192701
10.850000000000119,1069.6610946403578,472.72541867312447,-1.1962274463304903,85.0,-11.922586772070295,0.018565853601926197,61.331552824128565,-20.304814558468593,1.0,-0.07990658685269364,0.0,0,1.9636250217445195
10.866666666666786,1070.1794123650066,471.40697596266665,-1.2012373362302107,85.0,-11.896286657096807,0.023575743501646595,61.715129661613716,-20.39957064541277,1.0,-0.08818055023968722,0.0,0,1.9316670077387244
10.883333333333454,1070.6911183598538,470.0859530940978,-1.2063748047650014,85.0,-11.866555275478373,0.017981192974172444,62.22341038432583,-20.513502108729295,1.0,-0.09041403205457722,0.0,0,1.9745829922612756
10.900000000000121,1071.1960309182718,468.7623187968706,-1.2112378125288281,85.0,-11.841083291431035,0.0228442007379992,62.69712114245958,-20.573671406619667,1.0,-0.08560803627605022,0.0,0,1.9255410006735474
10.916666666666789,1071.694500687909,467.4362447668096,-1.2159817396814159,85.0,-11.808723488424581,0.027588127890586955,63.15110167555186,-20.610039143099232,1.0,-0.0835216064218952,0.0,0,1.949083001818508
10.933333333333456,1072.1866740735625,466.10782096286033,-1.2210653885380078,85.0,-11.781187522628661,0.021902361048699248,63.55316328622679,-20.705948651827356,1.0,-0.0894719357065328,0.0,0,1.937208988238126
10.950000000000124,1072.6720878884275,464.7769122985326,-1.2260585707745473,85.0,-11.750161658535822,0.026895543285238688,63.96521000669466,-20.781834907181594,1.0,-0.08788798825818776,0.0,0,1.9907079986296594
10.966666666666791,1073.150850210281,463.4435964756242,-1.2309022019275806,85.0,-11.716331318073053,0.02092618368524035,64.40854002595283,-20.8278477891836,1.0,-0.08526858608383553,0.0,0,1.9448329985607415
10.983333333333459,1073.6231488512763,462.1079773539587,-1.2358201107626476,85.0,-11.686688054785867,0.02584409252030739,64.87161684962032,-20.885346613331798,1.0,-0.08656971597835211,0.0,0,1.9606669957283884
11.000000000000126,1074.0888733542147,460.7700516714908,-1.2406843198420978,85.0,-11.650079665927906,0.03070830159975757,65.33970524140229,-20.93089695708827,1.0,-0.08562908093778004,0.0,0,1.9405409984756261
11.016666666666794,1074.548084422931,459.4298764445847,-1.2457875358126775,85.0,-11.61899934404604,0.02494867484540286,65.70352824108164,-21.017532616675688,1.0,-0.08981447032564127,0.0,0,1.9874580029863864
11.033333333333461,1075.0004503381501,458.0873752255192,-1.2509374869213696,85.0,-11.583659054461526,0.030098625954094956,66.1024647818744,-21.109136102828828,1.0,-0.09063251261262802,0.0,0,1.9363750179763883
11.050000000000129,1075.4458964694788,456.7425621572719,-1.2560590537508458,85.0,-11.546321096575028,0.024301115289010466,66.54874269042227,-21.192030242691814,1.0,-0.09013569443501335,0.0,0,1.9456660083960742
11.066666666666796,1075.8844492388032,455.3954853543529,-1.2612666279568765,85.0,-11.51189790488515,0.02950868949504115,67.00890986084607,-21.2870838789627,1.0,-0.09164096797755289,0.0,0,2.024749992415309
11.083333333333464,1076.315981090916,454.04614303119826,-1.266192687314662,85.0,-11.47009999472729,0.03443474885282671,67.39549581965548,-21.327841782005695,1.0,-0.08671247172459136,0.0,0,1.9439590105321258
11.100000000000131,1076.740860793755,452.6946913367009,-1.2715134272615458,85.0,-11.435089370064842,0.028773680316734,67.81368754156202,-21.437796370903644,1.0,-0.09362092314701549,0.0,0,1.9809170044027269
11.116666666666799,1077.1585437932893,451.34099810840115,-1.2765640230199196,85.0,-11.394332280792733,0.03382427607510774,68.29932004382671,-21.494941355755294,1.0,-0.08889327268643345,0.0,0,1.9999579817522317
11.133333333333466,1077.5693845373876,449.9852126064012,-1.281566593289015,85.0,-11.353231907230906,0.02777568954569953,68.77647243982656,-21.541171866435022,1.0,-0.08805238063614271,0.0,0,1.949875004356727
11.150000000000134,1077.9734377567515,448.62738881799345,-1.2865607570978557,85.0,-11.313888073051949,0.03276985335454019,69.2206829332655,-21.584022256575217,1.0,-0.08790517664119386,0.0,0,1.9448749953880906
11.166666666666801,1078.3707047710107,447.2675640631717,-1.2911320186593527,85.0,-11.267472422517725,0.0373411149160372,69.50050564967273,-21.549130811620543,1.0,-0.08049501548697494,0.0,0,1.9852079858537763
11.183333333333469,1078.7617515415625,445.9059375109609,-1.2966918066748334,85.0,-11.230230212995863,0.03177365156180456,69.87366226928029,-21.692984750382074,1.0,-0.09780088622437053,0.0,0,2.042834006715566
11.200000000000136,1079.145221952274,444.54215787753276,-1.3023902938465746,85.0,-11.185225113437063,0.03747213873354571,70.31192355438807,-21.85607104681378,1.0,-0.10022460006383835,0.0,0,1.9692909845616668
11.216666666666804,1079.5209146981456,443.1762151974968,-1.3072643656216185,85.0,-11.14102715994535,0.031135981447546254,70.76847422807946,-21.864865741676635,1.0,-0.08580185288321943,0.0,0,2.0686659845523536
11.233333333333471,1079.8899453051372,441.8084575963306,-1.3122791801676628,85.0,-11.09692497950571,0.0361507959935905,71.25252097567119,-21.898509910655157,1.0,-0.0882667810943623,0.0,0,1.9614579796325415
11.250000000000139,1080.2521122499154,440.4388665812628,-1.317335935113331,85.0,-11.047863007733106,0.029907316172372633,71.66217584093819,-21.93829786304365,1.0,-0.08900110656794706,0.0,0,1.923166011692956
11.266666666666806,1080.6073489076364,439.06746169522233,-1.3226581387460181,85.0,-11.005500625636179,0.03522951980505984,72.0265967009185,-22.02410672825751,1.0,-0.09364652710101369,0.0,0,2.041458006715402
11.283333333333474,1080.9552816725704,437.69418559933706,-1.3279588060939147,85.0,-10.955602462334145,0.04053018715295642,72.39778878762309,-22.10265677417716,1.0,-0.09326978490470264,0.0,0,1.9657909870147705
11.300000000000141,1081.295930303896,436.319084528717,-1.3330847860794526,85.0,-10.909773871876519,0.03425874565713505,72.72845779902363,-22.146738786473527,1.0,-0.09021294210645917,0.0,0,2.033833006862551
11.316666666666809,1081.629525750148,434.9422553734895,-1.3379502257497295,85.0,-10.861250141902296,0.03912418532741202,72.95785473127022,-22.142237852913837,1.0,-0.08565063836404367,0.0,0,2.1034160163253546
11.333333333333476,1081.956418395127,433.5638194326119,-1.3429918536724839,85.0,-10.8108838176883,0.03266386291145906,73.21805765242506,-22.169462710929036,1.0,-0.08873626181787642,0.0,0,1.9583750108722597
11.350000000000144,1082.2763573539455,432.18375294614304,-1.34823901485278,85.0,-10.764618239927454,0.037911024091755285,73.44770985639396,-22.2324419119941,1.0,-0.0923336670002584,0.0,0,2.0315419824328274
11.366666666666811,1082.5890505103177,430.8020266945279,-1.353219330822329,85.0,-10.710923819967315,0.04289134006130424,73.57712615591481,-22.244996226603984,1.0,-0.08766268132329984,0.0,0,2.0417500054463744
11.383333333333479,1082.894858383879,429.418760274451,-1.3585337281731042,85.0,-10.665172836090374,0.03659174679459998,73.77160944459656,-22.316944523457863,1.0,-0.09350997199876106,0.0,0,2.0149170013610274
11.400000000000146,1083.193310746217,428.0338882110967,-1.363973309267449,85.0,-10.613346095558587,0.04203132788894481,74.02910464655956,-22.408485314206864,1.0,-0.09569938313561863,0.0,0,1.945583993801847
11.416666666666814,1083.484225606362,426.6474131883894,-1.3689854485922257,85.0,-10.562518610555944,0.03530974750970684,74.28993932269535,-22.419697236546504,1.0,-0.08821993797153017,0.0,0,1.9855419814120978
11.433333333333481,1083.7681876355116,425.2594974811342,-1.3739423100626391,85.0,-10.512506862022633,0.040266608980120244,74.58649801990003,-22.420453893825197,1.0,-0.08725193619265016,0.0,0,1.9429590029176325
11.450000000000149,1084.0452664984066,423.8701912700413,-1.3792854579867124,85.0,-10.457922092442248,0.033748433897251795,74.75164348460012,-22.490428429042595,1.0,-0.09401288776831468,0.0,0,1.9324170134495944
11.466666666666816,1084.3149181728406,422.47942442440564,-1.3843159001525676,85.0,-10.410120886211805,0.038778876063106926,74.87444024488245,-22.501487528830786,1.0,-0.08854041294083609,0.0,0,1.9885000074282289
11.483333333333483,1084.5775702927906,421.08731871422043,-1.3894494637679713,85.0,-10.355197913076932,0.04391243967851067,74.94696994906451,-22.530540585404683,1.0,-0.09034568307689148,0.0,0,1.967207994312048
11.500000000000151,1084.8330725200165,419.6938830119625,-1.3946354802318415,85.0,-10.306216905145995,0.03710146232852107,75.0456178795813,-22.567795435155332,1.0,-0.09126371012187554,0.0,0,1.9547919800970703
11.516666666666818,1085.0813449633122,418.29914101490914,-1.39987809114996,85.0,-10.253668557745604,0.04234407324663957,75.16159806713944,-22.613678101716303,1.0,-0.09225405031332201,0.0,0,1.9562910019885749
11.533333333333486,1085.3223019386091,416.90311659517283,-1.4050685797142684,85.0,-10.20092664805586,0.035393628729754927,75.26407121748545,-22.648344628333092,1.0,-0.09134197347862999,0.0,0,1.975582999875769
11.550000000000153,1085.5560096518318,415.505860301852,-1.4100858181819098,85.0,-10.150796142040777,0.040410867197396394,75.32587855925775,-22.65047590339114,1.0,-0.08830922362475901,0.0,0,2.032749995123595
11.566666666666821,1085.7827040849234,414.10744903242886,-1.4151923932164898,85.0,-10.094853914794916,0.03322409308480867,75.36071025160065,-22.66846984127555,1.0,-0.08987327072756361,0.0,0,1.9952500006183982
11.583333333333488,1086.0022545012137,412.7078983691261,-1.4205206866069224,85.0,-10.047795108274869,0.038552386475241285,75.3835675551808,-22.725467222401925,1.0,-0.09375305265539816,0.0,0,1.9797080021817237
11.600000000000156,1086.2143446196521,411.30719774939854,-1.4258216410075006,85.0,-9.993192755570611,0.04385334087581949,75.44157020551329,-22.77526997858314,1.0,-0.09327480659829365,0.0,0,1.9601660023909062
11.616666666666823,1086.419006742879,409.90539253476965,-1.4309469043205802,85.0,-9.944115441367815,0.03652414683517802,75.49521359367388,-22.791527444260495,1.0,-0.09020039757961486,0.0,0,1.9376249983906746
11.633333333333491,1086.6164815886623,408.50255678895786,-1.4359028836942898,85.0,-9.892384403457042,0.041480126208887524,75.54294970522989,-22.77666321365313,1.0,-0.08723648796448381,0.0,0,1.991790981264785
11.650000000000158,1086.807001612728,407.0987595938921,-1.4406167856858658,85.0,-9.841056476669579,0.03356954863564088,75.43419552533315,-22.7187754124405,1.0,-0.0829954151221147,0.0,0,1.9413330010138452
11.666666666666826,1086.9909021821509,405.6940799062016,-1.4456003394093768,85.0,-9.793508547685812,0.03855310235915188,75.35324058871618,-22.71146792853728,1.0,-0.08771937991687213,0.0,0,1.9722080032806844
11.683333333333493,1087.1678002002072,404.28850118707834,-1.4513900158492612,85.0,-9.740769787835141,0.03153913523243013,75.32625797241155,-22.848939502354703,1.0,-0.10181745537145623,0.0,0,1.95387500571087
11.700000000000161,1087.3365574528991,402.8819218490713,-1.4565615817256559,85.0,-9.696096753286913,0.036710701108824795,75.32645735394063,-22.8701886043347,1.0,-0.09101081201437496,0.0,0,1.9247500167693943
11.716666666666828,1087.4980382636,401.47448858521125,-1.4613682508019357,85.0,-9.644101607317388,0.04151737018510459,75.29191119191903,-22.824986453419346,1.0,-0.08462100940052518,0.0,0,2.011000004131347
11.733333333333496,1087.6527521689761,400.06629539820614,-1.4662126012696084,85.0,-9.600061144927801,0.03336953832394496,75.10667140104684,-22.78819652170271,1.0,-0.08528118778835195,0.0,0,1.9654159841593355
11.750000000000163,1087.8006425043216,398.65736924927006,-1.4715258140856287,85.0,-9.552796405195277,0.03868275113996522,74.98388871333158,-22.836909253900657,1.0,-0.0934892506549422,0.0,0,1.948374992934987
11.766666666666831,1087.941044862933,397.2476772183141,-1.476498502223372,85.0,-9.507607311495606,0.03046510616620024,74.80994567547236,-22.822521165197386,1.0,-0.0875291027466341,0.0,0,1.9374160037841648
11.783333333333498,1088.0744355556892,395.837304442226,-1.4816532781690661,85.0,-9.464455086909531,0.03561988211189427,74.7304160795403,-22.841284810318015,1.0,-0.09071695866383177,0.0,0,1.9759579736273736
11.800000000000166,1088.2005543527755,394.42626280801886,-1.4865754806396154,85.0,-9.418511812169521,0.027143748187837602,74.69192088388908,-22.81746475787783,1.0,-0.0866449190978372,0.0,0,1.9609580049291253
11.816666666666833,1088.3197262174847,393.01461748744214,-1.4915520706843437,85.0,-9.380062890728246,0.03212033823256588,74.4419229928566,-22.804232784015433,1.0,-0.08759743332618093,0.0,0,1.9405840139370412
11.833333333333501,1088.431871455414,391.6023965804824,-1.4967352312332975,85.0,-9.33456690233127,0.03730349878151973,74.27120649742773,-22.82850239684845,1.0,-0.09121373000299832,0.0,0,1.954250008566305
11.850000000000168,1088.5366954520302,390.18961337907535,-1.5016510042150335,85.0,-9.300503565055733,0.028602837157944098,74.15307428201373,-22.803726507024926,1.0,-0.08653230609482057,0.0,0,1.9565839902497828
11.866666666666836,1088.6345732886023,388.7763319585676,-1.5069712739243624,85.0,-9.259988404002018,0.033923106867272956,73.99212799878309,-22.85242527361617,1.0,-0.09361269735228615,0.0,0,1.9305419991724193
11.883333333333503,1088.7249307370873,387.3625498056361,-1.5120218969230326,85.0,-9.226093830286535,0.02512885924708086,73.92059052755292,-22.85075389389435,1.0,-0.08889374960893562,0.0,0,1.9460409821476787
11.90000000000017,1088.8081465828209,385.9483293251369,-1.5168414610988619,85.0,-9.190498359479196,0.029948423422910157,73.84844986929903,-22.807543590666686,1.0,-0.08484694003632201,0.0,0,1.9767500052694231
11.916666666666838,1088.8845455621017,384.53372420694694,-1.5216047243712103,85.0,-9.157706954280014,0.020627800690771192,73.58909753718841,-22.755780104397154,1.0,-0.08386044762767897,0.0,0,1.9726250029634684
11.933333333333506,1088.9542055635638,383.11877122940996,-1.5265915767255636,85.0,-9.12848630899848,0.025614653045124447,73.39040255557026,-22.74608156067946,1.0,-0.08777714398695649,0.0,0,1.9412910041864961
11.950000000000173,1089.0168085665098,381.70348846315204,-1.531764220662826,85.0,-9.096904769973865,0.016039311931837382,73.16365258293825,-22.770018068082866,1.0,-0.0910296794398509,0.0,0,1.9281249842606485
11.96666666666684,1089.0720900107726,380.2879008090788,-1.53704745573038,85.0,-9.07418338564851,0.0213225469993914,73.0243575758787,-22.81278400579748,1.0,-0.0929648161246252,0.0,0,1.9457500020507723
11.983333333333508,1089.1198918359707,378.87204084780006,-1.541702434477371,85.0,-9.04428058864991,0.010438880570578624,72.86818040532148,-22.740965196075656,1.0,-0.08196265091816743,0.0,0,1.985749986488372
12.000000000000176,1089.161102369039,377.45597371082926,-1.5468184462753352,85.0,-9.029492443089651,0.015554892368542683,72.76092834944261,-22.754640195743725,1.0,-0.09003845789730701,0.0,0,2.3127500026021153
12.016666666666843,1089.1950677782186,376.03971427293527,-1.5515455282804627,85.0,-9.007457234179697,0.020281974373670186,72.54456488495518,-22.69782498137186,1.0,-0.08322640070424371,0.0,0,1.9927500106859952
12.03333333333351,1089.2223380583443,374.6233101017093,-1.556575478089995,85.0,-8.996530745637479,0.009729981139673605,72.32605472405803,-22.69751224168818,1.0,-0.08853179222921502,0.0,0,1.966832991456613
12.050000000000178,1089.2424835816469,373.2067866806762,-1.561618596263401,85.0,-8.98274682318513,0.014773099313079685,72.07423804064004,-22.699479257814033,1.0,-0.08876235376318795,0.0,0,1.937166991410777
12.066666666666846,1089.2554851840423,371.79017967703,-1.5668209412958733,85.0,-8.973725734712517,0.004781537812552639,71.95134675587767,-22.72985919321481,1.0,-0.09154946047762891,0.0,0,2.0039170049130917
12.083333333333513,1089.2611169653321,370.3735242046289,-1.5719037206528343,85.0,-8.966951915289945,0.009864317169513637,71.89347992799506,-22.737509435104254,1.0,-0.08945671408029159,0.0,0,2.0928329904563725
12.10000000000018,1089.2595481576873,368.9568584066063,-1.5765203753118937,85.0,-8.95898117258285,-0.0003471187682235754,71.77402772565557,-22.66101603719165,1.0,-0.08129083969669283,0.0,0,1.977458014152944
12.116666666666848,1089.2514391332368,367.5402149482277,-1.5812940287206718,85.0,-8.959472924161362,0.004426534640554536,71.50450493240852,-22.615590343182618,1.0,-0.08404251374776132,0.0,0,1.974457991309464
12.133333333333516,1089.236567661989,366.12362634041403,-1.5858988901165423,85.0,-8.95320202056613,0.009031396036424999,71.1090564335369,-22.54147267359251,1.0,-0.08108409205635357,0.0,0,1.9412090186960995
12.150000000000183,1089.2151731772738,364.70712123259824,-1.5915349365469957,85.0,-8.961021381935815,0.00018380702974596375,70.78184795110442,-22.65523219787631,1.0,-0.09913361687817901,0.0,0,1.9395000126678497
12.16666666666685,1089.185795586065,363.29075920204986,-1.5964034802916565,85.0,-8.960760988645212,0.005052350774406689,70.47044579136471,-22.62679041036441,1.0,-0.08570501502350081,0.0,0,1.9629590096883476
12.183333333333518,1089.149522749757,361.8745569828062,-1.6015300120617413,85.0,-8.967845105661777,-0.003980828326711094,70.25437950886409,-22.645679970754053,1.0,-0.09022260044071875,0.0,0,1.998666994040832
12.200000000000186,1089.1059902162283,360.45855932639256,-1.6066486186328306,85.0,-8.973484597563196,0.001137778244378218,70.13857137775295,-22.662323363791657,1.0,-0.09008387761009135,0.0,0,1.9711249915417284
12.216666666666853,1089.055210349718,359.0428030445412,-1.6110831749607428,85.0,-8.97976461469076,-0.008283185269941873,70.01464066665898,-22.55529517183728,1.0,-0.0780977088369188,0.0,0,1.9931670103687793
12.23333333333352,1088.998152752106,357.6272858687361,-1.6156608135286439,85.0,-8.991498992970488,-0.0037055467020408184,69.76102956336864,-22.478021885851128,1.0,-0.08060682229144464,0.0,0,1.9627500150818378
12.250000000000188,1088.9346160489204,356.2120447119742,-1.6205758587516437,85.0,-8.99831084103743,-0.012360802441798935,69.41125009184074,-22.46426810369934,1.0,-0.08651955920455649,0.0,0,1.9347909837961197
12.266666666666856,1088.8641241669022,354.79713293415415,-1.6255341132068761,85.0,-9.015821531913923,-0.007402547986566477,68.9366935077087,-22.458709103518107,1.0,-0.08727633155907676,0.0,0,1.9460000039543957
12.283333333333523,1088.7866176874977,353.3825880638532,-1.6308747798145473,85.0,-9.02630837911847,-0.0020618813788952917,68.71502734948031,-22.52191539658658,1.0,-0.0939694855316583,0.0,0,1.9580000080168247
12.30000000000019,1088.7015577367974,351.96847730113643,-1.6359325596480248,85.0,-9.043325050328377,-0.010307431815806956,68.59887850834077,-22.531820689844523,1.0,-0.08901904990775913,0.0,0,1.9401249883230776
12.316666666666858,1088.6093466436557,350.5548148383307,-1.6408451681863503,85.0,-9.057926986838265,-0.00539482327748142,68.58276492261052,-22.515175252134117,1.0,-0.08647687981108435,0.0,0,1.9684580038301647
12.333333333333526,1088.510191920859,349.1416224291409,-1.6452997597848904,85.0,-9.073013769448803,-0.013994154021450989,68.38680181815542,-22.41673813173717,1.0,-0.07844911066528729,0.0,0,1.984249975066632
12.350000000000193,1088.4047430076298,347.7288857335238,-1.650113622922339,85.0,-9.092838173907884,-0.009180290884002407,68.14328923333488,-22.386585687763045,1.0,-0.08474705515906053,0.0,0,2.004875015700236
12.36666666666686,1088.2924946213607,346.3166730214211,-1.6554012310914255,85.0,-9.106670399542004,-0.016714113618386595,68.08713084245554,-22.4425664576906,1.0,-0.09304132291892897,0.0,0,1.970583020010963
12.383333333333528,1088.1727806115757,344.90507357387736,-1.6601127876823174,85.0,-9.130347624714174,-0.012002557027494642,67.99011040371717,-22.392841882459535,1.0,-0.08295431000397602,0.0,0,1.9449169922154397
12.400000000000196,1088.046417124466,343.49405383143227,-1.6650431899534779,85.0,-9.14735083891194,-0.007072154756334159,67.73198542761112,-22.384259527053224,1.0,-0.08678853605457604,0.0,0,1.9477499881759286
12.416666666666863,1087.9130983064724,342.0836742593974,-1.669363706038742,85.0,-9.16946466764157,-0.015356887700121781,67.33984325012005,-22.26625710309473,1.0,-0.07609717314509051,0.0,0,2.007208007853478
12.43333333333353,1087.7736871841294,340.6738838553261,-1.6745532938271974,85.0,-9.191219403442098,-0.010167299911666428,66.96793070004152,-22.308893143156084,1.0,-0.09132620966932481,0.0,0,1.9756660040002316
12.450000000000198,1087.6269617408545,339.26483591833454,-1.6801016731661784,85.0,-9.210868974966237,-0.01702372961154297,66.79909843783196,-22.41415521683251,1.0,-0.09760147232836411,0.0,0,1.9434590067248791
12.466666666666866,1087.4724206636602,337.8566237539559,-1.68467998273327,85.0,-9.234984760387853,-0.012445420044451485,66.48977862290212,-22.341089831835927,1.0,-0.0806185866714629,0.0,0,1.9345830078236759
12.483333333333533,1087.311433997423,336.4491338826821,-1.689675719258874,85.0,-9.252615316980837,-0.007449683518847339,66.31592130836812,-22.345755875345873,1.0,-0.08793271648872661,0.0,0,1.9726250029634684
12.5000000000002,1087.143417920773,335.0424658186273,-1.694252113618621,85.0,-9.278915016213483,-0.015092871311937595,66.12061902743855,-22.274786151463463,1.0,-0.08058500799203097,0.0,0,2.002458000788465
12.516666666666868,1086.9689661582086,333.6365813898841,-1.6990070596299027,85.0,-9.300295772146452,-0.010337925300655915,65.8567477401773,-22.238550405507418,1.0,-0.08371470043796123,0.0,0,1.9685410079546273
12.533333333333536,1086.7878314884088,332.23154235987784,-1.7040746613256057,85.0,-9.323667146310079,-0.017319401579688476,65.78496310490516,-22.2597804345427,1.0,-0.08919100436079488,0.0,0,1.9561249937396497
12.550000000000203,1086.5995789967303,330.8274392853775,-1.7089929926470708,85.0,-9.348201738598895,-0.012401070258223346,65.45064205771553,-22.253289711851803,1.0,-0.08657711588042157,0.0,0,2.0083329873159528
12.56666666666687,1086.4044229656715,329.424279077851,-1.714121145504608,85.0,-9.367520284474923,-0.01916576125545455,65.24032514335215,-22.284634010928727,1.0,-0.09025097555686419,0.0,0,1.9798749999608845
12.583333333333538,1086.2020739122197,328.0221381059756,-1.718980801101102,85.0,-9.394670117373888,-0.0143061056589604,65.0769285024061,-22.26645541972643,1.0,-0.08554931256593704,0.0,0,1.9505000091157854
12.600000000000206,1085.992913352725,326.6209970335649,-1.724278887021896,85.0,-9.414936409075242,-0.009008019738166562,64.9852683194519,-22.327601743855904,1.0,-0.09322462526116894,0.0,0,2.0322499913163483
12.616666666666873,1085.776332397702,325.2209837713542,-1.7294310226847673,85.0,-9.439153492945728,-0.015606348247470203,65.09129175006412,-22.360107113592885,1.0,-0.0906707476346843,0.0,0,2.0866660051979125
12.63333333333354,1085.5525412908437,323.82210493995547,-1.7339176494032142,85.0,-9.461261588836495,-0.011119721529023296,64.84127137938745,-22.27167932197691,1.0,-0.07901093940566868,0.0,0,1.9900419865734875
12.650000000000208,1085.3224762103348,322.4242442519129,-1.7388105803622051,85.0,-9.48137485229248,-0.017848350145993397,64.7017301531436,-22.259596130088447,1.0,-0.08613220849226179,0.0,0,1.9326250185258687
12.666666666666876,1085.0855742752424,321.0275259848333,-1.744001438546942,85.0,-9.506658672531904,-0.012657491961256541,64.5734314285923,-22.301382201306062,1.0,-0.09134844191810705,0.0,0,1.9402920152060688
12.683333333333543,1084.841425397916,319.6320562538306,-1.7489221792533778,85.0,-9.524589640675115,-0.007736751254820763,64.35494967831087,-22.292961995173002,1.0,-0.08661931637764651,0.0,0,2.0328329992480576
12.70000000000021,1084.5904127594576,318.2378048059997,-1.7536649572536034,85.0,-9.54915004017265,-0.014499759464992268,64.1555726806578,-22.25279261737792,1.0,-0.08350146836452439,0.0,0,2.122124977177009
12.716666666666878,1084.3327903438233,316.84475953200206,-1.758720996772986,85.0,-9.569690646310649,-0.009443719945609663,63.84459092666745,-22.270351122825126,1.0,-0.08898858112688385,0.0,0,2.0686250063590705
12.733333333333546,1084.0681279591026,315.45303460711267,-1.764006414723473,85.0,-9.589490694043546,-0.015561136943892384,63.71085712206998,-22.328312464212868,1.0,-0.09300300549004012,0.0,0,2.039167011389509
12.750000000000213,1083.7961134574784,314.06272796634937,-1.7686728945870045,85.0,-9.611534748364672,-0.01089465708036097,63.2766884638185,-22.272782597344534,1.0,-0.08216424804135879,0.0,0,2.030792005825788
12.76666666666688,1083.5176141031507,312.6737058088287,-1.7741886337731656,85.0,-9.626968540575602,-0.005378917894199864,63.265141390012815,-22.371771446744788,1.0,-0.09703090744822557,0.0,0,2.024125016760081
12.783333333333548,1083.2314575401613,311.28624090264094,-1.7795849758431816,85.0,-9.649891008395116,-0.011295006479321579,63.381135077663906,-22.445445278758463,1.0,-0.09494325370715197,0.0,0,1.9545840041246265
12.800000000000216,1082.9378179447685,309.9003403894503,-1.7847419221889465,85.0,-9.66589192734371,-0.006138060133556778,63.46348039102688,-22.473232453826775,1.0,-0.09075494537188557,0.0,0,1.9653339986689389
12.816666666666883,1082.6370352709978,308.51597258153083,-1.7899013922001725,85.0,-9.682658810589512,-0.01221292161114973,63.670914641073914,-22.500307754572127,1.0,-0.09079911466013457,0.0,0,2.025957976002246
12.83333333333355,1082.3291140281553,307.1331750718966,-1.794841644018539,85.0,-9.699960019436258,-0.007272669792783182,63.63008825395292,-22.48688076293491,1.0,-0.08696104306428015,0.0,0,1.9819999870378524
12.850000000000218,1082.014365202758,305.7519156388589,-1.7997276189184834,85.0,-9.711133484969006,-0.013555023156127444,63.63566223281276,-22.464123615018778,1.0,-0.08601036165995242,0.0,0,1.9803339964710176
12.866666666666886,1081.6928713622453,304.37221054176143,-1.8046583353544199,85.0,-9.730335846391654,-0.008624306720190988,63.59391460580383,-22.450183512057944,1.0,-0.08679403848153873,0.0,0,1.9642499973997474
12.883333333333553,1081.3645785227645,302.9941074048409,-1.810263223232862,85.0,-9.742553462788926,-0.0030194188417489443,63.56435482519161,-22.55765832756683,1.0,-0.09858911667053667,0.0,0,1.9680839905049652
12.90000000000022,1081.0285667667663,301.6178659491815,-1.8156790677496781,85.0,-9.756264201890664,-0.00871781819499362,63.74228021908834,-22.627007350897255,1.0,-0.09528431041102463,0.0,0,1.953917002538219
12.916666666666888,1080.6851064652944,300.2434644555279,-1.820845856426154,85.0,-9.76861428789704,-0.0035510295185177117,63.65602116490008,-22.648904045144295,1.0,-0.09092720420623529,0.0,0,1.9870420219376683
12.933333333333556,1080.334549537791,298.8708558860429,-1.8260561189082407,85.0,-9.775844105692519,-0.00941269981024817,63.66891283866135,-22.677664788740294,1.0,-0.09168801064818083,0.0,0,1.946625008713454
12.950000000000223,1079.9768457499574,297.50009243284825,-1.8311105224878614,85.0,-9.789178566851817,-0.004358296230627445,63.78674800492953,-22.67724222213009,1.0,-0.08895993954248721,0.0,0,1.9533750019036233
12.96666666666689,1079.612218169038,296.13115446066786,-1.83618979663097,85.0,-9.795352800298831,0.0007209779124810467,63.811191158433985,-22.68120473549396,1.0,-0.08939535071714366,0.0,0,1.9562499946914613
12.983333333333558,1079.2406421102787,294.7640861825627,-1.8419749940420025,85.0,-9.804951106948103,-0.004535105262008843,64.1025306047164,-22.811521245773392,1.0,-0.10173922964204501,0.0,0,1.9770000071730465
13.000000000000226,1078.861163553803,293.3991904101246,-1.8474617466843968,85.0,-9.811375817379623,0.0009516473803854453,64.23768993038453,-22.88323985807762,1.0,-0.09652415618628432,0.0,0,2.067249995889142
13.016666666666893,1078.4742019013988,292.03639727688204,-1.8533127366626316,85.0,-9.81340062765765,-0.004219566359534799,64.58887913041666,-23.017373564548155,1.0,-0.10288816323595922,0.0,0,1.991208002436906
13.03333333333356,1078.0792732291447,290.67589156639195,-1.8587882621038747,85.0,-9.819378328928345,0.00125595908170828,64.88553939226404,-23.078964550153472,1.0,-0.09632786558609371,0.0,0,1.9497089961078018
13.050000000000228,1077.6769010307225,289.3175686819564,-1.8639326350733816,85.0,-9.817599054030435,0.006400332051215151,65.12095812176487,-23.078672791979358,1.0,-0.09053488037728266,0.0,0,1.9706250168383121
13.066666666666896,1077.2675464678834,287.96133371473013,-1.8692318854466767,85.0,-9.820268635764393,0.0006849332977645339,65.40948497154754,-23.106089572166063,1.0,-0.0932449963116312,0.0,0,2.0109999750275165
13.083333333333563,1076.8510106577708,286.6072870525585,-1.8749033670307,85.0,-9.819298313668416,0.006356414881787842,65.7098934261517,-23.199099214976965,1.0,-0.09975277963453018,0.0,0,2.008582989219576
13.10000000000023,1076.4268021371845,285.2556245297717,-1.8805191062842446,85.0,-9.814790144459243,0.0009535599996195465,66.08567915682448,-23.278442063411966,1.0,-0.0987787526942804,0.0,0,1.9939159974455833
13.116666666666898,1075.9950097612223,283.9063655522194,-1.885931830178772,85.0,-9.813439267997731,0.006366283894146951,66.2356694296709,-23.318233470696065,1.0,-0.09522973879431168,0.0,0,1.963624992640689
13.133333333333566,1075.5559205798336,282.5594635011289,-1.8919240788257619,85.0,-9.804420426736234,0.012358532541136835,66.60452054609982,-23.46023311266481,1.0,-0.10535403455051014,0.0,0,2.1247500262688845
13.150000000000233,1075.108768357926,281.2152167474086,-1.8976305976977506,85.0,-9.799800231383752,0.007031005057691609,67.00290164734459,-23.54550015119473,1.0,-0.10036491499767071,0.0,0,1.9662910199258476
13.1666666666669,1074.6539524887758,279.8735435496389,-1.9030408741097853,85.0,-9.789839722952221,0.01244128146972634,67.34494026996448,-23.57427948968148,1.0,-0.0951869382544028,0.0,0,1.9970000139437616
13.183333333333568,1074.1918844886452,278.5343506555046,-1.9087168482826824,85.0,-9.777887951103018,0.007056211955586367,67.83820539205922,-23.649485074224764,1.0,-0.0998312737163545,0.0,0,1.9690000044647604
13.200000000000236,1073.7222227481784,277.19780200544125,-1.9143178543123114,85.0,-9.767891733785218,0.012657217985215352,68.07681032955263,-23.70826095194393,1.0,-0.09852127668510328,0.0,0,1.9683339924085885
13.216666666666903,1073.2450823967276,275.86390488442254,-1.920504250866705,85.0,-9.749961153743657,0.01884361453960892,68.58581059837138,-23.869492500330082,1.0,-0.10874105973845659,0.0,0,1.984333008294925
13.23333333333357,1072.7596992117694,274.5329850490439,-1.9261214811498435,85.0,-9.737442265359372,0.013361190407949364,68.86974295859719,-23.92251033851082,1.0,-0.09880480901251787,0.0,0,1.9663330167531967
13.250000000000238,1072.2668476406182,273.2048127058376,-1.9320336547973593,85.0,-9.718514475462566,0.019273364055465203,69.38713108827075,-24.026222847990248,1.0,-0.1039563672835048,0.0,0,2.0130420161876827
13.266666666666906,1071.7661523431768,271.87957738199333,-1.937637960820676,85.0,-9.698218480696736,0.0137276926920189,69.91072047023985,-24.070690531425186,1.0,-0.09857894810910287,0.0,0,1.9622499821707606
13.283333333333573,1071.2580379232659,270.5571689047356,-1.9435748365651926,85.0,-9.67877152685803,0.019664568436535523,70.38273823564691,-24.172920258354402,1.0,-0.10438757321278344,0.0,0,1.973083009943366
13.30000000000024,1070.7420815292614,269.2378003269946,-1.949810877754158,85.0,-9.650915183639977,0.025900609625501003,71.12466496148221,-24.324644046463543,1.0,-0.10960674092216331,0.0,0,1.998040999751538
13.316666666666908,1070.2179075840666,267.92167490758226,-1.955840357865671,85.0,-9.629932696318196,0.02071794745793798,71.74438766314685,-24.433474134281212,1.0,-0.10600374996337701,0.0,0,1.9547920092009008
13.333333333333576,1069.6858076629596,266.6087338889518,-1.9618668712719132,85.0,-9.600584370404686,0.026744460864180253,72.53999690304425,-24.537482636445517,1.0,-0.10595198214258848,0.0,0,1.9587090064305812
13.350000000000243,1069.1458049957005,265.2990234004096,-1.9677741479921496,85.0,-9.571307438383077,0.021365427642838997,73.2123086661654,-24.616040984599547,1.0,-0.10387088069344676,0.0,0,1.9518749904818833
13.36666666666691,1068.5980749730763,263.9925256902086,-1.973770804590264,85.0,-9.541042051943178,0.02736208424095343,73.90610330252171,-24.70747309489488,1.0,-0.10543096108825743,0.0,0,1.9783750176429749
13.383333333333578,1068.0425202274193,262.6893359998632,-1.9800449347817533,85.0,-9.50377486741491,0.022263541611270865,74.64254327328234,-24.844921870001308,1.0,-0.11027080837172586,0.0,0,1.9957500044256449
13.400000000000245,1067.478800088214,261.3896575592099,-1.9861060102800199,85.0,-9.47223745561623,0.028324617109537487,75.363013448958,-24.93886714689412,1.0,-0.1065550413971918,0.0,0,1.9753750239033252
13.416666666666913,1066.9072129026474,260.09341972079426,-1.992238446887639,85.0,-9.43211627997568,0.03445705371715668,76.13421882599967,-25.041860364101403,1.0,-0.1077999444746862,0.0,0,1.9757910049520433
13.43333333333358,1066.3276874182743,258.80071145617825,-1.9983066463074777,85.0,-9.393905256282357,0.029053797681137805,76.81893618454413,-25.1292914730449,1.0,-0.10667933402160784,0.0,0,2.0128749893046916
13.450000000000248,1065.7403282404157,257.51154364684163,-2.0045904891410142,85.0,-9.352751499944064,0.03533764051467436,77.46982291085473,-25.251824189810822,1.0,-0.11044012903624485,0.0,0,1.9489999976940453
13.466666666666915,1065.1448797843643,256.22609213837063,-2.0107682349930247,85.0,-9.30627364404789,0.029932471333953492,78.03774371699522,-25.350562100204126,1.0,-0.10859019583699513,0.0,0,1.9666659936774522
13.483333333333583,1064.5415015485735,254.94434366498808,-2.0166919127968703,85.0,-9.263875641421691,0.03585614913779911,78.65475185130357,-25.39992714107362,1.0,-0.10415719152537405,0.0,0,1.9667500164359808
13.50000000000025,1063.9305412784329,253.6661918771498,-2.0230233928447423,85.0,-9.213090313915359,0.042187629185671094,79.3244370213967,-25.520241447066468,1.0,-0.1112704972120982,0.0,0,1.9730000058189034
13.516666666666918,1063.3115007157548,252.3919339651855,-2.029442033905185,85.0,-9.166443479650672,0.036898928245209905,79.97593532593064,-25.65139723426342,1.0,-0.11278940835915233,0.0,0,1.9650000031106174
13.533333333333585,1062.6842939569501,251.12167567406746,-2.035239899070644,85.0,-9.1141818591559,0.04269679341066901,80.609991938304,-25.666332820766073,1.0,-0.10196046729878849,0.0,0,1.9630829920060933
13.550000000000253,1062.049732994933,249.8550751727536,-2.041662449299675,85.0,-9.059927631393137,0.037274282913269285,81.27262402368689,-25.792348373661248,1.0,-0.11285751928326693,0.0,0,1.9482079951558262
13.56666666666692,1061.4070503710075,248.5925762660814,-2.048555164744814,85.0,-9.007134624103749,0.04416699835840854,82.09705415459653,-25.997344761458244,1.0,-0.12104154123653506,0.0,0,1.9507090037222952
13.583333333333588,1060.7556810369863,247.33453714302476,-2.0549436528809255,85.0,-8.944585050548252,0.05055548649451991,82.93161662349112,-26.104319126508784,1.0,-0.11226400727263085,0.0,0,1.9570000004023314
13.600000000000255,1060.0962880816728,246.0806849288754,-2.061497424401123,85.0,-8.889277369425884,0.045112827838267755,83.9232308657653,-26.236597394530627,1.0,-0.11514322359685306,0.0,0,1.9355419790372252
13.616666666666923,1059.4286918853,244.83118112214538,-2.0676327271886152,85.0,-8.825389205651176,0.05124813062576017,84.76828102015938,-26.2888727655884,1.0,-0.10784993834492393,0.0,0,2.0537920063361526
13.63333333333359,1058.7534422176016,243.58579671132372,-2.0736736921781835,85.0,-8.76239416846086,0.04512725100217185,85.52584863458722,-26.322145188614037,1.0,-0.10620415111375275,0.0,0,1.9628750160336494
13.650000000000258,1058.0706815930298,242.3445141592918,-2.079998444412311,85.0,-8.698485592665694,0.051452003236299504,86.22187458450072,-26.404784881011835,1.0,-0.11115323345758452,0.0,0,1.952458987943828
13.666666666666925,1057.3800838722232,241.10757469736936,-2.0864003671022813,85.0,-8.628480028899153,0.04551219165028231,86.80653172154081,-26.497926449347993,1.0,-0.11249810601075423,0.0,0,1.967624993994832
13.683333333333593,1056.6815815665925,239.87508170612227,-2.093096010914777,85.0,-8.564026680449723,0.052207835462778185,87.42820029225354,-26.639833229253554,1.0,-0.11761309495054324,0.0,0,2.066624991130084
13.70000000000026,1055.9748426459976,238.64729322981185,-2.099618501610677,85.0,-8.490099174410625,0.058730326158678015,88.04204386424436,-26.745248438462795,1.0,-0.11459846108581416,0.0,0,1.9947079999838024
13.716666666666928,1055.2601105765743,237.42414053558983,-2.105863327112518,85.0,-8.42079140483991,0.05243858563580561,88.65151147983426,-26.796868440160026,1.0,-0.10975990074977805,0.0,0,1.9706670136656612
13.733333333333595,1054.5377541181203,236.20547503949405,-2.111970210580158,85.0,-8.346537450095617,0.058545469103445935,89.17568130086114,-26.821714634388492,1.0,-0.10735420524236906,0.0,0,2.0473329932428896
13.750000000000263,1053.8079689275025,234.99124358709327,-2.118375284353714,85.0,-8.271022196860047,0.052203698966280854,89.68464850224741,-26.89881135093152,1.0,-0.11255301223445816,0.0,0,1.9700420089066029
13.76666666666693,1053.0704215176872,233.78171133753594,-2.1252803986418063,85.0,-8.197100542873812,0.05910881325437334,90.32514824693934,-27.062100352824388,1.0,-0.12125714861825113,0.0,0,1.962874986929819
13.783333333333598,1052.3245397991075,232.5773007321638,-2.1319776329985967,85.0,-8.114315559460666,0.05283293797490307,91.02409535869117,-27.181901853607673,1.0,-0.1176407768096043,0.0,0,2.0224170002620667
13.800000000000265,1051.570608648175,231.37791244470304,-2.138303698203968,85.0,-8.039503712626098,0.05915900318027445,91.705767724905,-27.230675045031546,1.0,-0.1111761183896007,0.0,0,1.9574170000851154
13.816666666666933,1050.8091052251093,230.18331754219267,-2.144566710025666,85.0,-7.955744001610478,0.06542201500197242,92.29767062964005,-27.26618254486699,1.0,-0.11007697383696212,0.0,0,1.9951669964939356
13.8333333333336,1050.0401350240172,228.99351534254905,-2.1509215332952913,85.0,-7.876244026763253,0.05856089541956466,92.76915805914278,-27.316621631978347,1.0,-0.1116773386464267,0.0,0,1.990417018532753
13.850000000000268,1049.2636194180197,227.80862380401624,-2.157594521138509,85.0,-7.793330167720352,0.06523388326278212,93.2609194515983,-27.421838764813913,1.0,-0.11721877044735643,0.0,0,1.9654999778140336
13.866666666666935,1048.4792143924467,226.62894028700836,-2.1638816501807843,85.0,-7.707981577941968,0.05804505106887169,93.60338729146537,-27.453954792933942,1.0,-0.11049741613355542,0.0,0,1.971165998838842
13.883333333333603,1047.6874080961616,225.45421170831125,-2.170298599269066,85.0,-7.625797256693243,0.06446200015715364,93.903462720965,-27.507923285547175,1.0,-0.11275992816179521,0.0,0,1.969083008589223
13.90000000000027,1046.8880799802691,224.28458826138987,-2.176505875470636,85.0,-7.535448026760548,0.05691545607595394,94.02980694962207,-27.522213749521313,1.0,-0.10910516980584546,0.0,0,1.9720830023288727
13.916666666666938,1046.0815071343302,223.1199489658831,-2.1834435885833345,85.0,-7.454861322115519,0.06385316918865236,94.5115965411386,-27.66628553734487,1.0,-0.12182396574004088,0.0,0,2.011000004131347
13.933333333333605,1045.2668738307452,221.96093342451417,-2.1900300510071617,85.0,-7.364464123317325,0.07043963161247957,95.123967569216,-27.742015535256492,1.0,-0.11571246960110489,0.0,0,1.9870830001309514
13.950000000000273,1044.444624439981,220.80730853581238,-2.196161229171844,85.0,-7.279464846063849,0.06252059706080937,95.5837905194858,-27.733335082209617,1.0,-0.10777799368110474,0.0,0,1.9593749893829226
13.96666666666694,1043.6153174684853,219.65874665612407,-2.202452773492649,85.0,-7.1909516902750585,0.06881214138161429,96.00464948009218,-27.753550821185897,1.0,-0.11057438468394483,0.0,0,1.9347500056028366
13.983333333333608,1042.778800730086,218.51542509557234,-2.208760844331812,85.0,-7.102667392207691,0.060754344788143566,96.2548611933108,-27.775825038100702,1.0,-0.11086246856454521,0.0,0,1.951375015778467
14.000000000000275,1041.935088529302,217.37740305418092,-2.2152131492777323,85.0,-7.016651675184821,0.06720664973406397,96.55706019715268,-27.822902564942467,1.0,-0.11337591247192282,0.0,0,1.9745829922612756
14.016666666666943,1041.0840510769747,216.24484855254278,-2.221797471766751,85.0,-6.925120243012463,0.0590894243774942,96.81560848562796,-27.89163275384418,1.0,-0.11567520926207178,0.0,0,1.9672500202432275
14.03333333333361,1040.2255750220293,215.117922065353,-2.22780821437431,85.0,-6.84145892973347,0.06510016698505305,96.86673264919885,-27.855052426911257,1.0,-0.10567677844842033,0.0,0,1.9754169916268438
14.050000000000278,1039.3603408507247,213.99617598301018,-2.2342783304630642,85.0,-6.749298821615532,0.07157028307380742,97.0533140477545,-27.901907636619317,1.0,-0.11368619283976697,0.0,0,1.9367079949006438
14.066666666666945,1038.4878670130108,212.88005150655187,-2.2408215716961077,85.0,-6.667451066805869,0.06305547480560181,97.31058422111853,-27.959904324444068,1.0,-0.1149598439526842,0.0,0,1.9584579858928919
14.083333333333613,1037.6081088326969,211.76965968894186,-2.2471740227874895,85.0,-6.578181660703884,0.06940792589698352,97.57895807521058,-27.981460047555473,1.0,-0.1116359964141624,0.0,0,1.9947499968111515
14.10000000000028,1036.7213147407701,210.66487885865538,-2.253579557944026,85.0,-6.49458074601905,0.06037726425875078,97.75628992518918,-28.011554742078214,1.0,-0.1125610515695784,0.0,0,1.9746250181924552
14.116666666666948,1035.8274621776977,209.5658010452439,-2.25994118736118,85.0,-6.4090982469331825,0.0667388936759048,97.97487525861331,-28.03252499460936,1.0,-0.11179595379860571,0.0,0,1.9463339995127171
14.133333333333615,1034.9266358232292,208.47243179218276,-2.265996931117822,85.0,-6.324598512629094,0.05695779883573194,98.00934257473158,-27.997861987099537,1.0,-0.10646201516743044,0.0,0,1.9674169889185578
14.150000000000283,1034.0192048627175,207.38453772732663,-2.272094523299025,85.0,-6.2439519196115745,0.06305539101693514,98.20945334235662,-27.971900898661545,1.0,-0.10719212095748062,0.0,0,1.9349579815752804
14.16666666666695,1033.1051572783438,206.30219699634367,-2.278270111060006,85.0,-6.16014494415936,0.05297013620969926,98.18493293111769,-27.960772034253694,1.0,-0.10855255904045744,0.0,0,1.9530410063453019
14.183333333333618,1032.1844430761496,205.2255216495829,-2.2847117627875013,85.0,-6.085139005066608,0.05941178793719448,98.087652561554,-27.997518301702975,1.0,-0.11319031678762422,0.0,0,1.9702920108102262
14.200000000000285,1031.2568124567083,204.15479952021448,-2.291257380436094,85.0,-6.002145417648624,0.04924831767831295,98.30326287904339,-28.051304829425657,1.0,-0.11500122871089445,0.0,0,1.9582919776439667
14.216666666666953,1030.3221932217941,203.09017220036353,-2.297623177641804,85.0,-5.93240516688017,0.055614114884023014,98.42266754990703,-28.070773025367355,1.0,-0.11186858699663615,0.0,0,1.939417008543387
14.23333333333362,1029.3808157679332,202.03151600791642,-2.3033632502628354,85.0,-5.85365911145009,0.06135418750505428,98.3229907993298,-27.977398255044044,1.0,-0.10095106076985157,0.0,0,1.9677919917739928
14.250000000000288,1028.4333770924304,200.9782808012289,-2.3093554298571286,85.0,-5.7880845217645485,0.05016391086243299,98.16529487395876,-27.93264179720344,1.0,-0.1053528294489523,0.0,0,1.9604590197559446
14.266666666666955,1027.4796442896006,199.93074169205403,-2.315427491993341,85.0,-5.717048782726486,0.056235972998645245,98.07125177938852,-27.903783872602258,1.0,-0.10674672629950689,0.0,0,1.9267500028945506
14.283333333333623,1026.5195683852774,198.88901298342492,-2.3216558005321484,85.0,-5.655507265983598,0.044782461238340954,97.92826982385995,-27.90386725575139,1.0,-0.10947191319926486,0.0,0,1.9579170038923621
14.30000000000029,1025.5530229365802,197.85328409030316,-2.32790734182616,85.0,-5.592086648868598,0.05103400253235257,97.82120870595998,-27.907982812890744,1.0,-0.10987699117629285,0.0,0,1.9330829964019358
14.316666666666958,1024.5800215152046,196.82361779560114,-2.3337548946316704,85.0,-5.534928140395286,0.038586404690559746,97.73799488028712,-27.83952526641236,1.0,-0.10282814671503,0.0,0,1.9537909829523414
14.333333333333625,1023.6010157354089,195.79965874975468,-2.3399831148564614,85.0,-5.480277631060481,0.04481462491535071,97.57701673148941,-27.8417071219016,1.0,-0.10947037331888049,0.0,0,1.9696669769473374
14.350000000000293,1022.6156515425168,194.78181698807916,-2.3459752458658993,85.0,-5.429430328765811,0.032090132750451694,97.42620540058546,-27.801446334695797,1.0,-0.10535198155017154,0.0,0,1.963666989468038
14.36666666666696,1021.6242060349504,193.769897895478,-2.351638684951004,85.0,-5.383977109417085,0.037753571835556166,97.22645939182361,-27.703746695792066,1.0,-0.09961225878539125,0.0,0,1.9637919904198498
14.383333333333628,1020.627045515918,192.76360999247632,-2.357682107099411,85.0,-5.3403595370955035,0.025126595049262512,97.03964860877707,-27.677735341621442,1.0,-0.10624702529070607,0.0,0,1.9557079940568656
14.400000000000295,1019.6238218208706,191.7633666910042,-2.3638913564561532,85.0,-5.304767272889258,0.031335844406004565,96.97196436697584,-27.682273322946532,1.0,-0.10913957720394928,0.0,0,1.962874986929819
14.416666666666963,1018.614406745127,190.76937189760434,-2.3699049455715624,85.0,-5.267270333447499,0.01890232837873107,96.9283621234994,-27.65151218314854,1.0,-0.1057264517878279,0.0,0,1.9498339970596135
14.43333333333363,1017.5990324809524,189.78146524811953,-2.3753789812915445,85.0,-5.240493629521313,0.024376364098713132,96.59341023808037,-27.525153640064765,1.0,-0.09630181950723785,0.0,0,1.9328749913256615
14.450000000000298,1016.578265620339,188.79913156717495,-2.380968547534187,85.0,-5.210013790200863,0.011756866774454535,96.16972571075834,-27.424250949209306,1.0,-0.0983213473341637,0.0,0,1.931082981172949
14.466666666666965,1015.5520239151315,187.82251884611443,-2.3869020523024687,85.0,-5.193358612633864,0.017690371542736116,95.90104043636029,-27.388726275739813,1.0,-0.10432873090786901,0.0,0,1.9177919893991202
14.483333333333633,1014.5200055728142,186.85201249087243,-2.392770506903107,85.0,-5.1696160999142755,0.005601543190763003,95.65336113520652,-27.342803607747705,1.0,-0.10319310175123979,0.0,0,1.9466660160105675
14.5000000000003,1013.4823096613665,185.88757916512662,-2.398987074514988,85.0,-5.16168062189317,0.011818110802643831,95.41426944307318,-27.36082859916514,1.0,-0.10926718888394919,0.4195005036645941,0,2.0252919930499047
14.516666666666968,1012.438638374743,184.9296153401717,-2.404521116948748,85.0,-5.144938687980475,0.017352153236403822,95.14258091418864,-27.255825131771093,1.0,-0.09735086446145076,0.43789734666257235,0,2.1415409864857793
14.533333333333635,1011.3896816842245,183.97744187600637,-2.409825507754781,85.0,-5.144091783686504,0.004963745146986831,94.81666954380076,-27.113555242463654,1.0,-0.0933349226368514,0.4181573987336772,0,1.9874999998137355
14.550000000000303,1010.3356890742044,183.0308458573862,-2.4153670355529355,85.0,-5.137059840271456,0.010505272945141364,94.470673277646,-27.019172952922986,1.0,-0.09748170951793868,0.43356449067591296,0,1.9667500164359808
14.56666666666697,1009.2764670861216,182.09010507246927,-2.42137014437699,85.0,-5.142942008754394,-0.0009082816268062288,94.19112386163695,-27.010990981989675,1.0,-0.1055435615759545,0.4149536010239774,0,1.9548330164980143
14.583333333333638,1008.211616848352,181.15573982505978,-2.426922471292727,85.0,-5.144228740882116,0.004644045288930698,93.90446549988137,-26.922259028274468,1.0,-0.09767047347164831,0.43148422496570643,0,1.9545000104699284
14.600000000000305,1007.1415951496632,180.22730134633355,-2.432586086355385,85.0,-5.155479273073649,-0.006822274553316632,93.78822118016413,-26.856772352415057,1.0,-0.09961533355796977,0.41276424357215946,0,1.93575001321733
14.616666666666973,1006.0663323221816,179.30493791672424,-2.438048682729132,85.0,-5.165144087051514,-0.0013596781795697233,93.43763157941913,-26.757653919238045,1.0,-0.09610181120749771,0.4280129093744585,0,1.9614170014392585
14.63333333333364,1004.9860470634916,178.38846194633456,-2.443187813519227,85.0,-5.181987488268867,-0.013054216383480366,92.85566106183234,-26.60419625105512,1.0,-0.09044312675177843,0.44237654420539946,0,1.9254159997217357
14.650000000000308,1003.9010662011505,177.47754978108588,-2.4488564421533883,85.0,-5.200480436229865,-0.007385587749319189,92.43254978424224,-26.551499699866156,1.0,-0.09970293252787821,0.42261463603261046,0,1.9373750255908817
14.666666666666975,1002.8109391756689,176.57280257177325,-2.4544468331100755,85.0,-5.222959414309228,-0.01832410655504591,92.04543467275604,-26.486694474497234,1.0,-0.0983357608510716,0.441430437691842,0,1.9290000200271606
14.683333333333643,1001.7157713204527,175.6741637047384,-2.4599066674617305,85.0,-5.248917112556811,-0.012864272203390925,91.59770661562519,-26.40086131654391,1.0,-0.09605351818784094,0.4232394741044339,0,2.0228750072419643
14.70000000000031,1000.6157133935791,174.7815176371579,-2.4648398131544793,85.0,-5.27625893447345,-0.02414780856857535,91.06442871401248,-26.223684723189557,1.0,-0.08683658542921688,0.43747684033328743,0,1.9456669979263097
14.716666666666978,999.5112653169,173.8943091552528,-2.4702339682041257,85.0,-5.3104650053644775,-0.018753653518928992,90.61309865581538,-26.13596395298083,1.0,-0.09490500594581695,0.41896663238365867,0,1.9337080011609942
14.733333333333645,998.4020475912899,173.01307111610737,-2.47529780896335,85.0,-5.343246226282647,-0.029587797328832544,89.99075478819677,-25.992225520488443,1.0,-0.08912516107884418,0.43765846855983775,0,1.9914580043405294
14.750000000000313,997.2883816571681,172.1374612534282,-2.4802704934085162,85.0,-5.385156156951304,-0.02461511288366625,89.51844331280114,-25.83753458015056,1.0,-0.08752903808147043,0.41960709719007916,0,1.9316670077387244
14.76666666666698,996.1703753785558,171.2674001030324,-2.4856745200906114,85.0,-5.423326294549382,-0.03478487001839481,88.97871380494593,-25.766104779284177,1.0,-0.09507764403066621,0.43524713667063547,0,1.9366249907761812
14.783333333333648,995.0476836139677,170.40339336337675,-2.49114464295339,85.0,-5.472594923271156,-0.029314747155616327,88.4168283298252,-25.709166389731976,1.0,-0.09623340703321193,0.41714870798851544,0,1.9649580062832683
14.800000000000315,993.9202824466158,169.54554078146182,-2.4962320206797806,85.0,-5.514494817456189,-0.03947237848104912,87.86691575193072,-25.585629690322428,1.0,-0.08953721354033775,0.4325301711450317,0,1.9465829827822745
14.816666666666983,992.7885316673072,168.69343479158803,-2.501131052225558,85.0,-5.570399500442605,-0.03457334693527159,87.34780270587021,-25.432908583177976,1.0,-0.08623906820864184,0.44917902570051943,0,1.9254999933764338
14.83333333333365,991.652619991843,167.84688348777442,-2.5060744619654294,85.0,-5.619368651636045,-0.0296299371954003,86.70942550942202,-25.293925396701646,1.0,-0.087016350457574,0.4309610291731653,0,1.9514580199029297
14.850000000000318,990.5125373627415,167.00595778162355,-2.511054200086554,85.0,-5.679886106770376,-0.03956274711977548,86.08406179585066,-25.16670541552726,1.0,-0.08765256215248383,0.4463029545099265,0,1.9481249910313636
14.866666666666985,989.3682812968877,166.17071979146667,-2.515871805593357,85.0,-5.735918712045794,-0.034745141612972485,85.42280246466191,-25.01514403152291,1.0,-0.08481262342383823,0.42873244140176575,0,1.9514580199029297
14.883333333333653,988.2200146781367,165.34100404694533,-2.5207271752062406,85.0,-5.800244942041308,-0.04446701574246559,84.63941884525748,-24.876091324498212,1.0,-0.08547422927738946,0.445893212066974,0,1.9227500015404075
14.90000000000032,987.0677330335458,164.51687331946144,-2.525768761410514,85.0,-5.863219122917436,-0.03942542953819217,84.04742117840715,-24.775730171772857,1.0,-0.08873553139113798,0.42374572106600583,0,1.9458329770714045
14.916666666666988,985.9113111245309,163.69856236829742,-2.530553491948253,85.0,-5.930720395538332,-0.04888059073104056,83.41068176440376,-24.632981029924355,1.0,-0.08423661187100663,0.43938000376262043,0,1.9709999905899167
14.933333333333655,984.7509870703901,162.8857939302865,-2.5353540279204734,85.0,-5.99994032671785,-0.04408005475882027,82.68620003900301,-24.498457939957778,1.0,-0.08451355033837102,0.42196422968308755,0,1.9374580006115139
14.950000000000323,983.5867746770042,162.07860501340818,-2.5401452223462875,85.0,-6.070566128215444,-0.05319009880799009,81.9467868980368,-24.36732592794834,1.0,-0.08434987190428704,0.43785910567074693,0,1.99333400814794
14.96666666666699,982.4187082619144,161.2770033078313,-2.5447016093178556,85.0,-6.145883242105922,-0.04863371183642196,81.14277183996734,-24.198922168625913,1.0,-0.08023421438047268,0.4195167150784479,0,1.960333000170067
14.983333333333658,981.2470015767898,160.48073206731155,-2.5492536494805313,85.0,-6.219480957776832,-0.05764365192332033,80.3263857864133,-24.03611105490169,1.0,-0.08015799827511078,0.4335356049997407,0,2.0290000247769058
15.000000000000325,980.0716823850028,159.6898027140432,-2.553916004202032,85.0,-6.301097581315214,-0.052981297201819544,79.58160929082081,-23.899295086726713,1.0,-0.0820919413293166,0.45330401932247477,0,1.9620840030256659
15.016666666666993,978.8926883876286,158.90436169232345,-2.558712532378913,85.0,-6.377371112096947,-0.061407531725790054,78.93734544910848,-23.791756384197342,1.0,-0.08444332808093297,0.42925250085877564,0,1.9673749920912087
15.03333333333366,977.7099405770526,158.1245847620272,-2.5633596019075053,85.0,-6.464310451619715,-0.05676046219719755,78.29971402518066,-23.66138787229121,1.0,-0.08182401044382795,0.44541276313195766,0,1.9823749898932874
15.050000000000328,976.5235818727546,157.3503125429849,-2.56751190511368,85.0,-6.54467793618175,-0.05260815899102277,77.55493460157572,-23.446920010408512,1.0,-0.07314521145146834,0.42761600132929006,0,1.9339999998919666
15.066666666666995,975.334018392037,156.58097310568328,-2.5722668105448454,85.0,-6.635173168532916,-0.06073743453204461,76.92749609556009,-23.348998852179655,1.0,-0.08371398932517991,0.44312045020393415,0,1.9271250057499856
15.083333333333663,974.1408102363049,155.81729860595263,-2.576664532755616,85.0,-6.721164973545948,-0.05633971232127388,76.25011701873159,-23.190515348079046,1.0,-0.07745161897405393,0.4254119687771032,0,1.935084001161158
15.10000000000033,972.9442552013696,155.05887887202192,-2.5809047482807035,85.0,-6.812997031719799,-0.06464627711261661,75.54744987037449,-23.009685699512303,1.0,-0.07468814411727023,0.4365082657484806,0,1.964040973689407
15.116666666666998,971.7444950696118,154.3055395920896,-2.585319955562335,85.0,-6.904515481782486,-0.06023106983098492,74.8132729073512,-22.867202343502328,1.0,-0.07775832446040627,0.4176504822081809,0,1.9587500137276947
15.133333333333665,970.5414204936626,153.5575048274235,-2.589427240637173,85.0,-6.997929806531765,-0.06833484188342931,73.95870634774096,-22.67468320728844,1.0,-0.07235497109015694,0.4351968585305363,0,1.9642499973997474
15.150000000000333,969.3352836821214,152.81441772869988,-2.5936771502499916,85.0,-7.094662173772363,-0.06408493227061074,73.1086348483895,-22.515147208757078,1.0,-0.07485826156473825,0.4521323604973795,0,1.9208329904358834
15.166666666667,968.125999719526,152.0764632976852,-2.5982690075250963,85.0,-7.189633528227955,-0.07137053531756399,72.38188236299328,-22.423167766817194,1.0,-0.0808561088244844,0.4304723125344081,0,1.9264580041635782
15.183333333333668,966.9133399363625,151.34406948644548,-2.602205477694806,85.0,-7.290655971699093,-0.06743406514785422,71.54895177446043,-22.216678152078067,1.0,-0.06935570101851328,0.44457292709871254,0,1.9429170060902834
15.200000000000335,965.6978065098074,150.61645493644548,-2.6064924951461332,85.0,-7.386508509227986,-0.07469344070759742,70.81954012913155,-22.0811510573216,1.0,-0.07550941114115814,0.4265271802490534,0,1.9415410060901195
15.216666666667003,964.479164966368,149.89405806972457,-2.6108142130211633,85.0,-7.492225851427023,-0.07037172283256733,70.11710344071287,-21.956987299088745,1.0,-0.07611825859158183,0.4433434750431708,0,1.9434169807936996
15.23333333333367,963.2574128176111,149.17693455773212,-2.615065279702242,85.0,-7.591836862648923,-0.06612065615148888,69.43828439661357,-21.824791007682293,1.0,-0.07487856617670263,0.42306213033128554,0,1.9710420165210962
15.250000000000338,962.03262317764,148.46501125971199,-2.618890869473253,85.0,-7.6978789769418805,-0.07351328077547192,68.77036930578551,-21.62096687432182,1.0,-0.06740812422960907,0.43669338615332237,0,1.9146249978803098
15.266666666667005,960.8051189802966,147.75777870252242,-2.6231859722742215,85.0,-7.801929014340702,-0.06921817797450334,68.10573569269691,-21.50943540023812,1.0,-0.07565128027374303,0.45345237238102093,0,1.9597909995354712
15.283333333333672,959.5745884781804,147.0558249093093,-2.6269529886559293,85.0,-7.908138386268283,-0.07634440342865112,67.40114476632444,-21.30700320346702,1.0,-0.06637909470190875,0.43518004400847266,0,1.9421660108491778
15.30000000000034,958.3414224417373,146.35851151419376,-2.6310033960747496,85.0,-8.016187925830327,-0.07229399600983077,66.67810763733956,-21.163315923341095,1.0,-0.07135642138522306,0.4494725640310366,0,1.9359999860171229
15.316666666667007,957.1054421251921,145.66619865026786,-2.634933051936593,85.0,-8.122603966183785,-0.07893609320022499,65.90814862267358,-21.003317664533512,1.0,-0.06923602504564948,0.4289814078807462,0,1.9510829879436642
15.333333333333675,955.8667508074572,144.9787480965459,-2.638802226730417,85.0,-8.234314004690466,-0.07506691840640078,65.13813835933695,-20.838488924529948,1.0,-0.06817374236223145,0.44527902508194533,0,1.950916979694739
15.350000000000342,954.6254089019154,144.29609538982714,-2.6428485167874975,85.0,-8.34055895766178,-0.07102062834932044,64.44796195121145,-20.71181266157914,1.0,-0.07128413102180382,0.42264547184130913,0,1.900208997540176
15.36666666666701,953.3813149549499,143.61847108715776,-2.646671206332515,85.0,-8.45560080510182,-0.07745192719986882,63.71353760862553,-20.549644279784722,1.0,-0.06735717580027023,0.43835644751255604,0,1.9336669938638806
15.383333333333677,952.1346397568894,142.9456075088706,-2.6505472480252017,85.0,-8.56521469989659,-0.07357588550718219,63.00748458456488,-20.40323809167955,1.0,-0.06829435960244731,0.4555183534293285,0,1.9243750139139593
15.400000000000345,950.8853658829014,142.27758113797256,-2.6544792466846827,85.0,-8.679452106016502,-0.07958404001746633,62.37096055874044,-20.272456388633643,1.0,-0.0692771705471594,0.43537589584574,0,1.9275830127298832
15.416666666667012,949.6334749941445,141.614472061657,-2.658201723293866,85.0,-8.792077187400103,-0.07586156340828287,61.662572555143896,-20.108868516042413,1.0,-0.0655965163252839,0.4486365797688698,0,1.9580000080168247
15.43333333333368,948.3791243766734,140.95602770341992,-2.661953254716816,85.0,-8.90523405836467,-0.08174045194607693,60.93545723471303,-19.956723217703903,1.0,-0.06610702809404709,0.4285817461463858,0,1.9139999931212515
15.450000000000347,947.1223124171437,140.30229370336517,-2.665743908045791,85.0,-9.020904123192025,-0.07794979861710205,60.312704649221196,-19.81739463852564,1.0,-0.06679437059116822,0.4454667610343519,0,1.955624989932403
15.466666666667015,945.8630314141728,139.65332852710287,-2.6695983145166,85.0,-9.132815183727743,-0.08342032309449898,59.754954824794545,-19.694827444954917,1.0,-0.06791432969408673,0.425256938888547,0,1.957374974153936
15.483333333333682,944.6012583960314,139.0092219403218,-2.6737901216075395,85.0,-9.25085695574008,-0.07922851600355951,59.3102974141123,-19.637651997806366,1.0,-0.07383858034935738,0.43982252376175157,0,1.9166670099366456
15.50000000000035,943.3367965006854,138.37041010600555,-2.6773956743744773,85.0,-9.362979965147415,-0.07562296323662165,58.870263970568885,-19.476983810827363,1.0,-0.06354174569900274,0.45685075777035705,0,1.9392920075915754
15.516666666667017,942.0700395595533,137.7361614981726,-2.680821938716481,85.0,-9.48027541375889,-0.08122049907160633,58.426995302172394,-19.29008680921359,1.0,-0.06038996810711171,0.4360218251933294,0,1.9200419774278998
15.533333333333685,940.8011169546885,137.10625684879483,-2.6843808430737472,85.0,-9.595211322504904,-0.07766159471433999,57.98374900534553,-19.134212763622955,1.0,-0.06272181515196741,0.4500149794935898,0,2.060750004602596
15.550000000000352,939.5299606201063,136.4808721531905,-2.6878291767987403,85.0,-9.711025322835763,-0.08294037675762266,57.41014232594084,-18.96431626459949,1.0,-0.06077800006974525,0.4299415663521298,0,1.915417000418529
15.56666666666702,938.2566553123171,135.85987453838007,-2.6915961680683753,85.0,-9.828389521708443,-0.07917338548798769,56.82519916209378,-18.858316254470804,1.0,-0.0663786534974209,0.4465111024382228,0,1.949875004356727
15.583333333333687,936.9810197516995,135.24367784824588,-2.695349649237246,85.0,-9.942123266219015,-0.08385484637505547,56.33296956704028,-18.75387847589211,1.0,-0.06614128515159438,0.42654091664785204,0,1.9425410137046129
15.600000000000355,935.7030802998024,134.63227356159962,-2.6988040152209667,85.0,-10.060778461080847,-0.08040048039133475,55.80049999420321,-18.599457774326815,1.0,-0.06088405826480299,0.4405149682022646,0,1.8933750106953084
15.616666666667022,934.4230364625265,134.02528738457718,-2.7024150011662758,85.0,-10.174556467787983,-0.07678949444602567,55.33998264950867,-18.479135102145104,1.0,-0.06363723813845852,0.4572722883645441,0,1.903833996038884
15.63333333333369,933.1408091568368,133.4229273751242,-2.7058887874077837,85.0,-10.292366173741076,-0.08146302984112985,54.88589937744773,-18.33862600484441,1.0,-0.06122549276284525,0.43511560100201224,0,1.9880420004483312
15.650000000000357,931.8564971218752,132.82502517467893,-2.709368556472329,85.0,-10.40764453170672,-0.07798326077658448,54.43948144205122,-18.204522109316947,1.0,-0.06133067603840288,0.4484531824377349,0,1.9186249992344528
15.666666666667025,930.570112305258,132.23159569443612,-2.7128718122821986,85.0,-10.522839090007675,-0.08234428229100699,54.01986397814469,-18.079733709239694,1.0,-0.06174358045894929,0.4298605583866533,0,1.9720409763976932
15.683333333333692,929.2816564513834,131.64267638157523,-2.716431764867862,85.0,-10.63936170384262,-0.07878432970534366,53.60301654348535,-17.969890223922313,1.0,-0.06274024060200721,0.44687895207641454,0,1.9218749948777258
15.70000000000036,927.9911122415674,131.05834763253503,-2.7199569015429335,85.0,-10.751560778881988,-0.0828450070340847,53.28647589825256,-17.857918181717796,1.0,-0.06212823403481349,0.4264176486877327,0,1.9372910028323531
15.716666666667027,926.6985162158367,130.47857184940025,-2.7232479268320486,85.0,-10.868790334554507,-0.07955398174496954,52.955439516523725,-17.70795675568224,1.0,-0.05801175226833516,0.4404953560371517,0,1.936041982844472
15.733333333333695,925.4040191367347,129.90305316452444,-2.726735742460481,85.0,-10.981372968114226,-0.07606616611653738,52.622755431212894,-17.59917901818882,1.0,-0.06147213954481774,0.45528630961568145,0,1.918291993206367
15.750000000000362,924.1075226323176,129.33205293818605,-2.7301384411948115,85.0,-11.096112431883684,-0.07997538776192804,52.33428807073116,-17.479161310053847,1.0,-0.05997560887554526,0.43423255049753035,0,1.976708008442074
15.76666666666703,922.8090906955458,128.7654675959687,-2.733210707600391,85.0,-11.20929015915111,-0.07690312135634868,52.014780657350116,-17.30407370677797,1.0,-0.05416343772451186,0.44869646182495343,0,1.9115000031888485
15.783333333333697,921.5089241882281,128.20287405024183,-2.736782777775036,85.0,-11.321071554065908,-0.08037362179999441,51.74831249040089,-17.225798414108837,1.0,-0.06295323691239098,0.42859505157196304,0,2.0354999869596213
15.800000000000365,920.2067563564078,127.64492836989572,-2.7400024741175564,85.0,-11.434811633975755,-0.07715392545747424,51.40635596522837,-17.086911046349794,1.0,-0.056757146789884624,0.4435251798561151,0,1.9273749785497785
15.816666666667032,918.9027988614444,127.09117815926535,-2.7433777781173183,85.0,-11.544004620395983,-0.07377862145771232,51.10057824226684,-16.981362146602617,1.0,-0.05949389535950639,0.46064559598186944,0,1.9412499968893826
15.8333333333337,917.5969797225054,126.54183234757193,-2.7466943389352716,85.0,-11.657003863917616,-0.0772397865224308,50.837160681562565,-16.86920541977431,1.0,-0.058460852680636,0.43715593013767956,0,2.042459003860131
15.850000000000367,916.2893458298336,125.99682037781314,-2.750017904257697,85.0,-11.766318124588933,-0.0739162212000055,50.57691679283185,-16.76255422492692,1.0,-0.05858403872076268,0.45395061221135674,0,1.9275829836260527
15.866666666667035,914.9799077797254,125.4561574168353,-2.753191071836843,85.0,-11.87540632008919,-0.07726038938356039,50.35713663427395,-16.63280178115014,1.0,-0.055938655303545,0.4347616508040696,0,1.916957990033552
15.883333333333702,913.6687607106727,124.91965223721543,-2.756473629367567,85.0,-11.984749681101428,-0.07397783185283613,50.14567293593882,-16.527704230644044,1.0,-0.05786282227670336,0.4455709822259927,0,1.9482920179143548
15.90000000000037,912.3558595995842,124.38745385602013,-2.759880070670299,85.0,-12.090034308187624,-0.07683273015119196,49.967948383807745,-16.448923156801087,1.0,-0.06004141665494342,0.425670925857007,0,1.9484999938867986
15.916666666667037,911.0411532067961,123.85973087451677,-2.7630794333308697,85.0,-12.19877361595264,-0.0736333674906211,49.79994624538345,-16.335748958326526,1.0,-0.05639946453851688,0.44316909006833477,0,1.9564579997677356
15.933333333333705,909.7247651682962,123.33621680924354,-2.76626794783607,85.0,-12.302993315965095,-0.07044485298542069,49.607405511563286,-16.22490102732842,1.0,-0.05620863274861998,0.4577821329413686,0,1.9278750114608556
15.950000000000372,908.4067145920399,122.81690272039671,-2.7692704124227934,85.0,-12.4081054653971,-0.073452056118009,49.38004309242159,-16.084673762575854,1.0,-0.05293516991371787,0.4344767021386507,0,1.9265409791842103
15.96666666666704,907.0871107369376,122.30154836653566,-2.7725514324179614,85.0,-12.512069001930598,-0.07017103612284092,49.17106839114396,-16.000034145463466,1.0,-0.05783577999670729,0.45214558757038925,0,1.9258329994045198
15.983333333333707,905.7658230997516,121.7905264254568,-2.775721014739716,85.0,-12.612996606880952,-0.07276369634817392,48.9374599146542,-15.898477377645095,1.0,-0.05587558360427641,0.4316151555601191,0,1.967958000022918
16.000000000000373,904.442922376156,121.28369497422804,-2.7785560352621417,85.0,-12.715987571975047,-0.06992867582574824,48.698566007470085,-15.740374877922234,1.0,-0.049988095353802275,0.44304793456879593,0,1.9366249907761812
16.01666666666704,903.1185900932184,120.78061600546319,-2.781873864406743,85.0,-12.814972476991002,-0.06661084668114681,48.55544387880241,-15.675415107180552,1.0,-0.058483158478467856,0.4601643260162267,0,1.935082982527092
16.033333333333704,901.7925959723901,120.2819337058241,-2.785001090901591,85.0,-12.915102961256343,-0.06900259984577552,48.42132869200471,-15.578500236200174,1.0,-0.05513042810667873,0.4376131500987492,0,2.0173339871689677
16.05000000000037,900.4650488454084,119.78740052181405,-2.788010113373148,85.0,-13.012779089443852,-0.0659935773742184,48.21495298541647,-15.46391492386556,1.0,-0.05305057260634924,0.45506571013959574,0,1.922333991387859
16.066666666667036,899.1360196691535,119.29686418971662,-2.7909823150368718,85.0,-13.108370160712537,-0.0683011644366367,48.00301970663935,-15.34702526446331,1.0,-0.052402598439860074,0.42965696691995897,0,1.9337080011609942
16.0833333333337,897.8055383924489,118.81028016122522,-2.793919802471839,85.0,-13.205054929532487,-0.06536367700166945,47.80822286459289,-15.228300202511418,1.0,-0.05179165559359597,0.4472720539828835,0,1.9808750075753778
16.100000000000367,896.4736335235759,118.32760649847049,-2.797069736459408,85.0,-13.297587549541515,-0.06221374301410032,47.63083985427036,-15.152417939705948,1.0,-0.055529923035527506,0.42337809332715953,0,1.9177919893991202
16.116666666667033,895.1402148746727,117.84913063575492,-2.8001273445718162,85.0,-13.391543608311986,-0.06420070927950805,47.50015511044566,-15.062729274891726,1.0,-0.05390551649135139,0.43677112380399513,0,1.9322500156704336
16.1333333333337,893.8053394694084,117.37473407499061,-2.8030614188663647,85.0,-13.482432146735738,-0.06126663498495954,47.32931302336102,-14.95412953368163,1.0,-0.051731584937006116,0.4511052056939209,0,1.9504160154610872
16.150000000000365,892.4690778972151,116.90425617420894,-2.8061089036383486,85.0,-13.571546541888669,-0.0630323872075862,47.17370004663651,-14.870112914733653,1.0,-0.05372738620840594,0.4271549063978605,0,1.9123330130241811
16.16666666666703,891.1313887580379,116.43785268861755,-2.808675136514749,85.0,-13.660783305536976,-0.06046615433118596,46.94704772577552,-14.702374161432619,1.0,-0.0452555417771619,0.44221897153145046,0,1.9851250108331442
16.183333333333696,889.7925071249238,115.97488355686686,-2.811706557102871,85.0,-13.746391502428141,-0.05743473374306385,46.68883908287016,-14.625015907043279,1.0,-0.053444713852801244,0.4564250250312245,0,1.9274169753771275
16.20000000000036,888.4522281916303,115.51597525947587,-2.8147917975562713,85.0,-13.833323437003463,-0.05893516671086907,46.46592736819923,-14.5602836062589,1.0,-0.05439171766016065,0.43032960231082684,0,1.9765000033657998
16.216666666667027,887.1105397969968,115.06120422241406,-2.8177460773197334,85.0,-13.9167665989908,-0.055980886947406994,46.28572822577969,-14.474342993532975,1.0,-0.052087192094166096,0.44787276586581354,0,1.9362499879207462
16.233333333333693,885.7675137384148,114.61039888702648,-2.8208158209126277,85.0,-13.998334072433964,-0.0572729209684697,46.17666489583834,-14.4124857436311,1.0,-0.05411904787418172,0.4201968958240205,0,1.9268750038463622
16.25000000000036,884.4231101530972,114.1637184148434,-2.823634363989914,85.0,-14.079426360516422,-0.054454377891183466,46.02181242495327,-14.307602791328994,1.0,-0.0496980387041903,0.4358252076561936,0,2.0145839953329414
16.266666666667025,883.0774529213859,113.7208289713167,-2.826292858090443,85.0,-14.156531942744412,-0.05179588379065425,45.83890290153478,-14.177792585132783,1.0,-0.04688022779195911,0.45117095297715565,0,2.031750016612932
16.28333333333369,881.7306230273632,113.28151851046768,-2.829050489028387,85.0,-14.234992650298025,-0.05317969407722423,45.64333053255396,-14.070817376001298,1.0,-0.04862571457310752,0.42723905482080377,0,1.9500829803291708
16.300000000000356,880.3825867997576,112.84592377506864,-2.8320460651105717,85.0,-14.310295044995442,-0.050184117995039745,45.4409270864108,-14.010852958777111,1.0,-0.052813947605225724,0.43856017718348633,0,1.918665977427736
16.31666666666702,879.0332517652135,112.41436913310959,-2.8348109614529493,85.0,-14.383387980762294,-0.05134377577737137,45.192627982775086,-13.911491068575241,1.0,-0.04875362387992268,0.4559659528973961,0,1.9142499950248748
16.333333333333687,877.6827286859336,111.98654690744021,-2.8374894860394506,85.0,-14.456093042641188,-0.04866525119087006,44.920712391280716,-13.800294900414855,1.0,-0.04723292481358556,0.4306479301802033,0,2.024749992415309
16.350000000000353,876.3310645203308,111.56234362142088,-2.840067062336632,85.0,-14.525008272244012,-0.046087674893688486,44.73701924933084,-13.67508510300675,1.0,-0.04545530828345767,0.4415023863872173,0,1.936167012900114
16.36666666666702,874.9783114297614,111.14162575823988,-2.842753819099188,85.0,-14.594738557056058,-0.04711192300842004,44.55070349600214,-13.574351676205874,1.0,-0.047377873657247216,0.45848360571275476,0,1.921583985676989
16.383333333333685,873.6244328565188,110.7245439277094,-2.845676477011531,85.0,-14.661455761416335,-0.044189265096077346,44.30286062715872,-13.520027473016919,1.0,-0.05153065595368662,0.43164406867041294,0,1.8961669993586838
16.40000000000035,872.2693410798628,110.31142079681055,-2.8487127196341313,85.0,-14.725655801816112,-0.044653703630323616,44.11632146363797,-13.488236655215424,1.0,-0.05352956536561193,0.4483353405866623,0,1.898124988656491
16.416666666667016,870.91300120921,109.90241395124187,-2.8514206500154513,85.0,-14.788894194669409,-0.04194577324900362,43.908720921728516,-13.398340694947107,1.0,-0.04775068105029718,0.4194081683580103,0,1.906416000565514
16.43333333333368,869.555558750788,109.4970814747271,-2.8538347468376406,85.0,-14.848299949640595,-0.039531676426814315,43.745104594423395,-13.25877158878357,1.0,-0.04257596396266931,0.4344565811595548,0,1.9075839954894036
16.450000000000347,868.1971417369657,109.09502717366512,-2.8561253176989743,85.0,-14.908002112866292,-0.04053457569031593,43.46730692385982,-13.102195362684927,1.0,-0.040399844868950756,0.4488917074967012,0,1.9280830165371299
16.466666666667013,866.8378073536938,108.69608547504332,-2.85908813749853,85.0,-14.965410371289574,-0.037571755890760006,43.2132540420494,-13.072997165538975,1.0,-0.052237488926120575,0.4208691489583117,0,1.902042014990002
16.48333333333368,865.4772969461067,108.30117298436802,-2.8617722575114466,85.0,-15.019758702588184,-0.037976894640698415,43.021318782328336,-12.994548065472511,1.0,-0.047331447047100586,0.43558497619613146,0,1.8859170086216182
16.500000000000345,864.1157314481685,107.90991368509336,-2.86415957323933,85.0,-15.073546371991393,-0.03558957891281489,42.746318199876825,-12.865448500059498,1.0,-0.042104203154104514,0.452103546593916,0,1.8899170099757612
16.51666666666701,862.753235771606,107.5219059844058,-2.866603919077103,85.0,-15.12395429927946,-0.033145233075042135,42.399928286962954,-12.751563272971298,1.0,-0.043108790921838794,0.42528275550629147,0,1.9633749907370657
16.533333333333676,861.3897957413154,107.1372298501766,-2.8692639246851783,85.0,-15.173826400252146,-0.033373161634762116,42.109356507708554,-12.680958433463683,1.0,-0.046906842842045625,0.4382404983392142,0,1.913374988362193
16.55000000000034,860.0253372951528,106.75618183070947,-2.871812208507417,85.0,-15.221096270150333,-0.03082487781252352,41.79684670188071,-12.592836833097175,1.0,-0.04493943752549731,0.4536115338735552,0,1.9422089972067624
16.566666666667007,858.6599122617614,106.37861207207835,-2.8743422169104154,85.0,-15.265385520430968,-0.03098425322164644,41.54731862320034,-12.504749945813407,1.0,-0.044617576362167205,0.42843768646735664,0,1.905332988826558
16.583333333333673,857.2935363447284,106.00449805497053,-2.8766410193039005,85.0,-15.309272856226166,-0.02868545082816132,41.20735422365476,-12.378226763759665,1.0,-0.040544869389265666,0.43961894087979825,0,1.8973750120494515
16.60000000000034,855.9263040245548,105.63352605182563,-2.879178760322827,85.0,-15.349905005302615,-0.026147709809234868,40.88086592757119,-12.299685424428937,1.0,-0.04475376199098472,0.45480887220681193,0,1.9112500012852252
16.616666666667005,854.5581346770967,105.26602492105106,-2.8818017458696943,85.0,-15.387473937889759,-0.027582751516483484,40.61890468120042,-12.239509545463772,1.0,-0.04625496414978089,0.42810511357785697,0,1.9383749749977142
16.63333333333367,853.1890060871258,104.90211373879842,-2.8842178563559084,85.0,-15.426544547891716,-0.025166641030269332,40.37634065288572,-12.144226692982244,1.0,-0.0426114347802715,0.44466013465880644,0,1.9246670126449317
16.650000000000336,851.8190022445905,104.54151158145216,-2.8860803332543457,85.0,-15.462193525968138,-0.02330416413183212,40.02343731907558,-11.952495714906938,1.0,-0.032855412044620544,0.4556660408887422,0,1.9008330127689987
16.666666666667002,850.4483291654036,104.18346164857006,-2.888821492859128,85.0,-15.501873676808662,-0.027484577256094322,39.74793115346249,-11.926860493131375,1.0,-0.04833572664126828,0.42934541439200835,0,1.9226250005885959
16.683333333333668,849.0766797650188,103.82917028984359,-2.8914084570357876,85.0,-15.540805259323664,-0.0248976130794345,39.511501092946446,-11.874313386677557,1.0,-0.045620633434057985,0.4442598404200767,0,1.9058749894611537
16.700000000000333,847.7041184164025,103.47842852054715,-2.8936453718956834,85.0,-15.579626307681048,-0.030800912285188886,39.282841658337,-11.760494495751175,1.0,-0.039454483004820955,0.45695836346730034,0,1.8940420122817159
16.716666666667,846.3307759229665,103.1307579290854,-2.895777785267668,85.0,-15.623254034411756,-0.02866849891320422,38.99947406739676,-11.632117324515129,1.0,-0.03761307654920661,0.430743452898101,0,1.8921669980045408
16.733333333333665,844.9566951750953,102.78601665976281,-2.898263694132762,85.0,-15.66386217814937,-0.0261825900481103,38.646363776054145,-11.572503093001227,1.0,-0.0438408706562695,0.4458306784782028,0,1.924582989886403
16.75000000000033,843.5817616784599,102.4446922916402,-2.900636345897841,85.0,-15.707762061175455,-0.03163187834553138,38.312809215320215,-11.494671182281394,1.0,-0.04184588301183975,0.4628508642527952,0,1.8990839889738709
16.766666666666996,842.2060222087958,102.10663111958274,-2.9026420272041586,85.0,-15.752566416267635,-0.029626197039213764,37.99350094733789,-11.353463506390387,1.0,-0.035379606852245435,0.42938432835820894,0,1.903249998576939
16.783333333333662,840.8296074637454,101.7713299205808,-2.9052538551473366,85.0,-15.794530722685113,-0.02701436909603583,37.79921509933237,-11.327165437945062,1.0,-0.0460584844458739,0.44682910753640503,0,1.9367500208318233
16.800000000000328,839.4523216653536,101.43962481963638,-2.907774465749034,85.0,-15.842314563094464,-0.03201666030619865,37.58938066366828,-11.285354473072665,1.0,-0.044452061518595036,0.4617583113025549,0,2.109916997142136
16.816666666666993,838.074204143728,101.11139236994076,-2.9098460645763753,85.0,-15.88766374994594,-0.029945061478857227,37.37459013555596,-11.163968445863791,1.0,-0.036541353476035765,0.4312061011595528,0,1.9252499914728105
16.83333333333366,836.6954096137406,100.78601552915299,-2.9120147785583197,85.0,-15.931560684892752,-0.035018053200755794,37.20706448037325,-11.064756654732363,1.0,-0.03825275420682668,0.4464946170092206,0,1.9057920144405216
16.850000000000325,835.3159126774572,100.46362966217211,-2.914409627767663,85.0,-15.98115945527857,-0.032623203991412275,37.019269762082686,-11.010176792825282,1.0,-0.042236910663121,0.4191898885555521,0,1.930250000441447
16.86666666666699,833.9356476322874,100.14454840367027,-2.9166364737707164,85.0,-16.027367463589265,-0.03039635798835905,36.767450131210296,-10.927292144128064,1.0,-0.03927707250732474,0.4347140120275794,0,1.9065419910475612
16.883333333333656,832.5546754651374,99.82854157146376,-2.9187479239794967,85.0,-16.074062849058674,-0.035261986205269207,36.46360804641368,-10.826693548561217,1.0,-0.03724365637723307,0.4456746261257539,0,1.928915997268632
16.900000000000322,831.1730391441304,99.51545129547536,-2.9211660887167907,85.0,-16.124006977862358,-0.032843821467975154,36.25700548538695,-10.78534331088074,1.0,-0.04264762043082489,0.41878151607836656,0,1.9022499909624457
16.916666666666988,829.7906497595677,99.20570295586255,-2.923226011947749,85.0,-16.17052736017112,-0.03078389823701677,36.049693598198544,-10.680799018011623,1.0,-0.03633558699155444,0.4343060074515801,0,1.9462919735815376
16.933333333333653,828.40762525059,98.89880288741817,-2.9252246493878795,85.0,-16.219527424436126,-0.03551311640745958,35.83826275235028,-10.56915224932241,1.0,-0.03525545831427358,0.4452532825249555,0,1.9205839780624956
16.95000000000032,827.0239901223338,98.59466759466166,-2.927576098404761,85.0,-16.269827098288328,-0.03316166739057813,35.592070173734,-10.525517760538253,1.0,-0.04147236585483205,0.41879253021781687,0,1.9143749959766865
16.966666666666985,825.6396436613753,98.29378668719804,-2.929761363561771,85.0,-16.316797517121977,-0.030976402233568123,35.414074686470606,-10.453486463324765,1.0,-0.03854440331939134,0.434374582421084,0,1.9246670126449317
16.98333333333365,824.2546430017682,97.99593165982368,-2.9316815817472506,85.0,-16.36746925906821,-0.03554915566590777,35.18262147296298,-10.33627208142289,1.0,-0.03387324197775693,0.4486626490052719,0,1.9128750136587769
17.000000000000316,822.8690729492849,97.70073668339944,-2.933825208736932,85.0,-16.41781995631206,-0.03340552867622648,34.96814728561644,-10.263906088723907,1.0,-0.037810682620443806,0.4181548082816509,0,1.9307910115458071
17.016666666666982,821.4828732928083,97.40851252829147,-2.936065243069322,85.0,-16.46513565396161,-0.031165494343836198,34.726042206426,-10.211702985536151,1.0,-0.039509446751411346,0.4335254156916511,0,2.308958995854482
17.033333333333648,820.0960225225418,97.11939423856288,-2.938204142815276,85.0,-16.517159164564887,-0.03529804493366129,34.48381741982577,-10.143186735424376,1.0,-0.037727379617171874,0.44835591920225004,0,2.3644589819014072
17.050000000000313,818.7085565300555,96.83324294267494,-2.940198291868376,85.0,-16.567154344779322,-0.033303895880561374,34.2537496608472,-10.051098362604883,1.0,-0.0351763496729011,0.41851855703337043,0,2.7838340029120445
17.06666666666698,817.3205226683305,96.54985902790716,-2.9420158221991097,85.0,-16.614326142719065,-0.03148636554982742,33.98611328159448,-9.930578366642504,1.0,-0.03206307275938292,0.4304724710452634,0,2.075750002404675
17.083333333333645,815.9319760406551,96.2689983734616,-2.944160653824727,85.0,-16.66761032628648,-0.03540393083129567,33.724679635838385,-9.873819125976718,1.0,-0.03783191050724426,0.44776165293321857,0,2.0543749851640314
17.10000000000031,814.5428302084936,95.99111656147505,-2.9464312322518684,85.0,-16.717755417802174,-0.03313335240415416,33.479767219880245,-9.841925973207097,1.0,-0.040047607727112466,0.4633439140520083,0,2.025666006375104
17.116666666666976,813.1530570053142,95.71638962765013,-2.94835041559214,85.0,-16.765629731204267,-0.03707915934770245,33.31061634980202,-9.747703907518641,1.0,-0.03385500093793474,0.4303547215120431,0,2.0369590201880783
17.133333333333642,811.7627591105544,95.444330427712,-2.950290848598387,85.0,-16.818146504445664,-0.03513872634145532,33.08214783079945,-9.660906119427025,1.0,-0.03422956063484472,0.4459365190094175,0,2.072000002954155
17.150000000000308,810.3719359209044,95.17496951819382,-2.9521630085009596,85.0,-16.867916123279496,-0.03326656643888271,32.86700571400655,-9.565062678674005,1.0,-0.033026103237797096,0.4625764993880049,0,2.0748750248458236
17.166666666666973,808.9806108822598,94.90821292261431,-2.9541851957042913,85.0,-16.91659048369053,-0.03692285576422849,32.548785566645634,-9.49998714840894,1.0,-0.035670519935527216,0.4297320011205528,0,2.034208009717986
17.18333333333364,807.5887492569398,94.64427039022193,-2.9562568019885105,85.0,-16.96888597841541,-0.03485124948000928,32.31850532604554,-9.446307128236382,1.0,-0.036541484892356264,0.44599536440896215,0,2.035957993939519
17.200000000000305,806.1963438336246,94.38321181141839,-2.9581770392504643,85.0,-17.01824858771279,-0.0329310122180555,32.092337225471006,-9.367288547876074,1.0,-0.033873578235298414,0.4605298148716375,0,2.0522919949144125
17.21666666666697,804.8034396833222,94.12482746105124,-2.959867483999696,85.0,-17.066856969259252,-0.03674273025484487,31.853458240113667,-9.249720438786401,1.0,-0.029822533558017027,0.4278429213879916,0,2.0861669909209013
17.233333333333636,803.4101007389428,93.86879810624964,-2.961969844194438,85.0,-17.118897459254026,-0.034640370060102565,31.69454311799248,-9.211105916397477,1.0,-0.03708346581305234,0.44326746370976067,0,2.0468339789658785
17.250000000000302,802.0162266082567,93.61569861543883,-2.963682636758758,85.0,-17.167961503022582,-0.03292757749578268,31.41960168144539,-9.103507773355227,1.0,-0.030216551468633418,0.4603106258649854,0,2.0244170154910535
17.266666666666968,800.6219210154316,93.36498691196097,-2.965695903281972,85.0,-17.216796478274837,-0.036249722826720454,31.144634633087584,-9.054334906569366,1.0,-0.03551329550676727,0.4292545566250256,0,2.0072500046808273
17.283333333333633,799.2271134991959,93.11708282345741,-2.967553218057363,85.0,-17.268139006178828,-0.03439240805132959,30.92654676319478,-8.978821274172,1.0,-0.032764413784729614,0.44279487736952716,0,2.0209589856676757
17.3000000000003,797.8318479530744,92.87176975766025,-2.969243783714703,85.0,-17.316851979668982,-0.03270184239398955,30.6339418590838,-8.876022814361459,1.0,-0.029824665333294108,0.4583337611005595,0,2.1414579823613167
17.316666666666965,796.4361696831487,92.62881582930845,-2.9710279564872106,85.0,-17.36544343387789,-0.03609530691826057,30.36010392697603,-8.794067109437322,1.0,-0.031475003905057815,0.4296920723255265,0,2.2397910070139915
17.33333333333363,795.0400601630805,92.38835241749808,-2.9729740761031964,85.0,-17.416567349011814,-0.034149187302274786,30.1859677320491,-8.744506082857004,1.0,-0.03432979469431606,0.4409471676204694,0,2.1474590175785124
17.350000000000296,793.643485316544,92.15060645545893,-2.975049156327809,85.0,-17.464935962097506,-0.032074107077662,30.007160282005174,-8.720125913021313,1.0,-0.036602707763037944,0.4560677638146993,0,2.020332991378382
17.366666666666962,792.2464201352124,91.91575900804811,-2.9767073411055134,85.0,-17.512579200593482,-0.035444221338340576,29.865791629988696,-8.621272534982651,1.0,-0.029253736523254116,0.4269391365160335,0,2.0855829934589565
17.383333333333628,790.8489674542653,91.68322847465829,-2.978385414284424,85.0,-17.562781334518505,-0.03376614815943002,29.69978175948627,-8.529781351774911,1.0,-0.029604404427187175,0.43864381458272816,0,2.0221250015310943
17.400000000000293,789.4511265378138,91.45304329542533,-2.979937535974363,85.0,-17.610607621656424,-0.032214026469490786,29.4729504482206,-8.418994945151454,1.0,-0.027383536121686196,0.45343832887824714,0,2.1500839793588966
17.41666666666696,788.0529300298525,91.22502801179414,-2.9819168969867795,85.0,-17.658271891576838,-0.03512156485091955,29.22196574133948,-8.38968671128399,1.0,-0.03491570464335394,0.4249521496635041,0,2.056792000075802
17.433333333333625,786.6542849365985,90.99978070867834,-2.9838223333644094,85.0,-17.70801721329966,-0.0332161284732897,29.027417959364183,-8.348105721487283,1.0,-0.03361268344063376,0.4402486783848175,0,2.05425001331605
17.45000000000029,785.25521318822,90.77719884209117,-2.9854450734693514,85.0,-17.755064742845455,-0.031593388368347686,28.796742875889628,-8.256971613228163,1.0,-0.02862876608364978,0.4511588036024126,0,2.055458986433223
17.466666666666956,783.8557820895556,90.55688759740411,-2.987102975374838,85.0,-17.801571543354694,-0.03468846595044228,28.58902916965358,-8.175666522663263,1.0,-0.029248748930582158,0.42237395824738017,0,2.021208027144894
17.483333333333622,782.4559876598911,90.3388967739172,-2.989083900543603,85.0,-17.850703682035242,-0.032707540781677036,28.448587693504926,-8.155859079516668,1.0,-0.034943273738865084,0.4383598182135273,0,2.009499992709607
17.500000000000288,781.055764153441,90.1236792643385,-2.9908837655348175,85.0,-17.897031103728484,-0.03090767579046272,28.293493528465007,-8.104044213127871,1.0,-0.03175164874603937,0.4520824490387502,0,2.0383330120239407
17.516666666666953,779.6551555527603,89.9109823152682,-2.992310746572467,85.0,-17.942201038460993,-0.03410681077562128,28.10626265575958,-7.986752696483235,1.0,-0.02517669741076061,0.4201412952408536,0,2.072582981782034
17.53333333333362,778.2542448636814,89.70028422398863,-2.9937557054222994,85.0,-17.990509653091596,-0.032661851925789076,27.90036362847778,-7.877190543292803,1.0,-0.025493749322854607,0.43590559914554494,0,2.0676669955719262
17.550000000000285,776.8530311871215,89.49161061026153,-2.9957603161571362,85.0,-18.03677238347559,-0.030657241190952252,27.69029619996813,-7.873008558012498,1.0,-0.035360738039860194,0.44990248153373724,0,2.088957990054041
17.56666666666695,775.4514020168381,89.28574630190461,-2.997677749895319,85.0,-18.08114725102097,-0.033245725818188625,27.512490347506652,-7.853194092630493,1.0,-0.03382416094934873,0.41877783531848783,0,2.0252090180292726
17.583333333333616,774.0493806922068,89.08256990139573,-2.9992112942460234,85.0,-18.12823668698952,-0.03171218146748434,27.378692927636592,-7.764690925425259,1.0,-0.02705594356428692,0.4343256541700121,0,2.0173749944660813
17.600000000000282,772.6470494362839,88.88154380083691,-3.000490794193704,85.0,-18.173154747783833,-0.03043268151980394,27.23268457123159,-7.633606603751415,1.0,-0.022575574795996,0.44937767802489287,0,2.2232089831959456
17.616666666666948,771.2444621154381,88.682312147109,-3.002165353878307,85.0,-18.216708423715023,-0.03315014774593905,27.05539741570376,-7.578986787684976,1.0,-0.02954245579760264,0.4164757115454404,0,2.047999994829297
17.633333333333614,769.8415431359853,88.4854294878027,-3.0039954772308444,85.0,-18.26366253202138,-0.03132002439340153,26.844543795431164,-7.554564852293728,1.0,-0.032285072588539764,0.43185959133254415,0,2.095417003147304
17.65000000000028,768.4382661866148,88.29111467156369,-3.0057939726298297,85.0,-18.30802531284849,-0.02952152899441618,26.613922542307257,-7.525331408449189,1.0,-0.031727503811380155,0.4463131850155406,0,2.3514999775215983
17.666666666666945,767.0346420326389,88.09932395536492,-3.00730798836933,85.0,-18.349841404374896,-0.02800751325491602,26.37741181719796,-7.445745033707881,1.0,-0.02671157002829233,0.4602529451814562,0,2.089832996716723
17.68333333333361,765.630729113335,87.90965856723123,-3.008802302275386,85.0,-18.39547151418347,-0.030797305054039992,26.235175789903074,-7.365624764434717,1.0,-0.026364135416474914,0.4295717998432408,0,2.028749993769452
17.700000000000276,764.2265343419598,87.7220912766739,-3.010478581606409,85.0,-18.439094133093604,-0.029121025723017002,26.10834430785069,-7.32146388980484,1.0,-0.0295727759943751,0.4450890710214773,0,2.572416007751599
17.716666666666942,762.8220271283911,87.53687807120997,-3.012262346576607,85.0,-18.480343088870562,-0.027337260752818615,25.941243858030845,-7.298406613142938,1.0,-0.03146781451914612,0.4579755426348569,0,2.0800420024897903
17.733333333333608,761.417191772612,87.35417046984266,-3.013527412525465,85.0,-18.524280429552054,-0.03025404510162888,25.75015096112756,-7.182391829950347,1.0,-0.02232098550818421,0.4276480185036037,0,2.065665990812704
17.750000000000274,760.0121264038728,87.17324022357552,-3.014953724910658,85.0,-18.5671337887495,-0.028827732716436124,25.50312017119841,-7.099977218458752,1.0,-0.025164905135900334,0.44270512978226106,0,2.025124995270744
17.76666666666694,758.6068044013791,86.99431422280554,-3.0168045602075804,85.0,-18.607967420498273,-0.026976897419513705,25.372499528527563,-7.09747424492667,1.0,-0.032650192324794575,0.4568444370833506,0,2.0159159903414547
17.783333333333605,757.2011536435455,86.81798954657991,-3.0182822720941114,85.0,-18.650623519010917,-0.029584161331428497,25.21895520971696,-7.027562303351907,1.0,-0.026071359940847548,0.4258158701234159,0,2.099792007356882
17.80000000000027,755.7952438634487,86.6437422089456,-3.019877336042639,85.0,-18.692528300937514,-0.027989097382900674,25.115722434348918,-6.981534029453953,1.0,-0.02814075673094349,0.44147373610797264,0,2.0437090133782476
17.816666666666936,754.3890579363012,86.471737608028,-3.0213683930689306,85.0,-18.732174345373856,-0.026498040356609298,24.96245962957415,-6.91843567898895,1.0,-0.02630670092007175,0.4583575588808307,0,2.0498749800026417
17.833333333333602,752.982617103732,86.3018299009451,-3.0228820633503255,85.0,-18.77336133380118,-0.028977590200691683,24.810080496335424,-6.861824886031689,1.0,-0.026705478056535316,0.4237704154023012,0,2.0575829839799553
17.850000000000268,751.5759206982308,86.13405127538608,-3.024655367519063,85.0,-18.81440717498554,-0.027204286031954347,24.760028992316265,-6.854315121398478,1.0,-0.03128339380917438,0.43882737899242674,0,2.1196250163484365
17.866666666666934,750.168928982103,85.96876741291864,-3.0259762424470504,85.0,-18.852941826710023,-0.02588341110396675,24.667720576618958,-6.7652390618990195,1.0,-0.023305337291949925,0.45628821850794943,0,2.0488750014919788
17.8833333333336,748.7617201741252,85.80534215417873,-3.02731846595057,85.0,-18.892453749861943,-0.028447529021180976,24.528973029967553,-6.683422306242275,1.0,-0.023681868952785713,0.42182884740949556,0,2.033416007179767
17.900000000000265,747.3542932805781,85.64380583081862,-3.028898690243228,85.0,-18.932748980562902,-0.026867304728522615,24.31143642995297,-6.647772318082797,1.0,-0.02787908585518905,0.43694036763343697,0,2.024458022788167
17.91666666666693,745.9466128807635,85.48449375838706,-3.0304211156840877,85.0,-18.970806416569566,-0.02534487928766316,24.21184121795909,-6.6030117700837945,1.0,-0.02685987007014145,0.45264973665945374,0,2.000749984290451
17.933333333333596,744.5386915716364,85.32732495820598,-3.0319003208114648,85.0,-19.00874300245694,-0.02768979078098255,24.119452257553554,-6.552127583686481,1.0,-0.02609769332446984,0.41997156112800604,0,2.0078750094398856
17.950000000000262,743.1305393179982,85.17223893363122,-3.033158960055366,85.0,-19.047965193512393,-0.0264311515370812,24.02610133390607,-6.463274767755358,1.0,-0.022207629277086676,0.43538619979402676,0,1.9890840048901737
17.966666666666928,741.7221929824331,85.01892538711785,-3.0350017194201007,85.0,-19.085404965227834,-0.02458839217234665,23.999172112936378,-6.483454715210355,1.0,-0.03250782708695632,0.4505966440688365,0,2.1099580044392496
17.983333333333594,740.3135665182581,84.86820734284241,-3.036664713975008,85.0,-19.12145472568835,-0.02667173778460219,23.956979867878033,-6.470325373007679,1.0,-0.029338542117194912,0.4185234452943133,0,2.01274998835288
18.00000000000026,738.9046913587252,84.71983204403622,-3.0378431983736243,85.0,-19.15923520778812,-0.02549325338598596,23.859896386910364,-6.370035259231205,1.0,-0.020793786036847513,0.4336513890033798,0,2.1162499906495214
18.016666666666925,737.4956423195989,84.57311718527451,-3.0390209635998855,85.0,-19.195346738271805,-0.02431548815972473,23.76564077196209,-6.2734455372239974,1.0,-0.02078110024332976,0.4486127753710019,0,2.1454579837154597
18.03333333333359,736.0864214621213,84.42806195684585,-3.040700022118522,85.0,-19.230196401659565,-0.026309252487050294,23.60525081068197,-6.271217617659335,1.0,-0.029621777531291582,0.4184389058003387,0,2.0520410034805536
18.050000000000257,734.6769590350049,84.28537309606331,-3.0421645660316554,85.0,-19.26746354309411,-0.02484470857391674,23.434243119344913,-6.230252484556864,1.0,-0.025839140451523017,0.43189714721680944,0,2.020332991378382
18.066666666666922,733.2672891454305,84.14474860718713,-3.0432193310306905,85.0,-19.30265659277211,-0.023789943574881622,23.278662467644445,-6.1167056178559065,1.0,-0.018611350803877054,0.4465059130701889,0,2.0472909964155406
18.083333333333588,731.8574717142441,84.00561106671937,-3.045045799815031,85.0,-19.3363558338816,-0.021963474790541056,23.21667253981699,-6.147082196645816,1.0,-0.032220647273356676,0.46053474388908405,0,2.012249984545633
18.100000000000254,730.4474025043911,83.86904874443015,-3.046544733326473,85.0,-19.3721700671508,-0.024067932021809124,23.092148773852454,-6.117033060883861,1.0,-0.026445601038787264,0.4294717484063601,0,2.0317499875091016
18.11666666666692,729.0371301808461,83.73460017475574,-3.048081896963883,85.0,-19.406263012482253,-0.022530768384398936,23.10165453948047,-6.095028131294533,1.0,-0.02711976647656589,0.44703437544786356,0,2.1069590002298355
18.133333333333585,727.6266528540764,83.60231958240458,-3.049008828464762,85.0,-19.438178900593797,-0.021603836883520074,23.001987493619637,-5.963448055559363,1.0,-0.016356156011409394,0.4583053578622264,0,2.010541007621214
18.15000000000025,726.2160535182186,83.47134646255952,-3.0505033595914135,85.0,-19.47259322429198,-0.02364719006286542,22.929398117832875,-5.939588600346696,1.0,-0.026367966056930064,0.4299958669146518,0,2.0199169812258333
18.166666666666917,724.8052600144027,83.3424816728166,-3.051956997945845,85.0,-19.506090288142417,-0.022193551708433734,22.81234613620147,-5.909225162041508,1.0,-0.025646816925512655,0.4453221856781319,0,2.0152090000919998
18.183333333333582,723.3942806784005,83.21566780204856,-3.053253545063071,85.0,-19.537528572073676,-0.020897004591208027,22.71103533988626,-5.851588489484238,1.0,-0.02287625185416071,0.4570633681184002,0,2.058834012132138
18.200000000000248,721.983138108238,83.09068343854774,-3.054752589635899,85.0,-19.57006967262339,-0.022874117527852178,22.641870231241192,-5.832772482785205,1.0,-0.02644755957511697,0.42822249018334724,0,2.0286249928176403
18.216666666666914,720.5718097665273,82.96781458029429,-3.0561854090940868,85.0,-19.60247184667607,-0.021441298069664327,22.600306278539872,-5.802676942424735,1.0,-0.02527966280006485,0.4435476436787496,0,1.9721659773495048
18.23333333333358,719.1603068246941,82.84696802618194,-3.057570383629165,85.0,-19.632844691602326,-0.020056323534586085,22.56388993076404,-5.765059921571591,1.0,-0.024435862283978052,0.45501612103174605,0,2.081665996229276
18.250000000000245,717.7486378672545,82.7280764829764,-3.0587303265234493,85.0,-19.663344401714376,-0.02231445774580898,22.475036509763434,-5.688156272426287,1.0,-0.020466722262406565,0.42609198130243214,0,2.134792011929676
18.26666666666691,716.3368319521223,82.61082247476229,-3.059992525268063,85.0,-19.694953926786937,-0.021052259001195228,22.363994110524313,-5.6326857761383184,1.0,-0.022270412934108693,0.4416709379805228,0,2.189833001466468
18.283333333333577,714.9248791637735,82.49535053913009,-3.0613304431818698,85.0,-19.72477575743071,-0.01971434108738856,22.183271599323806,-5.593022473972145,1.0,-0.02360593042593456,0.45329622003083575,0,2.068542002234608
18.300000000000242,713.5127731472144,82.38176778321206,-3.0627643326508958,85.0,-19.753964358150835,-0.021643973582311737,22.085280506860613,-5.572220899695315,1.0,-0.02529853327073069,0.42640321914981427,0,2.049917005933821
18.316666666666908,712.1005057172657,82.27020994731173,-3.06391636421964,85.0,-19.784624260097196,-0.02049194201356741,22.04327976277109,-5.501207522072687,1.0,-0.02032716871077817,0.43951070838507084,0,1.9944999949075282
18.333333333333574,710.6881107063609,82.1602791617428,-3.06535255033359,85.0,-19.81365247959674,-0.01905575589961739,21.94596238213689,-5.484305761388377,1.0,-0.02533903632357981,0.4533750438786677,0,2.0674999977927655
18.35000000000024,709.275559271067,82.05237695095191,-3.0665147969821933,85.0,-19.84110793940208,-0.021205891741453264,21.847675368246442,-5.418475254758217,1.0,-0.020507359689316107,0.42456683168316833,0,2.0501670078374445
18.366666666666905,707.8628833808677,81.94611654584114,-3.067944875825299,85.0,-19.871147367846692,-0.0197758128983474,21.733992253588244,-5.40360457433279,1.0,-0.025231329846320427,0.44002660935421145,0,2.0607499754987657
18.38333333333357,706.4500569745126,81.8418764866024,-3.0692197574588067,85.0,-19.899161276743158,-0.01850093126483987,21.579306096132832,-5.36120894911218,1.0,-0.022494116514256965,0.45155727208889257,0,1.9891669799108058
18.400000000000237,705.037098822606,81.73943769802443,-3.0705751575519353,85.0,-19.92536943420114,-0.017145531171711244,21.511474689314394,-5.334986754721335,1.0,-0.023914265336729412,0.4248295806651518,0,1.9600420200731605
18.416666666666902,703.6240031230776,81.63891412656638,-3.071946829852853,85.0,-19.953971452622028,-0.019038418990407813,21.506306983007974,-5.3126938941288095,1.0,-0.024201255775555867,0.43808762981626004,0,2.0072920015081763
18.433333333333568,702.2107708675528,81.54032895329686,-3.073057109797732,85.0,-19.980940916891264,-0.017928139045528813,21.477226440880663,-5.243947970192776,1.0,-0.019590668850662796,0.4521964357579948,0,2.0036670030094683
18.450000000000234,700.7974300259706,81.44331292389978,-3.073861647711024,85.0,-20.006337753320622,-0.0171236011322371,21.30206275506243,-5.122502231014629,1.0,-0.014196774025726111,0.4232803141976518,0,2.030541974818334
18.4666666666669,699.3840115887374,81.34743401206981,-3.07531159067775,85.0,-20.03410455612892,-0.01889362504471004,21.13926100187463,-5.12247351860092,1.0,-0.025581646977306922,0.4384472895111193,0,2.0059579983353615
18.483333333333565,697.9704556183381,81.25360457642863,-3.076775994267886,85.0,-20.060868932533527,-0.01742922145457415,21.0665818417233,-5.12503958646622,1.0,-0.025836665816119958,0.4498147020264063,0,1.9554580212570727
18.50000000000023,696.5567637594949,81.16184525709306,-3.0780329906031425,85.0,-20.08555907949694,-0.016172225119317485,20.98484500957714,-5.089967107242748,1.0,-0.022178651049087488,0.4235672731773734,0,1.9701659912243485
18.516666666666897,695.1429576763985,81.07186301526696,-3.079037514116542,85.0,-20.111211201748453,-0.01834622662775276,20.852739014886073,-5.010543982431262,1.0,-0.01772502903382746,0.4381661914543541,0,2.018791012233123
18.533333333333562,693.7290619173524,80.98330102005494,-3.0800122198961324,85.0,-20.13720023149845,-0.01737152084816218,20.736096135695234,-4.92875930080035,1.0,-0.017198994175599155,0.4504064538064476,0,2.1320829982869327
18.550000000000228,692.3150805080681,80.896117199062,-3.0813433182426815,85.0,-20.161808648310533,-0.016040422501613083,20.61735760875723,-4.914577721415144,1.0,-0.023485651829156698,0.4232992303650357,0,2.0484580018091947
18.566666666666894,690.9009843012402,80.81081560306635,-3.0827355167873502,85.0,-20.186545745027445,-0.017788390679108534,20.475256825920077,-4.911973072704016,1.0,-0.0245632683026317,0.43840413259420336,0,2.3306670191232115
18.58333333333356,689.4867707081052,80.72748279178236,-3.084193883965215,85.0,-20.211744636172867,-0.016330023501243573,20.413975953981137,-4.921416221267695,1.0,-0.025730211694350934,0.45010771086075924,0,2.03183401026763
18.600000000000225,688.0724370890755,80.64621251107158,-3.085204877953902,85.0,-20.234877807948433,-0.015319029512556703,20.312387469869716,-4.849541766200994,1.0,-0.01783917778990523,0.42353948345573067,0,2.0918750087730587
18.61666666666689,686.658022029096,80.56637215443759,-3.0859760225001147,85.0,-20.257905302267623,-0.017652718803597978,20.146132596735416,-4.737010602189286,1.0,-0.013607593215684482,0.4385031108568393,0,2.01424999977462
18.633333333333557,685.2435458212177,80.48762253989416,-3.087286666327401,85.0,-20.282912021766176,-0.016342074976311682,20.024098198119887,-4.72640061828082,1.0,-0.023124885744297743,0.44993199241612397,0,1.999750005779788
18.650000000000222,683.8289676155572,80.4107268669682,-3.0886211021627057,85.0,-20.30606226418671,-0.015007639141007001,19.934828202240883,-4.720482439045748,1.0,-0.02354451612797969,0.4235746764603008,0,2.0896669884677976
18.666666666666888,682.4142880570686,80.33571892579627,-3.0896935012214213,85.0,-20.32800303198048,-0.017007717811608813,19.85536794385541,-4.66736592967093,1.0,-0.01892243050302701,0.43774858751300305,0,2.069290989311412
18.683333333333554,680.9995288736186,80.26222812849151,-3.090649426229471,85.0,-20.352096137302546,-0.016051792803559284,19.71391291299817,-4.595198206842598,1.0,-0.01686766494707338,0.45006537158858106,0,2.0269579836167395
18.70000000000022,679.5847000848865,80.19008976824229,-3.091731688051334,85.0,-20.374835200586855,-0.014969530981696177,19.53751569337135,-4.548645716036109,1.0,-0.019096416377645208,0.4233313103675283,0,2.1237909968476743
18.716666666666885,678.1697940521643,80.11948266512414,-3.0929997607969284,85.0,-20.396120181018205,-0.01674451738636762,19.36079108244601,-4.53748076346616,1.0,-0.022374020132168233,0.43868371453313637,0,1.9907499954570085
18.73333333333355,676.7547996221133,80.05066982207123,-3.0939664304413506,85.0,-20.41984047216792,-0.01577784774194546,19.196411638211284,-4.472194853475711,1.0,-0.017057221626054525,0.4501157466947888,0,2.048791997367516
18.750000000000217,675.339739333907,79.98322484311892,-3.095249854574615,85.0,-20.442191495762994,-0.014494423608681029,19.04241061017033,-4.466709242369568,1.0,-0.02264478973366101,0.4226607976633688,0,2.0048749865964055
18.766666666666882,673.9245936506384,79.91759604173886,-3.0961590255807545,85.0,-20.462724543565432,-0.013585252602541509,18.89920155152646,-4.393703306735411,1.0,-0.01604281776024288,0.4356177156177156,0,2.0003750105388463
18.783333333333548,672.5093888844485,79.85325387673036,-3.0973427054033156,85.0,-20.485765357875774,-0.01541812096817008,18.668914747484486,-4.373154422669056,1.0,-0.020885430177151536,0.44974985361042913,0,1.9319170096423477
18.800000000000214,671.0941089491741,79.79058690573206,-3.098430700278276,85.0,-20.507606830536496,-0.014330126093209827,18.420772460227568,-4.33606576692248,1.0,-0.019197550817150792,0.42507488408354194,0,2.0710829994641244
18.81666666666688,669.6787616702265,79.72945978883664,-3.099463464553028,85.0,-20.52790714769838,-0.013297361818457532,18.173367967672426,-4.290392274141923,1.0,-0.018223234410735506,0.43692374556329355,0,1.9489580008666962
18.833333333333545,668.2633520161937,79.6697944243866,-3.100523668757354,85.0,-20.549997749145195,-0.015230081890957425,17.997302855116946,-4.251422095466311,1.0,-0.01870730336391366,0.4515572178666475,0,1.9102499936707318
18.85000000000021,666.847879900186,79.61162971645439,-3.1015431950636634,85.0,-20.571572864390756,-0.0142105555846479,17.79142786023792,-4.2065727562897655,1.0,-0.01798969978368751,0.4245554996973397,0,1.9019170140381902
18.866666666666877,665.4323492193834,79.55490814955948,-3.102931399986639,85.0,-20.59170380724631,-0.012822350661672477,17.672898956233198,-4.23012913712953,1.0,-0.02449283501717284,0.4365535788167149,0,1.923750009154901
18.883333333333542,664.0167411613911,79.50015168334757,-3.103855635175897,85.0,-20.61263237689098,-0.014870291742027586,17.509504814138918,-4.16882067980408,1.0,-0.016308586732830185,0.4534420419743729,0,1.8821670091710985
18.900000000000208,662.6010831001669,79.44670359511755,-3.1048505740434376,85.0,-20.633697847153112,-0.013875352874487048,17.377043682843535,-4.122645997523232,1.0,-0.017555940853874057,0.42649545496469526,0,1.9232500053476542
18.916666666666874,661.1853725620533,79.39466402633764,-3.1058614877808437,85.0,-20.653353966327376,-0.01286443913708091,17.218321298469753,-4.081120297594442,1.0,-0.01783776204143713,0.4385286075426921,0,1.918834022944793
18.93333333333354,659.7696101398241,79.34405564513595,-3.1069347706739934,85.0,-20.673908229919903,-0.01474545882472178,17.002569152671356,-4.052459139217756,1.0,-0.01893802199267575,0.4527098286966405,0,1.9134999893140048
18.950000000000205,658.3537942159293,79.29496680637989,-3.107973144258976,85.0,-20.69479687293781,-0.013707085239738959,16.8259934204263,-4.018566925856908,1.0,-0.018322189190693138,0.4280967230714176,0,1.913290994707495
18.96666666666687,656.9379280827704,79.24734813968048,-3.1092088425548456,85.0,-20.714214635632366,-0.012471386943869511,16.68793517065477,-4.021661542710659,1.0,-0.021802985028822688,0.43938816108184997,0,1.8990419921465218
18.983333333333537,655.5220041882998,79.20147909225942,-3.109942713988695,85.0,-20.733835578229954,-0.01467682690687422,16.546253166822403,-3.9338199490277805,1.0,-0.012949948406348454,0.45691636616236425,0,1.9289579940959811
19.000000000000203,654.1060470131335,79.15664916319552,-3.1109190247561145,85.0,-20.754627003218385,-0.013700516139454775,16.39274901259636,-3.893210606605832,1.0,-0.017227309099064392,0.43009017657451565,0,1.874667010270059
19.01666666666687,652.6900467448647,79.11320166951388,-3.112033839148235,85.0,-20.774035460561343,-0.012585701747334088,16.231480588859583,-3.879206569559533,1.0,-0.019670657675178543,0.44206388408660574,0,1.9165830162819475
19.033333333333534,651.2739989206251,79.07133277998209,-3.113070716133189,85.0,-20.793501496550853,-0.014476045725087872,16.04569638376875,-3.851623456358632,1.0,-0.01829578745428801,0.45797033440107726,0,1.8935000116471201
19.0500000000002,649.8579084447116,79.03093218009265,-3.1141953444498873,85.0,-20.814008511749552,-0.013351417408389743,15.940134306665716,-3.840961633458061,1.0,-0.019843776984747485,0.4339080459770115,0,1.9019160245079547
19.066666666666865,648.4417734286766,78.99212418086483,-3.1152085395028464,85.0,-20.832922457798652,-0.012338222355430695,15.888346988209491,-3.8105318602341933,1.0,-0.017878007713957297,0.44499609391061223,0,1.8961669993586838
19.08333333333353,647.0255998194522,78.95475102230355,-3.1163528871938455,85.0,-20.851783432722044,-0.014111934612135444,15.796669717805344,-3.8049856258921357,1.0,-0.020191626516021747,0.4226908762828465,0,1.9182079995516688
19.100000000000197,645.6093843696113,78.918998482859,-3.1172831447121596,85.0,-20.87177467654212,-0.013181677093821342,15.696832884344985,-3.7609003095045335,1.0,-0.016414834679594075,0.43380468039361614,0,1.9059170153923333
19.116666666666863,644.1931362734883,78.88456340376395,-3.1182743717066947,85.0,-20.890448178306674,-0.01219045009928621,15.557238994728664,-3.7295266711855497,1.0,-0.017490457324277165,0.4494190930885396,0,1.9834169943351299
19.13333333333353,642.7768547401447,78.85153216469962,-3.119268439688175,85.0,-20.9089105608867,-0.01410825001590954,15.424584380441207,-3.699857947947738,1.0,-0.017540577008473567,0.4258332053448011,0,1.9335840188432485
19.150000000000194,641.3605410712735,78.81990882184873,-3.1202275362986867,85.0,-20.928896585381736,-0.013149153405398017,15.20071191524417,-3.6649868867858393,1.0,-0.01692361842660281,0.43708431722331637,0,1.920167007483542
19.16666666666686,639.9441977239755,78.78964387497344,-3.1211288156359993,85.0,-20.947524015914038,-0.012247874068085363,14.966926761276495,-3.620979701081506,1.0,-0.01590358854590041,0.4519878051275755,0,1.9095000170636922
19.183333333333525,638.527827674761,78.76065546121096,-3.1221087299147494,85.0,-20.965946879163457,-0.014176655573143293,14.826892825151187,-3.592878391303419,1.0,-0.017290881534981234,0.42938101170175835,0,1.919041998917237
19.20000000000019,637.1114298994123,78.73305498237939,-3.123408332115915,85.0,-20.98602980184016,-0.01287705337197753,14.710917036728429,-3.623680931106849,1.0,-0.02293013682456594,0.44048881430615755,0,1.888375001726672
19.216666666666857,635.6949974505543,78.70729528000435,-3.1244174632825894,85.0,-21.004271789964182,-0.011867922205303305,14.552895060646986,-3.6007313503752227,1.0,-0.0178063149013901,0.45644577943971065,0,1.8985840142704546
19.233333333333523,634.2785397279911,78.68296495663249,-3.125471069824902,85.0,-21.02210758274541,-0.013722922311586228,14.460057436933736,-3.5866962936655744,1.0,-0.01859091452257843,0.4323737708259031,0,1.9527500262483954
19.25000000000019,632.8620571570401,78.66012703561229,-3.1262191048494596,85.0,-21.041547779181673,-0.012974887287028558,14.379714153205242,-3.517893057963037,1.0,-0.01319985139688468,0.4447419169538815,0,1.9054999866057187
19.266666666666854,631.4455578988268,78.63834869945758,-3.127266832130788,85.0,-21.059928353773596,-0.011927160005700266,14.301178148257367,-3.505950319056635,1.0,-0.018487198513256323,0.45945037141197687,0,1.9432499830145389
19.28333333333352,630.0290366003293,78.61805447990155,-3.1282834055437956,85.0,-21.07787524882217,-0.013822262967647237,14.252473201095711,-3.4888151678449484,1.0,-0.0179376067155787,0.43642608192007154,0,1.8850420019589365
19.300000000000185,628.612495403203,78.59920026847475,-3.129098038356379,85.0,-21.097456164507285,-0.013007630155064365,14.146094169562538,-3.435783621531053,1.0,-0.01437488295257847,0.44833555259653796,0,1.9044160144403577
19.31666666666685,627.1959393168463,78.58150002411595,-3.130172482280655,85.0,-21.115883120914642,-0.01193318623078834,14.04463332669777,-3.431788576305405,1.0,-0.01895850342191219,0.42584882305402394,0,1.9280420092400163
19.333333333333517,625.7793650302305,78.56532179976153,-3.131305643859623,85.0,-21.133946263111273,-0.01371801922848295,13.985158824862186,-3.43855608996658,1.0,-0.01999430422548553,0.4363051745282533,0,1.930667000124231
19.350000000000183,624.3627733205559,78.55074879300581,-3.1326203793653717,85.0,-21.153379514166915,-0.01240328372273527,13.962860287543611,-3.477897158321311,1.0,-0.02319705310815259,0.45218146520895064,0,1.923832984175533
19.36666666666685,622.9461636755476,78.53803824172633,-3.133341297254479,85.0,-21.170950382244737,-0.01168236583362716,13.875116124482194,-3.4082678869291465,1.0,-0.01272139410078002,0.4296572128137115,0,1.9098339835181832
19.383333333333514,621.5295452353982,78.52634895289633,-3.134243984392017,85.0,-21.188851596026698,-0.013707344330473848,13.7639409113806,-3.3741948774742516,1.0,-0.015928425786475468,0.4398602835422231,0,1.8801669939421117
19.40000000000018,620.1129168206412,78.51593843189985,-3.1351635310123003,85.0,-21.20826972573197,-0.01278779771019003,13.701040663004376,-3.3444687771836183,1.0,-0.016225869173192343,0.4558325858272853,0,1.9336249970365316
19.416666666666845,618.6962794318525,78.50683057099218,-3.136471667043421,85.0,-21.226385278745994,-0.011479661679068687,13.687847038061355,-3.3861770043818984,1.0,-0.023080654134356633,0.4311774968626611,0,2.108749991748482
19.43333333333351,617.2796313408351,78.49957587176006,-3.1373338491452283,85.0,-21.244284056600275,-0.013558289469777019,13.54959454186639,-3.3455811329657177,1.0,-0.015213804363578994,0.4413286476850097,0,2.0660830195993185
19.450000000000177,615.8629775214848,78.49354258370167,-3.1385082773135693,85.0,-21.26349104487532,-0.012383861301435562,13.424744807399673,-3.3630290075394313,1.0,-0.020722236341869524,0.4582609314188743,0,1.9637499935925007
19.466666666666843,614.4463175934549,78.48917305757185,-3.139699247876892,85.0,-21.281034399969446,-0.01119289073811316,13.40516902938857,-3.3827841486116097,1.0,-0.02101403384851646,0.4347075197594327,0,1.9031249976251274
19.48333333333351,613.0296534661519,78.48649073441459,-3.1403124683807664,85.0,-21.298909499281145,-0.013537235273000794,13.313401619213092,-3.297222637804822,1.0,-0.010821115912103739,0.44512686574777843,0,1.9131660228595138
19.500000000000174,611.6129879603543,78.48467713919717,3.1415332594413012,85.0,-21.31808666351461,-0.012197655915481498,13.359186736412106,-3.346364502387172,1.0,-0.023635233665561903,0.4233862314916054,0,1.881083007901907
19.51666666666684,610.1963212961864,78.48476128090749,3.1402080880160064,85.0,-21.335366247569922,-0.010872484490186629,13.436988833098951,-3.39099547417493,1.0,-0.023381116525053855,0.4352083269050778,0,1.9079170015174896
19.533333333333506,608.77965598741,78.48672274817699,3.13929403143647,85.0,-21.35327514303189,-0.012936515602063103,13.425144313231396,-3.3595149483947133,1.0,-0.01612901145427555,0.44962711311072345,0,1.8785840074997395
19.55000000000017,607.362993063337,78.48997912669326,3.1383796108441313,85.0,-21.371601362298875,-0.01202209500972451,13.445837835578306,-3.3292968518283854,1.0,-0.01613543353797552,0.4268734850182307,0,1.9156670023221523
19.566666666666837,605.946333709245,78.49453092941773,3.1371231232838572,85.0,-21.388632253307772,-0.010765607449450432,13.476604015294196,-3.3621162990906255,1.0,-0.022169677080928454,0.4392786064547898,0,1.9776249828282744
19.583333333333503,604.529681192718,78.5008627429363,3.136183805429113,85.0,-21.4069908138294,-0.012828844818791206,13.445978078776552,-3.3362746114669677,1.0,-0.016574679471208255,0.45301344507047986,0,1.943666982697323
19.60000000000017,603.1130352487447,78.5085252404686,3.134900742222359,85.0,-21.425164512144146,-0.011545781612037231,13.466323038048278,-3.3736046663630965,1.0,-0.0226384237069097,0.4290111855005029,0,1.927375007653609
19.616666666666834,601.6964003023147,78.5180053774827,3.1336730546673204,85.0,-21.441520672695678,-0.010318094056998461,13.523780256076881,-3.39946659729081,1.0,-0.021661685770265258,0.44062983731253014,0,2.016374986851588
19.6333333333335,600.2797780621158,78.52922469200935,3.1328203711623765,85.0,-21.460387039561816,-0.011924174002067911,13.49429396199174,-3.3564685681700803,1.0,-0.015046220435091011,0.4566937109402696,0,1.9329169881530106
19.650000000000166,598.8631659034314,78.54165193272797,3.1316638312448726,85.0,-21.477279219086412,-0.010767634084563937,13.535483374600501,-3.3700891316575956,1.0,-0.020406694808997036,0.4298050826548236,0,1.9219999958295375
19.66666666666683,597.4465690647629,78.55571753327925,3.1305198920756783,85.0,-21.493753912394585,-0.010990472485834067,13.582012046524042,-3.3808916399506233,1.0,-0.020184420245462686,0.443412670098364,0,1.9316249818075448
19.683333333333497,596.0299892431593,78.57140362488471,3.1292468358156844,85.0,-21.509323434970074,-0.009717416225840214,13.575471203151356,-3.4146230498057575,1.0,-0.022461920313470957,0.421576112960531,0,1.891583000542596
19.700000000000163,594.613430538733,78.58889308910173,3.1281071849290067,85.0,-21.5230895579693,-0.008577765339162546,13.576440005171523,-3.4229076501345634,1.0,-0.020108775383131643,0.43351848815282445,0,1.9084170053247362
19.71666666666683,593.1968926861019,78.60799692399512,3.1270712511201517,85.0,-21.535500156171313,-0.008451389636711769,13.609970681363377,-3.4120936288828956,1.0,-0.01827914873594716,0.44788056789195013,0,2.0244590123184025
19.733333333333494,591.7803753838607,78.62856818782838,3.1260406597197243,85.0,-21.547472815628968,-0.007420798236284387,13.649208001569185,-3.4007143681928853,1.0,-0.01818490227533508,0.4227296705080344,0,1.8872910004574805
19.75000000000016,590.363880034438,78.65059929102891,3.124841173869395,85.0,-21.557985516643747,-0.0062213123859549135,13.72638467079348,-3.420315431779245,1.0,-0.021164236796123535,0.4345638613355149,0,1.957125001354143
19.766666666666826,588.9474121300083,78.6743294441019,3.1234091492823857,85.0,-21.567444188702634,-0.005842842585733976,13.78973154193218,-3.4812134525837397,1.0,-0.025265644618945777,0.45116655701199454,0,1.9065420201513916
19.78333333333349,587.5309796601007,78.70008798901583,3.1224443169138705,85.0,-21.575721501935966,-0.004878010217218787,13.824324354108779,-3.4552330800251947,1.0,-0.01702480852451628,0.42409989936125203,0,1.900915987789631
19.800000000000157,586.1145727021467,78.72721314162317,3.121142095496681,85.0,-21.58263198900446,-0.0035757888000294002,13.896598782364027,-3.491278318846403,1.0,-0.02297633393624722,0.43843167622754553,0,1.8933750106953084
19.816666666666823,584.698202268095,78.75618274618616,3.1199970800270873,85.0,-21.588812263259502,-0.0036285955670347647,14.094721407969093,-3.4974819696834345,1.0,-0.020203406037523547,0.45247685675923965,0,1.8961250025313348
19.83333333333349,583.2818659331549,78.78677409746199,3.118527441343455,85.0,-21.593952762365547,-0.0021589568834023964,14.289067841543464,-3.5621557126547088,1.0,-0.025928987942797986,0.4283549850025081,0,1.9535830069798976
19.850000000000154,581.86557608596,78.81944691761922,3.1175922240797274,85.0,-21.597011282241027,-0.0012237396196748131,14.31435307987157,-3.5276433177923843,1.0,-0.016502335891546833,0.44221238219044523,0,1.9099999917671084
19.86666666666682,580.4493174143118,78.85344426201058,3.116818217275949,85.0,-21.600411078724786,-0.0017922102679279739,14.275243817946414,-3.4652718047991087,1.0,-0.013658094256297375,0.4532847237114876,0,1.898791000712663
19.883333333333486,579.0330854810676,78.88853778995659,3.115626204492642,85.0,-21.602950041911814,-0.0006001974846210345,14.315419188063515,-3.4809184084516502,1.0,-0.02103241783820995,0.42966934398825785,0,1.908582984469831
19.90000000000015,577.6168963859053,78.92531945913926,3.1137558690440845,85.0,-21.603992318045574,-0.00021749909931267908,14.375255761242034,-3.618630055143349,1.0,-0.032993942060747794,0.4441519786994948,0,1.8979169835802168
19.916666666666817,576.2007785617861,78.96474981111022,3.112434457946604,85.0,-21.60430044176717,0.0011039119981677281,14.340448918227214,-3.6517561804543375,1.0,-0.02331479396629757,0.4184982718125968,0,1.9594159966800362
19.933333333333483,574.7847140777174,79.00605140191954,3.1114471989930355,85.0,-21.602736566754057,0.0020911709517363875,14.33619342195784,-3.623137975802729,1.0,-0.01742045440568388,0.4334669624142773,0,1.892624975880608
19.95000000000015,573.3686910591123,79.04875099471455,3.1101620949743305,85.0,-21.600474575836458,0.0017428574959570398,14.456008112972011,-3.6494916972248714,1.0,-0.022674419551971508,0.4469798522430632,0,1.902082993183285
19.966666666666814,571.9527240831858,79.09327028862145,3.1089787788311933,85.0,-21.59800552896716,0.0029261736390941984,14.63174101619627,-3.656401783725327,1.0,-0.02087901510318333,0.422461752433936,0,1.9145830010529608
19.98333333333348,570.5368107789908,79.13946508754931,3.107522985093704,85.0,-21.593860122227618,0.004381967376583695,14.735210149517656,-3.712320622216173,1.0,-0.025684828046882355,0.4376463670556271,0,1.9134169851895422
20.000000000000146,569.1209662252684,79.18772111451902,3.1061497714652333,85.0,-21.588942411481895,0.003975246006327815,14.803360463753785,-3.751135389562924,1.0,-0.024228439727752744,0.44865862111142824,0,1.9012499833479524
20.01666666666681,567.7051892722989,79.23792135241608,3.104536268651387,85.0,-21.583310827805228,0.005588748820174239,15.005327384655455,-3.831901912225607,1.0,-0.028465887874403198,0.42460976927704086,0,1.9129160209558904
20.033333333333477,566.2894951604296,79.29040588407395,3.1039390049336544,85.0,-21.575393474858707,0.006186012537906738,14.941607602536132,-3.7256863116706076,1.0,-0.010539557689960725,0.4390559196905582,0,1.9258329994045198
20.050000000000143,564.8738326481711,79.34373594904872,3.1029320403479446,85.0,-21.568591320951736,0.005265671136803984,14.880202608860355,-3.6976789503723713,1.0,-0.01776809321497657,0.45146589700744344,0,1.9105419924017042
20.06666666666681,563.4582245551152,79.39849150876,3.1008605136643506,85.0,-21.561131654647433,0.007337197820397989,15.02097836628235,-3.86326550441937,1.0,-0.03654008205022875,0.4286249607551221,0,1.8990000244230032
20.083333333333474,562.042732926925,79.45617941882814,3.0994316759117035,85.0,-21.55073738433079,0.008766035573045006,15.116211771121845,-3.90625496045405,1.0,-0.025209442177937507,0.43987087181889467,0,1.9667920132633299
20.10000000000014,560.6273251702881,79.51588977719786,3.098028848875439,85.0,-21.541034318277422,0.008093215658792285,15.319071833098198,-3.942869241206785,1.0,-0.024750715910261685,0.4562635807771995,0,1.9111250003334135
20.116666666666806,559.2120025696358,79.57758564843196,3.0969875204225628,85.0,-21.529569054591157,0.009134544111668585,15.427505014983593,-3.9126595899318692,1.0,-0.018374316365217667,0.4320348678834105,0,2.1959580190014094
20.13333333333347,557.7967449820011,79.64075530164335,3.0961071871419312,85.0,-21.517030168792626,0.007789802712792059,15.429197402619874,-3.854464373309538,1.0,-0.015534043578385896,0.443393069035811,0,1.9175420165993273
20.150000000000137,556.3815435531101,79.70517082857106,3.0939994066388903,85.0,-21.505994726557294,0.009897583215833006,15.505775752757504,-4.02048966719092,1.0,-0.037178986494192184,0.4211720609836398,0,1.9597079954110086
20.166666666666803,554.9664810415942,79.7725691441791,3.0923298447923244,85.0,-21.491973379264376,0.011567145062398865,15.613199805427048,-4.100884656770683,1.0,-0.029454335378779905,0.43236522979720776,0,1.9315000099595636
20.18333333333347,553.5515330278805,79.84232989913507,3.091181563227617,85.0,-21.47669959691422,0.010339720275415853,15.707007370304165,-4.083879658800001,1.0,-0.02026101942006008,0.44650679262803045,0,1.8993749981746078
20.200000000000134,552.1366660519782,79.9137153664616,3.0899153644790416,85.0,-21.462051920857363,0.01160591902399144,15.732219828126114,-4.0888440122310525,1.0,-0.022340966124344167,0.4227379079430392,0,1.9094590097665787
20.2166666666668,550.7218905984403,79.98689227887903,3.0886889684599232,85.0,-21.44561057134689,0.012832315043109777,15.660178438033185,-4.086399335154046,1.0,-0.021638904641564583,0.43396742988095477,0,1.9447920203674585
20.233333333333466,549.3072059526983,80.06180421081491,3.0871933031261873,85.0,-21.429342359074745,0.011800320740350312,15.643676828314042,-4.13273936038849,1.0,-0.026387967552625693,0.4503362441031818,0,1.9141249940730631
20.25000000000013,547.8926349324291,80.13883195295519,3.085613323813902,85.0,-21.412625625992966,0.013380300052635796,15.627637499214357,-4.192528375334056,1.0,-0.027874766030912337,0.42288364901430225,0,1.9423750054556876
20.266666666666797,546.4781873799694,80.21809459096987,3.0839727428664236,85.0,-21.393670766519307,0.015020881000114006,15.626878221305546,-4.260959374150088,1.0,-0.02894334366406793,0.43743814505867384,0,1.897458016173914
20.283333333333463,545.0638717677216,80.29967763698149,3.0822928775353517,85.0,-21.375189399757122,0.014019693540554101,15.716446176444029,-4.3338440880886555,1.0,-0.02963600290244519,0.45432,0,1.93349999608472
20.30000000000013,543.6496951995017,80.38363642652837,3.080964373324523,85.0,-21.3553288178618,0.01534819775138274,15.884647912901682,-4.340357203036002,1.0,-0.02343989816023879,0.42753902290695317,0,1.9219579990021884
20.316666666666794,542.235631418811,80.46947388095795,3.079359946557608,85.0,-21.333586391371128,0.01695262451829782,16.0367440872064,-4.396508237376921,1.0,-0.028305851360596795,0.4418265995802075,0,1.9250419863965362
20.33333333333346,540.8217071780012,80.55757998571329,3.076813430695149,85.0,-21.31334800260065,0.01666313563506794,16.378351523373336,-4.620761406089909,1.0,-0.044908301157904666,0.41692713370867734,0,1.8881660071201622
20.350000000000126,539.4080118850076,80.64928638141213,3.075691218015262,85.0,-21.289742986181523,0.01778534831495504,16.538005135175464,-4.578860794788543,1.0,-0.01980116484784322,0.4320398632223444,0,1.9506660173647106
20.36666666666679,537.9944203962489,80.74257918581553,3.0744525430173297,85.0,-21.265161079961203,0.01603138812602145,16.656488437479716,-4.559622261843352,1.0,-0.02185549003779935,0.4428108545970028,0,1.9179590162821114
20.383333333333457,536.5809455513727,80.83762289863529,3.0728031597461025,85.0,-21.24245091958417,0.017680771397248662,16.704248737132655,-4.615391722546376,1.0,-0.0290985479998402,0.4183856003719163,0,1.8972499819938093
20.400000000000123,535.1676293925894,80.9349978428799,3.0710354272250755,85.0,-21.217404465113006,0.019448503918275684,16.72411583944122,-4.690397374999389,1.0,-0.031185166505339985,0.43505750587101827,0,1.9179580267518759
20.41666666666679,533.7544875747922,81.03487099861731,3.0696074444870587,85.0,-21.191417221801117,0.017725422034272856,16.771397007966826,-4.701053968900135,1.0,-0.025194363265679885,0.44578592053766364,0,1.8989999953191727
20.433333333333454,532.3414898148818,81.1367619939637,3.0679486828022204,85.0,-21.16630752217264,0.0193841837191111,16.77854419639712,-4.753019307486582,1.0,-0.029263908524374965,0.4222544546177943,0,1.9200829847250134
20.45000000000012,530.9286630116974,81.24099667460416,3.0658167308788085,85.0,-21.138848314929813,0.021516135642523082,16.855701768124362,-4.888514178655052,1.0,-0.03760494485172915,0.43461503444508515,0,1.9833330006804317
20.466666666666786,529.5160616424749,81.34824319489871,3.0638169227773036,85.0,-21.110984273792475,0.020204529303823104,17.210382528074142,-4.994890686123512,1.0,-0.0352760913623124,0.45066439352153637,0,1.9329579954501241
20.48333333333345,528.1036775702294,81.4583144305209,3.062180139745626,85.0,-21.082363138005814,0.021841312335500795,17.503170097132063,-5.031516197594334,1.0,-0.028876377620631822,0.4266511632569189,0,1.9207499863114208
20.500000000000117,526.6914755525636,81.5706972839509,3.060597231537207,85.0,-21.05142373890434,0.023424220543919464,17.709626642662332,-5.056968189578496,1.0,-0.027926412208777188,0.4382690544094972,0,1.9242910202592611
20.516666666666783,525.2794531957699,81.68531538182,3.0582334282432093,85.0,-21.02201486613287,0.022314216879331102,18.125004394988537,-5.222584002291539,1.0,-0.04169000577645113,0.4547275481324989,0,1.899209019029513
20.53333333333345,523.8677057182433,81.80327089946104,3.0567420765045386,85.0,-20.990405682202873,0.02380556861800187,18.42897662875489,-5.224083469898305,1.0,-0.026311898127708865,0.42814686021592335,0,1.9779999856837094
20.550000000000114,522.4561357237726,81.92333169720261,3.054810184475768,85.0,-20.956572475262195,0.022099095190208917,18.686775906824224,-5.305165313288624,1.0,-0.0340790132556779,0.44402138609903563,0,1.905292010633275
20.56666666666678,521.0448003077905,82.04611927002247,3.0527723900444066,85.0,-20.925267971918018,0.02413688962157012,18.838084380067343,-5.402249900265382,1.0,-0.035945588605527684,0.41822287936482216,0,1.9188339938409626
20.583333333333446,519.6337180378264,82.1717825973592,3.0508380446084113,85.0,-20.891077365027538,0.026071235057565367,19.01555769024082,-5.4768762360842755,1.0,-0.034122258350564025,0.4318332496233049,0,1.9020419858861715
20.60000000000011,518.2228814839114,82.3001752084458,3.048888214324598,85.0,-20.85518471281632,0.024215851145460654,19.325775031998475,-5.5514080035056885,1.0,-0.03439519977779853,0.44616097792020637,0,1.904207980260253
20.616666666666777,516.8122979555243,82.43131846556376,3.0468317735023636,85.0,-20.82088227645698,0.026272291967694983,19.572823369989422,-5.642320989503789,1.0,-0.03627421368393472,0.421759380607698,0,1.9956249743700027
20.633333333333443,515.4019870979364,82.56536222488917,3.0449235335482165,85.0,-20.783667477663236,0.028180531921842004,19.830392304940183,-5.702922065378244,1.0,-0.033662102361899565,0.43862471398167485,0,1.9377910066395998
20.65000000000011,513.9919345955883,82.70209695005546,3.0429996913273327,85.0,-20.74605632767042,0.02612989571734836,20.023160651449068,-5.763988412996738,1.0,-0.03393712205331122,0.4486350071103812,0,1.947417011251673
20.666666666666774,512.5821477585357,82.84154413904699,3.0409254901755043,85.0,-20.709043187658924,0.0282040968691768,20.305191775384877,-5.849861500927025,1.0,-0.03658721547957249,0.42820936639118456,0,1.9127500127069652
20.68333333333344,511.17265319546493,82.98391520745054,3.038686082287103,85.0,-20.669092680831316,0.030443504757577955,20.665952327811567,-5.962264694129823,1.0,-0.039498409100336765,0.4398555608082962,0,1.912957988679409
20.700000000000106,509.7634809932906,83.12944234946748,3.0363987083242443,85.0,-20.62967137460725,0.028584594352371262,21.061148160372646,-6.078986522495174,1.0,-0.04034352091424716,0.4540837200019957,0,1.943999988725409
20.71666666666677,508.35464535227055,83.27819241177346,3.0342872478057696,85.0,-20.589182046963835,0.030696054870845924,21.44908024641377,-6.159401108532547,1.0,-0.03724383806076807,0.43001623425730795,0,1.9092499860562384
20.733333333333437,506.9461269313813,83.42991684111863,3.0324374089916213,85.0,-20.545702798018485,0.032545893684994276,21.80031265116297,-6.1894018934240895,1.0,-0.03263262606414519,0.4441968523607295,0,1.9295829988550395
20.750000000000103,505.5378915859769,83.5842465414301,3.0298926973486933,85.0,-20.504831479076667,0.030769846137866264,22.260406386858406,-6.343800153756225,1.0,-0.044876526113010455,0.41974772079484124,0,1.9167500140611082
20.76666666666677,504.1300535242858,83.74215929106829,3.0278293835046304,85.0,-20.461247741867812,0.03283315998192916,22.567939362876764,-6.405246145429249,1.0,-0.03639534224755312,0.4340949915204062,0,1.9640829996205866
20.783333333333434,502.7225442826941,83.90297651427025,3.025682365328858,85.0,-20.41526782268365,0.030482147209762278,22.920001491802118,-6.4794303622407305,1.0,-0.03787044142997753,0.44798728600454646,0,1.9107080006506294
20.8000000000001,501.31538356242567,84.06681531241638,3.0235645356253156,85.0,-20.37209146782769,0.03259997691330473,23.331727185462086,-6.5454578572324635,1.0,-0.037356079139702375,0.42419882275997384,0,1.9742919830605388
20.816666666666766,499.90857298027043,84.23363386768084,3.021204937807963,85.0,-20.325916347048356,0.03495957473065747,23.6419027719825,-6.652608080448476,1.0,-0.041615920167822076,0.438093338651775,0,1.941833004821092
20.83333333333343,498.50215993879794,84.40377146264628,3.0182621039128295,85.0,-20.27848616205542,0.0332241801124864,24.077663307616163,-6.8609394251793265,1.0,-0.05188575157733925,0.4517447846382983,0,1.9133750174660236
20.850000000000097,497.096253673239,84.57804715488847,3.0161720763558746,85.0,-20.23142723231416,0.03531420766944127,24.516184225600917,-6.907181091119671,1.0,-0.03686612843012703,0.4298144836611754,0,1.9075829768553376
20.866666666666763,495.6907147190636,84.7552608471922,3.0142559134220255,85.0,-20.18140916916017,0.037230370603290375,24.933982000289102,-6.920185244575813,1.0,-0.033801760620711975,0.4422740145503307,0,1.9365419866517186
20.88333333333343,494.28551791533306,84.93516745415796,3.0113692940889885,85.0,-20.132476618826527,0.035255508464695495,25.358758828128217,-7.107987959878852,1.0,-0.050896347637895044,0.4202338525607656,0,1.986040995689109
20.900000000000095,492.8808462872182,85.11912957420913,3.0093046591899144,85.0,-20.082541661118377,0.03732014336376955,25.64924697715547,-7.140047508580086,1.0,-0.036418624096400586,0.43199541745387304,0,1.9416249997448176
20.91666666666676,491.47655746730464,85.30599143417591,3.00696453005653,85.0,-20.029683730040745,0.03966027249715376,26.103728670743834,-7.220631046442821,1.0,-0.04127294494354611,0.4464836382144247,0,1.9267909810878336
20.933333333333426,490.07270977295894,85.4961389966759,3.004043118594527,85.0,-19.979185149672755,0.037533763966136835,26.676870527958393,-7.40306586925186,1.0,-0.05150871810357463,0.42296182098485535,0,1.9167920108884573
20.95000000000009,488.6694235677582,85.69038695866692,3.0014310520277623,85.0,-19.92602480134225,0.040145830532901446,27.171047683105535,-7.522595086101512,1.0,-0.046062686522687614,0.4388517970655259,0,1.9454160064924508
20.966666666666757,487.26664953781983,85.88829973080394,2.9988250702938437,85.0,-19.86946895155865,0.037514137595074715,27.69075927914442,-7.636395393687806,1.0,-0.04595553426411052,0.4510530851085149,0,1.948707998963073
20.983333333333423,485.8643960275821,86.0898674302758,2.996442447746248,85.0,-19.816336387681417,0.0398967601426703,28.231081194502462,-7.705437062878511,1.0,-0.04202152877276529,0.4293405383768638,0,1.972583995666355
21.00000000000009,484.4626267568533,86.2947755952789,2.9941356525154252,85.0,-19.759830970693642,0.042203555373493185,28.681152465482654,-7.758089186857996,1.0,-0.04068568691129773,0.44228604735297666,0,1.933666004333645
21.016666666666755,483.0613338965018,86.50291680689351,2.9913751170181335,85.0,-19.70231468484082,0.039533214539218875,29.086102061358,-7.890643158343069,1.0,-0.04867685027599827,0.4187220800080309,0,1.9485840166453272
21.03333333333342,481.6606209559358,86.7149255392027,2.98881449345105,85.0,-19.64632388467408,0.04209383810630252,29.48048097637676,-7.981961259395719,1.0,-0.045156756119097426,0.4317083970694791,0,1.9550419820006937
21.050000000000086,480.26045548142287,86.93052027111037,2.9861665981126055,85.0,-19.586708556309556,0.044741733444746856,29.956764088819543,-8.085495073149554,1.0,-0.04669359994269084,0.4483185681611618,0,1.9202909898012877
21.06666666666675,478.86086578705044,87.14982173451405,2.9831508327818517,85.0,-19.527738671241224,0.04212984298219568,30.51876868747184,-8.251428262083275,1.0,-0.05316922891941588,0.423977287652687,0,1.9345000036992133
21.083333333333417,477.46194381794356,87.37334302834216,2.9803984780049233,85.0,-19.46807238119052,0.044882197759124054,31.05940711554097,-8.363390807775879,1.0,-0.048532825408078344,0.43800848690348404,0,1.9261669949628413
21.100000000000083,476.0636423566939,87.60071380023575,2.9776520771758,85.0,-19.4045106126428,0.04762859858824742,31.66590628292641,-8.469935798635943,1.0,-0.04842800249816898,0.4531942031314338,0,1.8986249924637377
21.11666666666675,474.6659706194288,87.83192400609795,2.9752019387871074,85.0,-19.34379133072622,0.044250593376064185,32.209090984968526,-8.5188369575214,1.0,-0.04321082211176906,0.43028684450959326,0,1.9312500080559403
21.133333333333415,473.26886957383226,88.06655800371443,2.972244351019199,85.0,-19.28112344660404,0.04720818114397263,32.741127605217585,-8.657457106132547,1.0,-0.05214541022963853,0.44242228697607355,0,2.006209018873051
21.15000000000008,471.8724685883096,88.30532301806063,2.969107548544821,85.0,-19.215008040000484,0.04431251391642066,33.29102644124999,-8.823051503552339,1.0,-0.055298901317233085,0.41970317194652257,0,1.9302910077385604
21.166666666666746,470.47682343020534,88.54846708462344,2.9662868303466094,85.0,-19.152252521102657,0.04713323211463206,33.83224353771259,-8.925186713845768,1.0,-0.0497363283905343,0.43298051041266117,0,1.940749993082136
21.18333333333341,469.0818696642726,88.79554690038026,2.9634325717210834,85.0,-19.085505162352405,0.04998749074015807,34.380695596648806,-9.02941054185801,1.0,-0.050326737911111245,0.4487536848015722,0,1.9470840052235872
21.200000000000077,467.687626809273,89.04660726309626,2.9605347097388663,85.0,-19.01793018439132,0.046644589643784595,34.98833026944689,-9.137458444669797,1.0,-0.0510942318334649,0.42450879007238884,0,1.9589590083342046
21.216666666666743,466.2941173456812,89.30170688936889,2.9577004723192886,85.0,-18.951874308301083,0.04947882706336237,35.49864715589677,-9.229824841393013,1.0,-0.049974310385723926,0.4386033738721067,0,1.964291004696861
21.23333333333341,464.9013364909864,89.56075502242562,2.9546861668251627,85.0,-18.881807900358904,0.05249313255748822,36.0641119037136,-9.351103639696303,1.0,-0.05314353982067647,0.45322717364979415,0,1.9102500227745622
21.250000000000075,463.5093428127447,89.82400023924754,2.9516227590326416,85.0,-18.81339031936608,0.04910338902630062,36.608948386534735,-9.476539178918335,1.0,-0.054007566111882316,0.4306974677920924,0,1.9079170015174896
21.26666666666674,462.11816209224475,90.09150845847381,2.9485992042714,85.0,-18.743855135984195,0.052126943787542235,37.160204791461794,-9.589916821152404,1.0,-0.05330630022631396,0.4433195104682917,0,1.9105420215055346
21.283333333333406,460.7277965552634,90.36322175961882,2.9456177474360463,85.0,-18.670042070586717,0.0551084006228959,37.73883979030521,-9.691294166889755,1.0,-0.05256547551549801,0.4226319521831628,0,1.9529999990481883
21.30000000000007,459.3382472980949,90.63907916181597,2.942676060060563,85.0,-18.60086994526077,0.05138032784066926,38.21732944915679,-9.781552097939883,1.0,-0.05186557327671633,0.4367614967669271,0,1.981292007258162
21.316666666666737,457.9495155382386,90.91902298405661,2.9395550084056445,85.0,-18.52811316957932,0.05450137949558753,38.68494707571765,-9.90066771876716,1.0,-0.05502179054964245,0.44938637923378144,0,1.9337920239195228
21.333333333333403,456.5616642598806,91.2032997393577,2.9361876806911136,85.0,-18.453254513071816,0.05097799432930383,39.31435596077798,-10.05958814184854,1.0,-0.059353633842578794,0.42858007260992337,0,1.9264580041635782
21.35000000000007,455.1747781010535,91.49224822420955,2.9334656323707695,85.0,-18.38106696355758,0.053700042649647894,39.864454663761286,-10.095897882879918,1.0,-0.04799925055337688,0.441057363273736,0,1.935042004333809
21.366666666666735,453.78868361108886,91.78497080505045,2.930561171191235,85.0,-18.30502846073904,0.05660450382918247,40.3444986495289,-10.16370236082386,1.0,-0.05121038380720311,0.4586370298977973,0,1.9392500107642263
21.3833333333334,452.40344516777077,92.08171800318077,2.9273593557624724,85.0,-18.230352058850023,0.052690189502967666,40.79350201661586,-10.28251890091115,1.0,-0.05644261104134465,0.43074365420484956,0,1.9253749924246222
21.400000000000066,451.01916395305113,92.38289895048453,2.9239602426040405,85.0,-18.155742157604408,0.056089302661399554,41.33664556342404,-10.43231022291771,1.0,-0.05991256109972709,0.4475147023282043,0,1.9426249782554805
21.416666666666732,449.63591448144547,92.68878347730318,2.9209672263424307,85.0,-18.076323969190582,0.059082318923009414,41.85284236017809,-10.503027137340109,1.0,-0.05276890007910301,0.4220490885018841,0,1.9429590029176325
21.433333333333398,448.2535867215068,92.99880671602479,2.9177481117615174,85.0,-18.00158215404551,0.05495530619400091,42.36837837632275,-10.611778957980318,1.0,-0.056746913438989494,0.4388884956468102,0,1.9288749899715185
21.450000000000063,446.8722641224895,93.31327821217126,2.9142993400674344,85.0,-17.92376798498511,0.05840407788808388,42.855946741536506,-10.757725499291134,1.0,-0.06078570041739905,0.45134457958430124,0,1.92958302795887
21.46666666666673,445.4920342764523,93.63251169498977,2.9113426591943545,85.0,-17.843000647010225,0.053779941194009855,43.323830099227706,-10.809230459826981,1.0,-0.052129449667780305,0.428397516536136,0,1.9471670093480498
21.483333333333395,444.1127543335264,93.95582467568624,2.908228735931693,85.0,-17.766849117992912,0.05689386445667122,43.73540499372635,-10.887086655423328,1.0,-0.05489637497429469,0.4430284629210289,0,1.976333005586639
21.50000000000006,442.73448784788627,94.28343105383786,2.9049698782939575,85.0,-17.686292951964266,0.06015272209440692,44.13242918933128,-10.988051194561123,1.0,-0.057445977557736685,0.45963673057517657,0,1.9193339976482093
21.516666666666726,441.35729630159807,94.61552725868944,2.9013594090956234,85.0,-17.606767911638364,0.0559428841170071,44.59190231692809,-11.148491796920965,1.0,-0.06362815594856829,0.436347114947751,0,1.9250000186730176
21.533333333333392,439.98131275199546,94.95259359588069,2.898047451320645,85.0,-17.527556824149325,0.0592548418919856,45.05798792060581,-11.248885262727683,1.0,-0.05837989942901433,0.44922468835512314,0,1.9073750008828938
21.550000000000058,438.60645309644724,95.29421527550645,2.8951834668676293,85.0,-17.44366157952684,0.06211882634500121,45.469129004051084,-11.264528634828505,1.0,-0.05049793434306246,0.42548703438903934,0,1.9182499963790178
21.566666666666723,437.2325774773161,95.63977312536878,2.8917675944664674,85.0,-17.36539755777377,0.057470002292527855,45.85469074271856,-11.379104402910471,1.0,-0.06020724689010329,0.44046335658930497,0,1.9296249956823885
21.58333333333339,435.859890252721,95.99002193390034,2.8881634783790844,85.0,-17.284026530512186,0.06107411837991083,46.25739465039902,-11.523165169737727,1.0,-0.06351649471689699,0.45676420417268077,0,1.918458001455292
21.600000000000055,434.488474278114,96.3452157810276,2.884943659343129,85.0,-17.199868639082325,0.05597985908771985,46.632182191571964,-11.592331088052966,1.0,-0.0567593050005311,0.43175441997123065,0,1.938667002832517
21.61666666666672,433.11820907033075,96.70482349059895,2.881450834298565,85.0,-17.12060525238382,0.05947268413228368,47.02998820335878,-11.708026763872539,1.0,-0.0615602068953708,0.4462054838971364,0,1.9436670118011534
21.633333333333386,431.74920826529836,97.0692150935005,2.878628890706772,85.0,-17.036401941541087,0.06229462772407679,47.34911647148627,-11.698173307309599,1.0,-0.04975789951127712,0.4211048593350384,0,1.915458997245878
21.650000000000052,430.3812412023733,97.43746848343275,2.8751794942829942,85.0,-16.954909587552855,0.057175486978680023,47.674755699771495,-11.801866700729114,1.0,-0.060796684366914135,0.43772017990030354,0,1.9207500154152513
21.666666666666718,429.0145525271131,97.81043833390328,2.8715048388014504,85.0,-16.873955105017963,0.060850142460223904,47.95386979754224,-11.942131206252519,1.0,-0.06475619391036933,0.45244839321011554,0,1.9637500226963311
21.683333333333383,427.6492436117257,98.18842776498315,2.8678991179562683,85.0,-16.787803925409357,0.06445586330540598,48.29616403737211,-12.0645237849502,1.0,-0.06354469982548427,0.4292270506766749,0,1.9252079946454614
21.70000000000005,426.285306493089,98.57133765105227,2.864756121446038,85.0,-16.708023556690257,0.05877071230640851,48.624214101581316,-12.098702621468412,1.0,-0.05540787325919448,0.4434527126285396,0,1.907958008814603
21.716666666666715,424.92257959367765,98.95853248839543,2.8613723961742714,85.0,-16.624812968414414,0.06215443757817506,48.90726668210415,-12.174941586761083,1.0,-0.05964197934397559,0.45772357723577234,0,1.9262910063844174
21.73333333333338,423.56117065405164,99.3503361937772,2.8576154735659696,85.0,-16.540593162051948,0.05681838754212398,49.27304176813437,-12.315475362201743,1.0,-0.06620175090131962,0.43460061365899255,0,1.9150830048602074
21.750000000000046,422.20124329493154,99.74725183010442,2.854403687180441,85.0,-16.46014374887385,0.06003017392765253,49.59397743849429,-12.352256399822384,1.0,-0.05661800739526988,0.44866098724167447,0,1.9252079946454614
21.766666666666712,420.8425977560648,100.14853320789548,2.8511723269263767,85.0,-16.37515207025624,0.06326153418171687,49.88134949715604,-12.391101196699612,1.0,-0.056962315772696726,0.4257679355036228,0,1.9521249923855066
21.783333333333378,419.4852559929073,100.55420275621402,2.8477871183444345,85.0,-16.294567765396405,0.05728367965296055,50.097331535177645,-12.456149978597885,1.0,-0.0596680623630293,0.43836567926455566,0,1.9132079905830324
21.800000000000043,418.12929528047795,100.96446485633119,2.8442670746967518,85.0,-16.213460260839575,0.06080372330064333,50.28509529057595,-12.542957545383583,1.0,-0.0620387030539823,0.45552801592783715,0,1.9305839959997684
21.81666666666671,416.7747871062131,101.3794974457676,2.8409281426060184,85.0,-16.128353624437676,0.054504200359159156,50.38560655399907,-12.593711822341474,1.0,-0.058854283051143284,0.43131865314201906,0,1.9438750168774277
21.833333333333375,415.4216722453432,101.79905032412434,2.8373874866879873,85.0,-16.05117756509735,0.058044856277190256,50.49075420252535,-12.678836850077202,1.0,-0.06240104263926221,0.44575563028635484,0,1.9376670243218541
21.85000000000004,414.0700513552316,102.22339147680503,2.8341349209302433,85.0,-15.968993519338786,0.06129742203493426,50.62124654969513,-12.708677292306634,1.0,-0.0573353096886124,0.42474401338065515,0,2.002333989366889
21.866666666666706,412.719817809706,102.65212661296935,2.830655639814987,85.0,-15.888878592192937,0.05485753481437472,50.76940599591202,-12.778205549034304,1.0,-0.061322097512863195,0.4384687646782527,0,2.1817919914610684
21.883333333333372,411.3710841237819,103.08555698672969,2.8268846041545754,85.0,-15.811202723856132,0.0586285704747862,51.01034215835921,-12.897595429138928,1.0,-0.06644971075294029,0.4556900333035497,0,1.9725410093087703
21.900000000000038,410.0239945053435,103.52407038942117,2.8235781753240774,85.0,-15.728193156353608,0.061934999305284226,51.142366477550425,-12.928573532008754,1.0,-0.05828266142857814,0.43013147496228177,0,2.0101659756619483
21.916666666666703,408.67836216112335,103.96703544293321,2.82026286374364,85.0,-15.653334033571339,0.05504510605403734,51.231897696737974,-12.959907053000409,1.0,-0.0584388825424904,0.44659166115155524,0,1.9299999985378236
21.93333333333337,407.33420577649605,104.41445924439003,2.8167929243698633,85.0,-15.575392840410442,0.05851504542781427,51.27712003966181,-13.017866762511844,1.0,-0.06115786073803875,0.4227876969858848,0,1.955000014277175
21.950000000000035,405.991610014354,104.86654448405484,2.8130167584913806,85.0,-15.49717145525851,0.05179466514821885,51.377117346252405,-13.1287409781496,1.0,-0.06653984430476398,0.43779804147818363,0,2.044790977379307
21.9666666666667,404.650730969324,105.32369635274156,2.809504116802245,85.0,-15.423828482608911,0.05530730683735419,51.51445613188805,-13.187794309416308,1.0,-0.06190858130152378,0.452275056364009,0,1.961500005563721
21.983333333333366,403.31146600401513,105.78555541906013,2.805779701268239,85.0,-15.345516403621378,0.05903172237136056,51.71164927685717,-13.282693997620104,1.0,-0.06563058555097237,0.43104843252322284,0,1.9377090211492032
22.000000000000032,401.97393047845355,106.2523992498056,2.802562952891092,85.0,-15.273303653502772,0.05145531915685897,51.86716591606526,-13.282345454355593,1.0,-0.05670529112418279,0.44710032941559236,0,1.9757919944822788
22.016666666666698,400.6379035894855,106.72354317303807,2.7991875672108213,85.0,-15.20044078052771,0.05483070483712948,51.972594690692745,-13.310569234442259,1.0,-0.05949533168419477,0.4237009315045958,0,2.0583749865181744
22.033333333333363,399.3034746007721,107.19919400981422,2.7952321430247857,85.0,-15.12574066137619,0.04769117329606409,52.10292902869287,-13.442196069100738,1.0,-0.06968856959530056,0.4382248448219536,0,1.9530839927028865
22.05000000000003,397.9709374467878,107.68011934465925,2.7917754031807323,85.0,-15.058203774191604,0.05114791314011757,52.199024711066926,-13.478828117223848,1.0,-0.06092579471645353,0.4525529494943285,0,1.9308749760966748
22.066666666666695,396.64007068452855,108.16564803130713,2.7883601933266977,85.0,-14.985775820121653,0.05456312299415212,52.285159709540295,-13.506504315070742,1.0,-0.06019559720511525,0.43142663767997047,0,2.03087498084642
22.08333333333336,395.31086986278103,108.6557190668827,2.784672506574491,85.0,-14.9188341562601,0.04684894371394722,52.43753418610044,-13.582182040528641,1.0,-0.06498519113163104,0.4465728393540903,0,1.9213330233469605
22.100000000000026,393.983485303316,109.15068843536751,2.7812104038847063,85.0,-14.852489094831526,0.05031104640373174,52.49587260266605,-13.614223115462218,1.0,-0.06102008176894161,0.46024887131457454,0,1.960416993824765
22.116666666666692,392.65782233032024,109.65025036993873,2.7772701596165743,85.0,-14.782930458344001,0.04253753038245245,52.6788623265352,-13.731146503051155,1.0,-0.06942198259488294,0.4392396400445348,0,1.9276250095572323
22.133333333333358,391.3341380390738,110.15503184894908,2.773881960839094,85.0,-14.722687128601564,0.04592572915993287,52.80874501765112,-13.744013180254845,1.0,-0.059720642707938275,0.45383536541670505,0,1.9073339935857803
22.150000000000023,390.01217164241353,110.66429532746037,2.7702783978766443,85.0,-14.657648547517635,0.04952929212238244,52.9377136365234,-13.795158137243886,1.0,-0.06350677300908122,0.4321576657281802,0,1.9496659806463867
22.16666666666669,388.6920489880885,111.17831927824696,2.7666247955885908,85.0,-14.597272859931357,0.04115241047690077,53.00569999909786,-13.853296684732289,1.0,-0.06438621387842972,0.4461895138539818,0,1.957542001036927
22.183333333333355,387.3738131796911,111.69716299065311,2.763434296089605,85.0,-14.53899006552821,0.04434290997588652,52.97043868740006,-13.825625563685566,1.0,-0.05624355142665484,0.45978791243493233,0,2.0261659810785204
22.20000000000002,386.0572394484345,112.22020988588281,2.75955419777022,85.0,-14.477144660139558,0.03587116098475241,53.05350322324028,-13.923288056159379,1.0,-0.06836561341100522,0.43718189124028933,0,1.9304579764138907
22.216666666666686,384.7427050960682,112.74836126654327,2.756067811934177,85.0,-14.426338079525268,0.03935754682079517,53.08846077576569,-13.946174594146225,1.0,-0.061447003101383575,0.4531870471199902,0,1.9349170033819973
22.233333333333352,383.4300200684642,113.28109240205985,2.7521793777023427,85.0,-14.370595948377016,0.043245981052629556,53.16603645279129,-14.040582690529057,1.0,-0.0685120298052306,0.4319866491932181,0,1.9227500015404075
22.250000000000018,382.11941644945813,113.81892378668945,2.748350525392123,85.0,-14.319129906376899,0.034397210489576224,53.27228939698372,-14.12056507697071,1.0,-0.06746543701618332,0.4458190031312561,0,1.9571660086512566
22.266666666666683,380.81088170914495,114.36176932442365,2.7447621250782945,85.0,-14.270410133456423,0.03798561080340468,53.4012181877097,-14.15407568458145,1.0,-0.06324027006086083,0.42500821827744906,0,1.9334579992573708
22.28333333333335,379.5043033364904,114.90930690355029,2.741354491086924,85.0,-14.217427250546017,0.028385702447206285,53.46812319241223,-14.1536432778331,1.0,-0.06006238829075535,0.43781074042430546,0,1.9258329994045198
22.300000000000015,378.1995983538578,115.4612936359435,2.7379321262054974,85.0,-14.177219572130191,0.03180806732863273,53.46594550388392,-14.15582358332803,1.0,-0.06032140446899539,0.4539995097638696,0,1.9210420141462237
22.31666666666668,376.89679010826967,116.01774230354184,2.734289950563302,85.0,-14.132165741537303,0.03545024297082833,53.507474653667934,-14.197490074904074,1.0,-0.0641853993783746,0.43120954567074055,0,1.9122920057270676
22.333333333333346,375.59601718313894,116.57893232634275,2.7306829255807714,85.0,-14.092945284066055,0.026291288451632866,53.43868621520575,-14.23115700550955,1.0,-0.06356762117590663,0.4465335983769494,0,1.9754999957513064
22.350000000000012,374.29727694197896,117.14481060869339,2.726870398051522,85.0,-14.055703582880579,0.03010381598088241,53.509279473304886,-14.300504199092964,1.0,-0.06717865634944256,0.4242546583850932,0,1.9423750054556876
22.366666666666678,373.0007035609432,117.7156362493525,2.7233293868618005,85.0,-14.01558096398188,0.021874471969500764,53.52574927201083,-14.318185890317352,1.0,-0.06240728775616273,0.4399790265868854,0,1.933166990056634
22.383333333333344,371.70615960436714,118.29104948254835,2.7195232805691427,85.0,-13.984594599953631,0.02568057826215853,53.61075756173476,-14.382906178474116,1.0,-0.06706585017673522,0.4551390296071147,0,1.9138749921694398
22.40000000000001,370.41381510308975,118.87138570790617,2.716222925298291,85.0,-13.948217779427534,0.028980933533010237,53.63900843555006,-14.353896332449642,1.0,-0.05817584396479111,0.4334716116649124,0,1.9310830102767795
22.416666666666675,369.1233929523802,119.45598396089925,2.7124245051948725,85.0,-13.917166757054183,0.021656478279770578,53.66911857086661,-14.415735264741622,1.0,-0.06693081948441376,0.44879468678255163,0,1.9354579853825271
22.43333333333334,367.8352006551787,120.04547955025951,2.7091712035393134,85.0,-13.886489144271387,0.024909779935329727,53.595780113945935,-14.376851608640315,1.0,-0.05734825346700012,0.42647500491927215,0,1.9874999998137355
22.450000000000006,366.5489329786604,120.6391628907607,2.705307110846885,85.0,-13.853894825015155,0.017773758861327593,53.50482451491396,-14.449516808574227,1.0,-0.06808447385205771,0.44032148795959847,0,1.9361249869689345
22.466666666666672,365.2649689466469,121.23781204422208,2.701523897966487,85.0,-13.828716659001532,0.02155697174172566,53.4619728754222,-14.504752678746055,1.0,-0.06666365234695615,0.4555124630942216,0,2.0867080020252615
22.483333333333338,363.98327891490385,121.84131441122234,2.6978621213656795,85.0,-13.79817998091012,0.02521874834253301,53.3933973096794,-14.535917004788255,1.0,-0.06452986793954699,0.4340422897123928,0,1.926666998770088
22.500000000000004,362.70380736189816,122.4495059842432,2.694413300015405,85.0,-13.773407236156535,0.017786591194973944,53.32543505583135,-14.527427856083154,1.0,-0.060786573469283636,0.44808449510660064,0,2.0038750080857426
22.51666666666667,361.426440958062,123.06210660030168,2.6903276440413966,85.0,-13.748210893877044,0.021872247168982284,53.37850625499034,-14.633958489475106,1.0,-0.07197526539880583,0.4272170527424635,0,2.0897080248687416
22.533333333333335,360.151588083888,123.67992096858282,2.686964979313367,85.0,-13.721012492398803,0.014469421402454776,53.43914569672465,-14.606035726684706,1.0,-0.05927163499446596,0.44060772063726544,0,1.9881660118699074
22.55,358.87881991608504,124.3020187386093,2.683512022474569,85.0,-13.700514860674353,0.017922378241252535,53.41361146086113,-14.595408112364346,1.0,-0.060859283029877684,0.4550208451284163,0,2.0328749960754067
22.566666666666666,357.60820740830616,124.9285076048474,2.679604053097907,85.0,-13.675126184073255,0.021830347617914914,53.46646991062963,-14.667135402109402,1.0,-0.06885514392897193,0.4363949045897824,0,1.9463329808786511
22.583333333333332,356.340052896127,125.55995718928315,2.675844279592276,85.0,-13.65606123620311,0.014936454077647545,53.48185626464114,-14.709340541703757,1.0,-0.06625184051771499,0.4488569481444768,0,1.9572910096030682
22.599999999999998,355.07428144901235,126.19617027317376,2.672302936873044,85.0,-13.634902046374537,0.018477796796879442,53.40388284641439,-14.710488002911914,1.0,-0.0624131155185407,0.429444306828503,0,1.9629589805845171
22.616666666666664,353.81077098284095,126.8368618887891,2.668662282229173,85.0,-13.61355914953125,0.011572929190296842,53.39060690346717,-14.729431493369564,1.0,-0.06415866861301908,0.4423937360178971,0,1.948791992617771
22.63333333333333,352.5496014219285,127.48214925351304,2.664678062088445,85.0,-13.597164532479901,0.0155571493310247,53.41838749443112,-14.809486515962462,1.0,-0.07019425170480352,0.4589063624216261,0,1.9540830107871443
22.649999999999995,351.29101283102517,128.13245626046626,2.661257931257914,85.0,-13.575126126593203,0.01897728016155575,53.413148045874095,-14.784736460406897,1.0,-0.060282123226910345,0.43557671365008244,0,1.9164170080330223
22.66666666666666,350.0346557318634,128.78706399325756,2.6578081584151314,85.0,-13.560981019086235,0.011985985546669298,53.387078099437346,-14.76622065530605,1.0,-0.06080330252985164,0.45125677775148415,0,2.075083990348503
22.683333333333326,348.7805643521048,129.44600196883624,2.6540084057328266,85.0,-13.5440012794644,0.01578573822897411,53.351254806057256,-14.811440139055357,1.0,-0.06695423035700465,0.42966517051024095,0,1.9617090001702309
22.699999999999992,347.5289858210117,130.10970041312498,2.6502489010968655,85.0,-13.527485820934821,0.009204931177372977,53.329218816616134,-14.847604511319126,1.0,-0.06624711655310446,0.4441655303499855,0,2.04954098444432
22.716666666666658,346.27991130623593,130.77809947130964,2.6463480222725946,85.0,-13.514445685918789,0.013105810001643903,53.34747787740926,-14.907785942395652,1.0,-0.06873060776081345,0.460973907330993,0,2.040749997831881
22.733333333333324,345.033453632061,131.4513659200021,2.6427397893689695,85.0,-13.495879653251043,0.01671404290526901,53.37384784635928,-14.912853010047064,1.0,-0.0635888513821559,0.43732077229670274,0,1.9474999862723053
22.74999999999999,343.7894333687901,132.12912548578916,2.6393318448157266,85.0,-13.485803585396802,0.009878725428843715,53.23508780211385,-14.881548749640242,1.0,-0.06006784904548307,0.4533612754766601,0,2.0373330044094473
22.766666666666655,342.54773009214114,132.81112065967497,2.6354463901241276,85.0,-13.471808951996078,0.01376418012044267,53.21321802591196,-14.937454888278198,1.0,-0.06845969591536046,0.4301123315286856,0,1.9464170036371797
22.78333333333332,341.30868604300804,133.49793525529174,2.63173974414786,85.0,-13.459153264614995,0.007320902074754443,53.105346659536195,-14.958927905591915,1.0,-0.06531834749276652,0.446644267634085,0,1.906333985971287
22.799999999999986,340.0721962783451,134.18933781988645,2.6281917995639175,85.0,-13.448782079317997,0.010868846658696807,53.01768708589008,-14.950904144257283,1.0,-0.06252916493287247,0.4615305184680359,0,1.9465000077616423
22.816666666666652,338.83816734892326,134.88512302078863,2.624590596375117,85.0,-13.43359883431925,0.0044097478369686804,53.04874348979565,-14.952726448873033,1.0,-0.06346529756071696,0.4402016174845327,0,1.9376669952180237
22.833333333333318,337.6066520798147,135.58534768930357,2.621221289301808,85.0,-13.427351711797039,0.0077790549102774165,52.90819245951276,-14.912601019501228,1.0,-0.059388440722997524,0.45549391405150286,0,1.9717919931281358
22.849999999999984,336.3775030683866,136.28971772852285,2.6172455081910986,85.0,-13.416331495153923,0.011754836020986925,52.83680349740638,-14.983263746974579,1.0,-0.07004605868181724,0.43302209772798006,0,1.9405419880058616
22.86666666666665,335.15116418514305,136.99896901536647,2.613634383338751,85.0,-13.407517942420814,0.005391561382070088,52.73321070379728,-14.985438184014074,1.0,-0.06363967952511772,0.44795492747307475,0,1.9333340169396251
22.883333333333315,333.9273944871389,137.71264413101176,2.6100214871232366,85.0,-13.39987993413448,0.009004457597584725,52.59106653755262,-14.987784249867982,1.0,-0.0636708123835255,0.4280493755385526,0,1.9271670025773346
22.89999999999998,332.7062112045857,138.43073593214658,2.6061783790587016,85.0,-13.3884592700317,0.0029553462278277816,52.46840179863329,-15.031463529592978,1.0,-0.0677158615927128,0.440808949549718,0,1.927042001625523
22.916666666666647,331.487796637741,139.15351555813575,2.602494562323208,85.0,-13.384272535636832,0.0066391629633213425,52.330418700465586,-15.044694162247094,1.0,-0.06491718442483814,0.4573541851492707,0,1.9406669889576733
22.933333333333312,330.27205291979806,139.88077868570838,2.5985142474166585,85.0,-13.374867123868533,0.010619477869870941,52.30920801888417,-15.110771759333403,1.0,-0.07012567448432969,0.43396521033072044,0,1.9489170226734132
22.949999999999978,329.05921356092375,140.61287508237334,2.5949843836080664,85.0,-13.368675966795848,0.00433557708603427,52.34758823837306,-15.093070666935267,1.0,-0.06221133202811441,0.45028216412114935,0,1.9779170106630772
22.966666666666644,327.848965953202,141.34924806697302,2.591223544803106,85.0,-13.362533918499576,0.008096415890994635,52.29425054173008,-15.117618862324381,1.0,-0.06627055749873763,0.4285773975536126,0,1.9405419880058616
22.98333333333331,326.64149627785304,142.09016737942005,2.587336236131051,85.0,-13.353538897385498,0.002244686768342774,52.29148535963742,-15.163944785972754,1.0,-0.06849226004705215,0.4428991042793237,0,1.9275420054327697
22.999999999999975,325.4369159004463,142.83577488931454,2.583731804184076,85.0,-13.350358927134108,0.00584911871531757,52.26776043719427,-15.15744761615083,1.0,-0.06352204625055291,0.45774106400665004,0,1.946667005540803
23.01666666666664,324.23503083365216,143.58571937436767,2.580063830844052,85.0,-13.342072722869123,0.009517092055341347,52.23330338628463,-15.162589082784866,1.0,-0.06463876666362792,0.4390048654717844,0,1.9130420114379376
23.033333333333307,323.03590462215635,144.34006728703673,2.576605223531769,85.0,-13.33849622736318,0.003307657141647713,52.01862144188931,-15.129723129729324,1.0,-0.06095862779507591,0.45160014158702394,0,1.9418339943513274
23.049999999999972,321.8393945706113,145.09855798638392,2.5721023549415563,85.0,-13.333810388290162,0.007810525731860363,52.07863793644158,-15.286129166118197,1.0,-0.07929576866243376,0.432026307026307,0,1.9286250171717256
23.066666666666638,320.64631202156477,145.86242870555378,2.5687527347775383,85.0,-13.326398965255617,0.0015593642020936826,51.99077011674117,-15.228726021531598,1.0,-0.059042241456292624,0.445746274868892,0,1.9470410188660026
23.083333333333304,319.4557948376573,146.63029150532043,2.565617082419134,85.0,-13.324189866864591,0.004695016560497756,51.719324451767115,-15.134865248987818,1.0,-0.05527866713212154,0.462587144955419,0,1.9421250035520643
23.09999999999997,318.26769125336887,147.40188357205346,2.5615195217514835,85.0,-13.317538617839727,0.008792577228148524,51.65817881944847,-15.217940154278045,1.0,-0.07218425863229545,0.4393015926026425,0,1.9086250104010105
23.116666666666635,317.08275927965485,148.1783374741717,2.5577822613981906,85.0,-13.316102557397905,0.0029925766978644575,51.40314455997553,-15.232852433580868,1.0,-0.06585628051520939,0.4553931816770508,0,1.9537090265657753
23.1333333333333,315.9007373846013,148.9592143428639,2.5539889815367407,85.0,-13.31186308007038,0.006785856559314407,51.27118044537011,-15.257220669793888,1.0,-0.06684051453661816,0.4352723780093124,0,1.9066249951720238
23.149999999999967,314.72168607097433,149.74456932265264,2.5500412884906734,85.0,-13.307143748628235,0.0012560640020393699,51.251847907334806,-15.308404536903415,1.0,-0.06955279793671693,0.44960629104376965,0,1.9167499849572778
23.166666666666632,313.5457442770082,150.5345727034354,2.5458255215459444,85.0,-13.305364325093247,0.005471830946768286,51.346433725159685,-15.405823589353627,1.0,-0.07425908710225657,0.42839352428393523,0,1.9802500028163195
23.183333333333298,312.37314339312536,151.32952654584489,2.541827320148576,85.0,-13.297612603267751,0.00947003234413657,51.47888157256207,-15.460257118790413,1.0,-0.07043976182893535,0.4451774695372577,0,1.9945829990319908
23.199999999999964,311.20373025869833,152.12916231635165,2.538545908773059,85.0,-13.296414995903916,0.0033299807008768667,51.38900236052527,-15.383330303034104,1.0,-0.05784266362895618,0.4589360927668868,0,1.931000006152317
23.21666666666663,310.03694734939216,152.93263110043446,2.534379228354643,85.0,-13.291697531962845,0.0074966611192928126,51.45654047423682,-15.46883357812229,1.0,-0.07339756727453244,0.43956735001886554,0,1.913625019369647
23.233333333333295,308.8735223564246,153.74095450735942,2.5311533391593364,85.0,-13.287297471376508,0.0013533484346082147,51.13908757389545,-15.38142881829585,1.0,-0.056866080080611475,0.4525485222417432,0,1.9742090080399066
23.24999999999996,307.7127109741842,154.55302678204043,2.527784771491785,85.0,-13.285380228346092,0.00472191610215944,50.83674127559637,-15.323057304672524,1.0,-0.059375438343276216,0.4321343881812268,0,1.9594160257838666
23.266666666666627,306.55464169317975,155.36900471362821,2.5238275649908934,85.0,-13.279012200779299,-0.0006415901377789802,50.575930882899115,-15.372961884091612,1.0,-0.06971986963960897,0.4472134925623298,0,1.921625022077933
23.283333333333292,305.39981046429483,156.18955896365472,2.5197541872112224,85.0,-13.279921120078797,0.0034317876418921145,50.38409420177754,-15.441802490865811,1.0,-0.07175970856392516,0.4630892751148091,0,1.9883749773725867
23.299999999999958,304.2483312343172,157.0148104570642,2.5152773186107558,85.0,-13.275059430462276,0.007908656242358703,50.52523934033937,-15.580545200708427,1.0,-0.07883980778233275,0.44391165206442473,0,1.9726669997908175
23.316666666666624,303.10055807365376,157.8452086844858,2.511856376192194,85.0,-13.271513352854114,0.0020535904891421097,50.465195651779815,-15.523696446166701,1.0,-0.060296393373621845,0.4550179004503984,0,1.943750015925616
23.33333333333329,301.95563236807027,158.6795285111342,2.508098869133959,85.0,-13.268604101705993,0.0058110975473772974,50.48657080741643,-15.529640905499608,1.0,-0.06621201958057765,0.4356274447616027,0,1.9292079959996045
23.349999999999955,300.81384970026016,159.51814450426392,2.503971053459917,85.0,-13.262256888923028,0.0007038102538055034,50.39000252929798,-15.601991116359137,1.0,-0.07271537290655346,0.4518395771279943,0,1.9362499879207462
23.36666666666662,299.67553840218557,160.36146640788093,2.500175501668464,85.0,-13.261259824479119,0.004499362045258248,50.3623539425827,-15.611646326274,1.0,-0.06688042845780771,0.4310443399822132,0,1.9274580117780715
23.383333333333287,298.5404361677555,161.20910274608048,2.4960437641692996,85.0,-13.25488574975481,0.00863109954442276,50.40831412926249,-15.681414833869683,1.0,-0.07278421594171579,0.4455400405017123,0,1.9413749978411943
23.399999999999952,297.40884582300106,162.06142178030592,2.4920558276422895,85.0,-13.251891982407152,0.0034210217208960896,50.41745461085846,-15.722538348398722,1.0,-0.07025951207884715,0.46182736310557043,0,1.9883330096490681
23.416666666666618,296.28066346163604,162.9182467355618,2.4883389000761893,85.0,-13.247045544422507,0.007137949286996293,50.4805816500108,-15.7131873987875,1.0,-0.06549901216607165,0.4425861393269852,0,2.0027499995194376
23.433333333333284,295.1556736424546,163.7792591345332,2.48448730996946,85.0,-13.240524097479781,0.001824777223940366,50.41016190665799,-15.728393969862765,1.0,-0.06786485786944937,0.4547247015922149,0,1.92920898552984
23.44999999999995,294.0340084263704,164.64459813600678,2.480266670515432,85.0,-13.237938997847209,0.006045416677968429,50.493502574017825,-15.80940699185141,1.0,-0.0743445987279498,0.4374699091658018,0,1.9355420081410557
23.466666666666615,292.9160054739171,165.5146635604147,2.476101404282831,85.0,-13.229374709720243,0.010210682910569258,50.617190138809164,-15.877268548434579,1.0,-0.07337274521193468,0.4508355546991254,0,1.921625022077933
23.48333333333328,291.8016362634671,166.38937820373877,2.471913771715466,85.0,-13.22588621368348,0.005262946379028577,50.78320770058268,-15.946478232126898,1.0,-0.07376531280819404,0.43173248874237824,0,1.9521249923855066
23.499999999999947,290.69093979676234,167.26875173261823,2.467747896767615,85.0,-13.218430407399195,0.00942882132687961,50.978189081409155,-16.009040838434306,1.0,-0.07338342951069404,0.44571550985432734,0,1.9319170096423477
23.516666666666612,289.5839163174001,168.15274464016062,2.4636395393664503,85.0,-13.210540652012384,0.0044273178967935145,51.151144770366855,-16.05877334355693,1.0,-0.07237379557439018,0.45931851280733316,0,1.9242920097894967
23.533333333333278,288.4805339291161,169.0412781227425,2.45947891058223,85.0,-13.204268638815062,0.008587946681013925,51.32317280603334,-16.11593497427245,1.0,-0.07329134718681321,0.4431662587733011,0,1.9446249934844673
23.549999999999944,287.3808579383693,169.93439466598835,2.455393773927824,85.0,-13.192145607918324,0.0035848170607981618,51.48433648386719,-16.15723724949133,1.0,-0.07196614832326183,0.45466220591409456,0,1.9356670090928674
23.56666666666661,286.28483961647345,170.83199607113048,2.451098390811089,85.0,-13.187067127959411,0.007880200177533325,51.75243298593338,-16.23472826766851,1.0,-0.07565619876387762,0.4375767988603865,0,1.9433340057730675
23.583333333333275,285.19268693556955,171.73429699988924,2.4470213439985566,85.0,-13.17590362657977,0.011957246990065507,52.00092381593139,-16.269865992186574,1.0,-0.07182412306110891,0.449816961561928,0,1.9364170148037374
23.59999999999994,284.10422204463777,172.64104317476583,2.4428477900326895,85.0,-13.166513201582196,0.007060183209730565,52.245688282224535,-16.320957787360946,1.0,-0.07351821181611952,0.43187973552341585,0,1.9308750052005053
23.616666666666607,283.0195509765416,173.55232420632504,2.438513372866621,85.0,-13.156511358461206,0.01139460037579898,52.520983762844196,-16.39896676233047,1.0,-0.07634106398086855,0.44708724537418326,0,1.9063340150751173
23.633333333333272,281.9388399571591,174.4682980798769,2.4342973746788967,85.0,-13.14263094554649,0.006553647395298068,52.78100528633988,-16.452593096417875,1.0,-0.07426314539812096,0.4625194982094602,0,1.927832985529676
23.649999999999938,280.8620002751381,175.38882007508903,2.43005263032193,85.0,-13.133346678197153,0.010798391752264713,53.127091726362124,-16.509260417208505,1.0,-0.07476761921302028,0.4427376931170054,0,1.9585000118240714
23.666666666666604,279.78907766308384,176.31390467283518,2.425785388812926,85.0,-13.118049253845518,0.01506563326126864,53.37566299605443,-16.567726465938822,1.0,-0.07516240085946552,0.4572457145404695,0,2.0087920129299164
23.68333333333327,278.72011236704094,177.24355925401056,2.4212487465682337,85.0,-13.106576135506234,0.010554969240658352,53.747299786066435,-16.672340322974648,1.0,-0.07988800666045934,0.4386799812763302,0,1.9268750038463622
23.699999999999935,277.65537556701133,178.1780537650202,2.416687094478318,85.0,-13.091623540057135,0.015116621330574008,54.21585675081591,-16.77735655442421,1.0,-0.08032653069491386,0.45300860876934745,0,1.9211249891668558
23.7166666666666,276.5949126688959,179.11739549525745,2.412624068515363,85.0,-13.07493599008373,0.010137920529130541,54.662277434410974,-16.788533087131288,1.0,-0.07157796615757717,0.0,0,1.9747500191442668
23.733333333333267,275.5382750832619,180.06103814852725,2.408239327295764,85.0,-13.060574182015381,0.014522661748729515,55.056627869794895,-16.857114831252623,1.0,-0.0772239100659653,0.0,0,1.949458004673943
23.749999999999932,274.48578527062534,181.00930479812573,2.403674663615123,85.0,-13.040001134391513,0.019087325429370416,55.46919251357561,-16.95534967973996,1.0,-0.08037933401113839,0.0,0,1.970916986465454
23.766666666666598,273.4376349261933,181.96236581396442,2.3994033103857055,85.0,-13.025429508215495,0.014318418060991878,55.8964569513226,-16.99696662392057,1.0,-0.07523455109248696,0.0,0,1.9906249945051968
23.783333333333264,272.39356499108385,182.91989514252043,2.395158222421596,85.0,-13.005145775730991,0.018563506025101262,56.322733001606224,-17.032182928673457,1.0,-0.07477364903184791,0.0,0,1.9404579943511635
23.79999999999993,271.35356924745275,183.88184799878402,2.3908969414833483,85.0,-12.98632795560171,0.013781826853346502,56.716011405446906,-17.06888625295361,1.0,-0.07505780661451866,0.0,0,1.9524579984135926
23.816666666666595,270.3176820851608,184.848223821869,2.386236470897556,85.0,-12.966804318955703,0.018442297439138947,57.0732516812113,-17.175910753068862,1.0,-0.08205891535397168,0.0,0,1.9800839945673943
23.83333333333326,269.2863099223706,185.819416854312,2.381647926370013,85.0,-12.943246059422094,0.013980959697239115,57.47699899650637,-17.26581297980963,1.0,-0.08079802966413355,0.0,0,1.9420419994276017
23.849999999999927,268.25940496403445,186.79533214315066,2.377180698019716,85.0,-12.923440345093752,0.01844818804753645,57.8411577453105,-17.330364998399578,1.0,-0.07867073870512199,0.0,0,1.957166998181492
23.866666666666593,267.2368698741508,187.77582509794485,2.3726414459645273,85.0,-12.897306894442718,0.02298744010272502,58.31335719641585,-17.40531401880998,1.0,-0.07993376866650355,0.0,0,1.9445420184638351
23.88333333333326,266.2187960081951,188.76094947988983,2.3677246647388714,85.0,-12.875306040449159,0.01884313244329494,58.878287675396734,-17.545163836492787,1.0,-0.08654996571203367,0.0,0,1.9257079984527081
23.899999999999924,265.2055780695994,189.7510675805992,2.3631087053290876,85.0,-12.848613182497129,0.023459091853078817,59.51582903241726,-17.625494731032198,1.0,-0.08127865147800106,0.0,0,1.9465000077616423
23.91666666666659,264.1969412540767,190.74585208933294,2.3587924029496206,85.0,-12.821196747575282,0.018698747403352645,60.12656944015123,-17.648758928150038,1.0,-0.07602324298347389,0.0,0,1.963207992957905
23.933333333333255,263.19260761163605,191.74498089940013,2.3539745925048643,85.0,-12.794708399061765,0.02351655784810891,60.73461893197029,-17.761236764085133,1.0,-0.08481621402266683,0.0,0,1.9624170090537518
23.94999999999992,262.1930992197114,192.7489367843456,2.349502456939525,85.0,-12.76253644392619,0.018892065147150916,61.22935557472586,-17.80716460634954,1.0,-0.07875680117645066,0.0,0,1.939333014888689
23.966666666666587,261.19809063470535,193.7573525518783,2.344576536476448,85.0,-12.735774276982074,0.023817985610227854,61.802447760449624,-17.932821027393004,1.0,-0.08671003902466144,0.0,0,1.9800000009126961
23.983333333333253,260.2080614772394,194.77065739831485,2.3397080283535625,85.0,-12.702035320910339,0.028686493733113494,62.452515060931795,-18.043253062635003,1.0,-0.08570439101004107,0.4354886701762417,0,1.9406659994274378
23.99999999999992,259.22297731615714,195.78877018186552,2.3350576163668966,85.0,-12.670856178771029,0.024215794830532378,63.07613800087062,-18.11016246856681,1.0,-0.08188260068548331,0.4507994870572748,0,1.930416008690372
24.016666666666584,258.242638433761,196.81145298709237,2.3308054831092826,85.0,-12.636553822167771,0.028467928088146355,63.662367374152666,-18.102776787053863,1.0,-0.0748972827555256,0.43047289873649514,0,1.9768339989241213
24.03333333333325,257.2666569843912,197.8382950659587,2.3266288436321214,85.0,-12.601190309174228,0.023494389402623383,64.09159242861864,-18.082009027690134,1.0,-0.0735723680298289,0.4461204433778997,0,1.9371660018805414
24.049999999999915,256.2949727843685,198.86920449935752,2.321617262125581,85.0,-12.567909652795596,0.028505970909163736,64.54917704559551,-18.212093506491662,1.0,-0.08821017052562193,0.4619076658987216,0,1.9309589988552034
24.06666666666658,255.32846725173025,199.90497064083158,2.316402139889402,85.0,-12.52807151199825,0.024537173571134385,65.08248182764399,-18.37363858429421,1.0,-0.09177305140647042,0.44249007869778706,0,1.9470830156933516
24.083333333333247,254.36737648487997,200.94576311885956,2.311858346663309,85.0,-12.49331400410967,0.02908096679722716,65.603460490777,-18.408279866783523,1.0,-0.08001339552180088,0.4609137395140537,0,1.9406669889576733
24.099999999999913,253.41102476891837,201.99091183546489,2.30738002963018,85.0,-12.452121774449328,0.033559283830356446,66.07155243439948,-18.42973376847821,1.0,-0.07886520975939663,0.4422662813661062,0,1.9837080035358667
24.11666666666658,252.45936313456713,203.04033290355355,2.302548590656265,85.0,-12.413837530074685,0.02916829191034198,66.60738260036393,-18.51376829252215,1.0,-0.08505498663992556,0.4574761540762405,0,1.9293750228825957
24.133333333333244,251.51278280154204,204.0943396006739,2.2977854820217556,85.0,-12.372521642302143,0.03393140054485144,67.14780701265732,-18.582211833765413,1.0,-0.08385773787028858,0.4367225317633506,0,2.0472909964155406
24.14999999999991,250.5712335355441,205.1528429894938,2.2930860300656053,85.0,-12.329490903466818,0.029365038058659643,67.68767455236171,-18.636501480486405,1.0,-0.08274216164297941,0.4520676071216356,0,1.9832910038530827
24.166666666666575,249.63466903402502,206.21575943914482,2.2881246408370273,85.0,-12.287896411344763,0.03432642728723767,68.23521565775525,-18.73569036987725,1.0,-0.08733123051614819,0.4326540946970948,0,1.9821669848170131
24.18333333333324,248.70338958001844,207.2833094487414,2.2834058804205073,85.0,-12.240161401040638,0.029731008336901787,68.73289753444712,-18.787387415971324,1.0,-0.08308056220801836,0.44879346588420777,0,2.0119590044487268
24.199999999999907,247.77715798828584,208.35524204126804,2.2784845599970347,85.0,-12.19804867733991,0.034652328760374385,69.21015591301637,-18.873414513865903,1.0,-0.0866294701041346,0.429466947220761,0,1.9970410212408751
24.216666666666573,246.85621291538087,209.4317199170911,2.2738952377895156,85.0,-12.148967702246292,0.03924165096789345,69.6154475873085,-18.89638231741324,1.0,-0.08081166401501556,0.4432264917487051,0,1.9419160089455545
24.23333333333324,245.94021782735481,210.51241295544963,2.269324957350137,85.0,-12.103465565455117,0.03444428948032029,69.96855958002999,-18.91496180274016,1.0,-0.08047781348591153,0.4617084989383133,0,1.9554579921532422
24.249999999999904,245.0291713587791,211.5972810472194,2.264558402813832,85.0,-12.05467913680371,0.039210844016625224,70.23556465219475,-18.9680308375166,1.0,-0.08391812097339851,0.43684428643095513,0,1.941541995620355
24.26666666666657,244.12330630303381,212.6864793511219,2.259627592947963,85.0,-12.005305205711618,0.03471532809450962,70.55841320072727,-19.04849072491424,1.0,-0.08679567485551243,0.4553805774278215,0,1.953125
24.283333333333236,243.22282286734333,213.78013104452867,2.2545311866342663,85.0,-11.956135035237821,0.03981173440820607,70.97467358522431,-19.15551353027467,1.0,-0.08969526539859625,0.43408765147895584,0,1.982874993700534
24.2999999999999,242.3279247951839,214.87835774466384,2.2499097580854555,85.0,-11.902074547980417,0.03494280063367183,71.37056298040083,-19.172997249360126,1.0,-0.08137452875574194,0.45108871576857507,0,2.140583994332701
24.316666666666567,241.43811163760458,215.9807084098531,2.2454479418191813,85.0,-11.85258232018034,0.03940461689994601,71.62596444422661,-19.161021933095373,1.0,-0.07857582051480573,0.4281104689061753,0,2.05275000189431
24.333333333333233,240.55322580693345,217.08701827201736,2.240619273783754,85.0,-11.796773558121288,0.04423328493537326,71.93085042257344,-19.215380164902378,1.0,-0.08500644042421152,0.4448448253473575,0,1.9897909951396286
24.3499999999999,239.67369227456646,218.19758804014833,2.235900551547614,85.0,-11.74623122040466,0.039392116247023434,72.14865851330555,-19.24780597992845,1.0,-0.08307989307650522,0.4604034929238181,0,1.976333005586639
24.366666666666564,238.79940898498944,219.3122957031752,2.231144149588727,85.0,-11.690440153861259,0.04414851820591004,72.37965095953925,-19.28567475243306,1.0,-0.08374021393482357,0.43968930200533607,0,2.0090409961994737
24.38333333333323,237.93043756272692,220.43114918408122,2.2263318919152333,85.0,-11.636448114400437,0.03932571656102236,72.6159998386391,-19.33204249436436,1.0,-0.08471892636852425,0.4556657102479551,0,1.9371660018805414
24.399999999999896,237.0668603926565,221.55417140816124,2.221596242394008,85.0,-11.58075104122813,0.044061366082247755,72.75015959314028,-19.36277610528854,1.0,-0.08337654545094977,0.43516083132114525,0,1.9405409984756261
24.41666666666656,236.20861112580099,222.68127062313144,2.216970688653015,85.0,-11.52340126198467,0.03897089593189396,72.89888068421862,-19.372453064954925,1.0,-0.08144684484972409,0.4521469496362739,0,1.9484999938867986
24.433333333333227,235.3555844797707,223.81232764450868,2.2123000784727194,85.0,-11.46820646622907,0.04364150611218953,73.00965031757444,-19.389775481784092,1.0,-0.08223664459496186,0.430431986279344,0,1.9390410161577165
24.449999999999893,234.5078498451726,224.947356469582,2.207055869807382,85.0,-11.408059764079525,0.039082764759401645,73.22015207473935,-19.50937763120679,1.0,-0.09228200649328641,0.44652218386395603,0,1.9507080141920596
24.46666666666656,233.66607916834664,226.08681536400533,2.2023544109304938,85.0,-11.35270660816029,0.043784223636289976,73.46242651634687,-19.52681244880388,1.0,-0.08277733587247897,0.4264702745365729,0,1.95237499428913
24.483333333333224,232.82967489403205,227.23021920095567,2.197665121836188,85.0,-11.290698774545604,0.04847351273059575,73.6768077299909,-19.541305530864324,1.0,-0.08256403943428255,0.4404422941063133,0,1.9349580106791109
24.49999999999989,231.99864154722087,228.37753259359616,2.192989357621275,85.0,-11.234419613058883,0.043253264550680466,73.90310364855152,-19.55272628770983,1.0,-0.08232698375283964,0.4584295243465217,0,1.9406670180615038
24.516666666666556,231.17298183209624,229.5287191463602,2.1881621051352553,85.0,-11.1731632593046,0.04808051703670024,74.09660294367445,-19.590851308329185,1.0,-0.08498164016367193,0.43766284869561517,0,1.9366670167073607
24.53333333333322,230.3528887834322,230.68387793889798,2.1838213131703053,85.0,-11.114374045004777,0.04242591362813952,74.16044949300694,-19.53995227238207,1.0,-0.07645290512254416,0.4533446142456771,0,1.9393749826122075
24.549999999999887,229.53781774930528,231.84258569056433,2.1792454399861696,85.0,-11.054288696336322,0.04700178681227518,74.18291185226647,-19.53321423939539,1.0,-0.08057587036565125,0.4331506323444731,0,1.9297500257380307
24.566666666666553,228.72805732961893,233.00501096005647,2.174665947297136,85.0,-10.994065114642982,0.04147998620489224,74.09500061009874,-19.52730277807239,1.0,-0.08063932985531723,0.4492307040672618,0,1.9185000273864716
24.58333333333322,227.92362870038227,234.17113231948218,2.169704174110956,85.0,-10.935318650657472,0.04644175939107198,74.03511269165999,-19.590238806126408,1.0,-0.08733795468911816,0.42811538869445326,0,1.9453339918982238
24.599999999999884,227.12499597926902,235.34123070047914,2.1649502411275976,85.0,-10.873034615314808,0.040981781547843266,74.01706186366137,-19.613326746246425,1.0,-0.08369694844023311,0.44385590984869266,0,1.9253749924246222
24.61666666666655,226.33193483097511,236.5151124915941,2.1602418923316122,85.0,-10.81499334142137,0.04569013034382863,74.01007389032691,-19.627249394172967,1.0,-0.08289809024740037,0.4581662374941956,0,1.9655830110423267
24.633333333333216,225.54440949766897,237.6927152658119,2.155856770961993,85.0,-10.751031189433176,0.039741788441959525,74.06574642698064,-19.582424546146036,1.0,-0.07723057866522198,0.43963204697632174,0,1.933667022967711
24.64999999999988,224.76205565066732,238.87376010091606,2.151163724734137,85.0,-10.694745141659759,0.04443483466981535,74.0618053686911,-19.594617550199096,1.0,-0.08262989048689952,0.4556846446900287,0,1.9214590138290077
24.666666666666547,223.98525309685988,240.0584635392679,2.1465219846447123,85.0,-10.631816505603837,0.0490765747592401,74.01909908919708,-19.59703424028585,1.0,-0.08173058907131715,0.43740284838045623,0,1.924584008520469
24.683333333333213,223.21395797713154,241.2467599175876,2.141964308923926,85.0,-10.575240603650444,0.0431740735847006,73.91913881389291,-19.584158614013354,1.0,-0.08025681088020457,0.4525577427406869,0,1.9151250016875565
24.69999999999988,222.44808671902027,242.4385592549106,2.1372301188077834,85.0,-10.514096332363849,0.047908263700843445,73.88649898641094,-19.603429392165474,1.0,-0.08335096980866301,0.4313785401213756,0,2.000875014346093
24.716666666666544,221.68786622702638,243.63397100322035,2.132762649436575,85.0,-10.456162757370054,0.0404649159661119,73.77956344479684,-19.57391632128037,1.0,-0.07867496574407135,0.4469635881915573,0,1.939000008860603
24.73333333333321,220.9329937689747,244.83276707283332,2.1282894410414066,85.0,-10.398853102634423,0.044938124361280085,73.71965422848393,-19.546487149413036,1.0,-0.07877561625213021,0.4287315856750697,0,1.9255410006735474
24.749999999999876,220.18349131001517,246.03492783931094,2.1236660400797462,85.0,-10.344330854973906,0.03505428626979823,73.60113369422065,-19.547039562235817,1.0,-0.08140910596473157,0.44314091734262356,0,1.9378339929971844
24.76666666666654,219.43955491310479,247.24054099525958,2.1190936687245108,85.0,-10.29468078590846,0.0396266576250337,73.54785180606552,-19.53831151303142,1.0,-0.08051447342829768,0.45921469085895145,0,1.9597079954110086
24.783333333333207,218.7011387846155,248.44954309022523,2.1146804600116753,85.0,-10.246357966141288,0.028495967638576314,73.43986471358397,-19.501208074853608,1.0,-0.07772326832223764,0.4403295614538249,0,1.951750018633902
24.799999999999873,217.9680654082223,249.66179218561277,2.11022377490177,85.0,-10.205994141877444,0.0329526527484818,73.24373647048517,-19.473269597569047,1.0,-0.07848582797849513,0.45469823176969165,0,1.9321669824421406
24.81666666666654,217.24040190659264,250.87729630853482,2.105611143980104,85.0,-10.16284241479509,0.022347559828087338,73.14482940385184,-19.474368323862265,1.0,-0.08122030035764649,0.435489265631206,0,1.9589999865274876
24.833333333333204,216.51835279798723,252.09614393199175,2.101141944121144,85.0,-10.131186006798064,0.02681675968704722,73.00750114465903,-19.44954695270333,1.0,-0.07870531505755796,0.45275733576907506,0,1.9360829901415855
24.84999999999987,215.8017581558762,253.31820635402354,2.096671691239951,85.0,-10.093200150472683,0.03128701256824051,72.85127395666657,-19.425786647274183,1.0,-0.0787237829021362,0.4337024905111007,0,1.93500000750646
24.866666666666536,215.09063358353492,254.5434599143354,2.09232904473106,85.0,-10.069393554340785,0.020735968638404767,72.69247369303446,-19.379900030588246,1.0,-0.07648544136758581,0.44840798817184147,0,1.9732079817913473
24.8833333333332,214.38483654295473,255.7717900743301,2.087985288112536,85.0,-10.040019703905301,0.025079725256929034,72.51324637378423,-19.335895403141162,1.0,-0.07650491712888628,0.42920689691010944,0,1.9558749918360263
24.899999999999867,213.684381711415,257.0031744470656,2.083621633730845,85.0,-10.020605445363909,0.014871087541222128,72.28806087918481,-19.2970810664154,1.0,-0.07685399357173336,0.4448963540211328,0,1.9214160274714231
24.916666666666533,212.9893068674738,258.2376036292241,2.079042389761872,85.0,-9.999538847844239,0.019450331510195262,72.14155060992566,-19.298456353519917,1.0,-0.08063496915594408,0.42430114920972295,0,1.9345000036992133
24.9333333333332,212.29989204382892,259.4752027749022,2.07473150448424,85.0,-9.983855677386634,0.009507245252335927,72.04879766910531,-19.251421896099068,1.0,-0.07592819781715306,0.4409938530951839,0,2.0602080039680004
24.949999999999864,211.6158187575365,260.7157624000011,2.0702794214397526,85.0,-9.970387282844182,0.013959328296823337,71.88972008382292,-19.231518536727933,1.0,-0.07840511379439553,0.45737392468964094,0,1.9470830156933516
24.96666666666653,210.93727530698308,261.9593552715453,2.065987748923624,85.0,-9.958389075056706,0.004311878085453635,71.70817452122668,-19.18343694197845,1.0,-0.07559109134609081,0.4366162088083224,0,1.9598329963628203
24.983333333333196,210.264075182245,263.205848767917,2.0617859738701667,85.0,-9.952280600030791,0.008513653138910726,71.45030958119875,-19.12094276837446,1.0,-0.07401352598695253,0.4532115200197981,0,1.9322499865666032
24.99999999999986,209.59611847000932,264.4551598881044,2.0575229085015483,85.0,-9.944046888914086,-0.0008513747442187025,71.16217275724466,-19.071802440893503,1.0,-0.075089119417284,0.43380714639379436,0,1.963916001841426
25.016666666666527,208.9334937062349,265.7073071904923,2.0535302462309653,85.0,-9.945253002989364,0.003141287526364334,70.80922635184106,-18.975787716540786,1.0,-0.07034249607244872,0.44775980761489953,0,1.9503329822327942
25.033333333333193,208.27587361202941,266.96209014229777,2.0491249696344824,85.0,-9.940802852979123,0.007546564122847155,70.44608951101847,-18.9576580414918,1.0,-0.07758413218742384,0.4258513440116416,0,1.9648330053314567
25.04999999999986,207.62378754694578,268.21975790771444,2.04482184284239,85.0,-9.948998889042361,-0.0014714958628818664,70.12020246225887,-18.92176467199775,1.0,-0.07579206976620961,0.4419577856291937,0,1.9894590077456087
25.066666666666524,206.97711940631407,269.4802200294525,2.0406775399415653,85.0,-9.951083507429157,0.002672807037942704,69.77638084542224,-18.85858365924823,1.0,-0.07300478215639003,0.4224089174987403,0,1.9234580104239285
25.08333333333319,206.33568054089116,270.7433513078117,2.0365320494482666,85.0,-9.962076891294704,-0.006200368113170818,69.41443848451912,-18.79796615722131,1.0,-0.07302562813993185,0.43803896355713395,0,1.9273330108262599
25.099999999999856,205.69948347076166,272.00913080377575,2.032718510731775,85.0,-9.970860689839885,-0.0023868293966793352,68.95171969483283,-18.679813523249948,1.0,-0.0671964203983823,0.45440593556255715,0,1.9237910164520144
25.11666666666652,205.06811811417248,273.27732725186394,2.0284980682622114,85.0,-9.985050662845888,-0.010887140409223226,68.47092012840078,-18.639404758703915,1.0,-0.0743411417086087,0.4339949203228053,0,1.9500829803291708
25.133333333333187,204.44211071481712,274.5481770385802,2.0242956859956394,85.0,-10.000473807070975,-0.006684758142651237,67.98457882581761,-18.597219842653892,1.0,-0.0740241829115232,0.4511517967213783,0,1.923375006299466
25.149999999999853,203.82144942399222,275.82164631834945,2.020145590715265,85.0,-10.016914142293025,-0.01496230070566007,67.6053048799869,-18.547165578647608,1.0,-0.07310645603625807,0.43256741224456585,0,1.937916997121647
25.16666666666652,203.20607848175138,277.0976804275684,2.0161169206309917,85.0,-10.038109944086463,-0.010933630621386747,67.24334969489834,-18.477093976321065,1.0,-0.07097476084916579,0.4472135969929727,0,1.9978330237790942
25.183333333333184,202.5958532398317,278.37618330146756,2.0121420177574136,85.0,-10.056861627842881,-0.019098200555161426,66.85302060123382,-18.39995547442146,1.0,-0.0700306362801824,0.4280864858252546,0,2.0072920015081763
25.19999999999985,201.9907147300053,279.6571016549818,2.008416867016601,85.0,-10.083915767265854,-0.015373049814348949,66.38771381744006,-18.280709486498417,1.0,-0.06564350397305938,0.441992111662886,0,1.9236250082030892
25.216666666666516,201.3903520217691,280.94026534797024,2.004343912514757,85.0,-10.105693396692262,-0.011300095312504865,65.85773518106156,-18.22862606852898,1.0,-0.07175227734968655,0.4244426515793666,0,1.9455830042716116
25.23333333333318,200.79522054611226,282.2258636410334,2.000082806240621,85.0,-10.13817901790674,-0.018895370570639614,65.46220979182053,-18.212339457031582,1.0,-0.07505474163809897,0.4403045767846614,0,1.9407080253586173
25.249999999999847,200.2055725277313,283.51398617358376,1.9962348354383415,85.0,-10.164945866698357,-0.015047399768360226,65.06626061099328,-18.12220734258819,1.0,-0.06780128122747509,0.42247013748027945,0,1.9420000026002526
25.266666666666513,199.62088552043141,284.80436811236746,1.9923194277219496,85.0,-10.198892775884897,-0.02271045078624634,64.68595885294627,-18.04761349055488,1.0,-0.06898578622224996,0.43729051844456446,0,1.9659999816212803
25.28333333333318,199.04125535336485,286.0970294422876,1.988589055486423,85.0,-10.23106314894252,-0.018980078550719703,64.16942626456252,-17.94247313237991,1.0,-0.06573525095878482,0.45297969014056,0,1.927000004798174
25.299999999999844,198.46645131601795,287.3918440093566,1.984692714837106,85.0,-10.266866498017285,-0.026389510976412955,63.7201867859079,-17.871204350127808,1.0,-0.06865089960325421,0.432299963239799,0,1.9003750057891011
25.31666666666651,197.8966966677166,288.68888837451277,1.9812151723993119,85.0,-10.304247299510468,-0.022911968538618765,63.15587023877603,-17.727120205580615,1.0,-0.061291530146123305,0.44860220725472694,0,1.929292018758133
25.333333333333176,197.3314559822515,289.98790623887777,1.9772240566076689,85.0,-10.342037258865329,-0.029959222192199823,62.593103330440165,-17.681054095083418,1.0,-0.07031534002981867,0.430517655475497,0,1.9262499990873039
25.34999999999984,196.77140431558936,291.28916969226196,1.9734086558445032,85.0,-10.384473141549742,-0.026143821429034157,61.9356173686595,-17.605031105391898,1.0,-0.06722913182363506,0.4470123326357707,0,1.9220419926568866
25.366666666666507,196.21632155486495,292.5925604905995,1.9694916150174289,85.0,-10.423388798232637,-0.03300305173633622,61.38936721829391,-17.550168224901753,1.0,-0.06901446882951981,0.4288585698623462,0,1.9451660045888275
25.383333333333173,195.66634847442555,293.89811556612733,1.9654524648140523,85.0,-10.47013463450875,-0.02896390153295969,60.921018720750226,-17.51933343564339,1.0,-0.071158771645045,0.4423733477370239,0,1.913292013341561
25.39999999999984,195.12165319902243,295.2058814096169,1.9617857984312403,85.0,-10.511161091551246,-0.0252972351501477,60.453885593262015,-17.422502732007647,1.0,-0.0646157989096702,0.4274543786318687,0,1.9422089972067624
25.416666666666504,194.5817567154876,296.51563567340503,1.9582715019574963,85.0,-10.56045257754781,-0.032302420556517,59.910513828533226,-17.30185437374898,1.0,-0.06193767155129015,0.43876895465160154,0,1.9341250008437783
25.43333333333317,194.04646642120184,297.8272792016885,1.9545116345913969,85.0,-10.606206382093903,-0.02854255319041754,59.334061884540326,-17.230037505018394,1.0,-0.06625348961910153,0.4227961418462856,0,1.9457080052234232
25.449999999999836,193.51611150458334,299.1409260746582,1.9506285982961873,85.0,-10.656545090388384,-0.034927504688909934,58.764590673967895,-17.183101476568602,1.0,-0.06841721791435475,0.4376490248425686,0,1.9443340133875608
25.4666666666665,192.990861511966,300.456622426291,1.946787317526296,85.0,-10.706015662155352,-0.03108622391901861,58.23552051517572,-17.130374856537358,1.0,-0.06768376278466649,0.4537292537434566,0,2.096959011396393
25.483333333333167,192.4706693411564,301.774326698832,1.9430604770840407,85.0,-10.756544676068533,-0.037381142636200515,57.76265309690728,-17.058982062173843,1.0,-0.06567319387134567,0.43473814249260806,0,1.9287920149508864
25.499999999999833,191.9553916451112,303.09396048909457,1.9398994026045584,85.0,-10.80948896251116,-0.034220068156718186,57.2241858632825,-16.888239570958795,1.0,-0.05572591221594583,0.4492690532113064,0,1.9319580169394612
25.5166666666665,191.44428797724171,304.4152165146758,1.9362426541357785,85.0,-10.86117978660935,-0.04034407179640587,56.728871296145584,-16.81338293840081,1.0,-0.06444150466917718,0.4292536095097189,0,1.917667017551139
25.533333333333164,190.9380192167396,305.7383326798647,1.9323333701851875,85.0,-10.91831838515963,-0.03643478784581488,56.25224898594442,-16.786838568735522,1.0,-0.06887823244519331,0.445156384650479,0,2.003624977078289
25.54999999999983,190.4369267483737,307.06341787810345,1.92841695411313,85.0,-10.969922915390649,-0.03251837177375738,55.84636599515061,-16.762528257696747,1.0,-0.06900349616180737,0.4298487490369409,0,1.9570000004023314
25.566666666666496,189.94102769466056,308.390455395648,1.9249120849764525,85.0,-11.029577069439924,-0.03855841280573635,55.34507334682201,-16.66491195972768,1.0,-0.06177194248302503,0.4438355608325469,0,1.981374982278794
25.58333333333316,189.44978277009903,309.7192228201949,1.9211774396312353,85.0,-11.084187953101027,-0.034823767460519184,54.9208109675976,-16.612398531808225,1.0,-0.06581033302819995,0.4283628103196495,0,1.933166990056634
25.599999999999827,188.96350373491268,311.0498155995164,1.917706913381168,85.0,-11.143774436470862,-0.0406674069036379,54.449714000068084,-16.514222438082793,1.0,-0.06116817868343492,0.43964327746438864,0,1.9170829909853637
25.616666666666493,188.48184547612883,312.3820880064174,1.9140538826614868,85.0,-11.201370717367768,-0.037014376183956754,53.95944856675868,-16.45265450357018,1.0,-0.0643761691279244,0.4246315319338991,0,1.9353749812580645
25.63333333333316,188.0050572523229,313.7161110324872,1.9104291900849661,85.0,-11.260868843036349,-0.04247812477921875,53.411444841610646,-16.38827651895017,1.0,-0.06387813793658037,0.4388454856701649,0,1.9184169941581786
25.649999999999824,187.53310757340108,315.05185350205613,1.9069010399211488,85.0,-11.321028090862567,-0.038949974615401395,53.00598912112474,-16.30890050561719,1.0,-0.06218120806995109,0.4236557390384772,0,1.9358749850653112
25.66666666666649,187.0658735220898,316.3892527639595,1.9031390541131052,85.0,-11.38021816358805,-0.044055639236239674,52.58482259417873,-16.274656603162967,1.0,-0.06629070993754975,0.4374390045543266,0,1.9265000009909272
25.683333333333156,186.60367404222367,317.7284002858016,1.899443423772856,85.0,-11.442610131846553,-0.04036000889599034,52.295539054325474,-16.22970215698609,1.0,-0.06512477966628619,0.45351643358408644,0,1.9486250239424407
25.69999999999982,186.1464267015876,319.0692467773605,1.8957857405119807,85.0,-11.50088911004687,-0.04535402534883182,52.05904833253193,-16.179568127151207,1.0,-0.06445793257318695,0.436149212422158,0,1.9877500017173588
25.716666666666487,185.69408680045532,320.4117567617882,1.8921517531711745,85.0,-11.565118620787523,-0.0417200380080256,51.76490537806452,-16.12702223623821,1.0,-0.06404149309878854,0.45202530622144965,0,1.952041988261044
25.733333333333153,185.2466285396399,321.75590167558005,1.8886365270081844,85.0,-11.624204863943554,-0.03820481184503555,51.52165442807143,-16.055018697714775,1.0,-0.061954014956971046,0.4355272542027509,0,1.961041009053588
25.74999999999982,184.80389800703796,323.10161119845134,1.8850389669598202,85.0,-11.688612898114975,-0.04304774048436255,51.20026004250205,-16.00055973975274,1.0,-0.06340126519213639,0.448830764251325,0,1.9725830061361194
25.766666666666485,184.36601159981245,324.4489047591914,1.8816999600366866,85.0,-11.749578363797909,-0.03970873356122895,50.86015002344023,-15.901505185143696,1.0,-0.058855599053855526,0.43185124151891524,0,1.9880000036209822
25.78333333333315,183.93262624774292,325.797652912501,1.8781372984277376,85.0,-11.81319504609658,-0.04437998326651038,50.45427335133449,-15.846523570284816,1.0,-0.06278785881786707,0.44593054028744755,0,1.97199999820441
25.799999999999816,183.50404876915582,327.1479365083772,1.8745493154207773,85.0,-11.876046052604208,-0.0407920002595501,50.13407022418539,-15.798154005734425,1.0,-0.06323293523139288,0.430167825193116,0,1.923417003126815
25.81666666666648,183.08031883343958,328.4997491381534,1.8708013961306456,85.0,-11.938420866904954,-0.045075937626138936,49.85428867824233,-15.780404317459439,1.0,-0.06604356246964684,0.44442632308570496,0,1.8893330125138164
25.833333333333147,182.66165834653606,329.8531403754348,1.8669508436455933,85.0,-12.002256822673498,-0.041225385141086646,49.640344265886824,-15.7817628774643,1.0,-0.06784663108043275,0.43133679052092144,0,1.906459016026929
25.849999999999813,182.248212254431,331.20813364972344,1.8633646696751631,85.0,-12.062614272437239,-0.045473420760692385,49.47711448368457,-15.73535586198518,1.0,-0.06320113846903874,0.4431796158593184,0,1.9029579998459667
25.86666666666648,181.83962805210942,332.56460089741415,1.8595189399626912,85.0,-12.127012752286577,-0.041627691048220505,49.42463887845758,-15.73744366267685,1.0,-0.06776191400583662,0.43024097737076655,0,1.9349580106791109
25.883333333333145,181.43626346472996,333.92262941482187,1.8559865483690114,85.0,-12.185968284168986,-0.03809529945454071,49.37565664761593,-15.682910844406685,1.0,-0.062255767455837,0.44447053298896455,0,1.9055420125368983
25.89999999999981,181.03769847243996,335.2820742983553,1.85236453591212,85.0,-12.250222464124075,-0.04211413842856504,49.39960308846939,-15.646565159494786,1.0,-0.0638310342919043,0.42897556093426065,0,1.9459999748505652
25.916666666666476,180.64406001006552,336.6429538688479,1.8489185948775215,85.0,-12.30986652579121,-0.03866819739396665,49.301511087059254,-15.579806164186873,1.0,-0.060735931795775314,0.44339256139202976,0,2.0249999943189323
25.93333333333314,180.2551133862948,338.00518181170537,1.845310290054539,85.0,-12.372318236699735,-0.042511553063283795,49.248769301670535,-15.54482206990058,1.0,-0.06359011542217412,0.42934189733394507,0,1.938665984198451
25.949999999999807,179.8710846175274,339.36880432149445,1.8418791593935353,85.0,-12.43252479850946,-0.039080422402280046,49.12712272575789,-15.479172912561289,1.0,-0.06047553107631376,0.44149300409840253,0,2.0183750020805746
25.966666666666473,179.4917368671005,340.7337364548588,1.8381454958579135,85.0,-12.493092890535634,-0.042613271433288524,49.15403283136969,-15.470521592153416,1.0,-0.06579308188776789,0.4284226646248086,0,1.953791012056172
25.98333333333314,179.1174879462651,342.10007542806346,1.8345427158269831,85.0,-12.553443422865447,-0.03901049140235812,49.07174256138752,-15.438546579877165,1.0,-0.06349301220681317,0.44283814200941274,0,1.9235000072512776
25.999999999999805,178.74816406242593,343.4677538673431,1.830845131122939,85.0,-12.611590291682887,-0.04239818804099715,49.08306699082438,-15.424823766299872,1.0,-0.06515912229382805,0.4283989152126081,0,1.9689589971676469
26.01666666666647,178.38389979866,344.8367885603248,1.8272444659345246,85.0,-12.671636397757151,-0.038797522852582755,49.13131604193278,-15.394093421149302,1.0,-0.0634558416201111,0.44119484936334114,0,1.906457997392863
26.033333333333136,178.02456732110556,346.20712596951245,1.8235492630726786,85.0,-12.727302914929725,-0.042010158751144555,49.23529845713921,-15.381519548648665,1.0,-0.06511726787564351,0.456499404937493,0,2.0187500049360096
26.0499999999998,177.6703009599978,347.5787818264357,1.8198141603612792,85.0,-12.786799802342095,-0.038275056039745126,49.410100429276355,-15.376554358554822,1.0,-0.06581836928607777,0.4423264355551908,0,1.9357910205144435
26.066666666666467,177.32116033366864,348.95175133355923,1.8162253542381503,85.0,-12.84100956010143,-0.034686249916616285,49.58992245040678,-15.3453456718308,1.0,-0.06324740279581362,0.4584419817470665,0,1.930667000124231
26.083333333333133,176.97694926651766,350.32596499441956,1.812365011534803,85.0,-12.898351523778935,-0.037559962520856915,49.79891744941905,-15.364207052706703,1.0,-0.06801860356452968,0.44248078245430383,0,1.9198330119252205
26.0999999999998,176.6380456866251,351.70149718523896,1.8086410841548408,85.0,-12.951548960570218,-0.03383603514089484,50.01232182219799,-15.357696898529937,1.0,-0.06562200811555344,0.45898246329526915,0,1.9168340077158064
26.116666666666465,176.3042668267736,353.07828188778353,1.8049713053316192,85.0,-13.005549232084476,-0.03673005657992979,50.28770686140992,-15.341612464900887,1.0,-0.06467049512931984,0.44331082052018966,0,1.9692500063683838
26.13333333333313,175.9755426984707,354.45628221141044,1.801256587786482,85.0,-13.057571779820378,-0.03301533903479248,50.56637544582726,-15.334180452085544,1.0,-0.06546017877440252,0.4600322435818946,0,1.9338330021128058
26.149999999999796,175.65193970842478,355.83549414192646,1.7974128855934552,85.0,-13.108415045631896,-0.03556857872586083,50.868358153789025,-15.35021093727082,1.0,-0.06772629820262922,0.4440449530540546,0,1.908584003103897
26.166666666666462,175.33364037570718,357.2159397146442,1.7940401337260843,85.0,-13.158793241483096,-0.03219582685848987,51.05763176481025,-15.28066436981347,1.0,-0.05944901683290531,0.46059616169865253,0,1.9220829999540001
26.183333333333128,175.01999874494376,358.5974509784045,1.7901637432651716,85.0,-13.206621928793297,-0.03455278395535166,51.325720676197605,-15.304511562219842,1.0,-0.06830048567147076,0.4438072923089571,0,1.971958001377061
26.199999999999793,174.71171473430292,359.98016765698605,1.7864262823445316,85.0,-13.255561966496726,-0.030815323034711684,51.61146736705177,-15.302343534013103,1.0,-0.0658598046096888,0.46106065404615715,0,1.916500012157485
26.21666666666646,174.408600714329,361.3640268750208,1.7825832652846514,85.0,-13.299720259124497,-0.03304518986568872,51.95274505661801,-15.319213510640203,1.0,-0.06771426298084238,0.44642948240503616,0,1.9434999849181622
26.233333333333125,174.11080711415732,362.7490407435944,1.7790299463786923,85.0,-13.346525758534984,-0.029491870959729605,52.236233762458355,-15.283157760494156,1.0,-0.0626236350152121,0.46096080755241325,0,1.9251659978181124
26.24999999999979,173.81793677957378,364.1351040219354,1.7753585087192072,85.0,-13.388299852801246,-0.025820433300244527,52.56571609357749,-15.269715939189815,1.0,-0.06469964639587251,0.44795330007360756,0,1.9281669810879976
26.266666666666456,173.53015725234027,365.5222332113585,1.7714998618175908,85.0,-13.432182234590199,-0.027877203167381293,52.93078736332376,-15.290460838291834,1.0,-0.06798881583095015,0.4329560989649182,0,1.9596670172177255
26.283333333333122,173.24773229596792,366.91046251102864,1.7679318953946603,85.0,-13.471669824059502,-0.024309236744450846,53.310856479574284,-15.257955864353164,1.0,-0.06288110406272597,0.4485198629786799,0,1.9289999909233302
26.299999999999788,172.9702622823021,368.2996906549851,1.7641481631389606,85.0,-13.511747932156096,-0.026286315857014353,53.63787300106604,-15.265524798832747,1.0,-0.0666727771165684,0.4328173884406389,0,1.9195419736206532
26.316666666666453,172.69805070964796,369.6899587241565,1.760647882016564,85.0,-13.548982591266608,-0.02278603473461782,53.957242928214,-15.22164535075819,1.0,-0.06169128567406766,0.4503519651814996,0,1.90937498700805
26.33333333333312,172.43070712369644,371.0811710916601,1.7569286591237636,85.0,-13.585374540832275,-0.024675743973171516,54.310797600306486,-15.21885580385992,1.0,-0.06553934429839461,0.435263747904518,0,1.9328340131323785
26.349999999999785,172.16853960373086,372.47336814521236,1.7530511106388746,85.0,-13.620328297363162,-0.020798195488282545,54.58671953097557,-15.244636418473917,1.0,-0.06832082617681273,0.45087485930625193,0,1.918041001772508
26.36666666666645,171.91177235270533,373.8665712973927,1.7493285089010595,85.0,-13.65250838971389,-0.022535236451134196,54.86648315988023,-15.24144124752186,1.0,-0.06559871498944514,0.4335698909225746,0,1.9231659825891256
26.383333333333116,171.6601932092846,375.2607206362514,1.745591975680922,85.0,-13.684430605979776,-0.01879870323099664,55.16530764995363,-15.240814495818125,1.0,-0.06584350431445929,0.45046981514462936,0,1.9308339979033917
26.399999999999782,171.41382509529242,376.65580027442707,1.74170427600543,85.0,-13.71251189047381,-0.020223809372309498,55.426089257375274,-15.267383768525498,1.0,-0.06849912778555696,0.43124426906790575,0,1.9108749984297901
26.416666666666448,171.1728824801217,378.05182717267763,1.7381514032418393,85.0,-13.741160334110722,-0.016670936608718767,55.68512689992011,-15.232524152035111,1.0,-0.06261579274649148,0.4480080437481404,0,1.9225419964641333
26.433333333333113,170.93690128115654,379.44870129663417,1.7344640427092342,85.0,-13.765087742056137,-0.018151859254374347,55.88030251473023,-15.223182960290423,1.0,-0.06497945859025804,0.43023184368983736,0,1.9497500034049153
26.44999999999978,170.70607245330532,380.84643607000044,1.7307346550061362,85.0,-13.790801463876534,-0.014422471551276407,56.04437762783519,-15.221710284488925,1.0,-0.06571795180496191,0.44375256462864177,0,1.951249985722825
26.466666666666445,170.48045791346698,382.2450219714945,1.7270537410371605,85.0,-13.811232590251773,-0.010741557582300665,56.229552295771896,-15.211493066575198,1.0,-0.06486617453687483,0.46012376262857957,0,1.9536250038072467
26.48333333333311,170.2599929648233,383.64442886402577,1.7232620823397642,85.0,-13.832863913762033,-0.011975834148789222,56.496518304674936,-15.221561295245111,1.0,-0.06681203332880993,0.4416256157635468,0,1.9242909911554307
26.499999999999776,170.04483566155562,385.04466162299656,1.7197523633343785,85.0,-13.849829273269007,-0.008466115143403563,56.69655280136183,-15.180358626013359,1.0,-0.061857201790337046,0.45909332027583954,0,1.9366669876035303
26.516666666666442,169.8345940968908,386.4456408979795,1.7159293598982783,85.0,-13.867142801333351,-0.009528732824424013,56.886691631223485,-15.19714227509688,1.0,-0.0673626899590717,0.44011763617106603,0,1.9099580240435898
26.533333333333108,169.62971000413737,387.84741368733626,1.7123808493053367,85.0,-13.880641635224096,-0.005980222231482423,57.04121517431079,-15.163743026217995,1.0,-0.06253911431806132,0.458042815956816,0,2.015708974795416
26.549999999999773,169.42980139647818,389.24990468303935,1.708835179407279,85.0,-13.893459090346486,-0.007181750424628541,57.13671123561282,-15.131051555004024,1.0,-0.06248918006190925,0.43825090520079,0,1.9415410060901195
26.56666666666644,169.23486680510706,390.6530956712984,1.7053300834562142,85.0,-13.903633149322024,-0.0036766544735638007,57.212915342358706,-15.092237564385714,1.0,-0.06177592983525208,0.45486843452441894,0,1.906457997392863
26.583333333333105,169.04485172016913,392.056961303024,1.701509099983531,85.0,-13.912329100115803,-0.004466192554877457,57.32146974048963,-15.111787994500535,1.0,-0.06732720497024486,0.43786849231083635,0,1.990082993870601
26.59999999999977,168.86020215665553,393.46154272933535,1.6976031425376676,85.0,-13.91865618520091,-0.000560235109014151,57.503121019263894,-15.145830500499127,1.0,-0.06881980724455174,0.45286960796362297,0,1.9097500189673156
26.616666666666436,168.6810402230238,394.86683467266306,1.6939912304549436,85.0,-13.922191732896016,-0.0014237675765322866,57.68882632977893,-15.125511434058545,1.0,-0.06365351562565781,0.4374718986306969,0,1.9363750179763883
26.633333333333102,168.50695523796944,396.2727645650912,1.6904702642529739,85.0,-13.924208736281328,0.0020971986254374464,57.81195716001365,-15.089513540992858,1.0,-0.062054920827866636,0.4505214202298756,0,1.9326249894220382
26.649999999999768,168.33782155340282,397.6792986888114,1.6868277791916952,85.0,-13.923342942692544,0.0013978662679399179,57.95200503156269,-15.07674258683849,1.0,-0.06419083724880169,0.4364054828150573,0,1.919457979965955
26.666666666666433,168.17381225904705,399.0864395473644,1.6832693356022574,85.0,-13.92136263279122,0.0049563098573777165,58.05518617759891,-15.049248547620952,1.0,-0.06271371589729205,0.4490340320313542,0,1.9265830051153898
26.6833333333331,168.01481122387594,400.4941551135421,1.6796458232379157,85.0,-13.915914669463412,0.004370334859912672,58.102988390278284,-15.034477768790875,1.0,-0.06385739550374056,0.43345785783736757,0,2.3693330003879964
26.699999999999765,167.86091209613014,401.90243757914465,1.6760585155906618,85.0,-13.909723381454011,0.007957642507166574,58.16406773087587,-15.013684466011753,1.0,-0.06322106469995692,0.4487643034698112,0,2.004540991038084
26.71666666666643,167.71206589025297,403.31126306565477,1.6723900785757657,85.0,-13.899592539687513,0.007547781560172995,58.24885662146326,-15.008250873636731,1.0,-0.06464691501679869,0.43060377938239364,0,1.939750014571473
26.733333333333096,167.56838886188888,404.7206251042967,1.668807698584439,85.0,-13.88889995066898,0.01113016155149982,58.28655873033858,-14.987449782569923,1.0,-0.06313445269368625,0.4479175156899503,0,1.962459005881101
26.749999999999762,167.42976161502824,406.1304928040729,1.6651336164145567,85.0,-13.87394019949064,0.010856155079023821,58.32727565132784,-14.983914610532253,1.0,-0.06474611900528075,0.4310911256211244,0,1.9677919917739928
26.766666666666428,167.2963152619465,407.54086031479255,1.6619278327648594,85.0,-13.858560948555953,0.01406193872872108,58.33409512562248,-14.896003505792528,1.0,-0.05651241533981681,0.4463019818643601,0,1.939084002515301
26.783333333333093,167.1673909199431,408.95164837771466,1.6583015572261037,85.0,-13.8392053066027,0.013869520201643892,58.364770197440336,-14.887241190494539,1.0,-0.06390595868477464,0.46072245364698194,0,1.939790992764756
26.79999999999976,167.04358332063893,410.3628946789672,1.6547893523615087,85.0,-13.819557449586563,0.017381725066238918,58.31290849319112,-14.858187708249208,1.0,-0.061900902136586694,0.4433185366600337,0,1.914708991535008
26.816666666666425,166.92473306088743,411.7745671127143,1.6508716810664372,85.0,-13.795343559041084,0.01760945289745952,58.39319700099436,-14.903261205983007,1.0,-0.06902554181830083,0.4576977271334926,0,1.941124995937571
26.83333333333309,166.81141416762517,413.18669432825624,1.6476025806486465,85.0,-13.770398123383112,0.020878553315250237,58.34553200815501,-14.829620738026414,1.0,-0.05762613478863027,0.44311334509232164,0,1.9376249983906746
26.849999999999756,166.7027122573306,414.59918444827224,1.6438993871685632,85.0,-13.741157477897955,0.02102008690486512,58.425333079397404,-14.837021452582475,1.0,-0.06525768042104865,0.46068350065916236,0,2.078124991385266
26.866666666666422,166.59924180463247,416.01206742639283,1.641080614564882,85.0,-13.711381214306604,0.02383885950854636,58.23402754719769,-14.684530141685384,1.0,-0.04970207917317725,0.44076651496908226,0,1.9107080006506294
26.883333333333088,166.49975435355222,417.4252364507922,1.6366352861967792,85.0,-13.67530727324088,0.022899417553852167,58.38077723981901,-14.831015522480142,1.0,-0.07828664378706958,0.4574665732647032,0,1.9327079935465008
26.899999999999753,166.40654986511674,418.83883376536943,1.6326330656089478,85.0,-13.642869266871301,0.02690163814168356,58.551893075794915,-14.89204621653708,1.0,-0.07051033702736934,0.4411120661427636,0,1.9215000211261213
26.91666666666642,166.3190036363161,420.25279278255033,1.6292020791809658,85.0,-13.60240421272545,0.021205179083028103,58.87022548767017,-14.847719027569829,1.0,-0.06047299508481907,0.4572245949702251,0,1.947624987224117
26.933333333333085,166.23630918747725,421.66704384674495,1.6259292172217206,85.0,-13.572365793653288,0.024478041042273357,59.111811246773584,-14.776513576890734,1.0,-0.05769229448994427,0.43755494224675456,0,1.9090420100837946
26.94999999999975,166.15824382177942,423.0815579835152,1.6231852002656424,85.0,-13.537692031691094,0.027222057998351534,59.20677514751324,-14.612535511270018,1.0,-0.04838603264955267,0.45527794429937307,0,1.9858329906128347
26.966666666666416,166.08406019588796,424.4962810073238,1.6191251168469165,85.0,-13.514151753542805,0.020431567902822634,59.350948840413636,-14.692137626961866,1.0,-0.07152630430546118,0.44039872910174294,0,2.048750000540167
26.983333333333082,166.0156210591378,425.91129356168693,1.6160128062112826,85.0,-13.48520904612911,0.02354387853845652,59.41163607239878,-14.597761361544023,1.0,-0.054868002481678196,0.4555180409225888,0,1.9141669909004122
26.999999999999748,165.95158620536716,427.3265122663213,1.611909094364159,85.0,-13.465721254286068,0.017028535677970025,59.64235072994566,-14.68566235639068,1.0,-0.07229224338813149,0.43998539568564216,0,1.920584007166326
27.016666666666413,165.8933595242476,428.7419818343623,1.608977402997655,85.0,-13.44159866125724,0.019960227044474088,59.7029908153082,-14.558811631450551,1.0,-0.0516896456111082,0.4523107577821605,0,1.9222080009058118
27.03333333333308,165.83928280731942,430.1576160219725,1.6051227052484769,85.0,-13.426081162553995,0.013424742715128168,59.9386096939707,-14.603236867045544,1.0,-0.06791944622678506,0.4369340101522843,0,1.960708003025502
27.049999999999745,165.79066332054853,431.57344814124036,1.6012803742633333,85.0,-13.40706334829644,0.017267073700271807,60.3053904036809,-14.643662808412063,1.0,-0.06770221119916026,0.4550030321406913,0,1.9172499887645245
27.06666666666641,165.7474842749101,432.98945662089795,1.5974518169883807,85.0,-13.394303948060884,0.010931581363797125,60.68037341008027,-14.679989560342403,1.0,-0.06746025417157399,0.43704735942712997,0,1.903583004605025
27.083333333333076,165.70972680204946,434.40562003579316,1.5939693724219222,85.0,-13.378817849563237,0.014414025930255646,61.153706020234125,-14.652471477205843,1.0,-0.06137771326873889,0.45362638251410314,0,1.9161660165991634
27.099999999999742,165.6769012587602,435.82190635153313,1.5905673133973015,85.0,-13.369090102946291,0.007875349730372072,61.50913156485172,-14.611453413240296,1.0,-0.05996436043173929,0.43642576734536137,0,1.9041670020669699
27.116666666666408,165.64889418577974,437.2382961454485,1.5871174114612294,85.0,-13.357933472820232,0.011325251666444158,61.986805539151646,-14.580578470316794,1.0,-0.06080557223449723,0.4533616204475426,0,1.9363749888725579
27.133333333333074,165.62577367566612,438.65477413202524,1.5838324846214973,85.0,-13.351617008972008,0.004889876739865517,62.31005274944623,-14.521074317472522,1.0,-0.05790449367889133,0.43812763037049746,0,1.9032089912798256
27.14999999999974,165.60730630848389,440.07132042523057,1.5809587865640047,85.0,-13.344689711196922,0.007763574797358119,62.64486667066183,-14.389586204617796,1.0,-0.05066891266562472,0.4508589186836325,0,1.8941670132335275
27.166666666666405,165.592909738283,441.4879139389849,1.5773798605688552,85.0,-13.342498810662883,0.0018397028045458177,62.92341653122541,-14.390322850837885,1.0,-0.06307374222006824,0.4373396885666391,0,1.9303750013932586
27.18333333333307,165.58358313281062,442.90454990452963,1.5744909863597227,85.0,-13.339892566493248,0.004728577013678237,63.07917163703533,-14.266480907198783,1.0,-0.050936036499167434,0.44993174579099043,0,1.9019169849343598
27.199999999999736,165.57834904366845,444.32120690209655,1.5708952756283976,85.0,-13.341124210632742,-0.0009639717404776871,63.31414031367582,-14.274856235961092,1.0,-0.06336876112642317,0.4367923957135073,0,2.0916670036967844
27.216666666666402,165.57820886615457,445.737873561828,1.5674573533500709,85.0,-13.342489837053572,0.0024739505378490456,63.69493937298071,-14.254399118988388,1.0,-0.060594944483084195,0.44947960960596123,0,1.9191250030416995
27.233333333333068,165.58293906974544,447.15453233147525,1.5640765413867483,85.0,-13.346080615189711,-0.003221947106427425,63.90136706968587,-14.224368601082366,1.0,-0.0595907505236887,0.4361513151254567,0,1.9004999776370823
27.249999999999734,165.59245869409602,448.57116701310514,1.5612129831535528,85.0,-13.350645032359967,-0.0003583888732319185,64.16229012367847,-14.102096237257513,1.0,-0.05049043197788716,0.44902915077253086,0,1.9657920056488365
27.2666666666664,165.60603488977833,449.98776862659963,1.5582682420579517,85.0,-13.357454846178213,-0.006281808103209663,64.32992109589742,-13.999122067178416,1.0,-0.05191931747128316,0.4341390919292712,0,1.926291995914653
27.283333333333065,165.62378254555614,451.4043241197445,1.5552058598315197,85.0,-13.36635401579563,-0.0032194258767777035,64.53496746928258,-13.92128180211999,1.0,-0.05398952060708641,0.44815711377378936,0,2.0683749753516167
27.29999999999973,165.6458681456981,452.8208186205142,1.5522552715959907,85.0,-13.376464361768956,-0.00893145070358714,64.58558343801155,-13.82619890441298,1.0,-0.052022223846090315,0.4327435148599897,0,1.9847079820465297
27.316666666666396,165.67213313564707,454.237241789891,1.549248433320275,85.0,-13.389117082044514,-0.005924612427871345,64.70200561248762,-13.744867250445274,1.0,-0.053012136272292176,0.4497757892519286,0,2.0727500086650252
27.333333333333062,165.70265695584695,455.6535795818195,1.546360016570537,85.0,-13.402347530547187,-0.011496255156995927,64.66539418055362,-13.645229509579686,1.0,-0.05092798460966551,0.4326249015131619,0,1.9648330053314567
27.349999999999728,165.73727161683058,457.0698233001425,1.5434539577369473,85.0,-13.418633533277161,-0.008590196323406296,64.7422079958728,-13.552550884715712,1.0,-0.05123850378777896,0.44943301555444054,0,1.8934999825432897
27.366666666666394,165.77600181342603,458.4859604461549,1.5409354199755227,85.0,-13.434967982380744,-0.014332140778618108,64.66111761849355,-13.3934006150314,1.0,-0.04441555415814544,0.4314149238055805,0,1.955624989932403
27.38333333333306,165.8182984782952,459.9019955575082,1.5383455767993417,85.0,-13.45527115338718,-0.011742297602437057,64.54493255447164,-13.253194660355305,1.0,-0.045671333524572554,0.4486182857716034,0,1.9424589991103858
27.399999999999725,165.86426230608723,461.3179163783803,1.5355761095313116,85.0,-13.47543835979724,-0.017036685929643133,64.253564852104,-13.15076362567954,1.0,-0.04883409537941327,0.43311156653508726,0,1.9131659937556833
27.41666666666639,165.91414729896402,462.73370447408183,1.533058580069985,85.0,-13.499572497341168,-0.014519156468316476,64.04341490171191,-13.006716152311576,1.0,-0.04439779569195309,0.44871614985267294,0,1.9277079845778644
27.433333333333056,165.9675964182334,464.1493624963788,1.5305883305413224,85.0,-13.523080213653818,-0.019919053204589865,63.5981779970015,-12.859613099965912,1.0,-0.04356505688862269,0.43255546359286995,0,1.9161250093020499
27.449999999999722,166.0245423994318,465.564884166884,1.5281862207172119,85.0,-13.551297006350685,-0.017516943380479377,63.25344925670742,-12.705803334801118,1.0,-0.042364810027184,0.4452590914607014,0,1.9136249902658165
27.466666666666388,166.08488845157837,466.9802649631486,1.5257635440673218,85.0,-13.578497177039482,-0.02277358054481371,62.78109697114341,-12.561571416015177,1.0,-0.042727097417844105,0.43239626514267315,0,1.9139579962939024
27.483333333333054,166.14866333328007,468.39549540689563,1.5235777638979136,85.0,-13.610756960795191,-0.02058780037540542,62.29088726132548,-12.380027622432264,1.0,-0.038553478274534904,0.4449229900245101,0,1.9197500078007579
27.49999999999972,166.2155314428112,469.8105830721561,1.5212767065637982,85.0,-13.64179181185791,-0.025778054374178128,61.56538109440022,-12.226246020623107,1.0,-0.040584597015715325,0.4318753901608973,0,1.8707500130403787
27.516666666666385,166.28565557029063,471.2255131238511,1.5189835603750086,85.0,-13.678306677837176,-0.02348490818538851,60.910737403961605,-12.076897952714209,1.0,-0.04044521760502007,0.44407834893169734,0,1.9072079739999026
27.53333333333305,166.35902415200738,472.64027865059444,1.5170133140677862,85.0,-13.712968635670725,-0.028820747809322533,60.07399099753115,-11.874882621187126,1.0,-0.034755052015347315,0.43111477685351896,0,1.92304200027138
27.549999999999716,166.43518002607175,474.0548968772867,1.5149965298501427,85.0,-13.753792376244824,-0.026803963591679025,59.29309480691017,-11.688999896159643,1.0,-0.0355752940724553,0.4427676393485764,0,1.880708005046472
27.566666666666382,166.51418872303682,475.46935863719693,1.51293228569205,85.0,-13.792717185314352,-0.03186329864936588,58.33914766274469,-11.518796191183984,1.0,-0.03641173780706787,0.42969466649194077,0,1.9012499833479524
27.583333333333048,166.59611704402096,476.8836542903986,1.5113361267649499,85.0,-13.837849220630876,-0.0302671397222658,57.358398752913175,-11.270458072219675,1.0,-0.02816006457371266,0.44272020514490396,0,1.890082989120856
27.599999999999714,166.68030270031363,478.29781737141826,1.5097193373566182,85.0,-13.881278764111933,-0.035594078038282184,56.18216556070422,-11.0353552848303,1.0,-0.028523839520854632,0.42856274010927187,0,1.9427920051384717
27.61666666666638,166.76677464947028,479.7118424937034,1.5078726811037857,85.0,-13.931693061124417,-0.03374742178544965,55.01224481824863,-10.850814524720635,1.0,-0.03257652290063465,0.4459835464526433,0,1.8693330057431012
27.633333333333045,166.8558576680359,481.12570552110304,1.5063957149209073,85.0,-13.979688788832444,-0.039036918921221846,53.72440813200726,-10.606471661937967,1.0,-0.02605820940279805,0.4267449896337249,0,1.8919169961009175
27.64999999999971,166.94702881655687,482.53943543382394,1.505065184421397,85.0,-14.034977046019472,-0.037706388421711486,52.399344310427416,-10.344994465219028,1.0,-0.023475636522937375,0.4444186562796424,0,1.9075419986620545
27.666666666666377,167.04008089458912,483.95304278921594,1.5035275332185474,85.0,-14.088381772629074,-0.03616873721886194,50.94967209660852,-10.130994662971133,1.0,-0.027128364243944256,0.42878973105134477,0,1.8961250025313348
27.683333333333042,167.13530649681041,485.36650539187866,1.5023364486503719,85.0,-14.148812269926392,-0.04156936618915452,49.46697464114558,-9.862493019214403,1.0,-0.02101604481049458,0.44183250833417514,0,1.9555410253815353
27.699999999999708,167.2322155845799,486.7798535701957,1.5011880182015123,85.0,-14.207685246405166,-0.04042093574029493,47.73742454220351,-9.596560436951489,1.0,-0.0202636457089026,0.42952303211697956,0,1.936041982844472
27.716666666666374,167.3307477401691,488.193089523163,1.4999562065762186,85.0,-14.273602465024881,-0.045608526032041796,45.946238200517016,-9.355901007553463,1.0,-0.021734429221829797,0.44147425232317494,0,1.904624979943037
27.73333333333304,167.43102066103984,489.60620303091264,1.4990070936001199,85.0,-14.338192145563784,-0.04465941305594301,44.08202929170912,-9.073310805509855,1.0,-0.016747486574811912,0.4279972937766962,0,1.9282920111436397
27.749999999999705,167.53263474091244,491.01922073186904,1.4978604365087995,85.0,-14.409615313471683,-0.04976220422412592,42.13149698672295,-8.837294023666665,1.0,-0.02023236399253229,0.4384957861322678,0,1.9404579943511635
27.76666666666637,167.6358690003947,492.4321209874121,1.4968535879884062,85.0,-14.480082678266264,-0.04875535570373257,40.09041752191109,-8.585022549481447,1.0,-0.01776604565000154,0.4279585306023561,0,1.8804580031428486
27.783333333333037,167.74052578384183,493.8449165855518,1.4960812701943453,85.0,-14.556848148865475,-0.054064806795013576,37.964252119225975,-8.29997987327948,1.0,-0.013628293750121118,0.4383514399034316,0,1.9017500162590295
27.799999999999702,167.84627366314774,495.257630934055,1.4953930535694406,85.0,-14.633402650925513,-0.05337659017010887,35.73866645874779,-8.010646742706431,1.0,-0.012144402182659483,0.42591054571972614,0,1.9399579905439168
27.816666666666368,167.95299377083444,496.6702721705548,1.4948856685198098,85.0,-14.716290687697574,-0.05878548195668065,33.4585743368133,-7.699682877805431,1.0,-0.008953614547234423,0.4352001299347281,0,1.9009580137208104
27.833333333333034,168.0604306177973,498.082859077035,1.4942097612134917,85.0,-14.799522163510815,-0.058109574650362594,31.11411324028225,-7.431145823317781,1.0,-0.01192721037991687,0.42228531590061735,0,1.9239579851273447
27.8499999999997,168.16882221795706,499.4953730435002,1.493808786246619,85.0,-14.888726600985992,-0.06346148173364208,28.686966967205237,-7.123149756796351,1.0,-0.007075910731360054,0.43713564517098386,0,1.9644160056486726
27.866666666666365,168.2777801921289,500.90784343409564,1.4935139996387727,85.0,-14.978570033125882,-0.06316669512579587,26.077049207394793,-6.807751717332371,1.0,-0.005202069683221615,0.42125765164162493,0,1.9275830127298832
27.88333333333303,168.38715453891564,502.3202816439687,1.491595227511888,85.0,-15.074583847704558,-0.06683941450233721,23.87884967319112,-6.798257194802918,1.0,-0.03384775254351257,0.434103090717828,0,2.0253330003470182
27.899999999999697,168.4992388297665,503.732507389446,1.4908103842648026,85.0,-15.169202529902801,-0.06605457125525183,21.707206357698773,-6.58398726739476,1.0,-0.013849289436381439,0.4205235453985189,0,1.95387500571087
27.916666666666362,168.6124314618225,505.1446447313829,1.4904093510392356,85.0,-15.268994883741618,-0.07108554735007244,19.676695258077004,-6.30847152497204,1.0,-0.007076938774483198,0.4334882137349542,0,1.9226250005885959
27.933333333333028,168.72619039875423,506.55673656575937,1.4903437976406353,85.0,-15.369614617983487,-0.07101999395147218,17.462098255927483,-5.982807850120008,1.0,-0.0011568241651443087,0.4183933630109268,0,1.9184169941581786
27.949999999999694,168.84004190286035,507.9688209398168,1.4923213938767486,85.0,-15.476156082937361,-0.0782719270404515,14.209128888048978,-5.299991424869166,1.0,0.034884599449674564,0.42869093262958724,0,1.9542090012691915
27.96666666666636,168.95110065341336,509.38112770478324,1.4912441620125645,85.0,-15.586928124629528,-0.07719469517626742,11.550730067312024,-5.1961563392448795,1.0,-0.019007684634365377,0.41628021607701515,0,1.9516250176820904
27.983333333333025,169.0636807210835,510.79331401430755,1.4907950349528827,85.0,-15.701956430084113,-0.08186394084590654,8.432414532641072,-4.982631269293103,1.0,-0.00792560568770622,0.42950257631780897,0,1.9254579965490848
27.99999999999969,169.1768950284627,512.2054496186491,1.4919237980162163,85.0,-15.81780085252286,-0.08299270390924017,5.12619917865778,-4.491737250621176,1.0,0.019916714267639836,0.41480483439580107,0,1.9289580231998116
28.016666666666357,169.28851529754627,513.6177121154868,1.4920566738515908,85.0,-15.94081328513333,-0.08808959261894622,1.6682584684617092,-4.19992993432295,1.0,0.002344863385417815,0.40502423975319524,0,1.9112500012852252
28.033333333333022,169.39994791008596,515.0299894314935,1.4923821886851225,85.0,-16.065445542227756,-0.08841510745247794,-1.9267591585995814,-3.8844631930281324,1.0,0.005744316232373304,0.41514670098739115,0,1.9187500001862645
28.049999999999688,169.51092079951465,516.4423029456455,1.4925265534581316,85.0,-16.195938965394713,-0.09337062272451944,-5.5285247953432055,-3.613901093685847,1.0,0.002547608129734709,0.4026666396900385,0,1.9599169900175184
28.066666666666354,169.62168979946776,517.8546324656562,1.4926402464623174,85.0,-16.328021900757076,-0.09348431572870532,-9.475564877308667,-3.3592822954794612,1.0,0.002006344440561577,0.4152416654972636,0,1.9218749948777258
28.08333333333302,169.73229822671928,519.2669745701994,1.493282875891747,85.0,-16.465524883920796,-0.09878662122066872,-12.562996365620823,-3.018713486137933,1.0,0.011340033222226022,0.40514186192510987,0,1.9622090039774776
28.099999999999685,169.84199901859336,520.6793874633389,1.4938635258487616,85.0,-16.605245088145878,-0.0993672711776834,-16.09783772385259,-2.7024486243938366,1.0,0.010246405346246951,0.4159011307915541,0,1.924125012010336
28.11666666666635,169.95087967453478,522.0918638161343,1.4923668061160755,85.0,-16.75092993222727,-0.10238002864944273,-18.859780116955253,-2.774263806391189,1.0,-0.026406561630256564,0.40859315129270357,0,1.9312909862492234
28.133333333333017,170.0618742889605,523.504175623071,1.491533593223098,85.0,-16.895715064834782,-0.10154681575646517,-21.456607720252777,-2.723265595183903,1.0,-0.014702697419292397,0.42083884944036587,0,1.9484579970594496
28.149999999999682,170.17404562112785,524.9163944576303,1.4909235442326592,85.0,-17.044389143127866,-0.10529720541452248,-23.296616422098673,-2.633832542848557,1.0,-0.010765154547505418,0.41218304879280737,0,1.9273330108262599
28.166666666666348,170.28707845504323,526.3285445994005,1.491433400662145,85.0,-17.193284681218735,-0.10580706184400834,-25.50590434042934,-2.3451381432127993,1.0,0.008997223619649275,0.4246153846153846,0,1.9532500009518117
28.183333333333014,170.399391280469,527.7407521881386,1.49119916831523,85.0,-17.347907143901203,-0.10978527157379325,-27.703718673671474,-2.2022119332486634,1.0,-0.004133488463005278,0.4177770145363814,0,1.915083994390443
28.19999999999968,170.51203488750855,529.1529334308399,1.49046603500709,85.0,-17.503124039780257,-0.10905213826565328,-29.670537524125493,-2.1550653306806287,1.0,-0.012936924840647417,0.4279348913340002,0,1.9500410126056522
28.216666666666345,170.62571378128942,530.5650317112556,1.4884146284991535,85.0,-17.66228894406684,-0.11106609773142506,-30.796213148892065,-2.3481688401167675,1.0,-0.036185489405107595,0.4242326300160595,0,1.9218749948777258
28.23333333333301,170.74228922144528,531.9768938189691,1.4882186752623332,85.0,-17.819309291906308,-0.11087014449460475,-31.993727196482023,-2.198169180776655,1.0,-0.003457984513633947,0.4178506635138716,0,1.8995839927811176
28.249999999999677,170.8591413183112,533.3887330562417,1.4882164154926871,85.0,-17.981033275244872,-0.1147869701656099,-33.56002292113827,-2.0188726116911226,1.0,-3.987828785160033e-05,0.42839103334713957,0,1.9541670044418424
28.266666666666342,170.97599660560826,534.8005720294518,1.4876995367961023,85.0,-18.14329128125388,-0.11427009146902511,-34.556167293172834,-1.939604878376926,1.0,-0.009121135810185421,0.4229826363812062,0,1.9177500216756016
28.283333333333008,171.09358162675136,536.2123504140601,1.4852567435121424,85.0,-18.309823210607373,-0.11560077016236647,-35.221973491555936,-2.2116873032015887,1.0,-0.04308144376517231,0.43720087826694054,0,1.9378330034669489
28.299999999999674,171.21461497639217,537.6238373508467,1.4844319975545093,85.0,-18.47322645920195,-0.11477602420473332,-35.93431052679646,-2.180699485975869,1.0,-0.014553312883138334,0.4320054664871701,0,2.0055409986525774
28.31666666666634,171.33681240288257,539.0352239858279,1.484217199630376,85.0,-18.640516176361185,-0.1181896195119756,-36.62822916021986,-2.0405073063708583,1.0,-0.0037905334479386658,0.42904575405269274,0,1.9395829876884818
28.333333333333005,171.45931298947102,540.4465843404963,1.4835278416239355,85.0,-18.80777335737875,-0.12098397421907947,-37.32212233674064,-1.9915858819702281,1.0,-0.012164541234297784,0.44124216001223804,0,1.9307910115458071
28.34999999999967,171.58278647943584,541.8578599130619,1.4818690094798013,85.0,-18.97874950769273,-0.11932514207494527,-37.37378385411616,-2.1199278592422814,1.0,-0.029265150859156767,0.443513704017734,0,1.9027079979423434
28.366666666666337,171.70860086772856,543.2689287222073,1.4808785886701468,85.0,-19.147889859030414,-0.12167401074150663,-37.83408399342483,-2.122412577724461,1.0,-0.0174762348804883,0.44568847186085103,0,1.938667002832517
28.383333333333002,171.83581274599746,544.6798722301025,1.480313396743972,85.0,-19.319836374752494,-0.12110881881533198,-38.3526806107849,-2.047843333202101,1.0,-0.009973644449909377,0.4472301471644671,0,1.9385420018807054
28.399999999999668,171.96382205778445,546.0907436135178,1.4792906390505582,85.0,-19.491784998423743,-0.123281038875821,-38.61805534811484,-2.0589339664085973,1.0,-0.0180467057506667,0.4480322287093179,0,1.929916994413361
28.416666666666334,172.0932742819307,547.5014833365384,1.4785644691665891,85.0,-19.66599108290683,-0.12255486899185185,-39.218791012666316,-2.015921273079996,1.0,-0.012814061255216159,0.45024554941682016,0,1.9574170000851154
28.433333333333,172.22375090855633,548.9121286833031,1.47669430290986,85.0,-19.840282685583233,-0.12373532929788755,-39.129957877670336,-2.1814961383098046,1.0,-0.03299095957140316,0.4510509955990521,0,1.9600840169005096
28.449999999999665,172.3568654467995,550.3225275503448,1.4755776163810495,85.0,-20.01512744573787,-0.12261864276907697,-39.33298593157602,-2.204413554888827,1.0,-0.019703682578211163,0.4526642791532928,0,1.9447080267127603
28.46666666666633,172.49155487513426,551.7327768908301,1.4731098498531823,85.0,-20.189825704899913,-0.12305695549749095,-38.81558023334618,-2.4707224575771995,1.0,-0.043521322253734784,0.45491731129681984,0,1.9429159874562174
28.483333333332997,172.62972405593467,553.1426895554733,1.4715793367470422,85.0,-20.363716742853157,-0.12152644239135091,-38.300520951572466,-2.5573538616115963,1.0,-0.02700249008416256,0.4668111007943877,0,1.9439169846009463
28.499999999999662,172.7700509638758,554.552389099118,1.4698749361216934,85.0,-20.5372003041135,-0.12258321479981182,-37.67274570216236,-2.6720890781725153,1.0,-0.030068592941076687,0.4666273316357162,0,1.9729160121642053
28.516666666666328,172.9127803596139,555.9618474220339,1.4678223563445902,85.0,-20.71042526499993,-0.12053063502270867,-36.470582955552686,-2.845348720125467,1.0,-0.03620616704087003,0.46641717549734096,0,1.9428330124355853
28.533333333332994,173.05840247830548,557.3710098126022,1.4659122696982594,85.0,-20.882828402777207,-0.12123628677445632,-35.72648706272073,-2.986172661170696,1.0,-0.03369465409829947,0.4642444312537099,0,1.9654589996207505
28.54999999999966,173.20671595197908,558.7798914818602,1.46354256496448,85.0,-21.054159377654326,-0.11886658204067692,-34.6611471875946,-3.204636482586137,1.0,-0.041793967478515895,0.4646127442259594,0,1.9319159910082817
28.566666666666325,173.35836763966196,560.1884177365205,1.4614456262789373,85.0,-21.224536015711262,-0.1192392419124304,-34.074116730477996,-3.3653907064276685,1.0,-0.036987923291495195,0.0,0,1.9488749967422336
28.58333333333299,173.51297258495566,561.5966228903724,1.4600584110543309,85.0,-21.39305827019897,-0.11785202668782402,-33.461253233627104,-3.391613806334367,1.0,-0.024475380219674093,0.0,0,1.9709159969352186
28.599999999999657,173.66953086449337,563.0046122190083,1.4570747901107433,85.0,-21.562309609214786,-0.11719097451112104,-32.63224985916951,-3.7053066440382763,1.0,-0.05260356015732061,0.0,0,1.9461250049062073
28.616666666666323,173.8302893474077,564.412128170824,1.453920718570956,85.0,-21.72795040389386,-0.11403690297133373,-31.86013882081183,-4.037677664164745,1.0,-0.05560271345060317,0.0,0,1.9509590056259185
28.63333333333299,173.99548642934133,565.8191300786283,1.4505602754947828,85.0,-21.89211735684974,-0.11285091550029724,-30.294476744176777,-4.394475669403114,1.0,-0.059232566856016654,0.0,0,1.9426660146564245
28.649999999999654,174.1654107194458,567.2255689077556,1.4479761195310088,85.0,-22.052023204860184,-0.11229181571307478,-28.686363048401557,-4.597414235949115,1.0,-0.045571179692419625,0.0,0,1.9542910158634186
28.66666666666632,174.338968895428,568.6315639305043,1.4328011877102211,85.0,-22.210769169083314,-0.09711688389228712,-21.77934578597019,-7.008747193938534,1.0,-0.2616535727940312,0.0,0,1.9560829969123006
28.683333333332985,174.53384214818476,570.0347634387014,1.4232982192891135,85.0,-22.348948596996834,-0.08948807270645776,-13.39229630276904,-8.347811663354012,1.0,-0.16615337200539204,0.0,0,1.9536670006345958
28.69999999999965,174.74204096177235,571.4360477419265,1.4223584730706924,85.0,-22.475554229909445,-0.08854832648803669,-5.535901758612141,-8.101276106670397,1.0,-0.01658223675274962,0.0,0,1.9906249945051968
28.716666666666317,174.95155653485844,572.8371357723795,1.418833509243275,85.0,-22.602052672256896,-0.08674489688149345,2.4515856754606893,-8.331294352574233,1.0,-0.06212519554010929,0.0,0,1.9356249831616879
28.733333333332983,175.16600958069031,574.237476565036,1.4128090587313773,85.0,-22.724787217967652,-0.08072044636959586,10.707733064623211,-9.001563578081582,1.0,-0.10591598512508223,0.0,0,1.9729580089915544
28.74999999999965,175.38889496762826,575.6364999918355,1.4100066982529018,85.0,-22.840590325185445,-0.07948503608802815,17.1968220342496,-9.066498359838993,1.0,-0.04941316416276581,0.0,0,1.9568749994505197
28.766666666666314,175.6157000422105,577.0348933208343,1.4090852517158237,85.0,-22.953075594378944,-0.07856358955094998,22.706882914421683,-8.788859363677105,1.0,-0.016259388271959163,0.0,0,1.974874990992248
28.78333333333298,175.84379356501492,578.4330770674495,1.408674100222347,85.0,-23.066125190185893,-0.07956259273916588,26.131781589502452,-8.429515064326527,1.0,-0.007255487273398337,0.0,0,1.9624170090537518
28.799999999999645,176.0724619338596,579.8311669148965,1.402627515481453,85.0,-23.17903623988771,-0.07476689035811979,29.500009447693493,-9.099816611489413,1.0,-0.10630220777615118,0.0,0,1.9548329873941839
28.81666666666631,176.30957973974893,581.2278485502646,1.3992399730792369,85.0,-23.284857345344577,-0.07137934795590373,32.30708993973341,-9.266419710277919,1.0,-0.059709100869722566,0.0,0,1.9728339975699782
28.833333333332977,176.55142749433676,582.6237189267844,1.392688439511638,85.0,-23.386568522212237,-0.06591666604919233,35.43566491915412,-9.9947276754312,1.0,-0.11510425143060979,0.0,0,1.974457991309464
28.849999999999643,176.80241508478298,584.0179748838764,1.3930745059747143,85.0,-23.47988285627419,-0.0663027325122687,37.276404266074266,-9.444551807697795,1.0,0.006812832176597353,0.0,0,2.042124979197979
28.86666666666631,177.05286438107208,585.4123276349522,1.3844482747595999,85.0,-23.57606148057384,-0.05305984264210184,39.88843059357187,-10.534780309411522,1.0,-0.15106782383229328,0.0,0,1.9732079817913473
28.883333333332974,177.31533221927504,586.8044681014115,1.381489226946825,85.0,-23.6540945827976,-0.03463839992816942,41.987509914733664,-10.568706466046132,1.0,-0.05217110569619999,0.0,0,1.9857920124195516
28.89999999999964,177.58191831259015,588.1958258193603,1.3721061422794172,85.0,-23.703155837220205,-0.025255315260761524,44.81952423591129,-11.749214307667646,1.0,-0.16409493857576452,0.0,0,1.9649589958135039
28.916666666666305,177.86154770627024,589.5846209254269,1.3642108380588789,85.0,-23.71677036648208,0.0026844867806012918,48.699168344736975,-12.621112691798256,1.0,-0.1384376796734369,0.0,0,1.9655829819384962
28.93333333333297,178.15213323047504,590.9711650096763,1.3669183343059501,85.0,-23.701803992260132,0.018792171931536927,51.34383933772517,-11.549881349010011,1.0,0.04774303731009941,0.0,0,1.9801660091616213
28.949999999999637,178.43896363128874,592.3584907701282,1.3634308134531736,85.0,-23.674187071463738,0.03984925423433139,53.54189035798483,-11.63990397686584,1.0,-0.061466957252232036,0.0,0,1.9665840081870556
28.966666666666303,178.7306306054848,593.7448077687284,1.3557787537068742,85.0,-23.617748901021148,0.047501313980630844,56.70811071837537,-12.472641339185346,1.0,-0.13422442565079137,0.0,0,1.943790994118899
28.98333333333297,179.03289711756148,595.1288523489791,1.342851890652773,85.0,-23.53566076771795,0.07673994529259474,60.356703306752635,-14.196969092714557,1.0,-0.22428316930622436,0.0,0,2.0201249863021076
28.999999999999634,179.35302923151852,596.5088740423078,1.3342210441278712,85.0,-23.42230646511432,0.10041593784881231,64.90513890907398,-15.104801798291678,1.0,-0.15114742487404603,0.0,0,1.9463330099824816
29.0166666666663,179.68506002954868,597.8860813591646,1.3377151516392023,85.0,-23.28028950226852,0.09692183033748125,68.86537963617901,-13.795810926980241,1.0,0.06158275297212127,0.0,0,1.9646250002551824
29.033333333332966,180.01227670009538,599.264440417959,1.3295855731052557,85.0,-23.128025927564998,0.11882368804476327,72.20327131496889,-14.630166359017865,1.0,-0.14249089173964385,0.0,0,2.0144169975537807
29.04999999999963,180.35068791260747,600.6400938247772,1.3180499849987481,85.0,-22.954499406028948,0.14285430748980343,75.71798082448882,-16.03066243956425,1.0,-0.20082511728207236,0.0,0,1.9730000058189034
29.066666666666297,180.70494522834818,602.0117520178736,1.3114206666808776,85.0,-22.752810098009988,0.14948362580767394,78.9032432549517,-16.511925152614594,1.0,-0.11645860422207104,0.0,0,1.962625014130026
29.083333333332963,181.06828785187304,603.3810316030477,1.3082642276087855,85.0,-22.528799800535882,0.16385465814622968,82.53028207174029,-16.35087209171602,1.0,-0.055644364299361634,0.0,0,2.0123330177739263
29.09999999999963,181.43595070579502,604.7491575001385,1.3072840254934948,85.0,-22.293296036543463,0.17476639630218416,85.1812963282861,-15.80262887425057,1.0,-0.0172959594844191,0.0,0,2.0498340018093586
29.116666666666294,181.80495442277604,606.1169223561349,1.3052508870638913,85.0,-22.04696873234077,0.17679953473178767,85.93502351890842,-15.465842459091308,1.0,-0.035863529744801934,0.0,0,1.9315840036142617
29.13333333333296,182.1767382304664,607.4839341500794,1.2984490264078474,85.0,-21.788346615480904,0.19224726252363444,86.40324144756515,-15.999353970089071,1.0,-0.1194612948857521,0.0,0,2.062375016976148
29.149999999999626,182.5578115898839,608.8483855193803,1.2897050352542616,85.0,-21.51530183167182,0.20834834099041435,87.3167000568036,-16.857268115832493,1.0,-0.15309824380141024,0.0,0,2.3925420246087015
29.16666666666629,182.95080098012954,610.2094526682009,1.2813505747663292,85.0,-21.222272487886915,0.21670280147834672,88.67973559344526,-17.61317628497722,1.0,-0.14637717795302752,0.0,0,1.9805000047199428
29.183333333332957,183.3551475051527,611.5671891419491,1.2717143855550426,85.0,-20.91215379102152,0.23240323776757,90.99245143734281,-18.566208243774774,1.0,-0.1684391389985722,0.0,0,2.055165998172015
29.199999999999623,183.7725584603738,612.9209662797772,1.2663334966960962,85.0,-20.585871636737693,0.23778412662651638,92.83994204828747,-18.725929254401077,1.0,-0.09467299386788897,0.0,0,1.9754160020966083
29.21666666666629,184.19724786192424,614.2724777879247,1.256159458564766,85.0,-20.245162201691883,0.25272416676053217,95.41029094662825,-19.730460128911588,1.0,-0.17764913041150163,0.0,0,1.9659580138977617
29.233333333332954,184.63566537604248,615.6195986168627,1.247703434728496,85.0,-19.888674520739873,0.2646408573440411,98.46277644016354,-20.393516847477194,1.0,-0.148130888284974,0.0,0,1.9533750019036233
29.24999999999962,185.08545836596275,616.9629640588267,1.243398783163745,85.0,-19.518127439782063,0.2689455089087922,100.34577714436878,-20.289322471955856,1.0,-0.07581882319048144,0.0,0,1.9587080169003457
29.266666666666286,185.54102989084456,618.304380858394,1.2385638207699217,85.0,-19.139012127050382,0.27592673936531753,101.88783160854851,-20.284411885757635,1.0,-0.08511671557956606,0.0,0,2.0162919827271253
29.28333333333295,186.00308176533173,619.6435793163259,1.2259668142923137,85.0,-18.753057248873255,0.2885237458429255,104.03257349785687,-21.650125396595588,1.0,-0.2187431712279317,0.0,0,1.9773750100284815
29.299999999999617,186.4819664255393,620.9768512040752,1.2204794667754324,85.0,-18.348104843245753,0.29483169083356553,105.55688636402226,-21.70979699784361,1.0,-0.09653455645730495,0.0,0,1.9823330221697688
29.316666666666283,186.96815996538777,622.3074752254479,1.2163602595831882,85.0,-17.935868077587582,0.29843216271568385,106.6057032184398,-21.521232358619162,1.0,-0.07256425869606839,0.0,0,1.9409580272622406
29.33333333333295,187.45983048094672,623.6360852316477,1.2038410842195468,85.0,-17.519336865733244,0.3109513380793252,108.77194392126198,-22.825665943472906,1.0,-0.21743397884074359,0.0,0,1.9811660167761147
29.349999999999614,187.96809513448724,624.9584359742291,1.1935465763323523,85.0,-17.08651472635798,0.31937159908252744,110.79800029540645,-23.69289374577953,1.0,-0.17970791302466158,0.0,0,1.974208018509671
29.36666666666628,188.4899455658187,626.2754844060507,1.1814514006591688,85.0,-16.641723895661745,0.331466774755711,113.534496608334,-24.840309555660852,1.0,-0.21028869815082618,0.0,0,1.9261669949628413
29.383333333332946,189.0276873697601,627.5861247826371,1.1729375112287443,85.0,-16.183489630971344,0.3367321433085783,116.02689156837474,-25.316213541497596,1.0,-0.1491296530158438,0.0,0,1.9513749866746366
29.39999999999961,189.5765681968004,628.8921394388152,1.1590425765038352,85.0,-15.715060283228295,0.34598293502629596,119.49223496056638,-26.710425001205977,1.0,-0.2404604010089666,0.0,0,1.9421670003794134
29.416666666666277,190.14354244316465,630.1904016035586,1.1425122002628283,85.0,-15.23463811608622,0.3625133112673029,123.73970094231586,-28.4957728880835,1.0,-0.28383636887056785,0.0,0,1.950625010067597
29.433333333332943,190.73189901217515,631.4791145243236,1.136957478837207,85.0,-14.733872562827587,0.36200440438646186,126.86359534632297,-28.3033680674533,1.0,-0.09771232753438347,0.0,0,1.957166998181492
29.44999999999961,191.3274049088189,632.7645394235327,1.1217491411291844,85.0,-14.232160856071836,0.3772127420944844,130.97003917124502,-29.80532562575172,1.0,-0.26220356028823805,0.0,0,1.963957998668775
29.466666666666274,191.9423903608323,634.0407593647091,1.1120582069570726,85.0,-13.714697819773562,0.37939433804984063,134.3671244875198,-30.297328312337456,1.0,-0.16937792502666726,0.0,0,1.9348339992575347
29.48333333333294,192.56971450499196,635.3109596885158,1.109262747450835,85.0,-13.19002406494987,0.3821897975560782,135.91442202204985,-29.538627776519185,1.0,-0.04929167867854674,0.0,0,1.9699999829754233
29.499999999999606,193.2005869869569,636.5794013923178,1.0864239951758412,85.0,-12.669478999239834,0.3960451647118093,139.7519280412021,-32.23286658195096,1.0,-0.38312156780218326,0.0,0,1.9633340125437826
29.51666666666627,193.8602620492622,637.8331052076653,1.0747729880345642,85.0,-12.12296772822261,0.4076961718530863,143.0930183149549,-32.973683778293776,1.0,-0.20278009547128714,0.0,0,1.9681249978020787
29.533333333332937,194.53449891959553,639.0790382263816,1.0768365792882124,85.0,-11.57317758388055,0.3951450586927285,144.35621935146798,-31.232742976393887,1.0,0.036400231228184754,0.0,0,1.9878330058418214
29.549999999999603,195.206163259686,640.3263599405738,1.0796048164424863,85.0,-11.029082109278422,0.3803538071546322,142.88521937915067,-29.431330964103232,1.0,0.048812439193840276,0.0,0,1.9798330031335354
29.56666666666627,195.87437214834765,641.5755361993771,1.0881455592796019,85.0,-10.50314600556969,0.3718130643175166,137.68540471924587,-26.665442853191575,1.0,0.14959304325428924,0.0,0,1.9647919980343431
29.583333333332934,196.5318879026672,642.8303738292185,1.0996199167876748,85.0,-9.993925557809336,0.34674821208068685,129.85746797758674,-23.491021214102688,1.0,0.19978735474198223,0.0,0,2.002209017518908
29.5999999999996,197.17496223328092,644.092673258732,1.096500876360332,85.0,-9.512483632447495,0.3498672525080295,121.50340097897602,-23.051658411947308,1.0,-0.054986405570123326,0.0,0,1.9420000026002526
29.616666666666266,197.82197059241915,645.3529607765824,1.1134371334824391,85.0,-9.038098804426639,0.31774120034549,110.72885248566388,-19.086436859016366,1.0,0.2904244804565522,0.0,0,1.9319579878356308
29.63333333333293,198.44754262780586,646.6240249264139,1.0834333299966403,85.0,-8.595501499058951,0.34774500383128887,77.96062215624096,-23.246713069486745,1.0,-0.48695165678203106,0.0,0,1.932791987201199
29.649999999999597,199.1109641427771,647.8757502708556,1.059387247110906,85.0,-8.131237361900903,0.35497132546432547,32.83485811779043,-26.368528210262333,1.0,-0.4013137251628075,0.0,0,1.9349580106791109
29.666666666666263,199.80429005799877,649.1111625986744,1.0118382680108602,85.0,-7.641134005196561,0.38404225502683964,-32.12953077703084,-32.707665319008036,1.0,-0.6981317007977318,0.0,0,1.9229169993195683
29.68333333333293,200.55555281093706,650.3122240960557,0.9642892889108143,85.0,-7.110349623724962,0.4315912341268855,-61.88785127071509,-40.49058641314697,1.0,-0.6981317007977318,0.0,0,1.918291993206367
29.699999999999594,201.36305418756157,651.4762197881414,0.9367127809121373,85.0,-6.526460703417507,0.43900683226851556,-25.45103959212532,-43.47782901145191,1.0,-0.4529060423442881,0.0,0,1.9978329946752638
29.71666666666626,202.20234341418458,652.6175076740489,0.925249296440136,85.0,-5.9243197330188515,0.45047031674051685,21.22902900516901,-43.752011056709904,1.0,-0.19960302817046177,0.0,0,1.97049998678267
29.733333333332926,203.0546603447077,653.7490996033184,0.9159588992586495,85.0,-5.323345409917394,0.437897749292874,31.29890562752751,-43.63494301324948,1.0,-0.16250250841638858,0.0,0,1.9684580038301647
29.74999999999959,203.91745328036737,654.8727244493504,0.9052764955381145,85.0,-4.722627020137657,0.44858015301340903,64.88964958868759,-43.76653787923493,1.0,-0.1863263729818339,0.0,0,2.0004579855594784
29.766666666666257,204.792199774179,655.9870686582951,0.8940898481877178,85.0,-4.132874781000109,0.4361898058310827,97.58633634367828,-43.9808725472751,1.0,-0.19490530979317622,0.0,0,2.0039579831063747
29.783333333332923,205.6793570508987,657.0915578663944,0.8790707972769903,85.0,-3.5372312866132005,0.42591510860248116,131.0146120314583,-44.84502561448298,1.0,-0.25908504414451816,0.0,0,1.9669159955810755
29.79999999999959,206.58300202663577,658.1825987465953,0.8699734757854243,85.0,-2.9519293497625076,0.4350124300940472,153.41531210368322,-44.6511115971701,1.0,-0.1591826820356058,0.0,0,1.949166995473206
29.816666666666254,207.4965350219728,659.2653738436838,0.8551061681751182,85.0,-2.3684030495890096,0.42287794074943164,160.64604579062734,-45.46342200530751,1.0,-0.2565813290445876,0.0,0,1.9518329936545342
29.83333333333292,208.426064414356,660.3344480006721,0.8375064364063413,85.0,-1.7870220659934457,0.4404776725182086,191.20163429784125,-46.70128086264758,1.0,-0.30113792573938936,0.0,0,2.0950830075889826
29.849999999999586,209.3742642964023,661.3869979653444,0.8290474195150064,85.0,-1.2093503128770193,0.42024922745463594,230.6580595670443,-46.32255878102217,1.0,-0.14818255597143784,0.0,0,1.9587919814512134
29.86666666666625,210.3313336861938,662.4314895294888,0.8189792270243159,85.0,-0.6339766414291377,0.3999825790929659,257.1361449110691,-46.24186126615207,1.0,-0.17583901086618065,0.0,0,1.9534169987309724
29.883333333332917,211.29887053250684,663.4662923587616,0.8136475900526801,85.0,-0.0823233880093743,0.4053142160646017,259.6978507356615,-45.322766417202615,1.0,-0.09381153959868699,0.0,0,1.9325839821249247
29.899999999999583,212.2719107939646,664.4959219494527,0.802873613495776,85.0,0.4572733183658213,0.38416222667547884,273.8443618658033,-45.403698182942705,1.0,-0.18788644705493396,0.0,0,1.98095798259601
29.91666666666625,213.2559875718669,665.5150084716076,0.7929910320084307,85.0,0.9882152755870144,0.39404480816282417,290.97620284395174,-45.32517508434083,1.0,-0.17266197739273548,0.0,0,1.97124999249354
29.933333333332914,214.2500873366899,666.5243201687673,0.7820847433201618,85.0,1.493456535107151,0.37150997775327854,303.7744712591376,-45.42872884043486,1.0,-0.19013893774284624,0.0,0,1.9555840117391199
29.94999999999958,215.25513560596215,667.5227301150705,0.7697310552428482,85.0,1.9923546158928391,0.3490043438570485,305.1668931925767,-45.77947720742269,1.0,-0.21464781367251426,0.0,0,1.9400420133024454
29.966666666666246,216.27244091551637,668.5086481398562,0.7609313603148637,85.0,2.476801271926171,0.357804038785033,309.47381730876026,-45.49510938345014,1.0,-0.15405824772565838,0.0,0,1.9670420151669532
29.98333333333291,217.29838250386914,669.485576131948,0.7555473556268145,85.0,2.933555734955137,0.32702903800471544,314.1382528616589,-44.61296751150379,1.0,-0.09472748744477891,0.0,0,1.9379580044187605
29.999999999999577,218.32956898199163,670.4569663170857,0.7447172150091881,85.0,3.372151751499742,0.30054033606529673,311.4519050343896,-44.72984853202522,1.0,-0.1888428248774768,0.0,0,1.9800419977400452
30.016666666666243,219.3712150724142,671.4171318584127,0.7332446766539291,85.0,3.791536603694765,0.31201287442055564,310.2887035035976,-44.95397731403235,1.0,-0.19975651627316882,0.0,0,1.9351670052856207
30.03333333333291,220.42380790766856,672.3652841497751,0.7312867437137495,85.0,4.18156590468647,0.2756521019648094,282.47835180409044,-43.474751268867024,1.0,-0.03453801803607576,0.0,0,1.9548340060282499
30.049999999999574,221.47825514278298,673.3113737188985,0.7180265763675816,85.0,4.544735568052312,0.24977158566197646,272.0552407822454,-44.0556032482358,1.0,-0.22986688426013482,0.0,0,2.0280420139897615
