t,x,y,heading,speed,true_offset,true_heading_err,det_offset,det_lookahead,det_confidence,steering,lane_iou,off_track,detect_ms
0.0,251.31546914487853,700.5258187647061,0.42781358530668184,85.0,-4.268807529683727e-14,-0.047548979100045796,9.328544474393539,9.328544474393539,0.724609375,0.6981317007977318,0.5302024925932274,0,2.456124988384545
0.016666666666666666,252.6044587689879,701.1135688760482,0.4553926781441337,85.0,-0.10225379479940797,-0.10288370002689767,13.615224686011544,13.615224686011544,0.548203125,0.45294292231554817,0.5561855514227827,0,2.270041994052008
0.03333333333333333,253.87675065720552,701.7366401365155,0.4695170709957647,85.0,-0.24774870721225328,-0.11700809287852866,15.59679661612735,15.59679661612735,0.46529947916666664,0.24427641432790775,0.5808023166680862,0,2.0810000132769346
0.05,255.14011542674243,702.3776190000807,0.47727365734773325,85.0,-0.43398254457470303,-0.1502030173140836,16.39192131960713,16.39192131960713,0.43201822916666666,0.1360355344360461,0.5817396555825998,0,1.7232089885510504
0.06666666666666667,256.39847043348107,703.0283778812803,0.4898550287544785,85.0,-0.6459709395495531,-0.16278438872082884,18.001974051511002,18.001974051511002,0.40447916666666667,0.21848023566796604,0.5778444911438007,0,1.9988749991171062
0.08333333333333333,257.6485386252733,703.6949166725849,0.499928150973582,85.0,-0.8804085294495931,-0.19596267737747072,19.113539041826662,19.113539041826662,0.36296875,0.17592334258235529,0.5282684291734795,0,1.724417001241818
0.09999999999999999,258.89182938360807,704.3740135247965,0.4832912601307169,85.0,-1.1562489391390738,-0.17932578653460562,15.449043506153185,15.449043506153185,0.28229166666666666,-0.28556775288644093,0.46580231783095744,0,1.8494999967515469
0.11666666666666665,260.1462456221066,705.03233285843,0.48287019759818933,85.0,-1.4089344063095979,-0.17890472400207807,14.778117971138348,14.778117971138348,0.34704427083333333,-0.007430378531844119,0.573399355633879,0,1.6709159826859832
0.13333333333333333,261.40093894300276,705.690123946043,0.4926192965829014,85.0,-1.6787783049772993,-0.209712333746516,15.956574245357768,15.956574245357768,0.34984375,0.17037502568479224,0.5302164052164052,0,1.915417000418529
0.15,262.6491598694114,706.360115709664,0.4742669917225141,85.0,-1.9736979100195575,-0.19136002888612869,12.129865822019118,12.129865822019118,0.27630208333333334,-0.31320426718803746,0.4634562020669915,0,1.8614579748827964
0.16666666666666666,263.9094657997761,707.0070882023806,0.4727188845964748,85.0,-2.243139798224055,-0.18981192176008943,11.38251060086473,11.38251060086473,0.3389713541666667,-0.027312743849841628,0.5646530204692961,0,1.9027079979423434
0.18333333333333332,265.1707718022203,707.6521088320063,0.4780408935497316,85.0,-2.5360407890619805,-0.21439091153978634,11.9044219168831,11.9044219168831,0.34572916666666664,0.09364312162097219,0.5349728154894359,0,1.9090000132564455
0.19999999999999998,266.4286271528693,708.3038329770924,0.4581288274797989,85.0,-2.8374399143252513,-0.1944788454698536,7.9800186611078585,7.9800186611078585,0.290078125,-0.3379120566860608,0.46412420548087946,0,1.6439160099253058
0.21666666666666665,267.69920946468665,708.9303830815064,0.4596869361276776,85.0,-3.1164248681547426,-0.21370258700966865,7.95422426118594,7.95422426118594,0.354765625,0.02748910881059005,0.5707157894736842,0,1.9189580052625388
0.2333333333333333,268.9688140014653,709.5589121298689,0.4645881399371625,85.0,-3.4168711200632584,-0.21860379081915357,8.5323394284991,8.5323394284991,0.35259114583333334,0.08627711775773139,0.5326914117098929,0,1.941957976669073
0.24999999999999997,270.23532275254934,710.1936561947265,0.4431029667707178,85.0,-3.724099162998757,-0.19711861765270888,4.486341033494689,4.486341033494689,0.299453125,-0.36240415338204335,0.46608159873528043,0,1.6286250029224902
0.26666666666666666,271.51517573359774,710.8010446958901,0.4446766895243055,85.0,-4.00994941872103,-0.21494733983921138,4.597667492517704,4.597667492517704,0.3638151041666667,0.02776444159915268,0.5607213865402767,0,1.9126670085825026
0.2833333333333333,272.79407126909246,711.4104465778499,0.44888063462499533,85.0,-4.312118724104885,-0.21915128493990124,5.179430233767251,5.179430233767251,0.3684765625,0.07405161143350651,0.5264714581484767,0,1.92379200598225
0.3,274.07039361903475,712.0252194655753,0.42849235473612907,85.0,-4.6201038788758355,-0.19876300505103495,1.4370258697061766,1.4370258697061766,0.3125390625,-0.3453724722938141,0.47599500267713724,0,1.8871670181397349
0.31666666666666665,275.3589839994303,712.6138443682056,0.4293740989448877,85.0,-4.909061371770977,-0.21464497173570896,1.5404141529525863,1.5404141529525863,0.37092447916666665,0.015558936292666914,0.5572300947310733,0,1.9468330137897283
0.3333333333333333,276.64705486237204,713.2036052489741,0.4333963328789705,85.0,-5.210812165995177,-0.21866720566979175,2.2070248983266474,2.2070248983266474,0.3781640625,0.0708617520059946,0.5754105229553662,0,2.01424999977462
0.35,277.93274315605566,713.7985422674301,0.43759806109279764,85.0,-5.518127907987738,-0.2228689338836189,2.880301915475135,2.880301915475135,0.37182291666666667,0.07401270392495204,0.533565224636021,0,1.9692909845616668
0.36666666666666664,279.2159203443506,714.3988761311125,0.41592725979590517,85.0,-5.839406362305724,-0.21507843651282899,-0.9777255934831333,-0.9777255934831333,0.3210677083333333,-0.36526510594181383,0.481488713582754,0,1.9022079941350967
0.3833333333333333,280.5118049368905,714.9712637334086,0.41866166441599006,85.0,-6.141757111515771,-0.21781284113291388,-0.4465254738635829,-0.4465254738635829,0.37859375,0.04821679863364924,0.5663178815689484,0,1.9810000085271895
0.39999999999999997,281.80611954743534,715.5471926642451,0.42207712090819444,85.0,-6.447891213259764,-0.22122829762511823,0.1871470235001833,0.1871470235001833,0.38100260416666665,0.06019993389021004,0.530219724482136,0,1.9802909810096025
0.41666666666666663,283.0984595522941,716.1275389025254,0.40023010235163525,85.0,-6.764490868692913,-0.21225874861440402,-3.595077341613861,-3.595077341613861,0.32881510416666665,-0.3679752362851547,0.4787026330256099,0,1.9160000083502382
0.4333333333333333,284.4031689839809,716.6795151187812,0.40101638245377236,85.0,-7.062937899261112,-0.21304502871654116,-3.315408374374173,-3.315408374374173,0.38873697916666666,0.01387464083000055,0.5626414240458592,0,1.7683329933788627
0.44999999999999996,285.7074440044873,717.2325170313705,0.4057283781837487,85.0,-7.362473735712587,-0.2177570244465175,-2.337897550993866,-2.337897550993866,0.3959505208333333,0.08296200630688016,0.5250941028858218,0,1.9847079820465297
0.4666666666666666,287.0090988126658,717.7916585204324,0.3841731518233077,85.0,-7.670899770397129,-0.20817843379694156,-5.976896947997421,-5.976896947997421,0.33665364583333335,-0.36348456496659853,0.47812338190694575,0,1.9169999868609011
0.4833333333333333,288.3225027281292,718.3226148268172,0.383560690993108,85.0,-7.963693613542118,-0.20756597296674195,-5.858711295142536,-5.858711295142536,0.3968359375,-0.010807711473870281,0.5600308982564556,0,1.9954580056946725
0.49999999999999994,289.6362315871782,718.8527666252169,0.3872959363309369,85.0,-8.255638482461855,-0.21130121830457077,-4.959115827838443,-4.959115827838443,0.4044921875,0.06582087533487169,0.5306897398598228,0,1.9739170093089342
0.5166666666666666,290.9479710391988,719.3878218134518,0.3659737558524501,85.0,-8.552759318338875,-0.18997903782608402,-8.46031798281649,-8.46031798281649,0.35529947916666665,-0.35988693496773944,0.5066097289268474,0,1.9436250149738044
0.5333333333333333,292.2708199997885,719.894788352694,0.3677528545679379,85.0,-8.834109397092977,-0.20292310204497865,-7.813773994853931,-7.813773994853931,0.39678385416666667,0.031385550148637434,0.5611737400530504,0,1.9808330107480288
0.55,293.59276492380013,720.4041075672583,0.3705087822418551,85.0,-9.11961492322844,-0.20567902971889584,-7.015552458314517,-7.015552458314517,0.40315104166666665,0.04859572794288277,0.5685154226296548,0,1.9775000109802932
0.5666666666666668,294.91330118249687,720.9170680276368,0.37395144602080443,85.0,-9.408943482835172,-0.20912169349784523,-6.124081652593901,-6.124081652593901,0.40790364583333333,0.06067831074938414,0.5352708803611738,0,2.0264170016162097
0.5833333333333335,296.2320636688384,721.434571601598,0.352038640806438,85.0,-9.711268868628775,-0.19764038892725858,-9.67366570889213,-9.67366570889213,0.3604427083333333,-0.3689855534700463,0.49098971266406527,0,1.947291020769626
0.6000000000000002,297.56184859959274,721.9230554625219,0.3521949499601564,85.0,-9.989440157515707,-0.19779669808097694,-9.273929276444385,-9.273929276444385,0.4174088541666667,0.002758389834369407,0.5678367868747669,0,2.0442079985514283
0.6166666666666669,298.89155715960345,722.4117471750346,0.3556894289531489,85.0,-10.267828570156716,-0.2012911770739695,-8.286138128103229,-8.286138128103229,0.42141927083333336,0.06158928369810258,0.5278046465789425,0,2.0217499986756593
0.6333333333333336,300.21954988138407,722.9050825329223,0.33369155715369114,85.0,-10.553487333434672,-0.1890601621424147,-11.765827904672419,-11.765827904672419,0.36747395833333335,-0.3702907921026705,0.503119763254537,0,1.7094580107368529
0.6500000000000004,301.5580727567834,723.3690878739229,0.33563783650256684,85.0,-10.819729839942715,-0.1910064414912904,-10.961653001147212,-10.961653001147212,0.4161458333333333,0.03433261018898172,0.548609799240928,0,2.020500018261373
0.6666666666666671,302.8956900135762,723.8356974738826,0.3361304852658583,85.0,-11.088679939312126,-0.19149909025458187,-10.451327622488343,-10.451327622488343,0.4352213541666667,0.008693582682890527,0.5740006891798759,0,1.745707995723933
0.6833333333333338,304.23307723341424,724.3029659926792,0.3396818956042237,85.0,-11.358315232505538,-0.19505050059294723,-9.407805286707681,-9.407805286707681,0.4375390625,0.06259008625336655,0.5343546560996321,0,1.7290840041823685
0.7000000000000005,305.56879656059255,724.7749811655781,0.3181587785349656,85.0,-11.642142618212935,-0.18269035543046502,-12.769282300000382,-12.769282300000382,0.3837760416666667,-0.3629894620564004,0.5076909826888295,0,1.7044999985955656
0.7166666666666672,306.9143649708267,725.2181403895872,0.31941257208964524,85.0,-11.899516684569345,-0.18394414898514466,-12.051557452198978,-12.051557452198978,0.4346614583333333,0.022122159118155432,0.5744831394746833,0,2.0359580230433494
0.733333333333334,308.2593766934122,725.6629863298317,0.322807268588468,85.0,-12.15863719691423,-0.1873388454839674,-10.97459317289092,-10.97459317289092,0.43766927083333335,0.059834899122153964,0.5327842720510095,0,2.024290995905176
0.7500000000000007,309.60287055201616,726.1123956047003,0.3024440690025654,85.0,-12.425051902542496,-0.17558854274236038,-14.090943713312406,-14.090943713312406,0.3827213541666667,-0.3449805509806183,0.5047915092395411,0,1.9572920282371342
0.7666666666666674,310.95523665205155,726.5343557638616,0.30325030104908296,85.0,-12.672526089049557,-0.17639477478887797,-13.403200770341808,-13.403200770341808,0.4364192708333333,0.014226664456541437,0.5581004097677983,0,2.0180419960524887
0.7833333333333341,312.3072621147953,726.9574061066542,0.3021447471105574,85.0,-12.921124795070218,-0.1752892208503524,-13.087842933337837,-13.087842933337837,0.45212239583333336,-0.019507300606953756,0.5761284620900101,0,2.0731659897137433
0.8000000000000008,313.6597544561604,727.3789614541394,0.3066511752687255,85.0,-13.168181451222585,-0.1797956490085205,-11.770558909383325,-11.770558909383325,0.45743489583333335,0.07935819010994313,0.5373684390963008,0,2.0827080006711185
0.8166666666666675,315.01033336195434,727.8066074101228,0.2862977600977499,85.0,-13.428839698483344,-0.16755285697968975,-14.854499902394245,-14.854499902394245,0.39786458333333335,-0.3448276233293161,0.5074314562332896,0,2.0624169846996665
0.8333333333333343,316.3693359857192,728.206677795236,0.28550025848668925,85.0,-13.665097167339654,-0.16675535536862912,-14.427407206379396,-14.427407206379396,0.4554036458333333,-0.014072628792764136,0.5790781028590481,0,2.1000409906264395
0.850000000000001,317.7286572340581,728.6056642464582,0.28958387237330446,85.0,-13.900240589062047,-0.17083896925524433,-13.134510215702177,-13.134510215702177,0.4568359375,0.07193941483428286,0.5388358664176419,0,1.7482500115875155
0.8666666666666677,319.08633784637414,729.0101982986537,0.27070275996315574,85.0,-14.141086905786562,-0.1519578568450956,-15.927850994019884,-15.927850994019884,0.39944010416666664,-0.32162704053226376,0.5118976104658924,0,1.7265829956158996
0.8833333333333344,320.4514140608485,729.3890272483405,0.26798361801799403,85.0,-14.366527886429543,-0.15688965385492154,-15.806724335856845,-15.806724335856845,0.4530338541666667,-0.047948079529222226,0.5589104933311907,0,2.0715419959742576
0.9000000000000011,321.81751531723927,729.7641429661292,0.26841703931159433,85.0,-14.58787755142309,-0.15732307514852184,-15.119970842138672,-15.119970842138672,0.4752473958333333,0.007648461917663753,0.5850938683425994,0,2.120916993590072
0.9166666666666679,323.18345386218164,730.1398507460394,0.27236537566305596,85.0,-14.80983366781816,-0.16127141149998347,-13.82453972532587,-13.82453972532587,0.47751302083333336,0.06956409554594767,0.5401081045231463,0,2.14770800084807
0.9333333333333346,324.54789834325334,730.5209487682298,0.25377435006111854,85.0,-15.04094475805718,-0.14990969539898005,-16.543748784570322,-16.543748784570322,0.4145052083333333,-0.3170123481602468,0.5306993415020422,0,1.671832986176014
0.9500000000000013,325.9191916321806,730.8766159724917,0.2549321254100398,85.0,-15.25252228321336,-0.1510674707479013,-15.697374149892033,-15.697374149892033,0.4566015625,0.020428487452491234,0.5648160082490172,0,2.0582910219673067
0.966666666666668,327.2900722194077,731.233870587589,0.25438924527141155,85.0,-15.465721452602226,-0.15052459060927306,-15.191266256756737,-15.191266256756737,0.4764713541666667,-0.009579944662180512,0.5725532547620166,0,2.0787919929716736
0.9833333333333347,328.6611465510481,731.5903809262347,0.2540542172720596,85.0,-15.678160269474253,-0.15018956260992114,-14.666943375282203,-14.666943375282203,0.4951953125,-0.005912189926254037,0.5383116364507627,0,2.1059160062577575
1.0000000000000013,330.0323402466845,731.9464318965908,0.23828494772626624,85.0,-15.896302176778033,-0.14126207026745552,-16.88581188395424,-16.88581188395424,0.4351041666666667,-0.27141417541496665,0.5395333817712118,0,2.0441249944269657
1.016666666666668,331.4089778896071,732.2808167714475,0.23823916638012738,85.0,-16.09575853768491,-0.14121628892131666,-16.24382096033229,-16.24382096033229,0.47528645833333333,-0.000807905932556488,0.5693447737909516,0,2.0967080199625343
1.0333333333333345,332.78563083967674,732.6151386216293,0.2371288318381127,85.0,-16.29515068750924,-0.14010595437930198,-15.81910799256479,-15.81910799256479,0.4962109375,-0.019591631959780073,0.5346811124762649,0,2.0863329991698265
1.0500000000000012,334.1626541501703,732.9479317207193,0.22260852145025872,85.0,-16.492985398917142,-0.125585643991448,-17.782469724087715,-17.782469724087715,0.4333984375,-0.25084365087385346,0.5358287048217016,0,2.034042001469061
1.0666666666666678,335.544364387111,733.2606956342032,0.2225093419931212,85.0,-16.678501791774025,-0.13197134264212823,-17.115440021012063,-17.115440021012063,0.4775260416666667,-0.0017502239270451858,0.5708236686022075,0,2.1012079960200936
1.0833333333333344,336.9261056370111,733.5733225088778,0.2212935804127166,85.0,-16.864918971856834,-0.1307555810617236,-16.676056618233602,-16.676056618233602,0.4970703125,-0.02145132517641185,0.5923210405365267,0,2.133125002728775
1.100000000000001,338.30822594540155,733.8842692849975,0.22603117350622237,85.0,-17.049628662344674,-0.13549317415522938,-15.178000729369707,-15.178000729369707,0.5004427083333334,0.0834106058103665,0.5570187904626559,0,1.7624589963816106
1.1166666666666676,339.6888576093338,734.2017604706894,0.20411234118164231,85.0,-17.241747157452536,-0.11972991355397175,-18.378393383972895,-18.378393383972895,0.4502734375,-0.3690780752583444,0.538116801269782,0,2.0618749840650707
1.1333333333333342,341.0761161133614,734.4889159816021,0.20569885971461457,85.0,-17.410959574043098,-0.12131643208694401,-17.38312588767662,-17.38312588767662,0.4991015625,0.027990074030471393,0.5965453520420947,0,2.1024169982410967
1.1500000000000008,342.4629172941473,734.7782720415272,0.20911993771693238,85.0,-17.582403254171112,-0.12473751008926182,-16.094697813719026,-16.094697813719026,0.49884114583333333,0.06029877733947209,0.5815040835534505,0,2.1111250098329037
1.1666666666666674,343.8487204518163,735.0723707539336,0.20766179161983134,85.0,-17.75865682772711,-0.12327936399216076,-15.738066026329209,-15.738066026329209,0.5185677083333333,-0.02572631285105633,0.5434998448650326,0,1.7954169888980687
1.183333333333334,345.2349509749828,735.3644484509355,0.19368106363881193,85.0,-17.934932057350185,-0.11514981797047216,-17.612118852044553,-17.612118852044553,0.45385416666666667,-0.24188803180895269,0.5452298643807975,0,2.047666988801211
1.2000000000000006,346.62512934933017,735.6371177230242,0.1926605049290253,85.0,-18.097700704302603,-0.11412925926068553,-17.117813220729293,-17.117813220729293,0.4983984375,-0.018007912767076445,0.5780261270104962,0,2.0745840156450868
1.2166666666666672,348.01558527466653,735.9083680947131,0.19251154178006025,85.0,-18.25903304986938,-0.11398029611172047,-16.4847139495847,-16.4847139495847,0.5205338541666666,-0.0026287553970969907,0.6016565466906921,0,2.1114579867571592
1.2333333333333338,349.4060815908852,736.1794113367,0.19641594349883004,85.0,-18.420155735419684,-0.11788469783049027,-15.143374413037087,-15.143374413037087,0.5234244791666667,0.06879248300715132,0.5629908602397464,0,2.1354999917093664
1.2500000000000004,350.795509049498,736.4558815551635,0.17620966188500495,85.0,-18.589749039644616,-0.10324776347625783,-18.07219815743964,-18.07219815743964,0.4714453125,-0.3425259437060021,0.5479101722102842,0,2.060124999843538
1.266666666666667,352.1902389253903,736.7042220829431,0.17619330009719722,85.0,-18.735756971708287,-0.10323140168845012,-17.37817537640587,-17.37817537640587,0.5205078125,-0.00028873742387702794,0.6020830490744531,0,2.121124998666346
1.2833333333333337,353.5849728643909,736.9525397904152,0.18095078974981404,85.0,-18.88174184798958,-0.10798889134106693,-15.848747160983155,-15.848747160983155,0.5230859375,0.08375927421327156,0.5648017863697541,0,2.1313329925760627
1.3000000000000003,354.9785096549537,737.2074900949697,0.16121658680616285,85.0,-19.034428943818085,-0.08825468839741574,-18.6742150428975,-18.6742150428975,0.47225260416666665,-0.33511552039219156,0.5465738354657383,0,2.072500006761402
1.3166666666666669,356.37680602019554,737.4348922044496,0.1605451601647418,85.0,-19.162863719313854,-0.09289124013363918,-18.075371074990834,-18.075371074990834,0.5230989583333333,-0.011848150996435922,0.6012070006035003,0,2.150000014808029
1.3333333333333335,357.7752547540749,737.6613554093099,0.1658062876093487,85.0,-19.294270472370265,-0.0981523675782461,-16.42845160967489,-16.42845160967489,0.5263932291666666,0.09257802969244773,0.5913100724160631,0,2.2017919982317835
1.35,359.1724926875588,737.8951728630598,0.1631582372376113,85.0,-19.43309650326066,-0.09550431720650869,-16.273260626670897,-16.273260626670897,0.5455598958333333,-0.046696329863293855,0.5477426012053418,0,2.1590830001514405
1.3666666666666667,360.5703448818818,738.1252895449211,0.15159165042510114,85.0,-19.568188702887536,-0.08393773039399853,-17.710157713406577,-17.710157713406577,0.4759244791666667,-0.2013503297090275,0.5535798130954365,0,2.074333024211228
1.3833333333333333,361.9707651759983,738.3392228155246,0.1484796642423266,85.0,-19.690851506154733,-0.08589096673140938,-17.589272968479733,-17.589272968479733,0.521875,-0.05486229406092691,0.5857341226339253,0,2.1636669989675283
1.4,363.3718444452721,738.5487969686441,0.14863410592857876,85.0,-19.812380821460906,-0.08604540841766155,-16.882322117478644,-16.882322117478644,0.5462369791666667,0.0027254347739052026,0.6105817930912988,0,1.8968750082422048
1.4166666666666665,364.77289133085094,738.7585875043081,0.1534085955508692,85.0,-19.93412812115774,-0.09081989803995198,-15.368324400236968,-15.368324400236968,0.5475651041666667,0.08405716645511635,0.5749006465389406,0,2.1537080174311996
1.4333333333333331,366.1729206085722,738.9750649072114,0.1350462328791962,85.0,-20.06261284416104,-0.072457535368279,-17.988604251184988,-17.988604251184988,0.4956770833333333,-0.31336490025549396,0.5771645185746778,0,2.102333994116634
1.4499999999999997,367.57668867774015,739.1657994149152,0.1396861016715401,85.0,-20.169165151097044,-0.08193683697267957,-16.45610879340907,-16.45610879340907,0.5284244791666667,0.08169778619203782,0.5946706534165861,0,2.1256249747239053
1.4666666666666663,368.9795566565927,739.3630451458057,0.13742761896131941,85.0,-20.28511249689315,-0.07967835426245891,-16.22897104154633,-16.22897104154633,0.5468880208333333,-0.039834494239105005,0.6112329129942172,0,2.122415986377746
1.483333333333333,370.3828665333057,739.5571220232649,0.14316781144048907,85.0,-20.397870766722715,-0.08541854674162855,-14.566531223138888,-14.566531223138888,0.549296875,0.10095315443047922,0.5784496239481719,0,1.8231249996460974
1.4999999999999996,371.7850392581709,739.7592509278986,0.12388550241456894,85.0,-20.518733273980775,-0.06613623771570842,-17.36733233953478,-17.36733233953478,0.49563802083333336,-0.32798592378229274,0.5572145858035806,0,2.1065420005470514
1.5166666666666662,373.1908485924721,739.9343068047956,0.12319298870229575,85.0,-20.616275594847195,-0.07007286622525177,-16.821715864809747,-16.821715864809747,0.5486588541666667,-0.012220221882764185,0.6123620244246125,0,2.159708004910499
1.5333333333333328,374.5967788182631,740.1083890975533,0.1284420499046075,85.0,-20.71546426932806,-0.07532192742756352,-15.22433102880354,-15.22433102880354,0.5502864583333333,0.0923669116511073,0.6017633569302206,0,1.7909159942064434
1.5499999999999994,376.00177591113857,740.2898487720154,0.12578311445185494,85.0,-20.82206946423332,-0.07266299197481095,-15.116574966809313,-15.116574966809313,0.5713932291666667,-0.04688799925294047,0.5571177759398714,0,2.208541991421953
1.566666666666666,377.40725052638913,740.4675720128442,0.1159964289207928,85.0,-20.924918141782545,-0.06287630644374884,-16.286034064801214,-16.286034064801214,0.500859375,-0.17101917796663652,0.5637147128660628,0,2.1324590197764337
1.5833333333333326,378.8143971282547,740.6315320241354,0.1125478242154671,85.0,-21.01764091220724,-0.06386074297588819,-16.279814512447032,-16.279814512447032,0.5497786458333334,-0.06078276443141004,0.5977796029340962,0,1.8197500030510128
1.5999999999999992,380.2221007947653,740.790638377676,0.11247231703197688,85.0,-21.108048818668845,-0.06378523579239798,-15.664020715320184,-15.664020715320184,0.5742708333333333,-0.0013324789200447676,0.6203619523836582,0,2.19408399425447
1.6166666666666658,381.6298164709357,740.9496384390242,0.1189338269090138,85.0,-21.19834997440793,-0.0702467456694349,-13.89371090134679,-13.89371090134679,0.5771744791666666,0.11353627041551018,0.5720153180542563,0,2.2127920237835497
1.6333333333333324,383.0364753870445,741.1177310866206,0.105452191003249,85.0,-21.29778437208442,-0.05676510976367009,-15.75147697084857,-15.75147697084857,0.49953125,-0.23356902953632366,0.5632901170217451,0,1.7737919988576323
1.649999999999999,384.4452725670172,741.2668449697618,0.10323873377298301,85.0,-21.381549680707494,-0.058801611237358976,-15.542566463989466,-15.542566463989466,0.5515755208333334,-0.03904116217112913,0.6006836103704544,0,2.173292014049366
1.6666666666666656,385.8543963527991,741.4128401778618,0.10355966044670595,85.0,-21.46480396685418,-0.05912253791108192,-14.883119542661195,-14.883119542661195,0.5765494791666667,0.005663351340527069,0.6253617506593485,0,2.1872500074096024
1.6833333333333322,387.26347321225967,741.5592876038451,0.10866553829405404,85.0,-21.548512109054336,-0.06422841575843001,-13.38541245231995,-13.38541245231995,0.5769791666666667,0.0898610665190844,0.5870080947793705,0,1.9096249889116734
1.6999999999999988,388.67178396503215,741.7129276639527,0.0905627584713534,85.0,-21.63943981742535,-0.04612563593572936,-16.038316206527274,-16.038316206527274,0.5239453125,-0.30921377186737425,0.5929643057152121,0,1.7715000140015036
1.7166666666666655,390.08264512517087,741.8410496029657,0.09617491409667109,85.0,-21.70776112013236,-0.0558166368965601,-14.40522724299325,-14.40522724299325,0.5566927083333333,0.09871612685611195,0.6080350537756786,0,2.1776249923277646
1.733333333333332,391.492765030435,741.977087455133,0.09305632469370989,85.0,-21.786793636554034,-0.052698047493598896,-14.411242650109386,-14.411242650109386,0.5761197916666667,-0.05497847035346357,0.6091129409820716,0,2.208374993642792
1.7499999999999987,392.9033023240902,742.1087270679108,0.09320879281652952,85.0,-21.861414654501495,-0.052850515616418535,-13.825489891171543,-13.825489891171543,0.6023307291666666,0.002690607439325844,0.5731808410492744,0,2.2399169974960387
1.7666666666666653,394.3138195305058,742.240581741131,0.0839258773880851,85.0,-21.93625136823728,-0.043567600187974106,-14.955171795843953,-14.955171795843953,0.5295572916666667,-0.16237393073823858,0.6002302786962683,0,2.1224580123089254
1.7833333333333319,395.7254999416488,742.359337209382,0.0863646574104802,85.0,-22.000509179426174,-0.049925139707894146,-13.93483527267363,-13.93483527267363,0.5570703125,0.04301075265254271,0.6074538043092306,0,2.180749987019226
1.7999999999999985,397.1368865365284,742.4815350990473,0.08441838134472597,85.0,-22.071207082818297,-0.047978863642139914,-13.746948380673384,-13.746948380673384,0.579375,-0.03433255231980959,0.6106595639518919,0,1.8087920034304261
1.816666666666665,398.54850828892705,742.6009858110555,0.08512325011773333,85.0,-22.139151065125287,-0.04868373241514728,-13.086531761280765,-13.086531761280765,0.6065885416666666,0.012438219224380438,0.5738846541867504,0,2.2632080072071403
1.8333333333333317,399.9600454935809,742.7214315013999,0.07499161991471731,85.0,-22.208092445453673,-0.038552102212131255,-14.39363120207421,-14.39363120207421,0.5310677083333334,-0.17692403166737258,0.5776210105817857,0,1.8096250132657588
1.8499999999999983,401.37273054207316,742.8275700816189,0.07147540296493425,85.0,-22.264775932830005,-0.03880474018237608,-14.47139472561624,-14.47139472561624,0.580078125,-0.06197143238613737,0.6102219786242806,0,2.207666984759271
1.866666666666665,402.7857800630154,742.928740708825,0.07201440704019589,85.0,-22.319735519235362,-0.03934374425763772,-13.812949523295325,-13.812949523295325,0.6072005208333333,0.0095115497765823,0.6346926738268658,0,2.2447909868787974
1.8833333333333315,404.1987748473166,743.0306729607482,0.07819606835784058,85.0,-22.375458111889717,-0.04552540557528241,-12.162885564169375,-12.162885564169375,0.6113541666666666,0.1086584802047918,0.5839859402460457,0,2.2549169952981174
1.8999999999999981,405.611112527718,743.1413378646831,0.06644536305803425,85.0,-22.439930160676287,-0.03377470027547608,-13.7877754876102,-13.7877754876102,0.5323307291666667,-0.20446752840519972,0.5796540479228697,0,1.7867500137072057
1.9166666666666647,407.0246530628483,743.2353995465091,0.06346783936355145,85.0,-22.489363409464804,-0.03442554664204102,-13.791431015720239,-13.791431015720239,0.5830078125,-0.052496258502941234,0.610979921103998,0,2.188540995121002
1.9333333333333313,408.43846740247983,743.3252519671591,0.06415400786184465,85.0,-22.5381233015028,-0.03511171514033422,-13.132279337647349,-13.132279337647349,0.6119791666666666,0.012108264086424583,0.6372043393206474,0,2.2425839852076024
1.949999999999998,409.85221975538457,743.4160744814428,0.06995572409100612,85.0,-22.58785467807178,-0.040913431369495684,-11.576179318549102,-11.576179318549102,0.6141015625,0.10202772272112057,0.5997099848087281,0,2.2648329904768616
1.9666666666666646,411.26542139146767,743.5150976111477,0.05265726454004416,85.0,-22.645799203711782,-0.02361497181853373,-14.16509475678193,-14.16509475678193,0.5568489583333334,-0.2962818114198558,0.6068539804171988,0,2.1864169975742698
1.9833333333333312,412.6801244540999,743.5896609333878,0.05748910031646889,85.0,-22.680361398223535,-0.0319434264789959,-12.743164118479067,-12.743164118479067,0.5911458333333334,0.08506193849728463,0.6193803739593285,0,2.217374974861741
1.9999999999999978,414.0944507261587,743.6710589715012,0.055874572440419504,85.0,-22.72560689020136,-0.030328898602946516,-12.54044287248934,-12.54044287248934,0.6132161458333333,-0.028483962544140422,0.5770401991184282,0,2.238000015495345
2.0166666666666644,415.50890657420007,743.7501734353245,0.048286086669898184,85.0,-22.76856624321188,-0.022740412832425203,-13.418676607330868,-13.418676607330868,0.5411197916666667,-0.13312245961797955,0.6064693174519764,0,2.1655420132447034
2.033333333333331,416.92392204985566,743.8185521461905,0.0497165585130933,85.0,-22.800779051541554,-0.024170884675620313,-12.638865593000887,-12.638865593000887,0.5701822916666667,0.02523826072658987,0.6167979372437405,0,2.215041982708499
2.0499999999999976,418.33883826398676,743.8889549262018,0.04914826130387008,85.0,-22.835661031783015,-0.02697557031776757,-12.250704687919004,-12.250704687919004,0.5947916666666667,-0.010028438081648931,0.6198148550331197,0,2.2223329870030284
2.066666666666664,419.75379425933727,743.9585536019518,0.048844184039576355,85.0,-22.873871788463568,-0.026671493053473848,-11.82960280003952,-11.82960280003952,0.6209505208333334,-0.005366017865992327,0.5839341313222168,0,2.295374986715615
2.083333333333331,421.16877135264684,744.0277220185428,0.04114823024620822,85.0,-22.911651923984277,-0.01897553926010571,-12.754068875851678,-12.754068875851678,0.5481901041666667,-0.13498507644174437,0.5860388706354068,0,1.836542011005804
2.0999999999999974,422.58423885492385,744.0859988959658,0.035862243003878636,85.0,-22.938532324725767,-0.013689552017776125,-13.212438908099283,-13.212438908099283,0.5982942708333333,-0.0930129651613745,0.6181575972872598,0,2.3202080046758056
2.116666666666664,423.99999463138624,744.1367928508992,0.03708099884191266,85.0,-22.95812821724366,-0.01816521182399997,-12.478591577870196,-12.478591577870196,0.6292708333333333,0.021504140646017314,0.6445911643983582,0,2.27537500904873
2.1333333333333306,425.4156874509774,744.1893122282994,0.04356518034934793,85.0,-22.983860852085844,-0.02464939333143524,-10.82495299363001,-10.82495299363001,0.6256770833333334,0.11393120500337753,0.5943489045632804,0,2.2687080199830234
2.1499999999999972,426.8310099667573,744.2510100465007,0.033928071748156964,85.0,-23.01877728989319,-0.015012284730244272,-12.131131871531126,-12.131131871531126,0.5504166666666667,-0.16845490750277844,0.5862236336657005,0,1.8583330092951655
2.166666666666664,428.2468613391826,744.299065594003,0.030023048121193545,85.0,-23.040043894435573,-0.011107261103280853,-12.364953576457282,-12.364953576457282,0.6038802083333333,-0.06880340599383919,0.623034749657341,0,2.1772079926449805
2.1833333333333305,429.662889573886,744.3415918560914,0.03051605939228973,85.0,-23.0557788574535,-0.011600272374377038,-11.794825216835434,-11.794825216835434,0.63140625,0.008699979395611165,0.64666003066907,0,2.287833020091057
2.199999999999997,431.0788966705737,744.3848162308634,0.037017915152674066,85.0,-23.076470853586127,-0.02125000687243387,-10.164129308668556,-10.164129308668556,0.6332552083333334,0.11423906167345475,0.6105698977106673,0,2.2580419899895787
2.2166666666666637,432.49459280046403,744.4372463010333,0.02041454470374095,85.0,-23.10657276438554,-0.004646636423500758,-12.691094476569493,-12.691094476569493,0.5793880208333333,-0.28502307154356316,0.6150751962844189,0,2.1654170122928917
2.2333333333333303,433.9109642768909,744.4661648972775,0.025296669914774805,85.0,-23.113155475630595,-0.009528761634534613,-11.316040845938625,-11.316040845938625,0.61515625,0.08594292691664022,0.6501740324213388,0,2.2544169914908707
2.249999999999997,435.32717768999356,744.5019980243067,0.03064564432884241,85.0,-23.12665435033381,-0.014877736048602219,-9.910017448675713,-9.910017448675713,0.612890625,0.09411480110419312,0.6309705795585593,0,2.2584580001421273
2.2666666666666635,436.74317917356444,744.5454058919049,0.028341432958126276,85.0,-23.151485652100945,-0.015618977588076727,-9.940131608902076,-9.940131608902076,0.6362890625,-0.04064016473277893,0.6015716882283759,0,2.3299999884329736
2.28333333333333,438.1592769188985,744.5855508804365,0.015786593105154102,85.0,-23.17361163737707,-0.0030641377351045516,-11.788460934500833,-11.788460934500833,0.5882161458333334,-0.21803398331615884,0.6183612571178274,0,2.185499994084239
2.2999999999999967,439.57576706086166,744.6079142917532,0.018822825333896745,85.0,-23.17795249237584,-0.0061003699638471935,-10.78038931050272,-10.78038931050272,0.6213541666666667,0.05352938246966117,0.6492456527399043,0,2.293749974342063
2.3166666666666633,440.99218277332074,744.6345783864019,0.024955616065571316,85.0,-23.186594629555593,-0.012233160695521765,-9.254365621847693,-9.254365621847693,0.6232942708333333,0.10780612137802752,0.634259811523321,0,2.256959007354453
2.33333333333333,442.40840832508366,744.6699285063206,0.022528588523437594,85.0,-23.2072379472978,-0.012755350082947509,-9.331711774522836,-9.331711774522836,0.646015625,-0.042803737532447,0.602878860109116,0,1.8564999918453395
2.3499999999999965,443.82471550136717,744.7018413070795,0.009359923059366473,85.0,-23.22530753658874,0.00041331538112361274,-11.30892386286104,-11.30892386286104,0.5955338541666667,-0.22833542638373697,0.6203477647569444,0,2.2430410026572645
2.366666666666663,445.2413201127071,744.7151010044687,0.013276819070663862,85.0,-23.22472200648221,-0.003503580630173777,-10.16032948355789,-10.16032948355789,0.6313411458333333,0.06901192540940868,0.6540021981898856,0,2.2596670023631305
2.3833333333333298,446.6578619205113,744.733909278906,0.018528087162545906,85.0,-23.22968540222058,-0.00875484872205582,-8.815939778332407,-8.815939778332407,0.6322786458333334,0.09240552530098212,0.6369218657744539,0,2.318832994205877
2.3999999999999964,448.07428543037435,744.7601559006256,0.017156508917830566,85.0,-23.245026904955285,-0.010242072471120654,-8.719170079672644,-8.719170079672644,0.6561458333333333,-0.024199596932113272,0.6083104305719147,0,2.304333000211045
2.416666666666663,449.49074360721465,744.784459762595,0.003699125302563643,85.0,-23.259536253947758,0.0032153111441462694,-10.76930025755421,-10.76930025755421,0.6067317708333333,-0.23316393573335953,0.6256226420160846,0,2.2539579949807376
2.4333333333333296,450.90740058139335,744.7897001781557,0.008394444560567012,85.0,-23.254981237675345,-0.0014800081138570996,-9.5012190288522,-9.5012190288522,0.6414973958333333,0.0826697294002215,0.658191824954695,0,2.2783330059610307
2.449999999999996,452.324017334441,744.8015921682838,0.012878807446180255,85.0,-23.25707791507121,-0.0059643709994703425,-8.319807843772036,-8.319807843772036,0.6422135416666667,0.07897123816812228,0.640747430383201,0,2.3098340025171638
2.466666666666663,453.74056651595737,744.8198366411402,0.011386906554266527,85.0,-23.268164438463906,-0.007246346770819327,-8.263726599716824,-8.263726599716824,0.6655729166666666,-0.026321582357176458,0.6130232920060176,0,2.3215420078486204
2.4833333333333294,455.15714133995414,744.8359677434893,-0.0014115578713703811,85.0,-23.278430006548618,0.005552117654817581,-10.218033063371923,-10.218033063371923,0.6166666666666667,-0.2221283367075011,0.6259913291741567,0,2.2547080006916076
2.499999999999996,456.57380659526996,744.8339680371689,0.0026853450579843,85.0,-23.270564546947906,0.0014552147254628996,-9.078662803196488,-9.078662803196488,0.65375,0.07217271185110125,0.6603414053195713,0,2.3331670090556145
2.5166666666666626,457.9904681540927,744.837772271429,0.00809362409272046,85.0,-23.26850299348116,-0.003953064309273261,-7.747396271638732,-7.747396271638732,0.6527473958333333,0.09515200870475572,0.6222907746722336,0,1.8760829989332706
2.533333333333329,459.4070884203974,744.8492381137111,-0.006237318666843776,85.0,-23.27651549633704,0.007683734489187113,-9.983774415612784,-9.983774415612784,0.6025651041666666,-0.24770525757226047,0.624723257195313,0,2.253334008855745
2.549999999999996,460.82372753005126,744.8404019695604,-0.0020720805767593387,85.0,-23.26563031292121,0.0035184963991026766,-8.840997578978737,-8.840997578978737,0.6374088541666667,0.07337225124813523,0.6387532955702315,0,2.2825420019216835
2.5666666666666624,462.24039115547714,744.8374665241772,-0.0037730537800618204,85.0,-23.260645786640424,0.005219469602405159,-8.8024480272672,-8.8024480272672,0.6602473958333334,-0.03000816358110995,0.6553575850787899,0,2.281666995259002
2.583333333333329,463.6570477383686,744.8321213773377,0.003793283048729423,85.0,-23.253251571610384,-0.002346867226386085,-7.0961546641512765,-7.0961546641512765,0.6665364583333333,0.13273846211862603,0.6272382626490536,0,2.322542015463114
2.5999999999999956,465.0737042128418,744.8374951821028,-0.011662747005203568,85.0,-23.258845293867473,0.010489823907021835,-9.547907639219705,-9.547907639219705,0.6138541666666667,-0.2662764340375133,0.6248127973705485,0,2.2555840259883553
2.6166666666666623,466.49027453333593,744.8209733317341,-0.00702068690415646,85.0,-23.24398498253187,0.005847763805974728,-8.335966463448466,-8.335966463448466,0.6529036458333334,0.08173619869348786,0.6616021549607888,0,1.8632090068422258
2.633333333333329,467.9069062863644,744.8110274403259,-0.001826959022552822,85.0,-23.23570069768898,0.0006540359243710897,-7.071506002065942,-7.071506002065942,0.6527473958333333,0.09139866198889614,0.64284706455792,0,2.2993339807726443
2.6499999999999955,469.3235705887714,744.8084392498171,-0.002655111783087245,85.0,-23.234774146862147,0.001482188684905513,-6.942952371160102,-6.942952371160102,0.678046875,-0.014613420149217286,0.6052405274404544,0,2.342541003599763
2.666666666666662,470.7402322619612,744.8046778458771,-0.008577606232925809,85.0,-23.234885154599457,0.00485545658954783,-7.7374958326211845,-7.7374958326211845,0.6057421875,-0.10413653449569235,0.6300169319336268,0,2.237667009467259
2.6833333333333287,472.15684681308954,744.7925263860564,-0.006834471525791544,85.0,-23.228006618125114,0.0031123218824135658,-7.117982453971347,-7.117982453971347,0.637890625,0.030751503608620688,0.6402363306014143,0,2.288749994477257
2.6999999999999953,473.57348039363427,744.7828442934369,-0.006816574545875782,85.0,-23.22359750257651,0.003094424902497804,-6.834428070740577,-6.834428070740577,0.6646875,0.0003158290468358686,0.6212386604271783,0,2.2830829839222133
2.716666666666662,474.9901141472323,744.7731875542819,-0.01926504859116843,85.0,-23.219213740960768,0.015542898947790455,-8.782869152517417,-8.782869152517417,0.6174348958333333,-0.2162440593831044,0.6302952161950208,0,2.2395839914679527
2.7333333333333285,476.4065179297109,744.7458970902908,-0.015823908873134267,85.0,-23.19943655018486,0.00961815907311094,-7.81638218627767,-7.81638218627767,0.6524088541666667,0.060651514415938884,0.6604552940551452,0,1.877167000202462
2.749999999999995,477.82300723617993,744.7234808215721,-0.009305281228548335,85.0,-23.185811034913932,0.003099531428525008,-6.3344287662138425,-6.3344287662138425,0.6535807291666667,0.11453118044186644,0.6453446502057614,0,1.819625002099201
2.7666666666666617,479.2396125699392,744.7102985300722,-0.011294011164659811,85.0,-23.18142003908766,0.005088261364636484,-6.4439282380078975,-6.4439282380078975,0.6778776041666666,-0.03508083615913698,0.623398443010863,0,2.3387080000247806
2.7833333333333283,480.6561888863288,744.6942990210628,-0.023038284728565714,85.0,-23.174211699925657,0.016832534928542385,-8.285364045163867,-8.285364045163867,0.6348177083333333,-0.20435870411117008,0.6351485148514852,0,2.289833006216213
2.799999999999995,482.0724796128082,744.6616643380873,-0.01959177267446125,85.0,-23.15272991222595,0.010963742761849525,-7.336921730094442,-7.336921730094442,0.6695442708333333,0.06074597147825003,0.6636680359835682,0,2.3025829868856817
2.8166666666666615,483.4888744032355,744.6339111023337,-0.013002714193027568,85.0,-23.13719825447804,0.004374684280415842,-5.86071035578348,-5.86071035578348,0.6711588541666667,0.11575767147316202,0.6324817565891675,0,1.868374994955957
2.833333333333328,484.9054213132645,744.615491109617,-0.02718622377564265,85.0,-23.13100080484848,0.018558193863030925,-8.143970348604071,-8.143970348604071,0.6227734375,-0.24525838748947684,0.6297515437991283,0,1.8369169847574085
2.8499999999999948,486.3215644895507,744.5769820366272,-0.022737963568030185,85.0,-23.104711539302375,0.014109933655418459,-7.020444668346734,-7.020444668346734,0.6613932291666667,0.07833806547726553,0.6655728198842895,0,1.8479170103091747
2.8666666666666614,487.73786495304626,744.5447726971918,-0.017028329382232713,85.0,-23.087303479112308,0.006035186582037387,-5.713632497798276,-5.713632497798276,0.6620833333333334,0.10041933890140736,0.6489067027482417,0,2.3046669957693666
2.883333333333328,489.15432623350813,744.5206503963728,-0.018304855330738223,85.0,-23.078753683356837,0.007311712530542898,-5.718006185479014,-5.718006185479014,0.6836848958333334,-0.022523119138959907,0.6277555493259257,0,2.3155419912654907
2.8999999999999946,490.57075556716063,744.4947199661193,-0.029983037126611073,85.0,-23.068395516232382,0.01898989432641575,-7.575687333148303,-7.575687333148303,0.6421354166666666,-0.20324015435303514,0.6366640846888717,0,2.2965410025790334
2.916666666666661,491.9867855022486,744.4522503607628,-0.02617522596844643,85.0,-23.041494782810858,0.015182083168251103,-6.589214583146276,-6.589214583146276,0.6772005208333334,0.06709580086008199,0.6671910054410892,0,2.3424999963026494
2.933333333333328,493.4029668873849,744.4151730248554,-0.020134497240985975,85.0,-23.022884079291252,0.006829383922672634,-5.239591698560341,-5.239591698560341,0.6805598958333333,0.106200028631313,0.6362851138985935,0,1.8657500040717423
2.9499999999999944,494.81934640685057,744.3866510809783,-0.03381894089561924,85.0,-23.013209193941417,0.020513827577305896,-7.461369136642166,-7.461369136642166,0.634453125,-0.23695352591540342,0.6323371011069727,0,1.848957996116951
2.966666666666661,496.23520301518766,744.3387500468292,-0.029238649237800104,85.0,-22.984149976409682,0.015933535919486763,-6.340160207090166,-6.340160207090166,0.6731901041666667,0.08065333780266812,0.6672862453531598,0,2.283333014929667
2.9833333333333276,497.6512641718121,744.2973345286757,-0.02334334341167038,85.0,-22.961687719080718,0.007775479670091035,-5.026068005598241,-5.026068005598241,0.6716015625,0.10366189610762852,0.6486867263761699,0,2.3464580008294433
2.9999999999999942,499.06754487689767,744.2642677954417,-0.02487484830054506,85.0,-22.950672567208084,0.009306984558965713,-5.102822932854142,-5.102822932854142,0.695859375,-0.027019979365911856,0.618020611727538,0,2.3290000099223107
3.016666666666661,500.48377327919144,744.2290320610108,-0.028490672185830974,85.0,-22.937487862761227,0.012922808444251628,-5.553035744240264,-5.553035744240264,0.6332942708333333,-0.06372226781071141,0.6379079651589884,0,2.2836250136606395
3.0333333333333274,501.89986501754856,744.1886757355933,-0.02801252976966147,85.0,-22.919181060344687,0.012444666028082125,-5.245808979091401,-5.245808979091401,0.6639973958333333,0.008437607105010271,0.647947642648367,0,2.3208339989650995
3.049999999999994,503.3159758901023,744.1489965082884,-0.027306403754839236,85.0,-22.90225029806552,0.009521164390641044,-4.909118209862324,-4.909118209862324,0.6908854166666667,0.012460402406218603,0.6221202303815695,0,2.3305000213440508
3.0666666666666607,504.7321144281421,744.1103172435197,-0.03206404086887707,85.0,-22.888762185636292,0.014278801504678881,-5.572248253761428,-5.572248253761428,0.6278125,-0.08376185825927569,0.6384187524831149,0,2.2526670072693378
3.0833333333333273,506.1480529177743,744.0649009686549,-0.03060191225151484,85.0,-22.86853457086941,0.012816672887316648,-5.086175619166773,-5.086175619166773,0.6574609375,0.025796545989402876,0.645339026385764,0,2.3005830007605255
3.099999999999994,507.5640562983074,744.0215550257846,-0.03019118473124396,85.0,-22.850378114706704,0.01240594536704577,-4.809018972515521,-4.809018972515521,0.6851171875,0.007248005786745799,0.6348780456642007,0,2.3094170028343797
3.1166666666666605,508.9800773627738,743.9787906781112,-0.04167897121191391,85.0,-22.834196722876676,0.021717936460504204,-6.668268038052881,-6.668268038052881,0.6451953125,-0.2000149921717176,0.6372709150536943,0,2.3301250184886158
3.133333333333327,510.39551373576734,743.9197625623423,-0.03771147393142391,85.0,-22.80343206481207,0.0177504391800142,-5.687618292864703,-5.687618292864703,0.679765625,0.06990058803730206,0.667099478055177,0,2.3470410087611526
3.1499999999999937,511.8111731618334,743.8663506363822,-0.03208610159013674,85.0,-22.77828692980243,0.012125066838727026,-4.446753978634279,-4.446753978634279,0.6809244791666667,0.09894709224921883,0.64180202980141,0,1.9179169903509319
3.1666666666666603,513.2271106492052,743.8209031249041,-0.04504306443598864,85.0,-22.76111017266804,0.025082029684578927,-6.573947137963025,-6.573947137963025,0.639453125,-0.22478800938907703,0.6368080498969125,0,2.256707986816764
3.183333333333327,514.6423404371627,743.757113692219,-0.04058698444598559,85.0,-22.727777825085553,0.018487963320570643,-5.5089095881217425,-5.5089095881217425,0.67484375,0.07847521502852306,0.6662961431082618,0,1.8678339838515967
3.1999999999999935,516.0578404241568,743.6996312491239,-0.03486017209360176,85.0,-22.701588035740112,0.012761150968186818,-4.25667106340506,-4.25667106340506,0.6756380208333334,0.10071942727783617,0.6492290748898678,0,1.866667007561773
3.21666666666666,517.4736463889426,743.650256007135,-0.035683257653679204,85.0,-22.683510229197218,0.01358423652826426,-4.234561515998334,-4.234561515998334,0.7014453125,-0.014524017942828697,0.618732273095624,0,2.3953330237418413
3.2333333333333267,518.8894112341013,743.5997154525573,-0.041197727373873526,85.0,-22.664403874533424,0.01699475193610229,-5.059277611096006,-5.059277611096006,0.6372005208333333,-0.09700871531657018,0.6386028116066883,0,1.8487499910406768
3.2499999999999933,520.3048758501063,743.5413685136301,-0.03861014523686186,85.0,-22.640329134880428,0.014407169799090626,-4.3892783680407055,-4.3892783680407055,0.6690364583333334,0.04563151593074165,0.6467129944356321,0,1.9928340043406934
3.26666666666666,521.7204867047632,743.4866843969048,-0.03864414929474477,85.0,-22.619919683735326,0.014441173856973535,-4.219200423751509,-4.219200423751509,0.6973958333333333,-0.0006000715376726744,0.620759577615671,0,2.371957991272211
3.2833333333333266,523.1360956991198,743.4319521436977,-0.04283374727157617,85.0,-22.599462065186085,0.018630771833804932,-4.806409926808339,-4.806409926808339,0.6326171875,-0.07379980803362858,0.6398666807187648,0,2.290792006533593
3.299999999999993,524.551462964126,743.3712895556117,-0.041109612260514246,85.0,-22.574293933242522,0.014832900486496062,-4.302130562097579,-4.302130562097579,0.6617057291666667,0.030416528382847405,0.6427559334041799,0,2.3232499952428043
3.3166666666666598,525.9669327158831,743.313067340736,-0.041280619247507304,85.0,-22.55328142808396,0.01500390747348912,-4.160144569743852,-4.160144569743852,0.6926822916666666,-0.0030177611978686597,0.6314785092319941,0,1.8816250085365027
3.3333333333333264,527.3823924905382,743.2546030714952,-0.052138471519529155,85.0,-22.532026689985425,0.02586175974551097,-5.934330801905981,-5.934330801905981,0.6497395833333334,-0.1893145782546722,0.6364795918367347,0,2.3251670063473284
3.349999999999993,528.7971340457188,743.1807736973313,-0.04920034096767944,85.0,-22.495393280922183,0.022923629193661255,-5.167256480818634,-5.167256480818634,0.6862109375,0.05180297429300994,0.6669635246370911,0,2.334415999939665
3.3666666666666596,530.2120864144748,743.1111013312432,-0.04242368227319509,85.0,-22.465356397310714,0.014099566414884242,-3.740234431181554,-3.740234431181554,0.6911328125,0.1190228480996735,0.6396814863968149,0,2.3682499886490405
3.383333333333326,531.6274784360851,743.0510191408165,-0.05608447217825814,85.0,-22.445382673360246,0.027760356319947298,-6.015066178649742,-6.015066178649742,0.6429166666666667,-0.2365590707095255,0.6354370431380624,0,1.8179170147050172
3.399999999999993,533.0419176468623,742.9716077848265,-0.05117804831591038,85.0,-22.406060552877058,0.02285393245759953,-4.890305321021193,-4.890305321021193,0.6795442708333334,0.08636855160718349,0.667703380028274,0,2.3387080000247806
3.4166666666666594,534.4567294569883,742.899137195121,-0.04520274578625662,85.0,-22.374600530728426,0.014853562199774573,-3.6170994838335657,-3.6170994838335657,0.6826692708333333,0.10505828320551584,0.6491065126128469,0,2.3327920062001795
3.433333333333326,535.8719490409203,742.8351217774467,-0.046992292550744066,85.0,-22.35355875803381,0.01664310896426202,-3.7941599958751104,-3.7941599958751104,0.7080598958333333,-0.031569744854873134,0.6182702066079461,0,2.367500012042001
3.4499999999999926,537.2870518002259,742.7685738620006,-0.05072123344836453,85.0,-22.329982108797715,0.020372049861882485,-4.314549548928272,-4.314549548928272,0.6446484375,-0.0657101010026403,0.6395653802922443,0,2.2889999963808805
3.4666666666666592,538.7018965683723,742.6967495869039,-0.04975832741341949,85.0,-22.301123701061474,0.019409143826937446,-3.966692549671373,-3.966692549671373,0.675390625,0.01699082423507891,0.6461939117540777,0,1.856416987720877
3.483333333333326,540.1168098406224,742.6262877074597,-0.049725492135957255,85.0,-22.27606242659546,0.01736942740768864,-3.8005202522008874,-3.8005202522008874,0.7041145833333333,0.0005794460080118611,0.6198321025058385,0,2.348250010982156
3.4999999999999925,541.5317254257452,742.5558722871234,-0.05394115476954976,85.0,-22.251456975043332,0.021585090041281146,-4.408276280793865,-4.408276280793865,0.638359375,-0.07425725644944516,0.636198437216064,0,2.237583015812561
3.516666666666659,542.946331591303,742.4794927033967,-0.051315242117418745,85.0,-22.220880471961543,0.01895917738915013,-3.7560895916251953,-3.7560895916251953,0.6715755208333334,0.046306508387762006,0.6458570802279702,0,2.3320000036619604
3.5333333333333257,544.3611334455985,742.4068280109632,-0.05273807655742758,85.0,-22.19530722599331,0.01838896334040986,-3.8613815482043763,-3.8613815482043763,0.6981901041666667,-0.02510356839724938,0.6192654737162265,0,1.892333006253466
3.5499999999999923,545.7758304779989,742.3321503639581,-0.05634868523926461,85.0,-22.169257662779536,0.021999572022246894,-4.357754309957342,-4.357754309957342,0.6371484375,-0.06363060746982785,0.6390474573171528,0,2.287957991939038
3.566666666666659,547.190248657889,742.2523652974309,-0.05479616114660219,85.0,-22.138094116318285,0.020447047929584475,-3.901467964435376,-3.901467964435376,0.6653125,0.02739063202125265,0.6433077707680103,0,2.3521249822806567
3.5833333333333255,548.6047890013597,742.1747762444769,-0.05455025360683273,85.0,-22.109131848119254,0.01806796866002519,-3.699136972045526,-3.699136972045526,0.6950651041666667,0.004339517579506928,0.6192484076433121,0,2.336125005967915
3.599999999999992,550.0193483817943,742.0975350400012,-0.059601306372901425,85.0,-22.083536951819244,0.023119021426093886,-4.460884687969626,-4.460884687969626,0.6313541666666667,-0.0889012739615946,0.6370075429052012,0,2.280500018969178
3.6166666666666587,551.4334995696053,742.0131498371666,-0.05761266059255417,85.0,-22.050787922314388,0.02113037564574663,-3.9217214825483007,-3.9217214825483007,0.660234375,0.035079352884251354,0.6425248748336396,0,2.2927499958314
3.6333333333333253,552.8478157733036,741.9315770451303,-0.057640951885613065,85.0,-22.020855451037665,0.021158666938805526,-3.768188050435175,-3.768188050435175,0.6887760416666666,-0.0004992580713225579,0.6214717547845509,0,1.8761669925879687
3.649999999999992,554.2621296686362,741.8499642402925,-0.062183679757298126,85.0,-21.99331995204593,0.02325705136834339,-4.435878815698709,-4.435878815698709,0.6292317708333334,-0.07999471522796256,0.636178085619099,0,2.252083009807393
3.6666666666666585,555.6760582273489,741.7619274564954,-0.06066376139443521,85.0,-21.96037543269078,0.021737133005480476,-3.9823811266117106,-3.9823811266117106,0.6581770833333334,0.02681565937600679,0.6421392358419842,0,1.8254999886266887
3.683333333333325,557.0901189615398,741.6760398295402,-0.06054279534251325,85.0,-21.929583585939717,0.021616166953558516,-3.79944754845352,-3.79944754845352,0.6864453125,0.002134691791378998,0.663780535730132,0,2.3212090018205345
3.6999999999999917,558.504190074872,741.5903232565571,-0.053028856247870605,85.0,-21.900910391969727,0.011457292280884816,-2.293332987798709,-2.293332987798709,0.6919140625,0.13182988294748116,0.6412492214609841,0,1.883333025034517
3.7166666666666583,559.9188653327212,741.5152342475498,-0.06753817575152359,85.0,-21.884679583012357,0.025966611784537796,-4.768115471848811,-4.768115471848811,0.6471875,-0.2506616360235722,0.6343194058041297,0,2.2805829939898103
3.733333333333325,561.3323022320192,741.4196278871577,-0.062227982531288736,85.0,-21.84789768343356,0.020656418564302947,-3.6184876396262853,-3.6184876396262853,0.6855338541666667,0.09343642779463782,0.6686619358791096,0,2.31441599316895
3.7499999999999916,562.7462268890705,741.3315284624897,-0.05696343534290995,85.0,-21.819637959869144,0.012670303765214497,-2.521255906012821,-2.521255906012821,0.6851822916666667,0.09263786202779471,0.6367537742355736,0,2.3220410221256316
3.766666666666658,564.1605957538189,741.2508738973705,-0.07063496667281763,85.0,-21.801688843125746,0.026341835095122175,-4.844420776845856,-4.844420776845856,0.6423177083333333,-0.23673820641334553,0.6320874389759491,0,2.273791003972292
3.7833333333333248,565.5737298031762,741.1508908838547,-0.06556883087515422,85.0,-21.764375558990274,0.021275699297458765,-3.735616704695064,-3.735616704695064,0.6815234375,0.08916534075499344,0.6668714011516315,0,2.316165977390483
3.7999999999999914,566.9873522433696,741.0580682517751,-0.05967865744591502,85.0,-21.734269506659114,0.01258671016304106,-2.5216845502632106,-2.5216845502632106,0.6834244791666667,0.10357229334606644,0.6355128237911372,0,1.8533749971538782
3.816666666666658,568.401496899664,740.9735736630813,-0.07365672679720121,85.0,-21.7164388047425,0.02656477951432725,-4.897150393363031,-4.897150393363031,0.6396354166666667,-0.24184380631348285,0.6305062121367697,0,2.2610830201301724
3.8333333333333246,569.8143223731149,740.869320960417,-0.0683957544389889,85.0,-21.678809793182136,0.021303807156114938,-3.751296415664809,-3.751296415664809,0.6785026041666666,0.09257531626252874,0.6654603321269988,0,2.3252919781953096
3.849999999999991,571.2276767626961,740.772502501969,-0.0630681898720496,85.0,-21.648631682565462,0.015976242589175634,-2.6375538834147454,-2.6375538834147454,0.6786197916666666,0.0937403037669169,0.6364138888531797,0,2.366750006331131
3.866666666666658,572.6415268988939,740.6832151186615,-0.07663925097107645,85.0,-21.629116305894645,0.026670624421186048,-4.938958347603066,-4.938958347603066,0.6373828125,-0.2350620517891993,0.6296758425520967,0,2.2812500246800482
3.8833333333333244,574.054035152745,740.5747490998034,-0.07132550211581924,85.0,-21.59133740049872,0.021356875565928843,-3.7819779699569427,-3.7819779699569427,0.6760026041666667,0.09349862772479856,0.6644203811826436,0,2.3309169919230044
3.899999999999991,575.4670998233743,740.4737902910563,-0.06589696048045271,85.0,-21.56108412673711,0.01592833393056231,-2.648893552489832,-2.648893552489832,0.6761979166666666,0.095506344317871,0.6354393515714599,0,2.3959589889273047
3.9166666666666576,576.8806917296129,740.3805038126087,-0.0798966724533097,85.0,-21.54073809003983,0.02697288872985363,-5.023061592579811,-5.023061592579811,0.6345052083333333,-0.24220379667077396,0.6307845650007119,0,2.2809999936725944
3.9333333333333242,578.292839170638,740.2674372426126,-0.07474819551796398,85.0,-21.50253113089352,0.021824411794507913,-3.8924577402109595,-3.8924577402109595,0.6703255208333333,0.09060671083623299,0.6619431108357855,0,2.3187499900814146
3.949999999999991,579.7055500139952,740.1616425475406,-0.06920624922755358,85.0,-21.47161566851898,0.016282465504097517,-2.7347391298382115,-2.7347391298382115,0.6732682291666666,0.09748902471335857,0.6436326510284377,0,1.883207994978875
3.9666666666666575,581.1188254685114,740.063678604651,-0.07031892940472531,85.0,-21.44985308294934,0.014360897937761623,-2.822787729130742,-2.822787729130742,0.6992057291666667,-0.019633009601662012,0.6158466711160923,0,2.342000021599233
3.983333333333324,582.531991045655,739.9641421991454,-0.07609813967083359,85.0,-21.429509176826627,0.020140108203869904,-3.7484764224908975,-3.7484764224908975,0.6367057291666667,-0.10163466288577852,0.6335069714404188,0,2.2689579927828163
3.9999999999999907,583.9445577848995,739.8564405203074,-0.07368847362503002,85.0,-21.400979285696966,0.017730442158066326,-3.160265347178176,-3.160265347178176,0.6688932291666667,0.04249791518249839,0.6414458072090525,0,2.341499988688156
4.016666666666658,585.3573799479458,739.7521429649686,-0.07321533844598525,85.0,-21.3762376227049,0.014143358273726911,-2.944907906203707,-2.944907906203707,0.6969010416666667,0.008349250321980589,0.6158158562608114,0,1.860749995103106
4.033333333333324,586.7702512996977,739.6485138771458,-0.07896097423154703,85.0,-21.356201866473388,0.019888994059288692,-3.8598424514781353,-3.8598424514781353,0.633515625,-0.10104823620132078,0.6316103818538282,0,2.346583001781255
4.049999999999991,588.1825039187064,739.5367687003029,-0.076174946871803,85.0,-21.328027649130817,0.017102966699544656,-3.1993287345384287,-3.1993287345384287,0.6658854166666667,0.04912563176613892,0.6427359237702548,0,2.345124987186864
4.0666666666666575,589.5950623815198,739.4289585264853,-0.0767794419926574,85.0,-21.303799627509157,0.017707461820399062,-3.177465177596163,-3.177465177596163,0.6909505208333333,-0.01066715633891167,0.6165442204540255,0,2.413042006082833
4.083333333333324,591.0075554155286,739.3202944877187,-0.08199977033379276,85.0,-21.28267481235365,0.01973353299616846,-3.989215172476862,-3.989215172476862,0.6313671875,-0.09186415147610583,0.629986745328378,0,2.223125018645078
4.099999999999991,592.4194619436878,739.2042582856694,-0.07918624742635516,85.0,-21.254720788298396,0.016920010088730862,-3.3187163215146716,-3.3187163215146716,0.6643619791666666,0.04960966571430603,0.6431858585603873,0,2.331542025785893
4.116666666666657,593.8316893536692,739.0921949690053,-0.08013226608411421,85.0,-21.23075191770589,0.01786602874648991,-3.354017830751843,-3.354017830751843,0.6873307291666667,-0.016692896221453056,0.614735607866128,0,2.3384579981211573
4.133333333333324,595.2438101177406,738.9787957092071,-0.08520101476676249,85.0,-21.20856653533369,0.019659607854247543,-4.13172022459122,-4.13172022459122,0.6280598958333333,-0.08921108467990102,0.6291599806922104,0,2.290250005898997
4.149999999999991,596.6553379517096,738.8582402515317,-0.08283737272215959,85.0,-21.18071721824879,0.017295965809644643,-3.5369497207145173,-3.5369497207145173,0.6607161458333334,0.04168716514146875,0.6392686584090422,0,2.342249994399026
4.166666666666657,598.0671467923991,738.7410214740448,-0.08393577161083138,85.0,-21.156215821661675,0.018394364698316432,-3.5913806617189437,-3.5913806617189437,0.6865755208333333,-0.01938108275351274,0.6118495673340385,0,2.330582996364683
4.183333333333324,599.47882602848,738.6222520383192,-0.08845185960688608,85.0,-21.132438736318914,0.019553770998991582,-4.2605870921616,-4.2605870921616,0.6255729166666667,-0.0795275842471285,0.6262760589822819,0,2.3042090178932995
4.19999999999999,600.8899544975507,738.4971085677641,-0.08676838963909261,85.0,-21.104739325960534,0.01787030103119812,-3.783760260101566,-3.783760260101566,0.659921875,0.029699558165948797,0.6391684956734529,0,1.876041991636157
4.216666666666657,602.3012916421775,738.3743408658181,-0.08665852090159502,85.0,-21.079424413592925,0.01776043229370053,-3.6099826278647136,-3.6099826278647136,0.6849739583333333,0.0019388576439854956,0.614593173172662,0,2.290417003678158
4.233333333333324,603.7126422666184,738.251728226443,-0.09277786846469696,85.0,-21.055696700547973,0.020440991292471136,-4.566053721528727,-4.566053721528727,0.6252994791666666,-0.10757162953284471,0.6267409834353665,0,1.824624981964007
4.24999999999999,605.1232161614583,738.1204813916594,-0.08973711445870648,85.0,-21.02674064611992,0.017400237286480658,-3.83220232641865,-3.83220232641865,0.658515625,0.05360894977041966,0.6385864760413246,0,1.8607500242069364
4.266666666666657,606.5341826238133,737.9935243652532,-0.09058533937638,85.0,-21.002091553835086,0.018248462204154173,-3.829908407291802,-3.829908407291802,0.6826692708333333,-0.01496755720145207,0.610496602462576,0,2.3970830079633743
4.2833333333333234,607.945040890483,737.865370567751,-0.09601604433225844,85.0,-20.976820832887686,0.020157682700732347,-4.654109657829916,-4.654109657829916,0.6222526041666666,-0.09554417325941757,0.6241867635147493,0,2.2742089931853116
4.29999999999999,609.3551823902532,737.7295567427167,-0.09342460763714105,85.0,-20.948266049607888,0.01756624600561496,-3.9979417847459096,-3.9979417847459096,0.655625,0.04569939579514419,0.6367246787412729,0,1.8558750161901116
4.316666666666657,610.7656711076281,737.5973976620517,-0.09377638140126611,85.0,-20.92338181424656,0.01791801976974001,-3.8993748670240107,-3.8993748670240107,0.6800911458333333,-0.006207692568124144,0.6137227061667754,0,2.320583997061476
4.333333333333323,612.1761132476365,737.4647424166485,-0.09933431231969322,85.0,-20.897999311155427,0.02347595068816713,-4.7436631609575475,-4.7436631609575475,0.6233463541666666,-0.09776842628938906,0.6283013914413231,0,2.2672920022159815
4.34999999999999,613.5857963181077,737.3242501205204,-0.09752720194308603,85.0,-20.86957747010055,0.018064077450278715,-4.225739688478844,-4.225739688478844,0.6515234375,0.03187937910868345,0.6328619136770733,0,2.310417010448873
4.3666666666666565,614.9957309717632,737.1863055053094,-0.09720249207360884,85.0,-20.843988085448157,0.017739367580801524,-3.9959168899815247,-3.9959168899815247,0.6791927083333333,0.005730111451922707,0.6533760844964165,0,2.324500004760921
4.383333333333323,616.4057103430666,737.0488187170598,-0.09074137814118573,85.0,-20.81885863273468,0.011278253648378408,-2.6692885725891005,-2.6692885725891005,0.6877864583333333,0.11352937283498851,0.6190049878501087,0,2.3529159952886403
4.39999999999999,617.8165485956002,736.9204447725374,-0.09994490630681187,85.0,-20.806982386993408,0.01679316539637493,-4.209447568078959,-4.209447568078959,0.6205338541666666,-0.16100928791729918,0.6238349565399518,0,1.9591659947764128
4.416666666666656,619.226145619543,736.7790917586458,-0.0952718213048848,85.0,-20.78319318751897,0.012120080394447869,-3.1950810404375014,-3.1950810404375014,0.6553125,0.08228002307115034,0.6336208524837877,0,1.8700830114539713
4.433333333333323,620.6363878045638,736.644327430902,-0.09630075620897537,85.0,-20.76602349399493,0.01314901529853843,-3.249824493242834,-3.249824493242834,0.6815494791666666,-0.018155679637295086,0.6098807930133231,0,2.3261669848579913
4.4499999999999895,622.0464905793718,736.5081121273447,-0.10244076662594825,85.0,-20.75076975076234,0.015515988811430015,-4.2232276752883955,-4.2232276752883955,0.6229947916666667,-0.10793205086443547,0.6244550604328191,0,2.279957989230752
4.466666666666656,623.4557304158902,736.3632414000939,-0.09977538337066982,85.0,-20.728789648574164,0.012850605556151584,-3.57011461351655,-3.57011461351655,0.6545052083333334,0.04700153342733531,0.635754133407547,0,2.310624986421317
4.483333333333323,624.8653513821563,736.2221273472585,-0.10023347161562365,85.0,-20.710585125089207,0.013308693801105415,-3.5070834003883666,-3.5070834003883666,0.6786458333333333,-0.00808373411852759,0.6086956521739131,0,2.2899589966982603
4.499999999999989,626.2749075578349,736.0803675784572,-0.10616194313120376,85.0,-20.694383729186942,0.015379150130693464,-4.432684569335784,-4.432684569335784,0.6201041666666667,-0.10424087127357184,0.6236967569549956,0,2.3093330091796815
4.516666666666656,627.6835985490812,735.9302538361615,-0.10394930930590088,85.0,-20.672597458667255,0.013166516305390577,-3.853258714639484,-3.853258714639484,0.6509635416666667,0.03902665362367342,0.6315397152278556,0,1.8397910171188414
4.533333333333323,629.0926182385034,735.7832573761185,-0.10372962308447928,85.0,-20.653945432822514,0.012946830083968977,-3.656614200862892,-3.656614200862892,0.6786848958333334,0.003876796249862563,0.6105247035699243,0,1.864542020484805
4.549999999999989,630.5016701870211,735.6365704618318,-0.110587443381605,85.0,-20.6375432258328,0.01586110920163719,-4.742502148816514,-4.742502148816514,0.621640625,-0.120434677884733,0.6241011426927804,0,2.252957987366244
4.566666666666656,631.9096830574108,735.4802240475412,-0.1072311308702292,85.0,-20.61507426326215,0.012504796690261388,-3.9446123434893754,-3.9446123434893754,0.6525390625,0.05915992966683854,0.6316452983371784,0,2.307959017343819
4.583333333333322,633.3182127437337,735.3286042361988,-0.10803340114933573,85.0,-20.597359596299597,0.01330706696936791,-3.9293599145470033,-3.9293599145470033,0.6783854166666666,-0.0141567649939971,0.6067358437651378,0,2.323292021173984
4.599999999999989,634.72662033671,735.175854452267,-0.11482774217259603,85.0,-20.579743813773,0.01607180418127853,-4.993377529017421,-4.993377529017421,0.6193359375,-0.11933047819218065,0.6216813291677016,0,2.2390420199371874
4.616666666666656,636.1339575954638,735.0135390661586,-0.11199867730744956,85.0,-20.5569764046937,0.013242739316132054,-4.280927601518036,-4.280927601518036,0.6511588541666666,0.04988325737577704,0.6299436807821693,0,2.3033329925965518
4.633333333333322,637.541748422477,734.8552057726853,-0.11166243956267552,85.0,-20.53821640566438,0.012906501571358017,-4.046628657430428,-4.046628657430428,0.6786197916666666,0.005933537625977599,0.6081686697901812,0,2.339750004466623
4.649999999999989,638.9495924075392,734.6973458405661,-0.1188726756731741,85.0,-20.520476969796853,0.016000546702600454,-5.180220904707495,-5.180220904707495,0.6203515625,-0.12655939091712667,0.6230217897407727,0,2.261790999909863
4.666666666666655,640.3562616000911,734.529339212215,-0.1161881416614251,85.0,-20.497810495832667,0.01331601269085146,-4.486623738420952,-4.486623738420952,0.6482942708333334,0.0473387365514787,0.6458644954021044,0,2.2716670064255595
4.683333333333322,641.7633767428748,734.3651094360071,-0.11038639127119869,85.0,-20.478946702008173,0.007514262300625046,-3.2587706623310626,-3.2587706623310626,0.6548828125,0.10202831930977013,0.6211957722858518,0,1.8307919963262975
4.699999999999989,643.1714210185835,734.2090461088337,-0.12522021964043129,85.0,-20.468301597260755,0.022348090669857643,-5.7504956414928134,-5.7504956414928134,0.6142708333333333,-0.2560284880817783,0.6182394799952822,0,2.2355839901138097
4.716666666666655,644.5769954506562,734.0321140304875,-0.11950257076687851,85.0,-20.442465689937862,0.012427152285092155,-4.48905468907665,-4.48905468907665,0.6491145833333334,0.10055935113575795,0.6474809855034779,0,2.2941250063013285
4.733333333333322,645.9835585376037,733.863221381502,-0.11522945552793094,85.0,-20.4248610106693,0.008154037046144591,-3.535540012851597,-3.535540012851597,0.6536979166666667,0.07526546963701336,0.6202510242570072,0,2.3026670096442103
4.7499999999999885,647.3908304785474,733.7003406623331,-0.12943460778189272,85.0,-20.413309586194078,0.022359189300106375,-5.90978385107693,-5.90978385107693,0.613203125,-0.24561776789599332,0.614395115523607,0,2.2436250001192093
4.766666666666655,648.795646770142,733.5174865365524,-0.12397406460397098,85.0,-20.3869217479652,0.012607760997220899,-4.688242586313795,-4.688242586313795,0.6512630208333333,0.09606591181762636,0.6470786545992064,0,2.2956250177230686
4.783333333333322,650.2014405955983,733.3423061587896,-0.11924272891232564,85.0,-20.369061226399722,0.007876425305575557,-3.644590823427686,-3.644590823427686,0.6544661458333333,0.08330094654796827,0.6119603251861401,0,2.2940410126466304
4.799999999999988,651.6080475204404,733.1737789994627,-0.12824859702136363,85.0,-20.35790307258943,0.016882293414613544,-5.111928429246238,-5.111928429246238,0.5978515625,-0.15760895276009218,0.5975273295158772,0,2.2269170149229467
4.816666666666655,653.0130796909226,732.992591129133,-0.12997205046781857,85.0,-20.338756175851124,0.014226784474013628,-5.218146741548056,-5.218146741548056,0.6480208333333334,-0.030404511891838956,0.6400553701260059,0,2.387207990977913
4.8333333333333215,654.4177975060226,732.8089820215558,-0.1233447078947124,85.0,-20.31860224439302,0.007599441900907458,-3.8143278373690785,-3.8143278373690785,0.654453125,0.11642420874064102,0.6103838006394484,0,2.3191669897641987
4.849999999999988,655.8237013040074,732.6346864242041,-0.1328768877852401,85.0,-20.30783647199076,0.017131621791435153,-5.367852713184696,-5.367852713184696,0.5947135416666667,-0.16665472552345792,0.595323131468495,0,2.2769579954911023
4.866666666666655,657.2278798387135,732.4469976202894,-0.13464475025769201,85.0,-20.28784082242495,0.014431979591722044,-5.472195369994562,-5.472195369994562,0.6451041666666667,-0.031187457536109867,0.6371169682732272,0,2.251792000606656
4.883333333333321,658.631724371334,732.2568267164269,-0.12801258973128352,85.0,-20.267396227727495,0.007799819065313546,-4.05768144657984,-4.05768144657984,0.6562369791666667,0.11650808337214771,0.6088028861921941,0,2.3379170161206275
4.899999999999988,660.0367992643443,732.0759704489751,-0.1371992985048392,85.0,-20.25634659609044,0.01698652783886923,-5.540914104931363,-5.540914104931363,0.5947786458333333,-0.16072008985146627,0.6118873156421213,0,2.2602089738938957
4.9166666666666545,661.4401534162007,731.8822139809233,-0.13387580440003027,85.0,-20.236083940642455,0.009106539611344791,-4.717818924043579,-4.717818924043579,0.6278125,0.05858278624766287,0.6220917478547003,0,2.2714579827152193
4.933333333333321,662.8441437649046,731.6931226136146,-0.13449986225908653,85.0,-20.22318318783605,0.009730597470401045,-4.640157592816313,-4.640157592816313,0.6530598958333333,-0.0110123405649055,0.5984332025496305,0,2.346583001781255
4.949999999999988,664.2480158362716,731.5031551119722,-0.14162906476405418,85.0,-20.209398392289863,0.016859799975368697,-5.736121052997136,-5.736121052997136,0.5977864583333333,-0.12515191778553067,0.6147304988282558,0,2.2178749786689878
4.966666666666654,665.6504979262036,731.3031840344017,-0.13842531423829357,85.0,-20.18886803831716,0.009010137841618276,-4.927053900130205,-4.927053900130205,0.6268359375,0.056476651071822266,0.6215891628033111,0,2.3217920097522438
4.983333333333321,667.0536134749402,731.1077071781303,-0.13945423807757332,85.0,-20.1761038490815,0.01003906168089802,-4.91454151249124,-4.91454151249124,0.6500390625,-0.01815548444028373,0.5979367998226326,0,2.326624991837889
4.999999999999988,668.4565271501868,730.9107867265504,-0.14593109885408717,85.0,-20.161882083921178,0.016515922457411875,-5.883492396734269,-5.883492396734269,0.596875,-0.1138036834502972,0.6099297386490659,0,2.2370829829014838
5.016666666666654,669.8581359821828,730.7047839923085,-0.1433372302005775,85.0,-20.141418552610826,0.009186317119067672,-5.178785535841264,-5.178785535841264,0.62890625,0.04574222305724811,0.6212996436336502,0,2.2921659983694553
5.033333333333321,671.2602744424968,730.5024175362124,-0.1441795462170992,85.0,-20.128404786395855,0.010028633135589354,-5.122756059312682,-5.122756059312682,0.651953125,-0.014863305671625783,0.5979006443566826,0,2.2962499933782965
5.049999999999987,672.6622419489178,730.2988701083625,-0.1511946210757117,85.0,-20.114197794264317,0.017043707994201854,-6.179680630334788,-6.179680630334788,0.5988020833333333,-0.12316878963776501,0.6120783749966723,0,2.241457987111062
5.066666666666654,674.0627470704435,730.085492862564,-0.14794556124850575,85.0,-20.09259516499544,0.008968700608975144,-5.3452397938384175,-5.3452397938384175,0.6294010416666667,0.05727364327070618,0.6372731472315714,0,2.29875001241453
5.083333333333321,675.4639380740545,729.8766670599335,-0.14379278142277227,85.0,-20.079889676134187,0.004815920783241667,-4.380002997821585,-4.380002997821585,0.6348958333333333,0.07315357745956354,0.6203491627220441,0,2.2799169819336385
5.099999999999987,676.8659842005944,729.6736618789685,-0.14378358764907218,85.0,-20.07306714806394,0.004806727009541573,-4.200501813821834,-4.200501813821834,0.6615625,0.0001622430638720529,0.6010437471812383,0,2.2954590094741434
5.116666666666654,678.2680321934588,729.4706695881067,-0.15213178695559604,85.0,-20.06843922311126,0.008238405274250571,-5.529740155958494,-5.529740155958494,0.6049609375,-0.1462690353528273,0.6125379037574159,0,2.272665995405987
5.13333333333332,679.6683367301218,729.2559799305883,-0.14810589332479965,85.0,-20.056768280994184,0.004212511643454181,-4.580192873559121,-4.580192873559121,0.6351171875,0.07092601084272623,0.6397278983033041,0,2.2674580104649067
5.149999999999987,681.0694942342486,729.04692947478,-0.14470179706277628,85.0,-20.050800573815792,0.0008084153814308104,-3.7792102680184994,-3.7792102680184994,0.6393098958333333,0.06000018248705063,0.6119577344621645,0,2.2645410208497196
5.166666666666654,682.4713552466676,728.8426498960059,-0.15858294574055562,85.0,-20.051509033588314,0.00968213153646183,-6.088301849819677,-6.088301849819677,0.6014453125,-0.240230902800435,0.607648389812671,0,2.2274999937508255
5.18333333333332,683.8702456574164,728.6189311816357,-0.1536426121124267,85.0,-20.037792894880898,0.004741797908332901,-4.952731526533536,-4.952731526533536,0.6367317708333333,0.08696247587568819,0.639904047818792,0,2.2200000239536166
5.199999999999987,685.2702242375052,728.4021261546254,-0.14940187439019145,85.0,-20.031075373017707,0.0005010601860976627,-3.9866165412276025,-3.9866165412276025,0.6401953125,0.07469730804471544,0.6047784835357589,0,2.303833985934034
5.2166666666666535,686.6711096396066,728.1912600012874,-0.15879301712448401,85.0,-20.031924814352628,0.004793546997322928,-5.5082070524323745,-5.5082070524323745,0.5846744791666667,-0.164233341756453,0.5885568226504129,0,2.211666986113414
5.23333333333332,688.0699530225893,727.9672474250112,-0.1603137292161789,85.0,-20.02513398211327,0.00631425908901781,-5.561982513526733,-5.561982513526733,0.6331119791666666,-0.02682965628041951,0.6298427958945043,0,2.229749981779605
5.249999999999987,689.4684541296118,727.7411078705297,-0.15374021798031087,85.0,-20.01618884117765,-0.000259252146850214,-4.15401433430713,-4.15401433430713,0.64546875,0.115486959831782,0.6047312452172995,0,1.8395829829387367
5.266666666666653,690.8684115415891,727.524166198428,-0.16472116628860264,85.0,-20.017856303699414,0.005531532495598512,-5.947825134896928,-5.947825134896928,0.5861197916666666,-0.19140908828803407,0.58930885953313,0,2.2255840012803674
5.28333333333332,692.2659023727119,727.291865054711,-0.1652322287418136,85.0,-20.010020005959763,0.00604259494880946,-5.801945765196946,-5.801945765196946,0.633828125,-0.009018504664394307,0.6299593775551259,0,2.2737499966751784
5.2999999999999865,693.6632743009458,727.0588497362694,-0.15865992339341792,85.0,-20.001459715209403,-0.000529710399586214,-4.3848946412129015,-4.3848946412129015,0.6450390625,0.11546596197524275,0.6038288110117871,0,2.2250000038184226
5.316666666666653,695.0621474862085,726.8350233392616,-0.16937073277492212,85.0,-20.00328791491851,0.004899172339835083,-6.122589723912174,-6.122589723912174,0.5861067708333333,-0.18681040254049208,0.6059667734726298,0,2.2512499999720603
5.33333333333332,696.4585431158318,726.5962270034161,-0.16594122848241052,85.0,-19.99634744853454,0.0014696680473234858,-5.2574552173611995,-5.2574552173611995,0.6154947916666667,0.060446935244944155,0.6138500701335134,0,2.2576669871341437
5.349999999999986,697.8557494850634,726.362221007289,-0.16630894979525992,85.0,-19.9942654195504,0.0018373893601728863,-5.112096794491145,-5.112096794491145,0.6416145833333333,-0.006489108554710413,0.5936552122588863,0,2.2908750106580555
5.366666666666653,699.2528697108403,726.1277012444341,-0.17451629433393134,85.0,-19.992556138146846,0.004670819719567482,-6.3809806706390155,-6.3809806706390155,0.5863802083333334,-0.14383529736514147,0.6036033620654986,0,2.2227090084925294
5.3833333333333195,700.6480181186339,725.8817228618974,-0.17162899665376166,85.0,-19.985939167604055,0.0017835220393978002,-5.603667272514938,-5.603667272514938,0.6172005208333333,0.05090828747945539,0.631136606189968,0,1.850667002145201
5.399999999999986,702.0438709229392,725.6397737078224,-0.16663881776240577,85.0,-19.98341251272112,-0.0032066568519580896,-4.477491832944593,-4.477491832944593,0.624140625,0.08783539614183475,0.598379175517162,0,2.283000008901581
5.416666666666653,703.4409137121477,725.4047930925265,-0.17743390895120625,85.0,-19.988704324228905,0.0021223403248623878,-6.226208637279811,-6.226208637279811,0.567578125,-0.18824603399416776,0.5827695927698602,0,2.1433339861687273
5.433333333333319,704.8353385127563,725.1547452573186,-0.1771921059924753,85.0,-19.985697677692453,0.0018805373661314462,-5.933148218093272,-5.933148218093272,0.6169401041666667,0.004267085137855526,0.6289195126822449,0,1.8247499829158187
5.449999999999986,706.2298237349056,724.9050346054601,-0.17211528271967091,85.0,-19.983033584660706,-0.003196285906672952,-4.778668578179353,-4.778668578179353,0.6241015625,0.08935244461881714,0.6011491921854931,0,2.2551669972017407
5.466666666666653,707.6255587176717,724.6624066962504,-0.18233240907210027,85.0,-19.98820684230971,0.001462408190261777,-6.414596508874412,-6.414596508874412,0.5698046875,-0.17838566761442648,0.582968065122104,0,2.219791989773512
5.483333333333319,709.0187419340381,724.4055312982861,-0.18366822579869832,85.0,-19.986135098111962,0.002798224916859826,-6.399712207533214,-6.399712207533214,0.6173958333333334,-0.023568871277750866,0.6245062943344385,0,2.2301659919321537
5.499999999999986,710.411580769051,724.1467950926166,-0.17757116100529968,85.0,-19.982170951319677,-0.0032988398765388116,-5.044334802738277,-5.044334802738277,0.6293098958333333,0.1071829206328502,0.5994039788439337,0,2.2537919867318124
5.516666666666652,711.8059712369466,723.8965558720964,-0.1884397377270587,85.0,-19.987427559028244,0.001918843463598191,-6.783930565859755,-6.783930565859755,0.5714453125,-0.18949712460875492,0.58392431842676,0,2.1744169935118407
5.533333333333319,713.1975596581746,723.6311766898899,-0.1891967660645188,85.0,-19.984709199122914,0.0026758718010582994,-6.650040681428667,-6.650040681428667,0.6175520833333333,-0.013358528934369288,0.6243877321996752,0,2.2421250178012997
5.549999999999986,714.5889467811066,723.3647441119584,-0.1830772532281092,85.0,-19.98091838526196,-0.0034436410353513025,-5.280938953316111,-5.280938953316111,0.6284244791666667,0.10757451249995993,0.5982206357939372,0,2.264374983496964
5.566666666666652,715.9819382788878,723.1068310809694,-0.19435232040476666,85.0,-19.986361326897203,0.002087985943699827,-7.082220595073111,-7.082220595073111,0.57046875,-0.19640668550714765,0.5812503316881601,0,1.80508301127702
5.583333333333319,717.371933308958,722.8332287037416,-0.19436771957081303,85.0,-19.983403348959634,0.0021033851097461975,-6.802552738590656,-6.802552738590656,0.619609375,-0.0002717499823639592,0.6271231247108585,0,2.337916987016797
5.599999999999985,718.7619241256149,722.5596049217819,-0.18904307270156026,85.0,-19.98042355558465,-0.003221261759506572,-5.569914808481723,-5.569914808481723,0.62734375,0.09368926586018997,0.596201563904127,0,2.3464580008294433
5.616666666666652,720.1533521810322,722.2933861939624,-0.19977999745493605,85.0,-19.98557692285269,0.0016796291654007922,-7.266137988362635,-7.266137988362635,0.569765625,-0.1872553276834066,0.597686076848475,0,2.346166002098471
5.633333333333319,721.5418417186971,722.0122434397618,-0.19547730437259825,85.0,-19.983197449320468,-0.0026230639169370074,-6.199251346995314,-6.199251346995314,0.6022265625,0.07578445994234823,0.6282075676851148,0,2.3140410194173455
5.649999999999985,722.9315280709632,721.7370775138737,-0.19241710947423615,85.0,-19.986913452274813,-0.005683258815299103,-5.39730832557362,-5.39730832557362,0.6068359375,0.05395103302430797,0.6008774917905465,0,2.2255000076256692
5.666666666666652,724.3220499762202,721.4661655808684,-0.20589635145972876,85.0,-19.995625039462688,0.0018673494673962232,-7.574690533085929,-7.574690533085929,0.568515625,-0.23352904658748133,0.5964754098360656,0,2.2244589927140623
5.6833333333333185,725.7087939845285,721.1765356448026,-0.2014205616606129,85.0,-19.992979629254577,-0.002608440331719642,-6.4647105696649945,-6.4647105696649945,0.6022395833333334,0.0788208881709346,0.625690383365822,0,2.2529589768964797
5.699999999999985,727.0968204211358,720.8931153637293,-0.19745243850065192,85.0,-19.996674915534086,-0.00657656349168062,-5.488776216107713,-5.488776216107713,0.6098828125,0.06991157908196696,0.6006428774870815,0,2.226750017143786
5.716666666666652,728.4859605734542,720.6152051594164,-0.21273339461041152,85.0,-20.006768108044735,0.0026831950756816547,-7.968909417504124,-7.968909417504124,0.5691796875,-0.2633985740791023,0.5945486446418128,0,2.1779170201625675
5.733333333333318,729.8706919731611,720.316100837966,-0.20695642394162483,85.0,-20.00296691958203,-0.0030937755931050304,-6.6100951823796175,-6.6100951823796175,0.6048177083333334,0.10159554727012474,0.6276013143483024,0,2.2292079811450094
5.749999999999985,731.2571281736225,720.0250010157492,-0.20347245947538317,85.0,-20.00734976134719,-0.006577740059346693,-5.715735152655586,-5.715735152655586,0.6090364583333333,0.061404434068981585,0.5923545053318348,0,2.24058298044838
5.7666666666666515,732.6445701391904,719.7387332449022,-0.2138680429202791,85.0,-20.017607196181395,-0.0022958379708405974,-7.346393510059203,-7.346393510059203,0.5560546875,-0.1814340695617947,0.5794322776737496,0,2.1828750032000244
5.783333333333318,734.0289612693872,719.438057933184,-0.2144847104753603,85.0,-20.020859630449586,-0.0016791704157594067,-7.16505099797248,-7.16505099797248,0.6010286458333334,-0.010881939064666037,0.5836210335199373,0,2.239709021523595
5.799999999999985,735.4131667196591,719.1365289695967,-0.2234312717826045,85.0,-20.023238454087387,0.007267390891484787,-8.485067871867596,-8.485067871867596,0.5500520833333333,-0.1565879802225167,0.576970359240541,0,2.157166018150747
5.816666666666651,736.7946191623628,718.8226283595423,-0.22424672244427704,85.0,-20.014092107276557,0.0018768021135600332,-8.295831540658716,-8.295831540658716,0.5952473958333333,-0.014389312598459117,0.6179435347108223,0,2.2162499953992665
5.833333333333318,738.1758151753295,718.5076013476697,-0.21885762348237994,85.0,-20.01143330584321,-0.0035122968483370653,-6.993783191055921,-6.993783191055921,0.6032161458333334,0.0948165813606513,0.5909655686556037,0,2.2094169980846345
5.8499999999999845,739.5586888352548,718.2000222763252,-0.2296368529282428,85.0,-20.016409049481396,0.007266932597525782,-8.642212495665921,-8.642212495665921,0.5473697916666667,-0.187975909535959,0.5752168796694125,0,2.162166027119383
5.866666666666651,740.9381667554986,717.8775550500771,-0.23050607008345897,85.0,-20.007521633724146,0.001837925376845351,-8.456558522353067,-8.456558522353067,0.59421875,-0.015337923396819046,0.6163609764026984,0,2.2508330002892762
5.883333333333318,742.3173638606085,717.5538888799248,-0.2244347488947434,85.0,-20.004917907572857,-0.004233395811870211,-7.0259973935291615,-7.0259973935291615,0.6054296875,0.1067337991665176,0.593068230306534,0,2.242959017166868
5.899999999999984,743.6985006157493,717.2386021722389,-0.23561637329285895,85.0,-20.010915200392784,0.006948228586245332,-8.743279887690843,-8.743279887690843,0.5510416666666667,-0.1948199928747739,0.5943319383198045,0,1.7877499922178686
5.916666666666651,745.076025686826,716.907892143665,-0.23141752495935183,85.0,-20.002786347174556,-0.003640806794190987,-7.637740383662303,-7.637740383662303,0.5802604166666666,0.07396216020383978,0.6033091421143848,0,2.200790971983224
5.933333333333318,746.4549272119838,716.5829690322032,-0.23328500991263776,85.0,-20.007944145404803,-0.0017733218409050624,-7.671159145143419,-7.671159145143419,0.6018489583333333,-0.03294369385955519,0.5807777686426047,0,2.2173750039655715
5.949999999999984,747.8332195440138,716.2554714109724,-0.24117978665310488,85.0,-20.010456350029404,0.006121454899562061,-8.785150970781736,-8.785150970781736,0.5513932291666667,-0.13842854845000752,0.594379877603728,0,2.176665992010385
5.966666666666651,749.2088834297648,715.9171027985319,-0.2382254309410722,85.0,-20.003854849285897,-0.003314777458315127,-7.902241882297634,-7.902241882297634,0.57921875,0.05208852873000028,0.6004103616311874,0,1.816584001062438
5.983333333333317,750.5855409717619,715.5827998573143,-0.23910587923107474,85.0,-20.0085507754189,-0.0024343291683125994,-7.746843384850992,-7.746843384850992,0.6042317708333333,-0.015536072665747063,0.5826954620010935,0,2.293583005666733
5.999999999999984,751.9619036437592,715.2472849700484,-0.2471171645105705,85.0,-20.011999405001244,0.005576956111183168,-8.878499624578666,-8.878499624578666,0.5538671875,-0.1404448645496615,0.5973146821718491,0,2.1078749850858003
6.016666666666651,753.3355342713129,714.9007545334474,-0.24489738896551433,85.0,-20.006574395437674,-0.0032160601311533588,-8.124571739349207,-8.124571739349207,0.5783854166666667,0.039152491496455506,0.5994736131731677,0,2.203875017585233
6.033333333333317,754.7099307338088,714.5572740997645,-0.24559435948881364,85.0,-20.01113047276946,-0.002519089607854047,-7.9273133688658035,-7.9273133688658035,0.6037109375,-0.012298859668911557,0.5813121869327255,0,2.2282919962890446
6.049999999999984,756.0840874667678,714.2128358357635,-0.2532357749485184,85.0,-20.0146991792729,0.005122325851850712,-8.986229968204594,-8.986229968204594,0.5534635416666667,-0.13403994459974933,0.5943028150302759,0,2.2073749860282987
6.06666666666665,757.4555721103095,713.8579072274864,-0.2507718203469721,85.0,-20.01037233248732,-0.004005853833239981,-8.183931470898065,-8.183931470898065,0.5803255208333333,0.0434541801042025,0.599432391354056,0,2.1983329788781703
6.083333333333317,758.8279271177549,713.5063589690865,-0.2509884254400805,85.0,-20.016047276906857,-0.00378924874013159,-7.897345108070563,-7.897345108070563,0.6056119791666666,-0.0038224242030647504,0.579747870528109,0,1.8262079975102097
6.099999999999984,760.2002059458638,713.1545134598516,-0.260264054554078,85.0,-20.02141536644245,0.005486380373865896,-9.246626729452343,-9.246626729452343,0.5518098958333333,-0.16224870656400397,0.5929838799955223,0,2.164833014830947
6.11666666666665,761.5691621991655,712.7899545194995,-0.25708299815434077,85.0,-20.01707555534168,-0.004449450102596841,-8.304734950945445,-8.304734950945445,0.5805208333333334,0.056077433538730966,0.6005200123940778,0,2.200458024162799
6.133333333333317,762.9392712067513,712.4297521433598,-0.25778164211829113,85.0,-20.023378922188368,-0.0037508061386464786,-8.10063331542623,-8.10063331542623,0.6048046875,-0.012328386497048593,0.5823202311508477,0,1.8327920115552843
6.1499999999999835,764.3091282267643,712.0685926368179,-0.2662135840638476,85.0,-20.02869255175896,0.004681135806909986,-9.292924168810647,-9.292924168810647,0.5543880208333334,-0.14771514508369285,0.5940364732311041,0,2.172458014683798
6.16666666666665,765.6758913103547,711.6958955509978,-0.26323467336924855,85.0,-20.026044623920487,-0.005142605265370803,-8.385621203269233,-8.385621203269233,0.5822265625,0.05252066755254944,0.6172431894789192,0,1.813749986467883
6.183333333333317,767.0437585593768,711.3272715779614,-0.2592305879263393,85.0,-20.033329949267863,-0.009146690708280059,-7.328337903207935,-7.328337903207935,0.5909114583333334,0.07054308281489216,0.5957682201631863,0,2.2170839947648346
6.199999999999983,768.413090841051,710.9641276026442,-0.27419006539443125,85.0,-20.04628758042605,0.005812786759811894,-9.682401853115733,-9.682401853115733,0.5538151041666667,-0.25810249601597024,0.5913849918660753,0,1.804375002393499
6.21666666666665,769.7768376654076,710.5805405284332,-0.26858810795976606,85.0,-20.042634860736367,-0.006723505837371691,-8.288039209213402,-8.288039209213402,0.5862369791666666,0.09853790371869259,0.6211251276672095,0,2.166457998100668
6.2333333333333165,771.1427119185415,710.2045990847611,-0.26604888667362325,85.0,-20.0521597555759,-0.009262727123514503,-7.498638690058687,-7.498638690058687,0.59,0.04477983203764607,0.5960363746925011,0,2.1945000044070184
6.249999999999983,772.5095363658321,709.8321271063076,-0.280165210797651,85.0,-20.065281764691733,0.004853597000513243,-9.702862688972411,-9.702862688972411,0.5563541666666667,-0.24414234938665014,0.5928844979741356,0,2.159458992537111
6.26666666666665,773.8709668708643,709.440398342477,-0.27443865948861196,85.0,-20.06363290893055,-0.007896182444083799,-8.285276341389679,-8.285276341389679,0.5886979166666667,0.10071486720235226,0.6223213793863274,0,2.2167089919093996
6.283333333333316,775.2346182956015,709.0564722607156,-0.272116200515735,85.0,-20.074819051150083,-0.010218641416960772,-7.535033900858808,-7.535033900858808,0.5916015625,0.0409616454707723,0.5930464991246088,0,2.2499170154333115
6.299999999999983,776.5991576944701,708.6757142360073,-0.286805806618336,85.0,-20.089295207886185,0.004470964685640233,-9.835212828893326,-9.835212828893326,0.555390625,-0.2536451268177076,0.5899095510745996,0,2.211083978181705
6.3166666666666496,777.9579568884897,708.2749534660005,-0.2805117889814954,85.0,-20.088878974747438,-0.008934500541049772,-8.31086088099438,-8.31086088099438,0.5910546875,0.11061749974697524,0.6216568014907377,0,1.824666018364951
6.333333333333316,779.319251547116,707.8827528835941,-0.2787734233161358,85.0,-20.101536015453682,-0.010672866206409391,-7.665105880439347,-7.665105880439347,0.5941536458333333,0.030667423391447856,0.5830038703233593,0,2.228500001365319
6.349999999999983,780.6812259365673,707.4929193204891,-0.2882567753280484,85.0,-20.11665562219639,-0.0011895141944968102,-9.059370163081187,-9.059370163081187,0.543125,-0.16581665020573388,0.5747202469544127,0,2.1524170006159693
6.366666666666649,782.0394422091068,707.0901873979237,-0.2895848824784648,85.0,-20.124993210720376,-0.007060337519786297,-8.939624486241728,-8.939624486241728,0.5866276041666667,-0.023432895059750006,0.6140744183503294,0,2.2030410182196647
6.383333333333316,783.3971224128002,706.6856519743283,-0.2838714403133596,85.0,-20.134995272441845,-0.012773779684891517,-7.553490514220166,-7.553490514220166,0.5976822916666666,0.10048586272093882,0.5883202354836022,0,2.2192080214153975
6.399999999999983,784.7570917340621,706.2888801385449,-0.29512315733793526,85.0,-20.15309096820859,-0.0015220626603158482,-9.261615937449182,-9.261615937449182,0.5422005208333334,-0.1960102849275524,0.5724951532401106,0,2.1712500019930303
6.416666666666649,786.1125106991805,705.876831751287,-0.2957114084133576,85.0,-20.16267718117313,-0.008219424061530867,-9.000110828898764,-9.000110828898764,0.5890885416666667,-0.010380528462345023,0.6160265515734266,0,2.1935830009169877
6.433333333333316,787.4676870418917,705.4639861087037,-0.2910182698231719,85.0,-20.17432123414926,-0.01291256265171653,-7.794660680477624,-7.794660680477624,0.5968880208333334,0.08263150930683089,0.5902008165986168,0,2.184749988373369
6.449999999999982,788.8247859950828,705.0575050197315,-0.30141553250311354,85.0,-20.192613522904008,-0.002515299971774909,-9.344193015032646,-9.344193015032646,0.5447265625,-0.18146273814052188,0.5751426410943837,0,2.1289160067681223
6.466666666666649,790.1775853811413,704.6369360414125,-0.3026337006130345,85.0,-20.204425443108097,-0.00866855995511423,-9.193381337237689,-9.193381337237689,0.5888020833333333,-0.021493773766537515,0.6141342852471524,0,2.1992920082993805
6.483333333333316,791.529871439877,704.214719438478,-0.296901062004319,85.0,-20.21670574924474,-0.014401198563829765,-7.793824219107432,-7.793824219107432,0.599609375,0.1008212030311275,0.5890416649358202,0,1.814832998206839
6.499999999999982,792.884555680429,703.8002618980177,-0.30839155640530463,85.0,-20.237106742017378,-0.0029107041628441133,-9.53402568442022,-9.53402568442022,0.5437630208333334,-0.2000608921722829,0.5721743419700478,0,1.7777909815777093
6.516666666666649,794.2343882742422,703.3702660688238,-0.3086021455686257,85.0,-20.25033660426194,-0.010156425734735519,-9.193465959647515,-9.193465959647515,0.5918489583333333,-0.0037162622446868243,0.6169007178173992,0,2.2053749999031425
6.5333333333333155,795.584130285663,702.93998598905,-0.3034838691695528,85.0,-20.26472462668856,-0.015274702133808436,-7.903977467713405,-7.903977467713405,0.5994140625,0.09007809819750298,0.5891381835262911,0,2.2234999923966825
6.549999999999982,796.936056900455,702.5166198677538,-0.314225591591137,85.0,-20.286362946592313,-0.004532979712224217,-9.509327691460193,-9.509327691460193,0.5463671875,-0.18733705695650305,0.574891075000685,0,2.1320420200936496
6.566666666666649,798.283357926338,702.0787564300256,-0.315015209443974,85.0,-20.302785796627564,-0.011283554680481034,-9.274396338789007,-9.274396338789007,0.5909114583333334,-0.013933530926608914,0.577677433652834,0,2.264875016408041
6.583333333333315,799.6303127874507,701.6398292759678,-0.3232970849808266,85.0,-20.31877049322828,-0.003001679143628422,-10.393992334476474,-10.393992334476474,0.5409244791666666,-0.1451232856492,0.5865292290313471,0,2.2251670015975833
6.599999999999982,800.9735863568682,701.1897619897218,-0.3209889396060723,85.0,-20.323156623348254,-0.012932830404794761,-9.564509054424033,-9.564509054424033,0.570859375,0.04070947353950702,0.596898063672758,0,1.7932910122908652
6.6166666666666485,802.3178951679214,700.742796370273,-0.3209772627449161,85.0,-20.341477622355782,-0.012944507265950922,-9.182309339753116,-9.182309339753116,0.5938802083333333,0.0002060622527801509,0.5770195754066721,0,2.2175839985720813
6.633333333333315,803.6622091980385,700.2958464481621,-0.33086857854711954,85.0,-20.359815162198686,-0.003053191463747496,-10.58930406422381,-10.58930406422381,0.5417708333333333,-0.1728115588435377,0.5875167690461061,0,2.1755420020781457
6.649999999999982,805.0020366153688,699.8356215724608,-0.32800777119046587,85.0,-20.365919545263925,-0.013205816644232428,-9.652362157856452,-9.652362157856452,0.5705598958333333,0.05044201062884158,0.5967557407861404,0,2.2035419824533165
6.666666666666648,806.3431751628967,699.3792315629526,-0.3277454338846801,85.0,-20.384627241748497,-0.013468153950018215,-9.221289500511698,-9.221289500511698,0.5938671875,0.004629448794056565,0.5798327432043316,0,2.2312910004984587
6.683333333333315,807.6844333923997,698.923193399818,-0.3368551999941125,85.0,-20.403706549695833,-0.004358387840585787,-10.489071904552494,-10.489071904552494,0.5447265625,-0.15939676767261854,0.5884421686408012,0,2.172125008655712
6.6999999999999815,809.0214816246842,698.4549557795981,-0.3340290048157883,85.0,-20.412420429256365,-0.013684311616112943,-9.56210889808143,-9.56210889808143,0.5725390625,0.04983274162509398,0.5960605156847328,0,2.236959000583738
6.716666666666648,810.3598478463596,697.9904987836095,-0.33512201825794474,85.0,-20.43180593234323,-0.012591298173956489,-9.379669231972406,-9.379669231972406,0.5959505208333333,-0.019286080981451743,0.5772035096873412,0,2.2680420079268515
6.733333333333315,811.6977056109376,697.5245792130796,-0.3431723578442733,85.0,-20.449643133426946,-0.00454095858762793,-10.453785468902826,-10.453785468902826,0.5457682291666667,-0.14112048852383413,0.5885045849658058,0,2.198208007030189
6.749999999999981,813.0317692535795,697.0479046471276,-0.34083135280528076,85.0,-20.458465288391086,-0.012952996070795754,-9.615688303525731,-9.615688303525731,0.5736197916666667,0.04128837577586631,0.5973555736371033,0,1.7944169812835753
6.766666666666648,814.366945137227,696.574354434193,-0.34183383816092905,85.0,-20.476814853032657,-0.011950510715147467,-9.41468231950141,-9.41468231950141,0.595234375,-0.017689072820164693,0.5762721170608502,0,2.2496669844258577
6.783333333333315,815.7016456228902,696.0994659651656,-0.35008838456756436,85.0,-20.493744340242493,-0.0036959643085121563,-10.523536593889581,-10.523536593889581,0.5452604166666667,-0.1446510603822058,0.5881006222172283,0,2.1438330004457384
6.799999999999981,817.0323806928207,695.6135764529289,-0.34754973994870986,85.0,-20.502075434075813,-0.012285889774305392,-9.646924617948155,-9.646924617948155,0.5730729166666667,0.04476967594405038,0.594633302707669,0,2.207167010055855
6.816666666666648,818.364344974119,695.1310667661973,-0.3479934653404508,85.0,-20.51948000673172,-0.011842164382564468,-9.343475368066484,-9.343475368066484,0.5982421875,-0.007830288051732186,0.5748656152972876,0,1.8403329886496067
6.833333333333314,819.696095022498,694.6479661006138,-0.35736992660342387,85.0,-20.536256014164895,-0.002465703119591378,-10.653199244561076,-10.653199244561076,0.5446875,-0.16398117201938012,0.5867525144131633,0,2.1562500041909516
6.849999999999981,821.0232568205857,694.1523997517352,-0.35410719022788945,85.0,-20.54347427694006,-0.011764249098612123,-9.64076052095295,-9.64076052095295,0.5737630208333333,0.05751419997022973,0.6111180494844789,0,2.2192920150700957
6.866666666666648,822.3520284540476,693.6611662120094,-0.35043203700053893,85.0,-20.5601399120764,-0.015439402325962637,-8.592858453274495,-8.592858453274495,0.5821614583333333,0.06476494087292851,0.5889717006009632,0,1.803666993509978
6.883333333333314,823.6825964682905,693.1748194181284,-0.36529018486884723,85.0,-20.582011529739013,-0.0005812544576543344,-10.879521832935144,-10.879521832935144,0.5454036458333333,-0.2564300906229371,0.5852101262993182,0,2.1708330023102462
6.899999999999981,825.0057916674058,692.6687572584258,-0.35981799923641716,85.0,-20.587120307117004,-0.012077986524209938,-9.460764772247865,-9.460764772247865,0.5774609375,0.09626947265193675,0.6124501042803276,0,2.2028330131433904
6.916666666666647,826.3317363074109,692.1699434092936,-0.35849298831323134,85.0,-20.604230372022922,-0.01340299744739576,-8.844139412982155,-8.844139412982155,0.5836979166666667,0.02337828568282231,0.5835304860332877,0,2.2107919794507325
6.933333333333314,827.6583407170716,691.6728868886511,-0.3719109644679003,85.0,-20.623217383255945,1.497870727318329e-05,-10.875633369788806,-10.875633369788806,0.5449609375,-0.2325055340508906,0.5822945072068563,0,2.166791004128754
6.949999999999981,828.978156413801,691.1580753006781,-0.3675144013857989,85.0,-20.627978527948233,-0.010399012896412818,-9.650112521878516,-9.650112521878516,0.5795703125,0.07743128619076887,0.6140084481378206,0,2.1922080195508897
6.966666666666647,830.300222749016,690.6490713225645,-0.3648907096178729,85.0,-20.64271019736894,-0.013022704664338802,-8.791319121136107,-8.791319121136107,0.5847135416666667,0.04626740022193009,0.5876178739078056,0,2.212874998804182
6.983333333333314,831.6236200018561,690.1435377869609,-0.3788854976037895,85.0,-20.661158507522384,0.000972083321577777,-10.92334852792823,-10.92334852792823,0.5457291666666667,-0.2421218996551225,0.5831559321562243,0,1.799582998501137
6.9999999999999805,832.9398130567149,689.6195336965322,-0.37453082366294466,85.0,-20.665003656053422,-0.009396992776280368,-9.70340357035113,-9.70340357035113,0.5785677083333334,0.0766964475105851,0.6107497903117136,0,1.8092500104103237
7.016666666666647,834.2582754917327,689.1012661479713,-0.37122454027050283,85.0,-20.678315866565395,-0.01270327616872219,-8.71922788977129,-8.71922788977129,0.5873307291666666,0.05828010358264579,0.58102832924381,0,2.236917003756389
7.033333333333314,835.5784442566312,688.5873606346414,-0.3811731535309153,85.0,-20.696311690454582,-0.002754662908309724,-10.153094846819762,-10.153094846819762,0.5358854166666667,-0.17379262524012645,0.5695778546712803,0,2.178624999942258
7.04999999999998,836.8934351274114,688.0603469211487,-0.3823475392012865,85.0,-20.705824674180583,-0.007595699664019018,-9.961810107626338,-9.961810107626338,0.5787109375,-0.02072148669968494,0.6082707695686188,0,2.207291021477431
7.066666666666647,838.2078061741751,687.5317892649996,-0.37765743353503456,85.0,-20.71658514523369,-0.01228580533027096,-8.718359695816881,-8.718359695816881,0.5884895833333333,0.0825783515024804,0.5832522449887403,0,1.8202080100309104
7.0833333333333135,839.5246417469649,687.0094019386989,-0.3886703102044958,85.0,-20.73398959826958,-0.0012729286608097468,-10.33838685797814,-10.33838685797814,0.5379166666666667,-0.1919520805765697,0.5711342771817277,0,2.1472919906955212
7.09999999999998,840.835644594471,686.4725444359335,-0.38910436108896107,85.0,-20.74174564271045,-0.0068593307082601696,-10.005882944664984,-10.005882944664984,0.5793619791666667,-0.007659571693812657,0.6060655648284514,0,2.330584014998749
7.116666666666647,842.1464142950139,685.9351179418126,-0.3849934321344582,85.0,-20.751462951679528,-0.010970259662763049,-8.86481170638724,-8.86481170638724,0.5908072916666667,0.07241893849361464,0.5795133698721142,0,2.2109999845270067
7.133333333333313,843.4593822356536,685.4030844548057,-0.3957964225319379,85.0,-20.767003841148558,-0.00016726926528332076,-10.442449711779977,-10.442449711779977,0.5373567708333333,-0.18838054664142895,0.5686293422992655,0,2.1587919909507036
7.14999999999998,844.7665261214806,684.8568983087077,-0.39577726349547737,85.0,-20.77349494777108,-0.006215893855402166,-10.023790626181768,-10.023790626181768,0.5805598958333333,0.0003381006305380671,0.6078426018213842,0,2.1831250051036477
7.1666666666666465,846.073680471468,684.3107372063273,-0.39176765176180117,85.0,-20.782300740693852,-0.010225505589078365,-8.900149421395719,-8.900149421395719,0.5902994791666667,0.07064012042675344,0.5783848802001963,0,2.222916984464973
7.183333333333313,847.383014202015,683.7698216616291,-0.4024275436740287,85.0,-20.796786621165737,0.0004343863231491829,-10.451299309368974,-10.451299309368974,0.536953125,-0.18594271130737652,0.5657542704260136,0,2.1471249929163605
7.19999999999998,848.6865075492759,683.2149797579383,-0.40314946162516835,85.0,-20.802691096624436,-0.004886135964260241,-10.166298223491408,-10.166298223491408,0.5818098958333333,-0.01273903939441444,0.6056820033679179,0,2.233208011602983
7.216666666666646,849.9896000065734,682.659196983665,-0.3980228634082845,85.0,-20.809613095030784,-0.010012734181144067,-8.836192208576499,-8.836192208576499,0.5936848958333333,0.09022376351201387,0.5807970266363824,0,1.815249997889623
7.233333333333313,851.295524602463,682.1101019151251,-0.4100178067785712,85.0,-20.82379756477432,0.001982209189142603,-10.62202046329352,-10.62202046329352,0.5398307291666666,-0.20859635606302812,0.5666757791142701,0,2.162958000553772
7.24999999999998,852.5947690458208,681.5453822316996,-0.4098348629341992,85.0,-20.827744290808884,-0.004260099479734269,-10.166557870309886,-10.166557870309886,0.5847786458333334,0.003228409566817768,0.6060757577805106,0,2.190083992900327
7.266666666666646,853.8941167794261,680.980900246496,-0.40561469976162395,85.0,-20.83377941348375,-0.0084802626523095,-8.99926352831816,-8.99926352831816,0.5949739583333333,0.07433624012565831,0.5762913852855363,0,2.1756250062026083
7.283333333333313,855.1958351415161,680.4219067311114,-0.4166489688645972,85.0,-20.845792974914332,0.002554006450663726,-10.611712786584935,-10.611712786584935,0.5399739583333333,-0.19231582866407085,0.5794393829299648,0,2.1751250023953617
7.299999999999979,856.4913062992787,679.8485840263022,-0.4129758417122912,85.0,-20.849138949465512,-0.007199355594874113,-9.525743391219246,-9.525743391219246,0.5715234375,0.06472933628684764,0.5916339763551314,0,2.170042018406093
7.316666666666646,857.78887460035,679.2800236086689,-0.414135642542306,85.0,-20.859337948454122,-0.0060395547648592895,-9.355282096171809,-9.355282096171809,0.5929166666666666,-0.02046421629576732,0.5715938478290459,0,1.8110419914592057
7.333333333333313,859.0857826120208,678.7099586529765,-0.42345398519679545,85.0,-20.867893932355827,0.0032787878896301526,-10.653059695514303,-10.653059695514303,0.5450651041666666,-0.1629827174172308,0.5820019744434711,0,2.190291997976601
7.349999999999979,860.3773223341416,678.1278335885542,-0.4201396379213497,85.0,-20.870401379473915,-0.0061406130374627175,-9.63006478850091,-9.63006478850091,0.573515625,0.05842192342793853,0.604917920186826,0,2.194208005676046
7.366666666666646,861.6707843236418,677.5499923247432,-0.41706214901785327,85.0,-20.879100526606813,-0.00921810194095912,-8.689113009483737,-8.689113009483737,0.5824348958333333,0.05425532888585327,0.5762580035833831,0,2.2025840007700026
7.383333333333312,862.966018485268,676.9761344059159,-0.42784097306040075,85.0,-20.89215931941296,0.0015607221015883632,-10.268659944605256,-10.268659944605256,0.5337239583333333,-0.1879690051796649,0.5663263191345317,0,2.135165996151045
7.399999999999979,864.2549920117386,676.3883489922638,-0.4280185785312298,85.0,-20.897272361418057,-0.004395504267560912,-9.891671251135282,-9.891671251135282,0.5746614583333334,-0.003134203928388035,0.603074734653682,0,1.7918329976964742
7.416666666666646,865.5438611239751,675.8003346591332,-0.424720306704806,85.0,-20.903499305745793,-0.00769377609398475,-8.900698901598647,-8.900698901598647,0.5847395833333333,0.0581392015140815,0.5752255378209576,0,1.7998749972321093
7.433333333333312,866.8346626532664,675.2165745573585,-0.4348811613698794,85.0,-20.914398714347907,0.002467078571088688,-10.363826724081704,-10.363826724081704,0.5331119791666666,-0.17742373720821114,0.5650811616607774,0,1.775417011231184
7.449999999999979,868.119466150551,674.6197291688285,-0.43552093928785585,85.0,-20.918387831062383,-0.0030597311772049274,-10.066698729884557,-10.066698729884557,0.5745052083333333,-0.011289718874006927,0.6016247951938831,0,2.214042004197836
7.4666666666666455,869.4038875364165,674.0220619135971,-0.4313299460428143,85.0,-20.92272244346662,-0.007250724422246446,-8.90799640676364,-8.90799640676364,0.5856380208333334,0.07382429650913055,0.5772156450542155,0,1.769166992744431
7.483333333333312,870.6908024543342,673.4297828927924,-0.442571485568013,85.0,-20.932994213061235,0.003990815102952239,-10.559576328761926,-10.559576328761926,0.5352473958333334,-0.19583748850175856,0.5645575531169741,0,1.7596249817870557
7.499999999999979,871.970978070177,672.8230746951835,-0.4430859587196544,85.0,-20.934977934515192,-0.0016980585110844548,-10.232115347597247,-10.232115347597247,0.5765755208333333,-0.009078688532258045,0.5999213697924434,0,2.1466670150402933
7.516666666666645,873.250841381535,672.2157079619126,-0.43873803936521827,85.0,-20.937383516249895,-0.00604597786552058,-9.038680790928057,-9.038680790928057,0.5904036458333334,0.0765779476418034,0.5748997858437208,0,2.158999996026978
7.533333333333312,874.5333333686407,671.6139116945146,-0.45034695597545793,85.0,-20.945948599377974,0.0055629387447190815,-10.749002048688865,-10.749002048688865,0.5376171875,-0.20206734342846577,0.5630497334006082,0,2.152458007913083
7.5499999999999785,875.808752892186,670.997267969659,-0.44992873470378864,85.0,-20.94585647586164,-0.0010994247104230692,-10.245317579154268,-10.245317579154268,0.58203125,0.00738024138390863,0.6033637284701114,0,1.785957982065156
7.566666666666645,877.0844301977055,670.3811577062912,-0.4465738731583468,85.0,-20.947413993887686,-0.004454286255864914,-9.23015411873418,-9.23015411873418,0.5923828125,0.05913441385844907,0.5760787902796181,0,2.1701249934267253
7.583333333333312,878.3621672850494,669.7693306228188,-0.4575553751630925,85.0,-20.95372421188357,0.006527215748880821,-10.823762685808285,-10.823762685808285,0.5420833333333334,-0.19141850574677827,0.5813433877950007,0,1.77425000583753
7.599999999999978,879.633108684542,669.1435092397547,-0.45363497901299427,85.0,-20.952420454865617,-0.003682194782989645,-9.684325390277738,-9.684325390277738,0.5683984375,0.06907339859506799,0.5991872262723615,0,1.7969999753404409
7.616666666666645,880.9064937786325,668.5226752469736,-0.4512986581508579,85.0,-20.957636885686963,-0.006018515645126009,-8.874495647160943,-8.874495647160943,0.5805078125,0.041205854386447166,0.5737985315385471,0,1.78416701965034
7.6333333333333115,882.1813258634947,667.9048179820246,-0.4623030339084545,85.0,-20.96616306471072,0.004985860112470597,-10.485649157436889,-10.485649157436889,0.5310416666666666,-0.1918075203031395,0.563682602866581,0,1.7589160124771297
7.649999999999978,883.4492817641368,667.2729696786546,-0.462477347169633,85.0,-20.96720512096817,-0.0011778378948435477,-10.09908526004465,-10.09908526004465,0.5714192708333333,-0.00307610667121775,0.5999753738388081,0,2.1292910096235573
7.666666666666645,884.7171275059776,666.640900363357,-0.4587247224525629,85.0,-20.968873724266707,-0.004930462611913656,-9.017583037674735,-9.017583037674735,0.5826041666666667,0.06612623730306069,0.575740776672118,0,2.1987910149618983
7.683333333333311,885.9873362341737,666.0135932366167,-0.4698232940168703,85.0,-20.97585851800072,0.006168108952393725,-10.639530334096943,-10.639530334096943,0.5334765625,-0.1934088905829233,0.5741454458817429,0,2.167750004446134
7.699999999999978,887.2505046619951,665.3722275317341,-0.4662228780274585,85.0,-20.975400987330318,-0.0038234952848765213,-9.564589016536614,-9.564589016536614,0.5647395833333333,0.0634514616733673,0.6028162748995677,0,2.1559169981628656
7.716666666666645,888.5159740809521,664.7354139058364,-0.4641143085883696,85.0,-20.980817592452855,-0.005932064723965401,-8.800272675200318,-8.800272675200318,0.5725260416666667,0.03719288965209385,0.5759045971677285,0,2.1960409940220416
7.733333333333311,889.7827834514854,664.1012700237612,-0.47512496858680703,85.0,-20.98922130152475,0.005078595274472019,-10.415126821794033,-10.415126821794033,0.5268098958333334,-0.1919143862772467,0.5642817294281729,0,1.7415839829482138
7.749999999999978,891.0425338306168,663.4532164559731,-0.47436910341097527,85.0,-20.990500534058544,-0.002125878193839914,-9.862676301872646,-9.862676301872646,0.5657421875,0.013338006209790004,0.5974640371867865,0,1.7856670019682497
7.766666666666644,892.3027736909575,662.8061152746631,-0.4720060194400589,85.0,-20.99351219256463,-0.004488962164756305,-9.040775472071157,-9.040775472071157,0.5778255208333334,0.041677333883025185,0.5735474346833046,0,2.226166019681841
7.783333333333311,893.5645391856116,662.1619939499542,-0.4831003079140097,85.0,-20.999871534273723,0.006605326309194526,-10.660834825527266,-10.660834825527266,0.5294661458333333,-0.19333609788734554,0.5624144179034288,0,2.112749993102625
7.799999999999978,894.8190811087757,661.5039141618828,-0.48192122597609327,85.0,-20.99920478104736,-0.001084097664717176,-10.022229330996876,-10.022229330996876,0.5707291666666666,0.020804326286989798,0.5988604066462615,0,2.1889579948037863
7.816666666666644,896.0743980896983,660.847314038633,-0.47910823934428326,85.0,-21.000740585771553,-0.003897084296527187,-9.112804088725765,-9.112804088725765,0.5826692708333333,0.04960022529449514,0.5680369373265075,0,1.802625018171966
7.833333333333311,897.3315571089626,660.1942476984141,-0.4880561473237644,85.0,-21.006261441217106,0.005050823682953953,-10.353301134232069,-10.353301134232069,0.5236197916666666,-0.15661116698075853,0.5643660251821283,0,2.1454170055221766
7.849999999999977,898.5828223017688,659.529958708805,-0.4879532397664102,85.0,-21.008043070392894,-0.0016285517598475518,-9.92115019578295,-9.92115019578295,0.5610416666666667,0.0018160137216650107,0.596846815644006,0,2.279540989547968
7.866666666666644,899.8341558483069,658.8657984873577,-0.4847853252348511,85.0,-21.01035018436618,-0.004796466291406619,-8.951425987829733,-8.951425987829733,0.5735416666666666,0.055846243756670404,0.569921030697727,0,2.1961669845040888
7.883333333333311,901.0875871151547,658.2056057096536,-0.49396087747977474,85.0,-21.017145152224685,0.004379085953516992,-10.238180647106843,-10.238180647106843,0.5182682291666667,-0.16052824592706477,0.566142684401451,0,2.11537501309067
7.899999999999977,902.3349080703834,657.5339399601236,-0.4934706423606251,85.0,-21.020159611979864,-0.0027582213191780784,-9.740231444894704,-9.740231444894704,0.5529557291666667,0.008650992166079077,0.5937045530820002,0,2.148083003703505
7.916666666666644,903.5825581498532,656.862885771817,-0.49113037005394633,85.0,-21.024067087227476,-0.005098493625856848,-8.926785985768376,-8.926785985768376,0.5671744791666666,0.041275467229347225,0.5661231366725684,0,2.161832991987467
7.9333333333333105,904.8317752608126,656.1947532594136,-0.5001003294304138,85.0,-21.031307094768263,-0.002850783459254602,-10.17808377378693,-10.17808377378693,0.5097265625,-0.15699081976379403,0.5595042385601762,0,2.153292007278651
7.949999999999977,906.0749490748709,655.5154423493849,-0.4995205647128941,85.0,-21.03534569919862,-0.00343054817677435,-9.666120032274716,-9.666120032274716,0.5490234375,0.01023078511037287,0.5952028009543574,0,1.7955829971469939
7.966666666666644,907.3185165204728,654.8368523017983,-0.4967736580278161,85.0,-21.040205632916525,-0.006177454861852338,-8.781951998965985,-8.781951998965985,0.5611328125,0.048436908444537775,0.5667323939607651,0,2.182249998440966
7.98333333333331,908.5639432956049,654.1616807737934,-0.5061685197722136,85.0,-21.04923042404979,-0.003584694767505891,-10.113635667024557,-10.113635667024557,0.506015625,-0.1642972163287278,0.5615886000028905,0,1.8634999869391322
7.999999999999977,909.8029720584749,653.4748386018025,-0.5062668259944008,85.0,-21.05430873076097,-0.003486388545318686,-9.72675247403516,-9.72675247403516,0.541875,-0.001734813945301436,0.5626532757211258,0,2.3099590034689754
8.016666666666644,911.0419332944989,652.7878746288939,-0.5168916745635211,85.0,-21.059247771194595,0.007138460023801696,-11.237886553026986,-11.237886553026986,0.49856770833333336,-0.1853453684424906,0.5550176120138577,0,2.145791979273781
8.033333333333312,912.2735258487601,652.0877859025649,-0.5156842537298726,85.0,-21.049712291012597,-0.0009557012931655783,-10.571372131897208,-10.571372131897208,0.5371614583333333,0.021304202784758017,0.5908804400767842,0,2.1478749986272305
8.04999999999998,913.5059628067817,651.3891847367005,-0.5137169925071045,85.0,-21.051066200971803,-0.0029229625159337136,-9.79303323764416,-9.79303323764416,0.5476171875,0.03470243756299781,0.5610699276208265,0,2.189000020734966
8.066666666666647,914.7397717100639,650.6930094465429,-0.523045785906372,85.0,-21.055207058639656,0.006405830883333796,-11.073964861987026,-11.073964861987026,0.4943489583333333,-0.1631622812986808,0.5566014221831244,0,2.094291994580999
8.083333333333314,915.9670325455169,649.9853546675668,-0.5223063301216778,85.0,-21.047068452636342,-0.0013099102380009775,-10.498295170410083,-10.498295170410083,0.5302604166666667,0.01304847912256063,0.5943016186918626,0,2.1277909982018173
8.099999999999982,917.1948163248121,649.278607587103,-0.5174597311271597,85.0,-21.048924158276215,-0.006156509232519092,-9.203474976594098,-9.203474976594098,0.5346875,0.08532057965304052,0.5676948928764328,0,1.7729579994920641
8.11666666666665,918.4260109903882,648.5778193595327,-0.5267783912239783,85.0,-21.05764582459303,0.0031621508642994955,-10.50516709118513,-10.50516709118513,0.4833072916666667,-0.1629881718427884,0.5589205306989142,0,2.1173330023884773
8.133333333333317,919.6506218866845,647.8655886405116,-0.5265569988814441,85.0,-21.054523710232647,-0.0041301061533168815,-10.045006831360958,-10.045006831360958,0.5155598958333333,0.003906903813464528,0.5854455650527934,0,2.1465000172611326
8.149999999999984,920.8753904353947,647.1536290584183,-0.524050883816044,85.0,-21.06037467731573,-0.006636221218716987,-9.189276476644398,-9.189276476644398,0.5303255208333333,0.044196760174614505,0.5576990369547689,0,2.1515839907806367
8.166666666666652,922.1019393887254,646.4447411197937,-0.5326645229839707,85.0,-21.069775921704306,0.0019774179492096917,-10.366900647900644,-10.366900647900644,0.4698046875,-0.15085063681948382,0.5571256486286138,0,2.085499989334494
8.18333333333332,923.3223368111657,645.7253145594376,-0.5319025336789769,85.0,-21.0688231591407,-0.005955187393499428,-9.814095317987746,-9.814095317987746,0.502265625,0.013446059695914524,0.5878909822571794,0,1.7654999974183738
8.199999999999987,924.5432820745992,645.0068181376347,-0.5293379959690488,85.0,-21.077259624749065,-0.008519725103427467,-8.956568547251846,-8.956568547251846,0.5136458333333334,0.045225688259769185,0.5619077453206985,0,2.1393340139184147
8.216666666666654,925.7660659321942,644.2914552352911,-0.5380941711985844,85.0,-21.08932908929922,0.0002364501261080676,-10.168225638382474,-10.168225638382474,0.45967447916666665,-0.15330824964264023,0.5600526750015866,0,1.699082989944145
8.233333333333322,926.9825391514161,643.5654129835175,-0.5363863344499538,85.0,-21.091411078777462,-0.008747072910077813,-9.451830652688532,-9.451830652688532,0.4897005208333333,0.030129175493243336,0.5924419429598449,0,2.1038749837316573
8.24999999999999,928.2002505576266,642.8414493272272,-0.5325285872307521,85.0,-21.103802607383383,-0.012604820129279437,-8.374811614095949,-8.374811614095949,0.49666666666666665,0.06797301234237405,0.5597766839549404,0,1.7267499933950603
8.266666666666657,929.4207457645823,642.1221886691604,-0.5403584060017309,85.0,-21.121658963050358,-0.004775001358300668,-9.444580067037741,-9.444580067037741,0.4324088541666667,-0.13730388192920007,0.5538689930109589,0,2.046208013780415
8.283333333333324,930.6355719367924,641.3933938998614,-0.540182105841664,85.0,-21.131493766831753,-0.012337533392236866,-9.033010605729768,-9.033010605729768,0.4660286458333333,0.0031111692572013683,0.5979805095690971,0,2.081749989883974
8.299999999999992,931.8505265767569,640.6648133159359,-0.5353713104293608,85.0,-21.14897149573489,-0.017148328804540095,-7.800497534797186,-7.800497534797186,0.4693359375,0.08469330646819939,0.0,0,2.1651250135619193
8.31666666666666,933.0689721960545,639.9420860387012,-0.5371204881658473,85.0,-21.17326377091505,-0.015399151068053563,-7.800497534797186,-7.800497534797186,0.0,-0.030858044139036298,0.0,0,1.4649579825345427
8.333333333333327,934.2861517735423,639.2172285902391,-0.5388698502562559,85.0,-21.198893322425672,-0.02115220808390272,-7.800497534797186,-7.800497534797186,0.0,-0.030861294346342463,0.0,0,1.4749170222785324
8.349999999999994,935.5020614510884,638.4902429641816,-0.5406193967006235,85.0,-21.228856716078102,-0.01940266163953508,-7.800497534797186,-7.800497534797186,0.0,-0.030864544553648628,0.0,0,1.4763340004719794
8.366666666666662,936.7166973732699,637.7611311613757,-0.5423691274989872,85.0,-21.256342095452354,-0.017652930841171366,-7.800497534797186,-7.800497534797186,0.0,-0.030867794760954793,0.0,0,1.4698329905513674
8.38333333333333,937.9300556873869,637.0298951898812,-0.544119042651384,85.0,-21.286008345433594,-0.023527440126575146,-7.800497534797186,-7.800497534797186,0.0,-0.030871044968260958,0.0,0,1.4697499864269048
8.399999999999997,939.1421325434762,636.2965370649674,-0.5458691421578508,85.0,-21.319335810731022,-0.021777340620108387,-7.800497534797186,-7.800497534797186,0.0,-0.030874295175567123,0.0,0,1.4799999771639705
8.416666666666664,940.352924094325,635.5610588091109,-0.5476194260184246,85.0,-21.35018460478803,-0.020027056759534534,-7.800497534797186,-7.800497534797186,0.0,-0.030877545382873288,0.0,0,1.454332988942042
8.433333333333332,941.5624264954844,634.8234624519927,-0.5493698942331426,85.0,-21.384167563335254,-0.02602902329956458,-7.800497534797186,-7.800497534797186,0.0,-0.030880795590179456,0.0,0,1.5190419799182564
8.45,942.7706359052835,634.0837500304954,-0.5511205468020418,85.0,-21.42103784934902,-0.02427837073066541,-7.800497534797186,-7.800497534797186,0.0,-0.03088404579748562,0.0,0,1.4686670037917793
8.466666666666667,943.9775484848428,633.3419235887006,-0.5528713837251591,85.0,-21.45542882908598,-0.022527533807548128,-7.800497534797186,-7.800497534797186,0.0,-0.030887296004791787,0.0,0,1.4667919895146042
8.483333333333334,945.1831603980885,632.5979851778865,-0.5546224050025316,85.0,-21.494026741041612,-0.02866316020111559,-7.800497534797186,-7.800497534797186,0.0,-0.03089054621209795,0.0,0,1.5023750020191073
8.500000000000002,946.3874678117653,631.8519368565242,-0.5563736106341962,85.0,-21.534627324711057,-0.026911954569450947,-7.800497534797186,-7.800497534797186,0.0,-0.030893796419404117,0.0,0,1.4823749952483922
8.51666666666667,947.590466895451,631.1037806902755,-0.5581250006201901,85.0,-21.572747991792482,-0.025160564583457057,-7.800497534797186,-7.800497534797186,0.0,-0.030897046626710282,0.0,0,1.4511670160572976
8.533333333333337,948.7921538215696,630.35351875199,-0.5598765749605502,85.0,-21.616278110351047,-0.03143626206602301,-7.800497534797186,-7.800497534797186,0.0,-0.030900296834016447,0.0,0,1.4647910138592124
8.550000000000004,949.9925247654057,629.6011531217022,-0.5616283336553136,85.0,-21.660805480154885,-0.029684503371259607,-7.800497534797186,-7.800497534797186,0.0,-0.030903547041322612,0.0,0,1.4748329995200038
8.566666666666672,951.1915759051176,628.8466858866283,-0.5633802767045175,85.0,-21.70285235089095,-0.02793256032205571,-7.800497534797186,-7.800497534797186,0.0,-0.03090679724862878,0.0,0,1.4676249993499368
8.58333333333334,952.3893034217513,628.0901191411637,-0.5651324041081988,85.0,-21.751651741374435,-0.03435496008032202,-7.800497534797186,-7.800497534797186,0.0,-0.030910047455934946,0.0,0,1.5442500007338822
8.600000000000007,953.5857034992541,627.3314549868796,-0.5668847158663944,85.0,-21.80031169491061,-0.03260264832212634,-7.800497534797186,-7.800497534797186,0.0,-0.03091329766324111,0.0,0,1.4697499864269048
8.616666666666674,954.7807723244888,626.5706955325206,-0.5686372119791416,85.0,-21.846490598174782,-0.030850152209379145,-7.800497534797186,-7.800497534797186,0.0,-0.030916547870547276,0.0,0,1.4795419992879033
8.633333333333342,955.9745060872467,625.8078428940012,-0.5703898924464774,85.0,-21.900916969100656,-0.037426116980543545,-7.800497534797186,-7.800497534797186,0.0,-0.03091979807785344,0.0,0,1.4404590183403343
8.65000000000001,957.166900980262,625.0428991944026,-0.5721427572684389,85.0,-21.95392492463424,-0.03567325215858208,-7.800497534797186,-7.800497534797186,0.0,-0.030923048285159606,0.0,0,1.4845830155536532
8.666666666666677,958.357953199225,624.2758665639703,-0.573895806445063,85.0,-22.00482094433124,-0.042410072455693726,-7.800497534797186,-7.800497534797186,0.0,-0.03092629849246577,0.0,0,1.4726249792147428
8.683333333333344,959.5476589427961,623.5067471401107,-0.575649039976387,85.0,-22.06488387152521,-0.040656838924369776,-7.800497534797186,-7.800497534797186,0.0,-0.030929548699771936,0.0,0,1.4813749876338989
8.700000000000012,960.7360144126199,622.7355430673877,-0.5774024578624477,85.0,-22.122465193493266,-0.03890342103830902,-7.800497534797186,-7.800497534797186,0.0,-0.030932798907078105,0.0,0,1.4479580277111381
8.71666666666668,961.9230158133378,621.9622564975198,-0.5791560601032825,85.0,-22.17953243307916,-0.04580827420851252,-7.800497534797186,-7.800497534797186,0.0,-0.03093604911438427,0.0,0,1.477875019190833
8.733333333333347,963.1086593526031,621.1868895893771,-0.5809098466989282,85.0,-22.244404794646893,-0.04405448761286679,-7.800497534797186,-7.800497534797186,0.0,-0.030939299321690435,0.0,0,1.4471250178758055
8.750000000000014,964.2929412410939,620.4094445089777,-0.5826638176494221,85.0,-22.306795133021847,-0.04230051666237289,-7.800497534797186,-7.800497534797186,0.0,-0.0309425495289966,0.0,0,1.4755830052308738
8.766666666666682,965.4758576925269,619.629923429485,-0.5844179729548012,85.0,-22.37044788373055,-0.04938103229781632,-7.800497534797186,-7.800497534797186,0.0,-0.030945799736302765,0.0,0,1.5357079973910004
8.78333333333335,966.6574049236715,618.848328531204,-0.5861723126151026,85.0,-22.44037591830561,-0.047626692637514956,-7.800497534797186,-7.800497534797186,0.0,-0.03094904994360893,0.0,0,1.4928749878890812
8.800000000000017,967.8375791543631,618.0646620015781,-0.5879268366303634,85.0,-22.507821561613284,-0.04587216862225418,-7.800497534797186,-7.800497534797186,0.0,-0.030952300150915095,0.0,0,1.4093329955358058
8.816666666666684,969.016376607517,617.278926035186,-0.5896815450006208,85.0,-22.57849790987069,-0.05313625674090661,-7.800497534797186,-7.800497534797186,0.0,-0.030955550358221263,0.0,0,1.457624981412664
8.833333333333352,970.1937935091424,616.4911228337382,-0.5914364377259117,85.0,-22.653738855264784,-0.05138136401561566,-7.800497534797186,-7.800497534797186,0.0,-0.03095880056552743,0.0,0,1.4711249968968332
8.85000000000002,971.3698260883556,615.7012546060739,-0.5931915148062734,85.0,-22.726497096923495,-0.04962628693525395,-7.800497534797186,-7.800497534797186,0.0,-0.030962050772833594,0.0,0,1.481041981605813
8.866666666666687,972.5444705773941,614.9093235681571,-0.594946776241743,85.0,-22.80465980228013,-0.057082150657959074,-7.800497534797186,-7.800497534797186,0.0,-0.03096530098013976,0.0,0,1.4778749900870025
8.883333333333354,973.7177232116303,614.1153319430738,-0.5967022220323575,85.0,-22.885482274075887,-0.05532670486734459,-7.800497534797186,-7.800497534797186,0.0,-0.030968551187445924,0.0,0,1.5332920011132956
8.900000000000022,974.889580229585,613.3192819610282,-0.598457852178154,85.0,-22.96382179157181,-0.053571074721548095,-7.800497534797186,-7.800497534797186,0.0,-0.03097180139475209,0.0,0,1.5054999967105687
8.91666666666669,976.0600378729414,612.5211758593393,-0.6002136666791698,85.0,-23.049959151839865,-0.06122722303228844,-7.800497534797186,-7.800497534797186,0.0,-0.030975051602058254,0.0,0,1.560375007102266
8.933333333333357,977.2290923865587,611.7210158824375,-0.601969665535442,85.0,-23.136643534096017,-0.05947122417601624,-7.800497534797186,-7.800497534797186,0.0,-0.030978301809364422,0.0,0,1.5528750082012266
8.950000000000024,978.3967400184858,610.9188042818611,-0.6037258487470076,85.0,-23.220844780323993,-0.05771504096445057,-7.800497534797186,-7.800497534797186,0.0,-0.030981552016670588,0.0,0,1.4580409915652126
8.966666666666692,979.562977019975,610.1145433162524,-0.605482216313904,85.0,-23.31547147129778,-0.06558030148078053,-7.800497534797186,-7.800497534797186,0.0,-0.030984802223976753,0.0,0,1.4734170108567923
8.98333333333336,980.727799645496,609.3082352513547,-0.6072387682361681,85.0,-23.408310318476808,-0.06382374955851644,-7.800497534797186,-7.800497534797186,0.0,-0.030988052431282918,0.0,0,1.5914169780444354
9.000000000000027,981.8912041527491,608.4998823600085,-0.6089955045138371,85.0,-23.50054265540663,-0.0719074655779629,-7.800497534797186,-7.800497534797186,0.0,-0.030991302638589083,0.0,0,1.52824999531731
9.016666666666694,983.0531868026793,607.6894869221478,-0.6107524251469483,85.0,-23.602323799018905,-0.07015054494485172,-7.800497534797186,-7.800497534797186,0.0,-0.030994552845895248,0.0,0,1.5066250052768737
9.033333333333362,984.21374385949,606.8770512247962,-0.6125095301355387,85.0,-23.701622247992198,-0.06839343995626135,-7.800497534797186,-7.800497534797186,0.0,-0.030997803053201413,0.0,0,1.4799580094404519
9.05000000000003,985.3728715906567,606.0625775620638,-0.6142668194796455,85.0,-23.803137473803588,-0.07670492989340849,-7.800497534797186,-7.800497534797186,0.0,-0.03100105326050758,0.0,0,1.4951249759178609
9.066666666666697,986.5305662669406,605.2460682351432,-0.6160242931793057,85.0,-23.911696264447535,-0.07494745619374821,-7.800497534797186,-7.800497534797186,0.0,-0.031004303467813746,0.0,0,1.5062500024214387
9.083333333333364,987.6868241624023,604.4275255523056,-0.6177819512345567,85.0,-24.017772455134697,-0.07318979813849724,-7.800497534797186,-7.800497534797186,0.0,-0.03100755367511991,0.0,0,1.474290998885408
9.100000000000032,988.8416415544157,603.6069518288975,-0.6195397936454357,85.0,-24.129155688196196,-0.0817389207764686,-7.800497534797186,-7.800497534797186,0.0,-0.031010803882426077,0.0,0,1.4777499891351908
9.1166666666667,989.9950147236815,602.7843493873365,-0.6212978204119797,85.0,-24.244823591109053,-0.07998089400992459,-7.800497534797186,-7.800497534797186,0.0,-0.03101405408973224,0.0,0,1.464790984755382
9.133333333333367,991.1469399542411,601.9597205571077,-0.6230560315342258,85.0,-24.358009093959744,-0.07822268288767842,-7.800497534797186,-7.800497534797186,0.0,-0.031017304297038407,0.0,0,1.4490419998764992
9.150000000000034,992.2974135334904,601.1330676747599,-0.6248144270122115,85.0,-24.479874176534594,-0.08701966473462985,-7.800497534797186,-7.800497534797186,0.0,-0.031020554504344572,0.0,0,1.2834159715566784
9.166666666666702,993.4464317521929,600.3043930839016,-0.6265730068459737,85.0,-24.60299650847712,-0.08526108490086759,-7.800497534797186,-7.800497534797186,0.0,-0.031023804711650737,0.0,0,1.4824169920757413
9.183333333333369,994.5939909044941,599.4736991351972,-0.6283317710355498,85.0,-24.72363675660138,-0.08350232071129149,-7.800497534797186,-7.800497534797186,0.0,-0.031027054918956905,0.0,0,1.497500023106113
9.200000000000037,995.740087287935,598.6409881863631,-0.6300907195809768,85.0,-24.85662667658935,-0.09255776705438945,-7.800497534797186,-7.800497534797186,0.0,-0.03103030512626307,0.0,0,1.488042005803436
9.216666666666704,996.8847172034656,597.8062626021638,-0.6318498524822921,85.0,-24.987563038892773,-0.09079863415307421,-7.800497534797186,-7.800497534797186,0.0,-0.031033555333569236,0.0,0,1.4632499951403588
9.233333333333372,998.0278769554589,596.9695247544079,-0.6336091697395327,85.0,-25.11919983759659,-0.10012372359363764,-7.800497534797186,-7.800497534797186,0.0,-0.0310368055408754,0.0,0,1.4511669869534671
9.250000000000039,999.1695628517241,596.1307770219439,-0.635368671352736,85.0,-25.260804909542202,-0.09836422198043437,-7.800497534797186,-7.800497534797186,0.0,-0.031040055748181566,0.0,0,1.4835410111118108
9.266666666666707,1000.3097712035211,595.2900217906567,-0.6371283573219391,85.0,-25.39992961984968,-0.0966045360112313,-7.800497534797186,-7.800497534797186,0.0,-0.03104330595548773,0.0,0,1.4799580094404519
9.283333333333374,1001.4484983255736,594.4472614534632,-0.6388882276471792,85.0,-25.543677385870165,-0.1062104764465327,-7.800497534797186,-7.800497534797186,0.0,-0.031046556162793896,0.0,0,1.4720000035595149
9.300000000000042,1002.5857405360827,593.6024984103079,-0.6406482823284936,85.0,-25.693859496433063,-0.10445042176521835,-7.800497534797186,-7.800497534797186,0.0,-0.031049806370100064,0.0,0,1.4900000242050737
9.316666666666709,1003.721494156741,592.7557350681598,-0.6424085213659193,85.0,-25.841562015311855,-0.10269018272779262,-7.800497534797186,-7.800497534797186,0.0,-0.03105305657740623,0.0,0,1.4616659900639206
9.333333333333377,1004.8557555127461,591.906973841007,-0.6441689447594937,85.0,-25.99813661850182,-0.11258877204204774,-7.800497534797186,-7.800497534797186,0.0,-0.031056306784712395,0.0,0,1.4810829889029264
9.350000000000044,1005.9885209328143,591.0562171498536,-0.6459295525092542,85.0,-26.15730061431463,-0.11082816429228724,-7.800497534797186,-7.800497534797186,0.0,-0.03105955699201856,0.0,0,1.4851249870844185
9.366666666666712,1007.1197867491942,590.2034674227151,-0.6476903446152378,85.0,-26.31398596221236,-0.10906737218630369,-7.800497534797186,-7.800497534797186,0.0,-0.031062807199324725,0.0,0,1.4947080053389072
9.383333333333379,1008.2495492976806,589.3487270946142,-0.6494513210774818,85.0,-26.48413165862498,-0.11927081974780873,-7.800497534797186,-7.800497534797186,0.0,-0.03106605740663089,0.0,0,1.4711249968968332
9.400000000000047,1009.3778049176278,588.4919986075765,-0.6512124818960234,85.0,-26.652698330649137,-0.11750965892926712,-7.800497534797186,-7.800497534797186,0.0,-0.031069307613937055,0.0,0,1.472042000386864
9.416666666666714,1010.5045499519639,587.6332844106265,-0.6529738270709,85.0,-26.822394265347697,-0.1280307736309667,-7.800497534797186,-7.800497534797186,0.0,-0.03107255782124322,0.0,0,1.4714169956278056
9.433333333333382,1011.6297807472038,586.7725869597831,-0.6547353566021487,85.0,-27.003276082510396,-0.12626924409971807,-7.800497534797186,-7.800497534797186,0.0,-0.03107580802854939,0.0,0,1.421332999598235
9.450000000000049,1012.7534936534631,585.9099087180554,-0.6564970704898065,85.0,-27.181682545192118,-0.12450753021206018,-7.800497534797186,-7.800497534797186,0.0,-0.031079058235855554,0.0,0,1.4782079961150885
9.466666666666717,1013.8756850244723,585.0452521554381,-0.6582589687339113,85.0,-27.366068629166374,-0.13535916846165874,-7.800497534797186,-7.800497534797186,0.0,-0.03108230844316172,0.0,0,1.4280420145951211
9.483333333333384,1014.9963512175896,584.1786197489077,-0.6600210513345,85.0,-27.557242416502184,-0.1335970858610701,-7.800497534797186,-7.800497534797186,0.0,-0.031085558650467884,0.0,0,1.4954170037526637
9.500000000000052,1016.1154885938149,583.3100139824177,-0.6617833182916099,85.0,-27.74594245833262,-0.1318348189039602,-7.800497534797186,-7.800497534797186,0.0,-0.03108880885777405,0.0,0,1.4639580040238798
9.516666666666719,1017.2330935178039,582.4394373468939,-0.6635457696052781,85.0,-27.94582479844191,-0.14303043560371864,-7.800497534797186,-7.800497534797186,0.0,-0.031092059065080214,0.0,0,1.4612080121878535
9.533333333333387,1018.3491623578813,581.5668923402308,-0.6653084052755421,85.0,-28.147761076517497,-0.14126779993345462,-7.800497534797186,-7.800497534797186,0.0,-0.03109530927238638,0.0,0,1.4632910024374723
9.550000000000054,1019.4636914860542,580.6923814672862,-0.667071225302439,85.0,-28.348235419659645,-0.15257273496723053,-7.800497534797186,-7.800497534797186,0.0,-0.031098559479692547,0.0,0,1.4575000095646828
9.566666666666721,1020.5766772780268,579.8159072398774,-0.6688342296860061,85.0,-28.563542517787592,-0.15080973058366343,-7.800497534797186,-7.800497534797186,0.0,-0.031101809686998712,0.0,0,1.430167001672089
9.583333333333389,1021.6881161132126,578.9374721767765,-0.6705974184262808,85.0,-28.776380706689118,-0.14904654184338872,-7.800497534797186,-7.800497534797186,0.0,-0.031105059894304878,0.0,0,1.479625003412366
9.600000000000056,1022.7980043747493,578.0570788037055,-0.6723607915233004,85.0,-28.99313130284899,-0.16000578895497242,-7.800497534797186,-7.800497534797186,0.0,-0.031108310101611043,0.0,0,1.4741250197403133
9.616666666666724,1023.906338449512,577.1747296533323,-0.674124348977102,85.0,-29.218840191818984,-0.15824223150117078,-7.800497534797186,-7.800497534797186,0.0,-0.031111560308917208,0.0,0,1.4554169902112335
9.633333333333391,1025.0131147281265,576.2904272652654,-0.6758880907877232,85.0,-29.442082271330875,-0.15647848969054967,-7.800497534797186,-7.800497534797186,0.0,-0.031114810516223373,0.0,0,1.473957992857322
9.650000000000059,1026.1183296049835,575.4041741860501,-0.6776520169552009,85.0,-29.673720814536424,-0.16709046483885115,-7.800497534797186,-7.800497534797186,0.0,-0.031118060723529538,0.0,0,1.4830840227659792
9.666666666666726,1027.2219794782516,574.515972969163,-0.6794161274795728,85.0,-29.909332376135964,-0.16532635431447928,-7.800497534797186,-7.800497534797186,0.0,-0.031121310930835706,0.0,0,1.4517079980578274
9.683333333333394,1028.3240607498917,573.6258261750081,-0.6811804223608761,85.0,-30.142479221978114,-0.16356205943317603,-7.800497534797186,-7.800497534797186,0.0,-0.03112456113814187,0.0,0,1.4592500228900462
9.700000000000061,1029.4245698256702,572.7337363709114,-0.6829449015991479,85.0,-30.388707604894186,-0.1740377920725965,-7.800497534797186,-7.800497534797186,0.0,-0.031127811345448037,0.0,0,1.5123340126592666
9.716666666666729,1030.5235031151728,571.8397061311166,-0.6847095651944258,85.0,-30.63401837762823,-0.17227312847731854,-7.800497534797186,-7.800497534797186,0.0,-0.0311310615527542,0.0,0,1.5790839970577508
9.733333333333396,1031.6208570318176,570.9437380367801,-0.686474413146747,85.0,-30.87993393064576,-0.18261834614087102,-7.800497534797186,-7.800497534797186,0.0,-0.031134311760060367,0.0,0,1.490583992563188
9.750000000000064,1032.7166279928692,570.0458346759666,-0.6882394454561487,85.0,-31.137207680828684,-0.18085331383146933,-7.800497534797186,-7.800497534797186,0.0,-0.03113756196736653,0.0,0,1.306332997046411
9.766666666666731,1033.8108124194528,569.1459986436437,-0.6900046621226683,85.0,-31.392022147893798,-0.17908809716494967,-7.800497534797186,-7.800497534797186,0.0,-0.031140812174672697,0.0,0,1.4555839879903942
9.783333333333399,1034.9034067365662,568.2442325416773,-0.6917700631463433,85.0,-31.65178311267655,-0.18930815696753212,-7.800497534797186,-7.800497534797186,0.0,-0.031144062381978865,0.0,0,1.4439589867834002
9.800000000000066,1035.9944073730958,567.3405389788272,-0.6935356485272107,85.0,-31.91837067682294,-0.18754257158666468,-7.800497534797186,-7.800497534797186,0.0,-0.03114731258928503,0.0,0,1.4225829800125211
9.816666666666734,1037.0838107618276,566.4349205707414,-0.6953014182653081,85.0,-32.18250126638122,-0.18577680184856726,-7.800497534797186,-7.800497534797186,0.0,-0.031150562796591195,0.0,0,1.4761669735889882
9.833333333333401,1038.171613339463,565.5273799399515,-0.697067372360673,85.0,-32.45565812977687,-0.19587724022830055,-7.800497534797186,-7.800497534797186,0.0,-0.03115381300389736,0.0,0,1.4733330172020942
9.850000000000069,1039.2578115466308,564.6179197158682,-0.6988335108133423,85.0,-32.73137981904439,-0.19411110177563118,-7.800497534797186,-7.800497534797186,0.0,-0.031157063211203526,0.0,0,1.4707910013385117
9.866666666666736,1040.342401827902,563.7065425347756,-0.7005998336233537,85.0,-33.004646895619786,-0.19234477896561986,-7.800497534797186,-7.800497534797186,0.0,-0.03116031341850969,0.0,0,1.4955829828977585
9.883333333333404,1041.4253806318027,562.7932510398266,-0.7023663407907443,85.0,-33.29076774421784,-0.2023311247460475,-7.800497534797186,-7.800497534797186,0.0,-0.031163563625815856,0.0,0,1.4747910026926547
9.900000000000071,1042.5067444108277,561.8780478810377,-0.7041330323155517,85.0,-33.57545179325574,-0.20056443322124018,-7.800497534797186,-7.800497534797186,0.0,-0.03116681383312202,0.0,0,1.4220000011846423
9.916666666666739,1043.5864896214543,560.9609357152842,-0.7058999081978131,85.0,-33.86042287111252,-0.21044239008541143,-7.800497534797186,-7.800497534797186,0.0,-0.03117006404042819,0.0,0,1.4239999873097986
9.933333333333406,1044.664612724156,560.0419172062948,-0.7076669684375659,85.0,-34.156353984481086,-0.20867532984565862,-7.800497534797186,-7.800497534797186,0.0,-0.031173314247734354,0.0,0,1.4786669926252216
9.950000000000074,1045.741110183416,559.1209950246466,-0.7094342130348475,85.0,-34.44983652884769,-0.206908085248377,-7.800497534797186,-7.800497534797186,0.0,-0.03117656445504052,0.0,0,1.4677080034743994
9.966666666666741,1046.8159784677398,558.1981718477601,-0.7112016419896955,85.0,-34.74712077571678,-0.2166829774332217,-7.800497534797186,-7.800497534797186,0.0,-0.031179814662346685,0.0,0,1.4748329995200038
9.983333333333409,1047.8892140496707,557.2734503598939,-0.7129692553021469,85.0,-35.051691861406965,-0.21491536412077025,-7.800497534797186,-7.800497534797186,0.0,-0.03118306486965285,0.0,0,1.4887079887557775
10.000000000000076,1048.960813405802,556.3468332521393,-0.7147370529722392,85.0,-35.35381691013778,-0.213147566450678,-7.800497534797186,-7.800497534797186,0.0,-0.031186315076959015,0.0,0,1.4570410130545497
10.016666666666744,1050.0307730167904,555.4183232224156,-0.7165050350000098,85.0,-35.6630261540594,-0.22282489119065696,-7.800497534797186,-7.800497534797186,0.0,-0.03118956528426518,0.0,0,1.4792089932598174
10.033333333333411,1051.0990893673707,554.4879229754641,-0.7182732013854961,85.0,-35.976089020505015,-0.2210567248051707,-7.800497534797186,-7.800497534797186,0.0,-0.03119281549157135,0.0,0,1.4932499907445163
10.050000000000079,1052.1657589463682,553.5556352228439,-0.7200415521287354,85.0,-36.28670842496021,-0.21928837406193133,-7.800497534797186,-7.800497534797186,0.0,-0.031196065698877513,0.0,0,1.4717500016558915
10.066666666666746,1053.230778246713,552.6214626829254,-0.7218100872297655,85.0,-36.60747107392199,-0.22887361716578258,-7.800497534797186,-7.800497534797186,0.0,-0.03119931590618368,0.0,0,1.500999991549179
10.083333333333414,1054.294143765453,551.685408080886,-0.7235788066886233,85.0,-36.928885339466895,-0.22710489770692477,-7.800497534797186,-7.800497534797186,0.0,-0.031202566113489844,0.0,0,1.4831669977866113
10.100000000000081,1055.355852003768,550.7474741487038,-0.7253477105053464,85.0,-37.2478587594886,-0.22533599389020165,-7.800497534797186,-7.800497534797186,0.0,-0.03120581632079601,0.0,0,1.4882080140523612
10.116666666666749,1056.4158994669824,549.8076636251528,-0.7271167986799721,85.0,-37.57981942198492,-0.23483463019947692,-7.800497534797186,-7.800497534797186,0.0,-0.031209066528102174,0.0,0,1.4607080083806068
10.133333333333416,1057.47428266458,548.8659792557978,-0.728886071212538,85.0,-37.90945247890605,-0.23306535766691105,-7.800497534797186,-7.800497534797186,0.0,-0.03121231673540834,0.0,0,1.4839159848634154
10.150000000000084,1058.5309981102164,547.9224237929882,-0.7306555281030814,85.0,-38.23930525758913,-0.2424830363604482,-7.800497534797186,-7.800497534797186,0.0,-0.031215566942714504,0.0,0,1.4949580072425306
10.166666666666751,1059.586042321733,546.9769999958528,-0.7324251693516398,85.0,-38.579466415726,-0.24071339511188983,-7.800497534797186,-7.800497534797186,0.0,-0.031218817150020672,0.0,0,1.4830830041319132
10.183333333333419,1060.6394118211704,546.0297106302946,-0.7341949949582506,85.0,-38.917193393388885,-0.23894356950527904,-7.800497534797186,-7.800497534797186,0.0,-0.031222067357326837,0.0,0,1.475666998885572
10.200000000000086,1061.6911031347818,545.080558468985,-0.7359650049229511,85.0,-39.257702934104636,-0.24828556242699817,-7.800497534797186,-7.800497534797186,0.0,-0.031225317564633003,0.0,0,1.4640830049756914
10.216666666666754,1062.7411127930468,544.1295462913582,-0.737735199245779,85.0,-39.605838080969974,-0.2465153681041703,-7.800497534797186,-7.800497534797186,0.0,-0.031228567771939168,0.0,0,1.477915997384116
10.233333333333421,1063.789437330685,543.176676883606,-0.7395055779267715,85.0,-39.95154180889593,-0.2447449894231778,-7.800497534797186,-7.800497534797186,0.0,-0.031231817979245333,0.0,0,1.482874999055639
10.250000000000089,1064.8360732866688,542.2219530386717,-0.7412761409659662,85.0,-40.302391110739954,-0.2540167459825283,-7.800497534797186,-7.800497534797186,0.0,-0.031235068186551498,0.0,0,1.4722920022904873
10.266666666666756,1065.8810172042377,541.2653775562449,-0.7430468883634004,85.0,-40.65839070045004,-0.2522459985850941,-7.800497534797186,-7.800497534797186,0.0,-0.031238318393857663,0.0,0,1.4759170007891953
10.283333333333424,1066.9242656309111,540.3069532427554,-0.7448178201191116,85.0,-41.01196167201154,-0.2504750668293829,-7.800497534797186,-7.800497534797186,0.0,-0.03124156860116383,0.0,0,1.4891249884385616
10.300000000000091,1067.9658151185026,539.3466829113682,-0.7465889362331372,85.0,-41.37284812287139,-0.2596820318671863,-7.800497534797186,-7.800497534797186,0.0,-0.031244818808469996,0.0,0,1.4622919843532145
10.316666666666759,1069.0056622231325,538.3845693819771,-0.7483602367055148,85.0,-41.736610237924445,-0.2579107313948087,-7.800497534797186,-7.800497534797186,0.0,-0.03124806901577616,0.0,0,1.4506249863188714
10.333333333333426,1070.0438035052418,537.4206154811993,-0.7501317215362818,85.0,-42.09794657530822,-0.2561392465640416,-7.800497534797186,-7.800497534797186,0.0,-0.03125131922308233,0.0,0,1.4461659884545952
10.350000000000094,1071.0802355296062,536.4548240423696,-0.7519033907254756,85.0,-42.46858142386301,-0.26528686294912307,-7.800497534797186,-7.800497534797186,0.0,-0.03125456943038849,0.0,0,1.475791010307148
10.366666666666761,1072.1149548653482,535.4871979055347,-0.7536752442731338,85.0,-42.84001174161784,-0.2635150094014649,-7.800497534797186,-7.800497534797186,0.0,-0.03125781963769466,0.0,0,1.4782079961150885
10.383333333333429,1073.1479580859518,534.5177399174469,-0.7554472821792939,85.0,-43.209019162641674,-0.2617429714953048,-7.800497534797186,-7.800497534797186,0.0,-0.03126106984500082,0.0,0,1.4674589911010116
10.400000000000096,1074.1792417692754,533.546452931559,-0.7572195044439931,85.0,-43.589126968495336,-0.27083668307028397,-7.800497534797186,-7.800497534797186,0.0,-0.03126432005230699,0.0,0,1.4799580094404519
10.416666666666764,1075.2088024975653,532.573339808018,-0.758991911067269,85.0,-43.96813873003251,-0.26906427644700803,-7.800497534797186,-7.800497534797186,0.0,-0.03126757025961315,0.0,0,1.4426250127144158
10.433333333333431,1076.2366368574692,531.5984034136592,-0.7607645020491592,85.0,-44.34511905614863,-0.27810971566202064,-7.800497534797186,-7.800497534797186,0.0,-0.03127082046691932,0.0,0,1.441000000340864
10.450000000000099,1077.2627414400497,530.6216466220003,-0.7625372773897011,85.0,-44.73404858063057,-0.27633694032147876,-7.800497534797186,-7.800497534797186,0.0,-0.03127407067422548,0.0,0,1.4694579876959324
10.466666666666766,1078.2871128407976,529.6430723132356,-0.7643102370889322,85.0,-45.120562562466716,-0.2745639806222476,-7.800497534797186,-7.800497534797186,0.0,-0.03127732088153165,0.0,0,1.4858340146020055
10.483333333333434,1079.3097476596454,528.6626833742299,-0.76608338114689,85.0,-45.50658030909214,-0.28356641904593294,-7.800497534797186,-7.800497534797186,0.0,-0.03128057108883782,0.0,0,1.4790830027777702
10.500000000000101,1080.3306425009805,527.6804826985124,-0.7678567095636121,85.0,-45.90293730685849,-0.2817930906292108,-7.800497534797186,-7.800497534797186,0.0,-0.03128382129614398,0.0,0,1.467458001570776
10.516666666666769,1081.349793973659,526.6964731862709,-0.7696302223391358,85.0,-46.29688179593235,-0.28001957785368714,-7.800497534797186,-7.800497534797186,0.0,-0.03128707150345015,0.0,0,1.476457982789725
10.533333333333436,1082.3671986910188,525.7106577443454,-0.7714039194734987,85.0,-46.691690556786796,-0.28898448313012337,-7.800497534797186,-7.800497534797186,0.0,-0.03129032171075631,0.0,0,1.4772500144317746
10.550000000000104,1083.3828532708928,524.7230392862225,-0.7731778009667384,85.0,-47.095410757208214,-0.2872106016368837,-7.800497534797186,-7.800497534797186,0.0,-0.03129357191806248,0.0,0,1.512666989583522
10.566666666666771,1084.3967543356234,523.7336207320288,-0.7749518668188923,85.0,-47.49672152951073,-0.2854365357847298,-7.800497534797186,-7.800497534797186,0.0,-0.03129682212536864,0.0,0,1.5231659926939756
10.583333333333439,1085.4088985120743,522.7424050085252,-0.7767261170299979,85.0,-47.90008583170564,-0.2943693914365102,-7.800497534797186,-7.800497534797186,0.0,-0.03130007233267481,0.0,0,1.4780409983359277
10.600000000000106,1086.4192824316451,521.7493950491003,-0.7785005516000929,85.0,-48.311112433406905,-0.29259495686641523,-7.800497534797186,-7.800497534797186,0.0,-0.03130332253998098,0.0,0,1.4762909850105643
10.616666666666774,1087.427902730284,520.7545937937642,-0.7802751705292147,85.0,-48.71973273658423,-0.29082033793729345,-7.800497534797186,-7.800497534797186,0.0,-0.03130657274728714,0.0,0,1.4758339966647327
10.633333333333441,1088.4347560485014,519.7580041891431,-0.7820499738174008,85.0,-49.131427387149756,-0.29972664779520264,-7.800497534797186,-7.800497534797186,0.0,-0.03130982295459331,0.0,0,1.4310410188045353
10.650000000000109,1089.4398390313836,518.7596291884719,-0.7838249614646888,85.0,-49.54971104455796,-0.29795166014791463,-7.800497534797186,-7.800497534797186,0.0,-0.03131307316189947,0.0,0,1.435832993593067
10.666666666666776,1090.4431483286053,517.7594717515886,-0.7856001334711162,85.0,-49.96559158477459,-0.2961764881414872,-7.800497534797186,-7.800497534797186,0.0,-0.03131632336920564,0.0,0,1.4433339820243418
10.683333333333444,1091.444680594444,516.7575348449282,-0.7873754898367206,85.0,-50.38540099512762,-0.305061781030289,-7.800497534797186,-7.800497534797186,0.0,-0.0313195735765118,0.0,1,1.4238329895306379
10.700000000000111,1092.4444324877925,515.7538214415154,-0.7891510305615393,85.0,-50.81089980952944,-0.30328624030547024,-7.800497534797186,-7.800497534797186,0.0,-0.03132282378381797,0.0,1,1.4902080001775175
10.716666666666779,1093.4424006721727,514.7483345209591,-0.7909267556456102,85.0,-51.23399874283854,-0.3015105152213994,-7.800497534797186,-7.800497534797186,0.0,-0.03132607399112414,0.0,1,1.4616250118706375
10.733333333333446,1094.4385818157484,513.7410770694462,-0.7927026650889707,85.0,-51.661716229436905,-0.31038034989245855,-7.800497534797186,-7.800497534797186,0.0,-0.0313293241984303,0.0,1,1.4212499954737723
10.750000000000114,1095.4329725913399,512.7320520797342,-0.7944787588916583,85.0,-52.09439574475164,-0.30860425608977093,-7.800497534797186,-7.800497534797186,0.0,-0.03133257440573647,0.0,1,1.4742079947609454
10.766666666666781,1096.4255696764355,511.72126255114574,-0.7962550370537106,85.0,-52.524678673183494,-0.3068279779277187,-7.800497534797186,-7.800497534797186,0.0,-0.03133582461304263,0.0,1,1.450749987270683
10.783333333333449,1097.4163697532063,510.70871148956144,-0.7980314995751652,85.0,-52.960105732110705,-0.315687948229892,-7.800497534797186,-7.800497534797186,0.0,-0.0313390748203488,0.0,1,1.4825830003246665
10.800000000000116,1098.4053695085186,509.69440190741386,-0.7998081464560596,85.0,-53.39993893555366,-0.3139113013489976,-7.800497534797186,-7.800497534797186,0.0,-0.03134232502765496,0.0,1,1.4725829823873937
10.816666666666784,1099.392565633948,508.6783368236807,-0.8015849776964314,85.0,-53.837378908097406,-0.3121344701086257,-7.800497534797186,-7.800497534797186,0.0,-0.03134557523496113,0.0,1,1.5049169887788594
10.833333333333451,1100.3779548257917,507.6605192638785,-0.8033619932963183,85.0,-54.28032446079709,-0.32099021038866615,-7.800497534797186,-7.800497534797186,0.0,-0.03134882544226729,0.0,1,1.4902910043019801
10.850000000000119,1101.3615337850829,506.64095226005577,-0.8051391932557578,85.0,-54.72729178856964,-0.3192130104292267,-7.800497534797186,-7.800497534797186,0.0,-0.03135207564957346,0.0,1,1.4454580086749047
10.866666666666786,1102.343299217603,505.6196388507867,-0.8069165775747874,85.0,-55.17186930718532,-0.31743562611019704,-7.800497534797186,-7.800497534797186,0.0,-0.031355325856879626,0.0,1,1.4176670229062438
10.883333333333454,1103.323247833896,504.5965820811643,-0.8086941462534448,85.0,-55.62214891404305,-0.3262928168375968,-7.800497534797186,-7.800497534797186,0.0,-0.03135857606418579,0.0,1,1.4824160025455058
10.900000000000121,1104.3013763492802,503.5717850027938,-0.8104718992917676,85.0,-56.07623826215193,-0.3245150637992741,-7.800497534797186,-7.800497534797186,0.0,-0.031361826271491956,0.0,1,1.4661659952253103
10.916666666666789,1105.2776814838633,502.54525067378603,-0.8122498366897932,85.0,-56.527941292917376,-0.3227371264012484,-7.800497534797186,-7.800497534797186,0.0,-0.03136507647879812,0.0,1,1.4734999858774245
10.933333333333456,1106.252159962554,501.5169821587507,-0.8140279584475595,85.0,-56.985376330847224,-0.3316015000106135,-7.800497534797186,-7.800497534797186,0.0,-0.031368326686104286,0.0,1,1.4455830096267164
10.950000000000124,1107.2248085150768,500.4869825287896,-0.8158062645651039,85.0,-57.446583071121886,-0.32982319389306913,-7.800497534797186,-7.800497534797186,0.0,-0.031371576893410455,0.0,1,1.5423330187331885
10.966666666666791,1108.1956238759838,499.4552548614899,-0.817584755042464,85.0,-57.90540706058374,-0.328044703415709,-7.800497534797186,-7.800497534797186,0.0,-0.03137482710071662,0.0,1,1.5653329901397228
10.983333333333459,1109.1646027846687,498.42180224091726,-0.8193634298796775,85.0,-58.36982386020272,-0.33692205036062894,-7.800497534797186,-7.800497534797186,0.0,-0.031378077308022785,0.0,1,1.5332500042859465
11.000000000000126,1110.13174198538,497.3866277576091,-0.821142289076782,85.0,-58.83815086154083,-0.3351431911635244,-7.800497534797186,-7.800497534797186,0.0,-0.03138132751532895,0.0,1,1.48079200880602
11.016666666666794,1111.0970382272337,496.34973450856785,-0.8229213326338152,85.0,-59.30409875830239,-0.33336414760649125,-7.800497534797186,-7.800497534797186,0.0,-0.031384577722635115,0.0,1,1.4929170138202608
11.033333333333461,1112.0604882642276,495.3111255972538,-0.8247005605508145,85.0,-59.775327695689576,-0.3422603226206081,-7.800497534797186,-7.800497534797186,0.0,-0.03138782792994128,0.0,1,1.485165994381532
11.050000000000129,1113.0220888552533,494.2708041335785,-0.8264799728278179,85.0,-60.25078535052676,-0.3404809103436047,-7.800497534797186,-7.800497534797186,0.0,-0.031391078137247445,0.0,1,1.4889999874867499
11.066666666666796,1113.9818367641099,493.2287732338976,-0.8282595694648627,85.0,-60.723867632069094,-0.33870131370656,-7.800497534797186,-7.800497534797186,0.0,-0.03139432834455361,0.0,1,1.4654170081485063
11.083333333333464,1114.9397287595173,492.185036021004,-0.8300393504619865,85.0,-61.201742169481335,-0.34762224226657756,-7.800497534797186,-7.800497534797186,0.0,-0.031397578551859776,0.0,1,1.4391659933608025
11.100000000000131,1115.8957616151292,491.13959562412094,-0.8318193158192273,85.0,-61.68434842544248,-0.34584227690933683,-7.800497534797186,-7.800497534797186,0.0,-0.031400828759165944,0.0,1,1.477167010307312
11.116666666666799,1116.8499321095464,490.09245517889485,-0.8335994655366223,85.0,-62.16458313013776,-0.34406212719194174,-7.800497534797186,-7.800497534797186,0.0,-0.031404078966472106,0.0,1,1.485416985815391
11.133333333333466,1117.8022370263295,489.0436178273884,-0.8353797996142095,85.0,-62.64893879939274,-0.3530138121766194,-7.800497534797186,-7.800497534797186,0.0,-0.031407329173778274,0.0,1,1.535791001515463
11.150000000000134,1118.7526731540129,487.99308671807347,-0.8371603180520263,85.0,-63.138719196039894,-0.35123329373880263,-7.800497534797186,-7.800497534797186,0.0,-0.031410579381084436,0.0,1,1.5119159943424165
11.166666666666801,1119.7012372861172,486.9408650058239,-0.8389410208501105,85.0,-63.62613196027357,-0.34945259094071845,-7.800497534797186,-7.800497534797186,0.0,-0.031413829588390604,0.0,1,1.4689169765915722
11.183333333333469,1120.6479262211628,485.88695585190857,-0.8407219080084997,85.0,-64.11680528180321,-0.3584411194808089,-7.800497534797186,-7.800497534797186,0.0,-0.031417079795696766,0.0,1,1.4675420243293047
11.200000000000136,1121.5927367626828,484.8313624239841,-0.8425029795272316,85.0,-64.61379299235533,-0.35666004796207695,-7.800497534797186,-7.800497534797186,0.0,-0.031420330003002934,0.0,1,1.458292012102902
11.216666666666804,1122.5356657192358,483.77408789608785,-0.8442842354063439,85.0,-65.10841709263413,-0.35487879208296474,-7.800497534797186,-7.800497534797186,0.0,-0.0314235802103091,0.0,1,1.4433330215979367
11.233333333333471,1123.4767099044197,482.7151354486305,-0.8460656756458742,85.0,-65.60524442246847,-0.36391034259646604,-7.800497534797186,-7.800497534797186,0.0,-0.031426830417615265,0.0,1,1.4421660162042826
11.250000000000139,1124.4158661368847,481.6545082683891,-0.8478473002458602,85.0,-66.10948030031798,-0.36212871799648005,-7.800497534797186,-7.800497534797186,0.0,-0.03143008062492143,0.0,1,1.4737079909536988
11.266666666666806,1125.3531312403454,480.59220954849957,-0.8496291092063396,85.0,-66.61135670018994,-0.36034690903600064,-7.800497534797186,-7.800497534797186,0.0,-0.031433330832227595,0.0,1,1.4837920025456697
11.283333333333474,1126.2885020435956,479.52824248844945,-0.8514111025273502,85.0,-67.11417299632312,-0.3694277584399245,-7.800497534797186,-7.800497534797186,0.0,-0.03143658103953376,0.0,1,0.9461250156164169
11.300000000000141,1127.2219753805198,478.4626102940708,-0.8531932802089294,85.0,-67.6257056261268,-0.3676455807583453,-7.800497534797186,-7.800497534797186,0.0,-0.031439831246839925,0.0,1,0.9447500051464885
11.316666666666809,1128.153548090107,477.3953161775327,-0.854975642251115,85.0,-68.13488302769281,-0.3658632187161597,-7.800497534797186,-7.800497534797186,0.0,-0.03144308145414609,0.0,1,0.9508329967502505
11.333333333333476,1129.0832170164638,476.3263633573339,-0.8567581886539448,85.0,-68.64352052641854,-0.37499974980789047,-7.800497534797186,-7.800497534797186,0.0,-0.03144633166145226,0.0,1,0.9602080099284649
11.350000000000144,1130.0109790088272,475.25575505829534,-0.8585409194174565,85.0,-69.16240627948238,-0.3732170190443789,-7.800497534797186,-7.800497534797186,0.0,-0.031449581868758424,0.0,1,0.9395829983986914
11.366666666666811,1130.9368309215781,474.183494511553,-0.8603238345416878,85.0,-69.67894117921897,-0.37143410392014753,-7.800497534797186,-7.800497534797186,0.0,-0.03145283207606459,0.0,1,0.9694579930510372
11.383333333333479,1131.8607696142535,473.10958495455037,-0.8621069340266763,85.0,-70.1932279711106,-0.3806328129181355,-7.800497534797186,-7.800497534797186,0.0,-0.031456082283370754,0.0,1,0.9471669909544289
11.400000000000146,1132.7827919515605,472.03402963103076,-0.8638902178724597,85.0,-70.71953106472935,-0.37884952907235214,-7.800497534797186,-7.800497534797186,0.0,-0.03145933249067692,0.0,1,0.9416659886483103
11.416666666666814,1133.7028948033885,470.95683179103,-0.8656736860790757,85.0,-71.24348781328777,-0.37706606086573613,-7.800497534797186,-7.800497534797186,0.0,-0.031462582697983084,0.0,1,0.9503339824732393
11.433333333333481,1134.6210750448229,469.87799469086895,-0.8674573386465622,85.0,-71.76509630772101,-0.37528240829824966,-7.800497534797186,-7.800497534797186,0.0,-0.03146583290528925,0.0,1,0.981291988864541
11.450000000000149,1135.5373295561574,468.7975215931458,-0.8692411755749567,85.0,-72.29703886783494,-0.38454972816835875,-7.800497534797186,-7.800497534797186,0.0,-0.031469083112595414,0.0,1,0.952292000874877
11.466666666666816,1136.4516552229077,467.7154157667287,-0.8710251968642971,85.0,-72.82848973340664,-0.38276570687901834,-7.800497534797186,-7.800497534797186,0.0,-0.03147233331990158,0.0,1,0.9210419957526028
11.483333333333483,1137.364048935824,466.63168048674794,-0.872809402514621,85.0,-73.35759697081512,-0.3809815012286945,-7.800497534797186,-7.800497534797186,0.0,-0.03147558352720775,0.0,1,0.9538329904899001
11.500000000000151,1138.2745075909042,465.5463190345884,-0.8745937925259663,85.0,-73.8948971259312,-0.3903243625870626,-7.800497534797186,-7.800497534797186,0.0,-0.03147883373451391,0.0,1,0.9564579813741148
11.516666666666818,1139.183028089407,464.459334697882,-0.8763783668983707,85.0,-74.43392236070011,-0.3885397882146582,-7.800497534797186,-7.800497534797186,0.0,-0.03148208394182008,0.0,1,0.9502919856458902
11.533333333333486,1140.0896073378638,463.3707307704999,-0.8781631256318717,85.0,-74.97060874419262,-0.38675502948115714,-7.800497534797186,-7.800497534797186,0.0,-0.03148533414912624,0.0,1,0.945042003877461
11.550000000000153,1140.9942422480935,462.2805105525448,-0.8799480687265073,85.0,-75.51308016484971,-0.39618031544756493,-7.800497534797186,-7.800497534797186,0.0,-0.03148858435643241,0.0,1,0.9448749769944698
11.566666666666821,1141.8969297372141,461.1886773503432,-0.8817331961823152,85.0,-76.05976807396621,-0.3943951879917571,-7.800497534797186,-7.800497534797186,0.0,-0.03149183456373858,0.0,1,0.9365410078316927
11.583333333333488,1142.7976667276557,460.09523447643767,-0.883518507999333,85.0,-76.60412206929512,-0.3926098761747393,-7.800497534797186,-7.800497534797186,0.0,-0.03149508477104474,0.0,1,0.9525000059511513
11.600000000000156,1143.696450147174,459.00018524957903,-0.8853040041775986,85.0,-77.15156738869,-0.40212461476335976,-7.800497534797186,-7.800497534797186,0.0,-0.03149833497835091,0.0,1,0.9477499988861382
11.616666666666823,1144.5932769288625,457.90353299471855,-0.8870896847171499,85.0,-77.70601440110924,-0.4003389342238084,-7.800497534797186,-7.800497534797186,0.0,-0.03150158518565707,0.0,1,0.9219589992426336
11.633333333333491,1145.4881440111665,456.80528104300015,-0.8888755496180244,85.0,-78.25813260806605,-0.3985530693229339,-7.800497534797186,-7.800497534797186,0.0,-0.03150483539296324,0.0,1,0.9632500004954636
11.650000000000158,1146.3810483378945,455.70543273175235,-0.89066159888026,85.0,-78.81034130396611,-0.4081644415420575,-7.800497534797186,-7.800497534797186,0.0,-0.0315080856002694,0.0,1,0.9400419949088246
11.666666666666826,1147.2719868582326,454.6039914044806,-0.8924478325038944,85.0,-79.37265204438985,-0.4063782079184232,-7.800497534797186,-7.800497534797186,0.0,-0.03151133580757557,0.0,1,0.9475000260863453
11.683333333333493,1148.1609565267563,453.50096041085925,-0.8942342504889654,85.0,-79.93263926933405,-0.4045917899333521,-7.800497534797186,-7.800497534797186,0.0,-0.03151458601488173,0.0,1,0.9673330059740692
11.700000000000161,1149.0479543034437,452.3963431067235,-0.8960208528355109,85.0,-80.49030095199474,-0.4028051875868066,-7.800497534797186,-7.800497534797186,0.0,-0.0315178362221879,0.0,1,0.9477919957134873
11.716666666666828,1149.9329771536884,451.2901428540616,-0.8978076395435686,85.0,-81.0596727203373,-0.4125203512174562,-7.800497534797186,-7.800497534797186,0.0,-0.03152108642949407,0.0,1,0.9188340045511723
11.733333333333496,1150.8160220483123,450.1823630210067,-0.8995946106131761,85.0,-81.62764204898345,-0.4107333801478487,-7.800497534797186,-7.800497534797186,0.0,-0.03152433663680023,0.0,1,0.9331670007668436
11.750000000000163,1151.6970859635785,449.07300698182894,-0.9013817660443715,85.0,-82.19329129247248,-0.4089462247166533,-7.800497534797186,-7.800497534797186,0.0,-0.0315275868441064,0.0,1,0.9319169912487268
11.766666666666831,1152.5761658812041,447.9620781169272,-0.9031691058371925,85.0,-82.76706679345183,-0.4187728755413118,-7.800497534797186,-7.800497534797186,0.0,-0.03153083705141256,0.0,1,0.9395829983986914
11.783333333333498,1153.453258788373,446.8495798128213,-0.9049566299916768,85.0,-83.34313966291093,-0.41698535138682746,-7.800497534797186,-7.800497534797186,0.0,-0.03153408725871873,0.0,1,0.9505419875495136
11.800000000000166,1154.3283616777485,445.7355154621435,-0.9067443385078623,85.0,-83.91689810913087,-0.415197642870642,-7.800497534797186,-7.800497534797186,0.0,-0.03153733746602489,0.0,1,0.9346249862574041
11.816666666666833,1155.2014715474866,444.61988846363073,-0.9085322313857868,85.0,-84.49482068102098,-0.4251434696967321,-7.800497534797186,-7.800497534797186,0.0,-0.03154058767333106,0.0,1,0.9476249979343265
11.833333333333501,1156.072585401248,443.5027022221162,-0.910320308625488,85.0,-85.07912694995039,-0.4233553924570309,-7.800497534797186,-7.800497534797186,0.0,-0.03154383788063723,0.0,1,0.953042006585747
11.850000000000168,1156.941700248212,442.3839601485214,-0.9121085702270038,85.0,-85.66112467510403,-0.4215671308555151,-7.800497534797186,-7.800497534797186,0.0,-0.03154708808794339,0.0,1,0.93029101844877
11.866666666666836,1157.8088131030881,441.2636656598475,-0.913897016190372,85.0,-86.24291400445993,-0.4316400078990887,-7.800497534797186,-7.800497534797186,0.0,-0.03155033829524956,0.0,1,0.9472499950788915
11.883333333333503,1158.6739209861296,440.14182217916755,-0.9156856465156306,85.0,-86.83559202001618,-0.42985137757383,-7.800497534797186,-7.800497534797186,0.0,-0.03155358850255572,0.0,1,0.9496660204604268
11.90000000000017,1159.5370209231455,439.0184331356179,-0.9174744612028172,85.0,-87.42596760228449,-0.42806256288664346,-7.800497534797186,-7.800497534797186,0.0,-0.03155683870986189,0.0,1,0.9422499861102551
11.916666666666838,1160.3981099455145,437.89350196439,-0.9192634602519698,85.0,-88.0140386249234,-0.4262735638374908,-7.800497534797186,-7.800497534797186,0.0,-0.03156008891716805,0.0,1,0.9507079957984388
11.933333333333506,1161.2571850901963,436.7670321067221,-0.921052643663126,85.0,-88.61251312070287,-0.43648137424019445,-7.800497534797186,-7.800497534797186,0.0,-0.03156333912447422,0.0,1,0.9583749924786389
11.950000000000173,1162.1142433997454,435.63902700989087,-0.9228420114363238,85.0,-89.21141370328237,-0.43469200646699657,-7.800497534797186,-7.800497534797186,0.0,-0.03156658933178039,0.0,1,0.9430829959455878
11.96666666666684,1162.9692819223233,434.5094901272029,-0.924631563571601,85.0,-89.80801605425572,-0.43290245433171937,-7.800497534797186,-7.800497534797186,0.0,-0.03156983953908655,0.0,1,0.9123749914579093
11.983333333333508,1163.822297711711,433.37842491798654,-0.9264213000689957,85.0,-90.40985519348237,-0.4432536509155177,-7.800497534797186,-7.800497534797186,0.0,-0.03157308974639272,0.0,1,0.9442500013392419
12.000000000000176,1164.6732878273222,432.2458348475831,-0.9282112209285454,85.0,-91.01743654130166,-0.44146373005596806,-7.800497534797186,-7.800497534797186,0.0,-0.03157633995369888,0.0,1,0.9325419960077852
12.016666666666843,1165.5222493342158,431.1117233873388,-0.930001326150288,85.0,-91.6227262453532,-0.43967362483422545,-7.800497534797186,-7.800497534797186,0.0,-0.03157959016100505,0.0,1,0.9556669974699616
12.03333333333351,1166.3691793031082,429.9760940145961,-0.9317916157342614,85.0,-92.22756608848404,-0.4501766843974198,-7.800497534797186,-7.800497534797186,0.0,-0.03158284036831121,0.0,1,0.9486250055488199
12.050000000000178,1167.2140748103868,428.83895021268484,-0.9335820896805035,85.0,-92.84399263670684,-0.44838621045117766,-7.800497534797186,-7.800497534797186,0.0,-0.03158609057561738,0.0,1,0.9539590100757778
12.066666666666846,1168.0569329381212,427.7002954709144,-0.9353727479890522,85.0,-93.45813440469222,-0.4465955521426289,-7.800497534797186,-7.800497534797186,0.0,-0.03158934078292354,0.0,1,0.9467909985687584
12.083333333333513,1168.8977507740776,426.56013328456453,-0.9371635906599454,85.0,-94.06998918806313,-0.4448047094717358,-7.800497534797186,-7.800497534797186,0.0,-0.03159259099022971,0.0,1,0.9492090030107647
12.10000000000018,1169.7365254117299,425.41846715487696,-0.9389546176932207,85.0,-94.69101729684307,-0.4554681397921815,-7.800497534797186,-7.800497534797186,0.0,-0.031595841197535876,0.0,1,0.9474999969825149
12.116666666666848,1170.573253950273,424.2753005890469,-0.9407458290889164,85.0,-95.31418456477877,-0.4536769283964859,-7.800497534797186,-7.800497534797186,0.0,-0.03159909140484204,0.0,1,0.9473329992033541
12.133333333333516,1171.4079334946357,423.1306371002141,-0.94253722484707,85.0,-95.93507197473323,-0.4518855326383322,-7.800497534797186,-7.800497534797186,0.0,-0.031602341612148206,0.0,1,0.9514580015093088
12.150000000000183,1172.2405611554925,421.9844802074544,-0.9443288049677196,85.0,-96.5584200334587,-0.4627184320825053,-7.800497534797186,-7.800497534797186,0.0,-0.03160559181945437,0.0,1,0.9530840034130961
12.16666666666685,1173.071134049277,420.83683343577104,-0.9461205694509032,85.0,-97.19079498886505,-0.46092666759932177,-7.800497534797186,-7.800497534797186,0.0,-0.031608842026760536,0.0,1,0.9452920057810843
