t,x,y,heading,speed,true_offset,true_heading_err,det_offset,det_lookahead,det_confidence,steering,lane_iou,off_track,detect_ms
0.0,798.0058836419975,720.153296936521,2.9977409642536847,120.0,0.011426552689096599,0.07961798999557912,-67.51441683739918,-41.84833306484177,1.0,-0.6981317007977318,0.2988798095135018,0,2.043957996647805
0.016666666666666666,796.0265412907094,720.4400090855438,2.9306129937595022,120.0,0.17811977505371468,0.15828076532395752,-103.83247559519843,-58.28039650283522,1.0,-0.6981317007977318,0.2918047503987317,0,1.9892079872079194
0.03333333333333333,794.0708888394248,720.8588449600635,2.94121868671732,120.0,0.4965526897567906,0.15830245465933634,-119.30742286473887,-54.68635965661513,1.0,0.13180259933364927,0.3166932640209466,0,2.0520830003079027
0.05,792.110904412299,721.2569166187183,2.9963370293586173,120.0,0.8118369193440974,0.10318411201803901,-125.36937926348881,-46.3945766974204,1.0,0.6032911524483793,0.34192598553361925,0,1.9714160007424653
0.06666666666666667,790.1319665367439,721.546407352065,2.9972990905908894,120.0,1.0360067930913266,0.11205209059275935,-129.76861832514766,-44.48578468249471,1.0,0.01202518573550998,0.3589118735749956,0,1.904957985971123
0.08333333333333333,788.1527510692348,721.8339940923235,2.984790820882977,120.0,1.2718828808314928,0.133686657835558,-132.37278589032275,-44.36429850120787,1.0,-0.15509764811268212,0.35512426696453503,0,1.898082991829142
0.09999999999999999,786.1772875492882,722.1463142507504,2.9848681297266313,120.0,1.5448778178677327,0.14211196931162104,-132.5151908237996,-42.64664611875587,1.0,0.0009663602448639619,0.34295338334639647,0,1.9214170170016587
0.11666666666666665,784.2017998901346,722.4584816874437,2.992170794695136,120.0,1.8288908399757318,0.14275712316625103,-131.3938631031872,-40.07114585832435,1.0,0.0910310284712875,0.3646712536096641,0,1.9286250171717256
0.13333333333333333,782.2240852721118,722.7562146040975,2.9963450786569963,120.0,2.113436296503631,0.13858283920439085,-129.9712364913389,-37.993512786406164,1.0,0.05213127293752767,0.353046712204603,0,1.9121250079479069
0.15,780.2451450664236,723.0456894083734,2.9984217565775833,120.0,2.3997189998290547,0.14395874719112658,-128.4105590462715,-36.26413244452262,1.0,0.025952645723658296,0.3704737183646982,0,1.923541014548391
0.16666666666666666,778.2656079824113,723.3310539699788,3.000504082341724,120.0,2.690433933023473,0.14888555647514526,-126.58989265334074,-34.60039527264445,1.0,0.026023196098834883,0.35728853335320027,0,1.9161660165991634
0.18333333333333332,776.2854809685643,723.6122958748105,3.0033440023751123,120.0,2.9871061537763532,0.1460456364417573,-124.69237635568074,-32.90347246722539,1.0,0.03548409998341914,0.3710996131077239,0,1.929541991557926
0.19999999999999998,774.3045632362723,723.887913250698,3.0063915785175275,120.0,3.2890696756490962,0.1496089765988551,-122.6984683853315,-31.245095832697324,1.0,0.03807629005193883,0.3565884941253569,0,1.8734589975792915
0.21666666666666665,772.3228147394392,724.157492358382,3.00960777260764,120.0,3.5916519018931017,0.1526451741426789,-120.68075183252307,-29.628791699223882,1.0,0.04018078824871833,0.3769280802824754,0,1.8846659804694355
0.2333333333333333,770.3402094748675,724.4206963950014,3.0120906068014377,120.0,3.89575805850702,0.15016233994888165,-118.56476176458531,-28.168433444138614,1.0,0.031025468759128497,0.36140488680674393,0,1.9372499955352396
0.24999999999999997,768.356956829833,724.6789771452789,3.01538036927641,120.0,4.205017920639594,0.15280143354266265,-116.5480572169597,-26.660811891914825,1.0,0.04109887501508232,0.3778049623203563,0,1.9490419945213944
0.26666666666666666,766.372865235914,724.9307320795695,3.0188268681741603,120.0,4.513044434340563,0.15499122899160356,-114.49415120737316,-25.191009278583877,1.0,0.0430546130400036,0.3665178613034604,0,1.9707499886862934
0.2833333333333333,764.3879177544693,725.1756473626906,3.0219659296282324,120.0,4.821787301196135,0.1518521675375315,-112.4985494164252,-23.816984100769012,1.0,0.03921814913380109,0.38334749680154645,0,1.89295900054276
0.3,762.4022112496997,725.4143305772565,3.0250056363767226,120.0,5.132399735792302,0.15418372619842316,-110.50270795577461,-22.508428668938212,1.0,0.03797806480521544,0.3695299686020901,0,1.9243750139139593
0.31666666666666665,760.4157883928447,725.6469767329608,3.0283010286297323,120.0,5.441258673534211,0.15601914268419595,-108.62128380068063,-21.217382763886935,1.0,0.0411691282374257,0.3848180301126882,0,1.895583001896739
0.3333333333333333,758.4286096629171,725.8730755947971,3.0316603509212796,120.0,5.752032560867712,0.15265982039264817,-106.72962752536728,-19.967725134036083,1.0,0.04196687366385386,0.3748255808508845,0,1.8753749900497496
0.35,756.4406826081629,726.0924976196176,3.0347924039116387,120.0,6.06150906606236,0.15444013541461768,-104.82097513997229,-18.79514012732198,1.0,0.03913067771157534,0.3913662061477405,0,1.8929170037154108
0.36666666666666664,754.452078063655,726.3056922855039,3.0383551059009957,120.0,6.369162910980205,0.15087743342526164,-103.01082282197959,-17.612464492415512,1.0,0.04450436920863679,0.37407721280602635,0,1.86958399717696
0.3833333333333333,752.4627265922053,726.5118008079892,3.041827978702548,120.0,6.678214697253639,0.152118289172295,-101.22996005687187,-16.486700262217045,1.0,0.04338367142206345,0.3966522263910851,0,1.87312500202097
0.39999999999999997,750.4726713301309,726.7109993368238,3.044945899624344,120.0,6.983404617007127,0.1535333340512353,-99.55025518448399,-15.449598123945327,1.0,0.038954295989897934,0.37975942502204957,0,1.9095419847872108
0.41666666666666663,748.4820046568866,726.903992072528,3.0480560110298103,120.0,7.2892663188017845,0.15042322264576868,-97.79087210445941,-14.453322468434585,1.0,0.03885682472152652,0.3964693178083478,0,1.8652500002644956
0.4333333333333333,746.4907473833471,727.0907926896997,3.051803548463373,120.0,7.593688138273403,0.15104408796320382,-96.08060345354515,-13.41373677285507,1.0,0.046809998279408536,0.3830717005195146,0,1.958832988748327
0.44999999999999996,744.4988040517694,727.27012970145,3.055586700322945,120.0,7.89462896790176,0.14726093610363147,-94.4526155177847,-12.409526250873295,1.0,0.047254194576114385,0.4012961397576782,0,1.8935419793706387
0.4666666666666666,742.5061965172272,727.4419296237014,3.058921303327155,120.0,8.195022709432477,0.14814490761361324,-92.83492592551937,-11.501282594165827,1.0,0.04165842246822007,0.38822747608618335,0,1.9604999979492277
0.4833333333333333,740.5130271776762,727.6070840480257,3.0624720611836533,120.0,8.49100882228801,0.14867634856852455,-91.21559031902592,-10.600265166443002,1.0,0.044355362077717744,0.4065133632690559,0,2.0076250075362623
0.49999999999999994,738.5192839807959,727.7651601844073,3.0656184278445733,120.0,8.787267249670654,0.14552998190760416,-89.60826899789052,-9.78561467795754,1.0,0.03930932351658627,0.3893857911123691,0,1.9877500017173588
0.5166666666666666,736.5250532878957,727.9169625015674,3.069237798568459,120.0,9.079979839298382,0.14586876243176253,-88.08656100348432,-8.941725555537744,1.0,0.04521130393802276,0.41093223511793336,0,1.9197500078007579
0.5333333333333333,734.5302862293743,728.0615459800074,3.0725855207794863,120.0,9.370683880561847,0.1425210402207349,-86.57460952802077,-8.16501960284571,1.0,0.04182212700713906,0.3942884591837696,0,2.045165980234742
0.55,732.535046324345,728.1994507347429,3.0760169689818424,120.0,9.659094344936443,0.1429350365616842,-85.02432801160255,-7.407440435155719,1.0,0.04286682635852039,0.4159567097945962,0,1.9607919966802
0.5666666666666668,730.5393449540222,728.330508128627,3.079920315975042,120.0,9.943992004100323,0.13903168956848447,-83.58247696542537,-6.61859784712885,1.0,0.04875317397110047,0.39873948392323855,0,1.9086250104010105
0.5833333333333335,728.5431472258654,728.4537746289476,3.0836387658166875,120.0,10.22693481118522,0.1390564507522785,-82.20445891518743,-5.883721297835516,1.0,0.0464471933491408,0.41923567356735675,0,1.8782909901347011
0.6000000000000002,726.5465049390327,728.5696175330537,3.0874387420472433,120.0,10.504152281401186,0.13525647452172268,-80.97310253413974,-5.166658079401776,1.0,0.04746402787598063,0.4019271383315734,0,1.880750001873821
0.6166666666666669,724.549436868537,728.6778724258143,3.0908392455882088,120.0,10.780877395380703,0.13550665882065285,-79.67642268763164,-4.5282656927800335,1.0,0.042480722066065374,0.3855596283351803,0,1.8888330087065697
0.6333333333333336,722.5520122240662,728.7793356687195,3.093832123715146,120.0,11.052134664700091,0.1360809851159195,-78.35319428241068,-3.966586155143318,1.0,0.0373935379956255,0.4065437709962454,0,1.880708005046472
0.6500000000000004,720.5542928587071,728.8748204176015,3.0979040891657696,120.0,11.323457428205698,0.13200901966529635,-77.04410878816354,-3.288422371780257,1.0,0.050855680044093625,0.3897949144846375,0,1.8828750180546194
0.6666666666666671,718.5562012457962,728.9621697531172,3.101535504830098,120.0,11.588902332365445,0.13186977587031226,-75.77279971189603,-2.6926802823503975,1.0,0.04536155712310029,0.4089861426004497,0,1.8952910031657666
0.6833333333333338,716.5578056064193,729.0422626274534,3.1048353131707294,120.0,11.851878159241013,0.12856996752968122,-74.49603235428597,-2.162276175585525,1.0,0.04122423570021954,0.3928037683736592,0,1.8967089999932796
0.7000000000000005,714.5591565563777,729.1157607551036,3.108175033035935,120.0,12.111497515248578,0.12865532157833418,-73.2399386333928,-1.6471571217368663,1.0,0.041722272125789606,0.41387186524796027,0,1.8830840126611292
0.7166666666666672,712.5602731898199,729.1825835573374,3.1119147964798963,120.0,12.368098903127894,0.12491555813437241,-72.05469741693864,-1.1006583163912544,1.0,0.046713035741043164,0.39590153077636286,0,1.9099999917671084
0.733333333333334,710.5611539003773,729.2419305587673,3.115829158855504,120.0,12.621354390565894,0.12436665501423085,-70.97412808661892,-0.5528429735879616,1.0,0.04889053831197411,0.4195088484347246,0,1.8972500110976398
0.7500000000000007,708.5618176213246,729.293451848186,3.119554282443095,120.0,12.869447000575192,0.12064153142663982,-69.93449672164309,-0.05030342439016228,1.0,0.04653043501119068,0.40277987897125567,0,1.8844589940272272
0.7666666666666674,706.5623032914699,729.3375250226287,3.122833635765418,120.0,13.115015523630825,0.12067511315475367,-68.93273495151072,0.3758655057036226,1.0,0.04096897956866839,0.42256327359191,0,1.9180839881300926
0.7833333333333341,704.5626551819003,729.3750408578787,3.1262054107800177,120.0,13.355780399885141,0.11730333814015405,-67.93134576969244,0.7974684087533875,1.0,0.042122257698231795,0.4049286469344609,0,1.8797919910866767
0.8000000000000008,702.56289194447,729.4058141291143,3.129773651520422,120.0,13.595440807402944,0.1170022587952231,-66.88532305902245,1.2279911692239913,1.0,0.04457346634618736,0.3867506747253583,0,1.9671250192914158
0.8166666666666675,700.5630316316539,729.4294515829295,3.1336516085120594,120.0,13.828911788396322,0.11312430180358593,-65.83618455946117,1.681569524372812,1.0,0.04843654783304676,0.40912744569585896,0,1.8856670067179948
0.8333333333333343,698.5630946915194,729.4453335061642,3.1370440517650247,120.0,14.060929353592657,0.11295970522125678,-64.86490304377187,2.0555768702193506,1.0,0.04238014974824495,0.3933651985888244,0,1.8852500070352107
0.850000000000001,696.5631153812623,729.4544306784438,3.1407482208176836,120.0,14.286880719267979,0.11245027979859247,-64.01003303724998,2.4550751555602295,1.0,0.046269066843849134,0.41480475894187074,0,1.900666014989838
0.8666666666666677,694.563116094329,729.4561195437873,-3.1393511434850288,120.0,14.511307598068774,0.10936433692171832,-63.067859689689186,2.760079441370514,1.0,0.03855517049274505,0.3963841700673816,0,1.8562910263426602
0.8833333333333344,692.5631211186944,729.4516365273319,-3.135382264573719,120.0,14.730737582353415,0.10856310416162174,-62.11472082950665,3.166315407692487,1.0,0.04957034471250975,0.4174944864375789,0,1.872749999165535
0.9000000000000011,690.5631596875022,729.4392158291422,-3.131784374194456,120.0,14.94743753559339,0.1049652137823589,-61.237893801596606,3.5094555072910154,1.0,0.04494334485380936,0.3993831553973903,0,1.8752920150291175
0.9166666666666679,688.5632558890757,729.4195995848766,-3.128623086748822,120.0,15.15870724023483,0.10495031290656787,-60.36430143505339,3.783506860429652,1.0,0.0394955439086562,0.4210253217102532,0,1.8553329864516854
0.9333333333333346,686.5634240963818,729.3936611783906,-3.1248009684232385,120.0,15.368222750744104,0.10112819458098432,-59.56982934984242,4.131560463879625,1.0,0.04774017737180805,0.40632787848350754,0,1.8799170211423188
0.9500000000000013,684.5637060504474,729.3600793862337,-3.1216269790608644,120.0,15.572419047211646,0.10108503875695085,-58.756194079910685,4.38327421688955,1.0,0.039654069331097795,0.38971025856612473,0,1.9120000069960952
0.966666666666668,682.564104665365,729.320150690083,-3.1180676786239725,120.0,15.774244998712154,0.09752573832005895,-57.93864967828304,4.67459812608975,1.0,0.044461933882655985,0.4084039982945663,0,1.919417001772672
0.9833333333333347,680.5646580642893,729.2731050797967,-3.1149683978091227,120.0,15.971814255041119,0.09754734787044361,-57.06105657277835,4.895821599044256,1.0,0.03872164593386787,0.3958974746425401,0,1.9514579907990992
1.0000000000000013,678.5653668734137,729.2198628588891,-3.1113855188966983,120.0,16.16659969451053,0.09396446895801923,-56.17187165649113,5.170405999347809,1.0,0.04475607870981248,0.413627675479268,0,1.8874160014092922
1.016666666666668,676.5662792750186,729.1594577767951,-3.1076504779607452,120.0,16.3576132534657,0.09334592181952761,-55.33115936927217,5.453873376981868,1.0,0.0466541329479155,0.3984186064087062,0,1.858667004853487
1.0333333333333345,674.5674312357036,729.0915864593882,-3.1039813228126314,120.0,16.544034093180663,0.08967676667141378,-54.5754170226831,5.717984882210693,1.0,0.04583232054823388,0.4178202655168501,0,2.1158340096008033
1.0500000000000012,672.5688456811536,729.0163815317286,-3.100915385523518,120.0,16.727044724309202,0.0897284426024143,-53.90131404400951,5.894714592227864,1.0,0.038305469790785585,0.4045548342111958,0,1.895624998724088
1.0666666666666678,670.5705000931506,728.9350494291534,-3.0979425651504853,120.0,16.906260899419294,0.08675562222938149,-53.18082891062032,6.05270005594174,1.0,0.037143164147135574,0.4217031280981201,0,1.9300419953651726
1.0833333333333344,668.572405120867,728.8477769722448,-3.094185945975192,120.0,17.08399873447188,0.08612325331115045,-52.43129743168373,6.304890998742652,1.0,0.046923270884964674,0.4090986122356751,0,1.9660420075524598
1.100000000000001,666.5746520959264,728.7529990669057,-3.0908340717354523,120.0,17.25603238849296,0.08277137907141086,-51.66744228455146,6.495566486381217,1.0,0.041873936528175296,0.39363363590758077,0,1.8834169895853847
1.1166666666666676,664.5772279764382,728.6515254896209,-3.0874725463606616,120.0,17.426397625243446,0.08254629246053957,-50.957806396856064,6.68011490439628,1.0,0.04199436369973868,0.4144195020942162,0,1.9336249970365316
1.1333333333333342,662.5801562476012,728.5433381064372,-3.08441724009788,120.0,17.591302786900137,0.07949098619775796,-50.263799069206364,6.818340398691574,1.0,0.038172776179783666,0.39862071575203156,0,1.8775830103550106
1.1500000000000008,660.5834243850609,728.4290495719448,-3.0807234977829596,120.0,17.755725956338868,0.07895148909488725,-49.52308487593421,7.032924441653577,1.0,0.04613901066357933,0.42036983069011874,0,1.9034170254599303
1.1666666666666674,658.5871282953786,728.3073864209117,-3.077204540803201,120.0,17.913464941885366,0.07543253211512857,-48.8984948628224,7.21686148823181,1.0,0.04395862570288929,0.40363264649371056,0,1.864374993601814
1.183333333333334,656.5912726923199,728.1786991575987,-3.0742090164599087,120.0,18.07043306744992,0.07561477724388599,-48.26175059056383,7.326697273383511,1.0,0.03742656942900133,0.4208080693602312,0,1.8945420160889626
1.2000000000000006,654.5958115290798,728.0440338465478,-3.071047819670397,120.0,18.222055862926968,0.0756607264670679,-47.57362245082952,7.453485399372158,1.0,0.039494412473838905,0.4086441971562909,0,1.8900409922935069
1.2166666666666672,652.6007860391578,727.9030611734461,-3.0681701820803218,120.0,18.373232982754875,0.0727830888769927,-46.83865833675031,7.5390628476757895,1.0,0.03595496814819377,0.39346095526914326,0,1.8533749971538782
1.2333333333333338,650.6061744771351,727.7563481316074,-3.0646466634348553,120.0,18.519885459214997,0.07250211577033605,-46.05517070103478,7.703988426167638,1.0,0.04401553626786123,0.41457998099163446,0,1.92674997379072
1.2500000000000004,648.6120922419029,727.6026079640156,-3.0612318808047956,120.0,18.66476268697737,0.06908733314027637,-45.35255659103607,7.8486228248945515,1.0,0.04265888741963474,0.40146240871769645,0,1.8754999910015613
1.266666666666667,646.6185466211306,727.442059348639,-3.0582087032942433,120.0,18.80478162239232,0.06934833273382245,-44.69338308654786,7.937535909366903,1.0,0.037771745581669874,0.4225647094180848,0,1.9577500061132014
1.2833333333333337,644.6254954766823,727.2754846338305,-3.0548755878512037,120.0,18.943367144790326,0.06601521729078287,-44.01517991778837,8.062667774317081,1.0,0.04163986018993518,0.4060918985881396,0,1.907458994537592
1.3000000000000003,642.633010615009,727.1022677870674,-3.0519527455883257,120.0,19.078069694288192,0.06642466577043794,-43.35824637667156,8.130433408590882,1.0,0.03651928487313863,0.3963298603915067,0,1.894082990474999
1.3166666666666669,640.641040549035,726.9232279695302,-3.0485958560272675,120.0,19.21082135360708,0.06306777620937964,-42.787960563240404,8.251118776730577,1.0,0.0419365180197469,0.41488759806879905,0,1.8772500043269247
1.3333333333333335,638.6496827222802,726.737502349804,-3.0456328220723528,120.0,19.340543456214085,0.06349192293011896,-42.21532502438181,8.316711310111616,1.0,0.03702100205768106,0.4003785011355034,0,1.9568749994505197
1.35,636.6588839476643,726.5458770931496,-3.0424302741658984,120.0,19.467442002542114,0.060289375023664604,-41.599440280716834,8.410406475727482,1.0,0.0400104850367871,0.4222320437832653,0,1.9995000038761646
1.3666666666666667,634.668709070183,726.3478772016292,-3.039383404202199,120.0,19.592623766528646,0.06069169422742515,-41.01518272143505,8.48053343768348,1.0,0.03806747560660847,0.4091222632737718,0,1.8675839819479734
1.3833333333333333,632.6791467094946,726.1438144344913,-3.036313382776919,120.0,19.71393264979076,0.057621672802144815,-40.3835456156761,8.550890470780743,1.0,0.038356446521246396,0.39721352890162515,0,1.9423329795245081
1.4,630.690220200726,725.9336446395222,-3.032951742097554,120.0,19.83491498433569,0.05777874323656196,-39.8368503265762,8.655831201055893,1.0,0.041995802466538765,0.4186988805548227,0,1.9278750114608556
1.4166666666666665,628.7020114440078,725.7167899884098,-3.0301629184509764,120.0,19.95040818567881,0.05498991958998456,-39.33011434781352,8.683369227568509,1.0,0.034846184658735145,0.4067118892829926,0,1.8870829953812063
1.4333333333333331,626.7144151875634,725.4943914241868,-3.027055467396398,120.0,20.067402080493977,0.055478668008469345,-38.73963156460479,8.750604916983754,1.0,0.03882362047654577,0.39335669289107583,0,1.9999580108560622
1.4499999999999997,624.7275196190172,725.2658175855881,-3.023649941025728,120.0,20.17944647244891,0.05575531330714423,-38.2005818566854,8.85336830711634,1.0,0.04254339403525493,0.4107414511541769,0,1.918082998599857
1.4666666666666663,622.7414139848102,725.0304786602679,-3.020433267445317,120.0,20.29089933336548,0.05253863972673356,-37.84754443672216,8.927970625131103,1.0,0.04018677220452499,0.4006084810579658,0,1.923541014548391
1.483333333333333,620.7560756328987,724.7887523099671,-3.017483713161931,120.0,20.398495365618476,0.05336630256943309,-37.46578472772919,8.965470065548176,1.0,0.036852735943832884,0.4193560531195,0,1.8598750175442547
1.4999999999999996,618.7714589010325,724.5411711564104,-3.0150860370389303,120.0,20.50517731623258,0.050968626446432186,-36.97822524493591,8.93081465951466,1.0,0.029961982489239133,0.40735491500924526,0,2.0438749925233424
1.5166666666666662,616.7874414926479,724.288832250915,-3.0115141731194752,120.0,20.611253894493014,0.051278768649345885,-36.54953567885087,9.047778447810025,1.0,0.04461866607136596,0.39515224623271855,0,1.9669170142151415
1.5333333333333328,614.8043380588224,724.0294083299867,-3.008502137962911,120.0,20.71376649165292,0.04826673349278155,-36.091767313724255,9.088553486034723,1.0,0.0376326640428695,0.41117967880126066,0,1.859790994785726
1.5499999999999994,612.8220250134889,723.7640124176206,-3.0058919825112387,120.0,20.816285566026934,0.04965387824862599,-35.62293612540825,9.076262073042237,1.0,0.03261537321840043,0.40199294947121034,0,1.8994169950019568
1.566666666666666,610.8404114446141,723.4934432699863,-3.002731334140605,120.0,20.915552520215908,0.04649322987799209,-35.13859593895812,9.134888416974121,1.0,0.03948756792331167,0.42080376028202116,0,1.9138339848723263
1.5833333333333326,608.8596629461036,723.2166123005331,-3.0003210965988876,120.0,21.01662478252109,0.048206956795774136,-34.61767467439178,9.095131706723402,1.0,0.030118858568463622,0.406526230389706,0,1.9366669876035303
1.5999999999999992,606.8795874286662,722.9350080653995,-2.9967272012104997,120.0,21.114995503615145,0.04887604334414731,-34.20135607028902,9.208399616153278,1.0,0.04489350815705485,0.394881015136682,0,1.9745829922612756
1.6166666666666658,604.9005367526094,722.646289479924,-2.9937119586590284,120.0,21.21270867548615,0.04586080079267595,-33.72883565564385,9.243211992355283,1.0,0.037672699666029576,0.41393743298406666,0,1.9518749904818833
1.6333333333333324,602.9223656282462,722.3516048981493,-2.9901941381516193,120.0,21.308818506154015,0.04675845103863274,-33.505367944927286,9.340971128299245,1.0,0.043944447222931414,0.40245504711137803,0,1.8825409933924675
1.649999999999999,600.9452433891915,722.0499633031468,-2.988207371624544,120.0,21.402301335133707,0.04477168451155755,-33.15251920467503,9.23887984713115,1.0,0.024829477847565305,0.42124363506784573,0,1.843832986196503
1.6666666666666656,598.9687243432547,721.74439422577,-2.985008947953204,120.0,21.499022913002715,0.046155965145128874,-32.790626967698365,9.29585016249319,1.0,0.03995901447577421,0.407119534021511,0,1.9239170069340616
1.6833333333333322,596.9931927448232,721.4325049768395,-2.98194146821006,120.0,21.592937424839533,0.04734731634422262,-32.42162746046638,9.333827451413557,1.0,0.038324722175090094,0.39564944140628666,0,1.8920420261565596
1.6999999999999988,595.0186271531522,721.1145573016015,-2.9793586217584225,120.0,21.687596680921587,0.04476446989258509,-32.00264655274297,9.30824940178397,1.0,0.03227436993717177,0.41485826919466867,0,1.9105829996988177
1.7166666666666655,593.0448893568475,720.791510692831,-2.9758109343485555,120.0,21.78081955234591,0.04456452775732478,-31.739604811542133,9.407129659863934,1.0,0.04431705689010018,0.39962657010297614,0,1.8639159970916808
1.733333333333332,591.0723100473292,720.4614639269627,-2.9735652163420694,120.0,21.869919109115102,0.04231880975083869,-31.34861831527079,9.33546999399844,1.0,0.028064105052382327,0.4214594523778331,0,1.967916003195569
1.7499999999999987,589.1004769032555,720.1269881401969,-2.9702395075901853,120.0,21.958975112132592,0.041863194487201216,-30.985035722601832,9.40481685789456,1.0,0.041547436630834524,0.40794223826714804,0,1.9407920190133154
1.7666666666666653,587.1297670307439,719.7859564724812,-2.9673138322245904,120.0,22.043335949227256,0.041836558905201215,-30.607098868970315,9.420248223622764,1.0,0.0365546514024999,0.39396621532551174,0,1.9867079972755164
1.7833333333333319,585.1600633389727,719.4391606152062,-2.9646584993801124,120.0,22.126984660363306,0.03918122606072316,-30.265180477996875,9.400428756576286,1.0,0.03317947967376436,0.41233146093845563,0,2.045542001724243
1.7999999999999985,583.1912874485315,719.0871357677629,-2.961716673253789,120.0,22.2079488302549,0.03916890681202645,-29.93792423227822,9.418016304196392,1.0,0.03675626477579219,0.4017690482220409,0,1.9210000173188746
1.816666666666665,581.2235556717127,718.7293206555927,-2.958750650714769,120.0,22.286266614393977,0.03620288427300622,-29.57624885632685,9.437984954970402,1.0,0.03705830813060431,0.42035315288295716,0,1.8999589956365526
1.8333333333333317,579.2568938363722,718.3656707890794,-2.9560578466478917,120.0,22.363258003691616,0.03647159343372497,-29.166810982347506,9.422161100422084,1.0,0.03364734720253843,0.4056803331860445,0,1.9662920094560832
1.8499999999999983,577.2912183680064,717.996726412425,-2.9532925642602397,120.0,22.436800426146533,0.03670139099550118,-28.746004496395557,9.416186906690223,1.0,0.03455227308879788,0.3923037019570856,0,1.8918330024462193
1.866666666666665,575.3265706492729,717.6223478055642,-2.949942886744928,120.0,22.51018673041947,0.033351713480189726,-28.33717464784946,9.485214800399527,1.0,0.041846525560650605,0.4139687772169206,0,1.9115000031888485
1.8833333333333315,573.3631879977927,717.2413903750468,-2.947108812513307,120.0,22.579447778539528,0.03354787007391735,-27.986377464150866,9.485543071229607,1.0,0.0354111192409491,0.39985529851727963,0,1.8638749897945672
1.8999999999999981,571.400892891421,716.8548701097183,-2.9441174751240196,120.0,22.646530933804875,0.03055653268462999,-27.814380749796534,9.50595333803798,1.0,0.037374305678336286,0.42007703870725294,0,2.073749987175688
1.9166666666666647,569.4397627752456,716.4624816957329,-2.941336599025866,120.0,22.712185052223607,0.030842648907728254,-27.575880274090274,9.498590872704884,1.0,0.03474696054127143,0.40248143622520915,0,1.9960839999839664
1.9333333333333313,567.4797314241968,716.0646411461333,-2.9383987076969533,120.0,22.77421370029691,0.031010151192973012,-27.374983480007906,9.511575399032271,1.0,0.03670714613958563,0.39205003657095705,0,1.8924160103779286
1.949999999999998,565.5208773424781,715.6610439626273,-2.935173078398416,120.0,22.836224063068972,0.027784521894435702,-27.17735565338254,9.560854445175735,1.0,0.040298537484733096,0.4117387839294923,0,1.8461250001564622
1.9666666666666646,563.5633353040222,715.2511303526096,-2.9325483422686185,120.0,22.894103622180168,0.028305252393059366,-26.9154941959282,9.531263045504645,1.0,0.032797436800454265,0.39772343380503733,0,1.8444580200593919
1.9833333333333312,561.6068759223775,714.8360801291733,-2.9295978769344226,120.0,22.950706567999433,0.02535478705886352,-26.698606881572253,9.544478442725701,1.0,0.03686410861468986,0.416848984497507,0,1.9912079733330756
1.9999999999999978,559.6516496459759,714.4152592550845,-2.9264562947687947,120.0,23.005728318990034,0.025400450974354616,-26.500422509575912,9.581611284657212,1.0,0.03924960955157336,0.40334823944985154,0,1.9084170053247362
2.0166666666666644,557.6977550593352,713.9882979637522,-2.923414953158859,120.0,23.056523758469353,0.022359109364419094,-26.262006352145853,9.604442706450145,1.0,0.03799847109643283,0.39037226366868816,0,1.9035000004805624
2.033333333333331,555.7451680423537,713.5553961953161,-2.9206507443533782,120.0,23.107595828932556,0.022825670096223053,-26.014100722181045,9.59087191486476,1.0,0.03453886932040161,0.41019545198271,0,1.9068339897785336
2.0499999999999976,553.7937851144363,713.1170987293954,-2.918010188709663,120.0,23.15513464173066,0.023461191926310576,-25.83197290903982,9.561947316240406,1.0,0.03299496681037202,0.39656647518403954,0,1.91141598043032
2.066666666666664,551.8435663370593,712.6736500622803,-2.914822165951561,120.0,23.202052721139818,0.020273169168208316,-25.648367716841808,9.604188959238588,1.0,0.03982920986912749,0.41600982220680993,0,1.9953330047428608
2.083333333333331,549.8947711922357,712.2239863173423,-2.9113999474484475,120.0,23.246526902783316,0.02017416401785388,-25.456744344126662,9.674738491986068,1.0,0.04275166642196569,0.4030061193987761,0,1.9917080062441528
2.0999999999999974,547.9475263037199,711.7676560157526,-2.9088421383101966,120.0,23.28687249393407,0.01761635487960289,-25.25698501871365,9.631867366374749,1.0,0.03196172625785513,0.39042362487027077,0,2.0207909983582795
2.116666666666664,546.0014549895587,711.3063465315674,-2.9055530295080345,120.0,23.32812390775807,0.017699469781869315,-25.069357781854443,9.684234428061737,1.0,0.041090717896076046,0.4072505904159727,0,1.9035000004805624
2.1333333333333306,544.0569114962674,710.8386387139095,-2.9023489989340265,120.0,23.36484175609557,0.017918597427475813,-24.911478424856025,9.723656287836683,1.0,0.04002898871443128,0.3950617283950617,0,2.0570420019794255
2.1499999999999972,542.1138765317099,710.3647029308048,-2.899857853656777,120.0,23.400677033236626,0.015427452150226452,-24.738272091474677,9.670241296769259,1.0,0.0311292569986633,0.41234462876317407,0,1.9265830051153898
2.166666666666664,540.1720282378639,709.8859282409068,-2.896005293175077,120.0,23.43495199076537,0.015050961520250539,-24.678798553104272,9.793101173065251,1.0,0.048119830808915645,0.40060791424810854,0,1.938250003149733
2.1833333333333305,538.2320388585591,709.3996760345522,-2.893198567366346,120.0,23.465052777313407,0.012244235711519558,-24.559417314361898,9.777346270781157,1.0,0.03506968832774681,0.3900816249050873,0,1.880416995845735
2.199999999999997,536.2934218954113,708.9079807323626,-2.890062333248615,120.0,23.495125011978217,0.012639016523108282,-24.42478765738104,9.804341821050905,1.0,0.03918286171060633,0.40544003340704393,0,1.9282499852124602
2.2166666666666637,534.3563565353936,708.4102079016259,-2.886717901632801,120.0,23.521042342512402,0.012882638185655715,-24.505903712901507,9.85690521061203,1.0,0.041781066398865016,0.395919765538766,0,1.9354579853825271
2.2333333333333303,532.4209667727089,707.9059594841816,-2.88329469831051,120.0,23.546806906211888,0.00945943486336498,-24.545697383057863,9.917485449138429,1.0,0.04276395416943718,0.41281912004345467,0,1.9351249793544412
2.249999999999997,530.4873144912589,707.3950888014807,-2.8797489861989316,120.0,23.568552276040126,0.00956097110726617,-24.696754111470167,9.991369492402344,1.0,0.04429241409644078,0.40050844865815427,0,1.8972500110976398
2.2666666666666635,528.5554857613779,706.8773651701807,-2.8767783355122836,120.0,23.587673926926275,0.006590320420618134,-24.800927231201953,9.988765732539159,1.0,0.037116080439510216,0.38702822251069763,0,1.9886250083800405
2.28333333333333,526.6252035292572,706.3539050433716,-2.87288346614414,120.0,23.60594403486742,0.006404118444900853,-24.907828569739415,10.104489441879906,1.0,0.048647454791340826,0.4069564550457308,0,2.0939999958500266
2.2999999999999967,524.6969747419744,705.8229307088751,-2.869893493024878,120.0,23.618752184207246,0.003414145325638884,-25.111512282306165,10.099922372754456,1.0,0.03735727610190279,0.3921668803439401,0,1.8903329910244793
2.3166666666666633,522.7703421704309,705.2861934041646,-2.8668973356656196,120.0,23.633015145177932,0.004190369517887316,-25.146633267960446,10.096279556674013,1.0,0.03743447104771937,0.41169389013021035,0,1.941833004821092
2.33333333333333,520.8453263935512,704.7436860228654,-2.862576943051311,120.0,23.643587751558712,0.003708442996772199,-25.376859114639394,10.262148644879282,1.0,0.05395249705054341,0.3984832383344604,0,1.9547090050764382
2.3499999999999965,518.9226724202076,704.1928669066518,-2.8595595620334673,120.0,23.651004620552072,0.0006910619789284311,-25.52927457652511,10.254895820724954,1.0,0.037699392549510866,0.38590080873039073,0,1.9216669898014516
2.366666666666663,517.0016892279673,703.6362489271271,-2.8561164100897614,120.0,23.65697177785527,0.001154910591221192,-25.648522040614917,10.302374959948754,1.0,0.04301285354453308,0.4041182661573244,0,1.9102920196019113
2.3833333333333298,515.0826339391185,703.0730200230912,-2.8527048799645787,120.0,23.65928159852426,-0.0022566195339615014,-25.79948524600099,10.3439371216205,1.0,0.042618304979097736,0.3918262640504445,0,1.9287090108264238
2.3999999999999964,513.165511286404,702.5032474944021,-2.84903885721352,120.0,23.661845056155006,-0.0019445733354355175,-25.955298455697555,10.41641973915062,1.0,0.04579324770644937,0.4089221879437834,0,1.9602079992182553
2.416666666666663,511.25049031084785,701.9264505949826,-2.845494764756105,120.0,23.65952699075254,-0.001436905832258084,-26.222453515892497,10.470469411818097,1.0,0.044272208093668095,0.39504760025649877,0,1.9067919929511845
2.4333333333333296,509.3375255794383,701.3428703208273,-2.841661709309162,120.0,23.656653180076923,-0.005269961279201318,-26.470657533296844,10.559363033681993,1.0,0.04787657914741938,0.3842828608055332,0,1.901332987472415
2.449999999999996,507.4268117910219,700.7519618518107,-2.8379036524769554,120.0,23.650243843893975,-0.004899850938016481,-26.721444414436746,10.635198609190542,1.0,0.046941202042516214,0.40087689646258773,0,1.8642919894773513
2.466666666666663,505.51833215746876,700.1538770013817,-2.8339634242094784,120.0,23.64044418123065,-0.008840079205493456,-27.138666617513604,10.731372931186876,1.0,0.04921308463862049,0.38778658066325455,0,1.8747499852906913
2.4833333333333294,503.61222392358627,699.5482769677576,-2.8301948327468245,120.0,23.629571536889426,-0.008401281363031643,-27.477842337191618,10.801848330599185,1.0,0.04707259416430201,0.37464601368579115,0,1.8792500195559114
2.499999999999996,501.70841147894504,698.9354979083657,-2.826294280896385,120.0,23.613800727866114,-0.008012302757543388,-27.849021544658086,10.886445829258307,1.0,0.04871831760775804,0.39391863300219637,0,1.936540997121483
2.5166666666666626,499.80700368731,698.3152976101478,-2.822592370505434,120.0,23.597776293805715,-0.011714213148494412,-28.293420144477153,10.942333342295754,1.0,0.04624089393517568,0.38020067161074983,0,1.91762502072379
2.533333333333329,497.90790484492436,697.6880627363967,-2.818353120027687,120.0,23.57814839099117,-0.011578763250296388,-28.787783777157625,11.064744266583464,1.0,0.05294111501607785,0.40006693304667057,0,1.8960830057039857
2.549999999999996,496.01148206487204,697.0527827671715,-2.8145468111260215,120.0,23.554991381933355,-0.015385072151961941,-29.250283852619273,11.12703432446195,1.0,0.04754300777155934,0.388111174597992,0,1.9392500107642263
2.5666666666666624,494.11749108844094,696.4102890464258,-2.8101444208231623,120.0,23.53093010417039,-0.015324447706393407,-29.79633369301071,11.263100200655572,1.0,0.05497443073274615,0.3774661982762142,0,1.8935839761979878
2.583333333333329,492.2263469647273,695.7594634911935,-2.8066873610449794,120.0,23.500939326324566,-0.014226911993857172,-30.180088994489914,11.272981501412938,1.0,0.043186378739063,0.3951271945539233,0,1.8787500157486647
2.5999999999999956,490.3374640801502,695.1021040397885,-2.8026143218569577,120.0,23.472486462193316,-0.018299951181878885,-30.69344275286509,11.361231003263825,1.0,0.050869067069772844,0.3837226037254821,0,1.947750017279759
2.6166666666666623,488.4512743069059,694.4370565683186,-2.7980253446125727,120.0,23.43957395703189,-0.018239357352322294,-31.26820612867818,11.511989477195844,1.0,0.057299424141906016,0.40387252594305834,0,2.0652499806601554
2.633333333333329,486.568156270992,693.7633604477895,-2.7937809338973247,120.0,23.403097264881247,-0.022483768067570242,-31.811023511997217,11.612859028435373,1.0,0.05300543714789545,0.3945523856369897,0,1.9534579769242555
2.6499999999999955,484.6879146317067,693.0816776932052,-2.790073567405178,120.0,23.36501226806062,-0.021443057698409707,-32.39728278470666,11.64111730613328,1.0,0.04630894926027946,0.38295330490844304,0,1.884041994344443
2.666666666666662,482.81021315597286,692.39302889445,-2.7854996741812683,120.0,23.32268106622202,-0.021166695455757,-32.96261895479367,11.779033681322362,1.0,0.057111490237736866,0.40177664714269595,0,1.9328329944983125
2.6833333333333287,480.93568111652263,691.6957989230099,-2.7807733474415812,120.0,23.280350836337504,-0.025893022195444093,-33.57395187288494,11.93107153939668,1.0,0.05901049250581457,0.39254928955236146,0,1.9532089936546981
2.6999999999999953,479.064465338225,690.9897171210563,-2.7762932650021344,120.0,23.232471657266284,-0.02541684750144091,-34.29466803275007,12.04574473050863,1.0,0.05594259850506661,0.38048032282305466,0,1.871042011771351
2.716666666666662,477.19643163271155,690.2752592321183,-2.771918130424924,120.0,23.181643435317774,-0.02979198207865119,-35.01184214928057,12.142541758278668,1.0,0.05463475643829949,0.4002341271063738,0,1.8884580058511347
2.7333333333333285,475.33154164537723,689.552635308393,-2.767740478584929,120.0,23.12951444239205,-0.028903393782326425,-35.71831685469486,12.210317494677856,1.0,0.0521732570160685,0.3889249004537457,0,2.0502919796854258
2.749999999999995,473.4696867941551,688.8222268521298,-2.7628801714682836,120.0,23.072561228663297,-0.028583329695846867,-36.45026753691422,12.362674655280067,1.0,0.06067925600179989,0.38011719912562475,0,1.9949999987147748
2.7666666666666617,471.6114039292435,688.0827778721616,-2.7583466335688778,120.0,23.015402353211247,-0.033116867595252675,-37.18490950090263,12.46736912602114,1.0,0.0566086778297332,0.4008036727640822,0,1.8776249780785292
2.7833333333333283,469.7564924694034,687.3349119241777,-2.753543368909894,120.0,22.953770782174807,-0.0326213062928451,-38.03342859683514,12.602445994325603,1.0,0.05996881687660694,0.3887057137005939,0,2.013833000091836
2.799999999999995,467.905194591444,686.5781450069152,-2.7491972599783865,120.0,22.888539740290366,-0.03696741522435243,-38.7867763354585,12.673854911319218,1.0,0.054273010652820884,0.3772607433395911,0,1.9141660013701767
2.8166666666666615,466.0572031788319,685.8133393198862,-2.7442972688446496,120.0,22.823188617692697,-0.036445616950333104,-39.55189945816143,12.813236486706266,1.0,0.06117346713344264,0.3996617008702032,0,1.8707090057432652
2.833333333333328,464.2129814773212,685.0394877089963,-2.7395093333447145,120.0,22.752015495728543,-0.035684096049000136,-40.27705485946322,12.93288833621827,1.0,0.059777888471800704,0.386539637252904,0,1.869125000666827
2.8499999999999948,462.3724860519833,684.2568149872855,-2.734543538953454,120.0,22.680662448836824,-0.040649890440260794,-41.10901812183326,13.070600321944475,1.0,0.06199289227182288,0.40760380088849313,0,1.8725830013863742
2.8666666666666614,460.5358998949303,683.4650124312645,-2.7296955873004674,120.0,22.605316558500565,-0.039815809911793114,-41.93053409298889,13.187907918410708,1.0,0.0605253792270816,0.3914262340875534,0,1.886834012111649
2.883333333333328,458.70317392561634,682.6643155339294,-2.7247078631375095,120.0,22.52570597699351,-0.04480353407475102,-42.72033881544154,13.318498853946998,1.0,0.06226595764768292,0.3798467402366746,0,1.928458019392565
2.8999999999999946,456.87446439168,681.854487502499,-2.719931944463259,120.0,22.446565851748755,-0.0437597198383064,-43.531268805473424,13.41695593182936,1.0,0.05962821293299088,0.40319631072592826,0,1.8808750028256327
2.916666666666661,455.049643371702,681.0359349720854,-2.7148704891465836,120.0,22.362399826754253,-0.0428583889138161,-44.35139037710762,13.548037662515194,1.0,0.06318397563908101,0.3918035068188144,0,1.889500010292977
2.933333333333328,453.2289887754749,680.2081567160066,-2.710258824889342,120.0,22.276709287872446,-0.04747005317105746,-45.13528253398165,13.616564228599218,1.0,0.05758207714890503,0.38128334247394924,0,1.9270410120952874
2.9499999999999944,451.4121709614165,679.3719910443122,-2.7048739396950103,120.0,22.189954764939028,-0.04674350645921078,-45.879097351560034,13.781140941135707,1.0,0.06720968319289441,0.4024555805495823,0,1.936791988555342
2.966666666666661,449.5998821228021,678.5260541876652,-2.699915547800084,120.0,22.09728785234367,-0.04543597601956817,-46.66115570325704,13.88487749431907,1.0,0.06190071569359888,0.390586415161703,0,1.9812080136034638
2.9833333333333276,447.7918100315581,677.6711417284833,-2.6951509472822988,120.0,22.006447163509808,-0.050200576537353214,-47.394814169849056,13.95981089739502,1.0,0.05948723722043767,0.3815987933634992,0,1.8834170186892152
2.9999999999999942,445.9878317641095,676.807624264518,-2.68965133234181,120.0,21.91206215249139,-0.04927366819009826,-48.10697355800474,14.125647637075591,1.0,0.06863719848743857,0.40212644018892907,0,1.8910840153694153
3.016666666666661,444.1886297675497,675.934198723573,-2.6846825459577506,120.0,21.813554688357957,-0.054242454574157765,-48.796484539585265,14.217280668235016,1.0,0.06203014854737412,0.3932304530814677,0,1.9055830198340118
3.0333333333333274,442.39378982812525,675.0518441509397,-2.679780956941515,120.0,21.716650635062962,-0.05255052907279012,-49.408189542896494,14.296745869621489,1.0,0.0611933659888047,0.38174991354182103,0,1.8846250022761524
3.049999999999994,440.6032963718518,674.1607026453178,-2.673961740457076,120.0,21.615558226915695,-0.0516025551149637,-50.163638551812326,14.490210259903321,1.0,0.07261231899890982,0.4031610834628322,0,1.9613750046119094
3.0666666666666607,438.8180189475557,673.2591570179096,-2.6689426856639655,120.0,21.512398913423354,-0.05662160990807408,-50.88680435468348,14.574056000050543,1.0,0.06265606459767549,0.39460576828427996,0,1.9308750052005053
3.0833333333333273,437.0372888974995,672.3486623782621,-2.6634451524706675,120.0,21.409186289364897,-0.05517128226408197,-51.67508444711768,14.715693343659487,1.0,0.06861129899963855,0.3855486839647222,0,1.8714170146267861
3.099999999999994,435.2615912060535,671.4283919242143,-2.658379112674712,120.0,21.301068766668614,-0.053101470521723204,-52.44642238704378,14.796740416536972,1.0,0.06324105295036186,0.404931340119161,0,1.9474590080790222
3.1166666666666605,433.4905784077868,670.4991375627095,-2.6532317806315637,120.0,21.19491572983211,-0.058248802564871305,-53.20566615753668,14.884986470564623,1.0,0.0642530822134898,0.3951589155656766,0,1.9164999830536544
3.133333333333327,431.72437223061394,669.5607795608166,-2.6484602337095877,120.0,21.087183604516365,-0.05568884433771082,-53.84255996209418,14.921781628137817,1.0,0.05957375992079545,0.38530859597168016,0,1.898040995001793
3.1499999999999937,429.9626635618394,668.6140047373424,-2.6434571019007347,120.0,20.9765381413607,-0.05315679439740073,-54.32718999500767,14.986677493152836,1.0,0.06245780518622855,0.4071564745563866,0,1.8454999953974038
3.1666666666666603,428.20571376144613,667.6584277394516,-2.637640815007305,120.0,20.870274612899173,-0.058973081290830454,-54.83254365726406,15.152787854723648,1.0,0.07257589175583079,0.3973599295981226,0,1.9229160097893327
3.183333333333327,426.4543515576982,666.6926480382343,-2.6320306874705865,120.0,20.760197078446332,-0.05683594923537604,-55.45311181147276,15.286147473784705,1.0,0.0700119774451343,0.3881965740180089,0,1.9892919808626175
3.1999999999999935,424.70843503352916,665.7170582214396,-2.62720284683244,120.0,20.64658636962319,-0.06166378987352239,-56.11263254960255,15.314445046688416,1.0,0.060274907535041375,0.4105068406446273,0,1.922000024933368
3.21666666666666,422.96724883013815,664.7330508001664,-2.6220469961543134,120.0,20.538809455069725,-0.05885150476568102,-56.63797199588352,15.383477924260148,1.0,0.06435912542103094,0.40031911892044403,0,2.016374986851588
3.2333333333333267,421.2311591423477,663.7400792014047,-2.616701150766639,120.0,20.42854116294184,-0.05599912321339984,-57.122236217313244,15.474043361514997,1.0,0.06672387079909595,0.3924032126008811,0,1.8974590057041496
3.2499999999999933,419.5004025088963,662.7378409683663,-2.6117367255176305,120.0,20.31660144325472,-0.06096354846240848,-57.54264239196969,15.512361506368421,1.0,0.06197584366362379,0.38446789044402485,0,1.9080420024693012
3.26666666666666,417.7746427194502,661.727022909005,-2.6067152950797596,120.0,20.210533724201298,-0.057547009133795506,-57.97074188474541,15.556419396126596,1.0,0.06268564367645243,0.40460022118313577,0,1.915792003273964
3.2833333333333266,416.0539804185108,660.7075518470684,-2.601863642099463,120.0,20.10301783282968,-0.0537108404972404,-58.22774074484565,15.577032416283737,1.0,0.06057147640711816,0.39608782977402174,0,2.0845410181209445
3.299999999999993,414.33828446887986,659.6797447599066,-2.5963893297692913,120.0,19.99564779370367,-0.059185152827412324,-58.4622360458635,15.67628225417433,1.0,0.06832239674599144,0.3891601704705414,0,1.8603750213515013
3.3166666666666598,412.62824073616235,658.6425608648361,-2.5915453485685354,120.0,19.894128141757328,-0.055080873098268146,-58.68352337616872,15.691171152486817,1.0,0.0604759300171961,0.40737081698871613,0,2.0345420052763075
3.3333333333333264,410.923241145412,657.5971057507633,-2.5864812946738933,120.0,19.792235147738467,-0.05063180591151584,-58.770275739758,15.733526812561838,1.0,0.06321632829388707,0.40012387136732697,0,1.927832985529676
3.349999999999993,409.22355763508085,656.5430298689083,-2.581596226999516,120.0,19.69101479659445,-0.0555168735858933,-58.83996526547804,15.751327538444478,1.0,0.06098761898855213,0.3916790806554586,0,1.8704589747358114
3.3666666666666596,407.529043616773,655.4806635282526,-2.5766326480363406,120.0,19.599757451068882,-0.05021213714697126,-58.853853054208585,15.778403747595453,1.0,0.06196530566416964,0.4137874443704326,0,1.8882500007748604
3.383333333333326,405.83982358995877,654.409899454794,-2.571720976677504,120.0,19.510136412540902,-0.04455956791293093,-58.7803249694885,15.797741486182048,1.0,0.06131892296074465,0.40616384213469064,0,1.9109999993816018
3.399999999999993,404.1558831589966,653.3308514368769,-2.567123890221799,120.0,19.421968862961954,-0.038648334315537713,-58.62373825422664,15.776078644364413,1.0,0.05740045625713365,0.3963362900115696,0,2.1145420032553375
3.4166666666666594,402.47692098108774,652.2440736283293,-2.5625975309554976,120.0,19.34469143581889,-0.04317469358183912,-58.39748302935512,15.74614349706206,1.0,0.05651923170868152,0.38932672385415257,0,1.9299999985378236
3.433333333333326,400.8028951323848,651.1497073926137,-2.5577122936636916,120.0,19.270641938538837,-0.037614905883816885,-58.15859760250687,15.763143615882527,1.0,0.0609897313297789,0.41045357868093585,0,2.1530000085476786
3.4499999999999926,399.13423547689086,650.0471762347197,-2.5533693298866424,120.0,19.19836707118353,-0.03158350944408106,-57.7586673083156,15.710131264596331,1.0,0.05423381182798325,0.40045881286989377,0,1.9702079880516976
3.4666666666666592,397.4703797957757,648.9374085687549,-2.5486934409078654,120.0,19.135210553478693,-0.03625939842285808,-57.29969313281782,15.701638218975054,1.0,0.05838219016224726,0.3942431301288433,0,1.9954160088673234
3.483333333333326,395.81173143533505,647.8198730586222,-2.5438730885388954,120.0,19.077211184984304,-0.030783403558747754,-56.82929681950392,15.711860613880589,1.0,0.06018164330112085,0.3889296612460891,0,1.9948339904658496
3.4999999999999925,394.1584892389475,646.6943552932877,-2.5393595168399603,120.0,19.021302248040783,-0.025085951264710804,-56.28772084129825,15.682425410052252,1.0,0.05635989574938505,0.4069850320741269,0,2.249832992674783
3.516666666666659,392.51034397061204,645.5613869907904,-2.5346796860207967,120.0,18.971135607583584,-0.02976578208387437,-55.714665186343744,15.67530046428083,1.0,0.058431295270771406,0.4028632219430244,0,2.1825419971719384
3.5333333333333257,390.867518830733,644.4207180818684,-2.5301086622773767,120.0,18.928957837344328,-0.024218361256575616,-55.14439568729861,15.654479509284698,1.0,0.057075738524514814,0.3960947589583454,0,2.0248329965397716
3.5499999999999923,389.2299248601392,643.2725517230706,-2.5257528958258937,120.0,18.889469455353606,-0.01855544898405137,-54.50769699162158,15.606881229349204,1.0,0.0543933736288704,0.3879906952501375,0,1.9992080051451921
3.566666666666659,387.5973475530037,642.1172633018414,-2.521545164789699,120.0,18.853224792800166,-0.012851368658005846,-53.79846912865188,15.542122550549053,1.0,0.052548217074204484,0.40794320798158096,0,1.9632500188890845
3.5833333333333255,385.96964582683927,640.9551156818545,-2.5171208316072993,120.0,18.827522762979065,-0.0172757018404055,-53.056463313742114,15.507477215528397,1.0,0.055247884496044196,0.4007408476451628,0,1.9590420124586672
3.599999999999992,384.34710174305826,639.7857779649449,-2.5122157116127397,120.0,18.805680639020757,-0.01238287990858522,-52.380461026602624,15.535528294882504,1.0,0.0612373380280459,0.39527859011851624,0,1.8914999964181334
3.6166666666666587,382.73031289742255,638.6084955737456,-2.5080596019382204,120.0,18.785966346001373,-0.0068618058969067705,-51.63628902803321,15.466715112372885,1.0,0.05190470850854056,0.3882553502976133,0,1.9482499919831753
3.6333333333333253,381.11843091601344,637.4245038178585,-2.503623943605317,120.0,18.772242841901928,-0.01129746422981004,-50.871464027226,15.436219112234278,1.0,0.05538901611326665,0.4096810802492883,0,1.9175419874954969
3.649999999999992,379.51181655719614,636.2333739752124,-2.4994106364022843,120.0,18.766467597393493,-0.005961108467462672,-50.177789293709495,15.37840683343773,1.0,0.0526177266131116,0.40167323688446377,0,1.980292028747499
3.6666666666666585,377.9102350397302,635.035485565171,-2.4950559273838135,120.0,18.764097652493888,-0.0009002991836268848,-49.46125987903088,15.340829141261413,1.0,0.05438019477523908,0.39699190127265715,0,1.9351250084582716
3.683333333333325,376.3138851470036,633.8306341137499,-2.4908472446453263,120.0,18.764904751031263,0.004165917633796035,-48.726443433785974,15.285963581856754,1.0,0.052560080526307236,0.39173070803883947,0,1.9585409900173545
3.6999999999999917,374.72262021487336,632.6190748226821,-2.4866519648026952,120.0,18.77323656219921,-2.9362208834982084e-05,-47.92235875941287,15.231429552264792,1.0,0.05239300526425774,0.41029079752233566,0,1.9220419926568866
3.7166666666666583,373.13645210151276,631.4008504114352,-2.482565293239508,120.0,18.787423560256613,0.005011933195057328,-47.16712322407125,15.165041248795436,1.0,0.051039029717428956,0.40720812475378804,0,1.9200000097043812
3.733333333333325,371.5552757025404,630.1761540428063,-2.478204788172472,120.0,18.805099281261413,0.009626318313416869,-46.471236344347425,15.13615090172557,1.0,0.05445243105791135,0.399913219554527,0,1.8960419984068722
3.7499999999999916,369.97945461358944,628.9445746114998,-2.4739220822187145,120.0,18.825731225130845,0.014159459630675553,-45.76981498796935,15.098361976247833,1.0,0.05348277184578902,0.39509605174244616,0,1.9075419986620545
3.766666666666658,368.4089224525722,627.7062577169971,-2.4696600167580303,120.0,18.854049198123583,0.009897394169991358,-45.05422518867249,15.059323423596911,1.0,0.05322549944395488,0.39120751988430946,0,1.887249993160367
3.7833333333333248,366.84368232773716,626.4612583790029,-2.465842212687831,120.0,18.886575871313255,0.01473061378228202,-44.310862153847644,14.964910836135022,1.0,0.04768637185695973,0.4097026995802365,0,1.9552920130081475
3.7999999999999914,365.28320676206033,625.2102923487184,-2.4618333278163997,120.0,18.9228057179396,0.01920234017039935,-43.61147631095147,14.8985048812532,1.0,0.05006917904090132,0.40482485766669885,0,1.8757499929051846
3.816666666666658,363.7277587010521,623.9530806205256,-2.4572375856052795,120.0,18.962333360401008,0.022911405169554477,-43.00164663540738,14.909610100096627,1.0,0.057383708485848166,0.402621163827554,0,1.898084010463208
3.8333333333333246,362.17810486687364,622.6887337558496,-2.453102477495207,120.0,19.008152161865027,0.018776297059481806,-42.43977785460213,14.86134451620302,1.0,0.051642892016532035,0.39613825062753427,0,1.8904169846791774
3.849999999999991,360.63369247760846,621.4179897328913,-2.4490818013277162,120.0,19.057747265880657,0.02287943400403902,-41.8617853679745,14.800239313072723,1.0,0.05021619996773388,0.39249956594710345,0,1.9579580111894757
3.866666666666658,359.09440180812805,620.1410464158837,-2.44489172588996,120.0,19.110171306037085,0.026627192500702,-41.35679756040538,14.763082024373954,1.0,0.052328128397246286,0.4140851305444082,0,1.9167499849572778
3.8833333333333244,357.5604751242567,618.8576645831826,-2.440606697880674,120.0,19.16502631353299,0.030089241582385462,-40.9124057070675,14.73943021829055,1.0,0.05351171454888147,0.4084059733765795,0,1.8863330187741667
3.899999999999991,356.03206183320486,617.5677216341588,-2.436325137845769,120.0,19.225195716552236,0.025807681547480584,-40.532420962737106,14.716181866197637,1.0,0.0534684887825859,0.40613654092471857,0,1.943999988725409
3.9166666666666576,354.5091855026852,616.271246535307,-2.4323217826491095,120.0,19.288761343387254,0.029356077878508472,-40.26992975236345,14.65819316499198,1.0,0.05000023100423024,0.40187619433667265,0,1.8894170061685145
3.9333333333333242,352.99151161206714,614.9686852270623,-2.4280123411410424,120.0,19.354587666074636,0.032398703224637344,-40.064526517203845,14.641508374488282,1.0,0.05381600529663946,0.39803944248452955,0,1.8698339990805835
3.949999999999991,351.47946510839944,613.6595957073021,-2.4239918760150614,120.0,19.42197011069908,0.035526470620500294,-39.8599568711529,14.588454894138502,1.0,0.050213568595130334,0.3950825843943972,0,1.8704159883782268
3.9666666666666575,349.97269395976275,612.3444376538209,-2.419908601799097,120.0,19.49300810654042,0.03144319640453607,-39.65070818069036,14.545411615664385,1.0,0.0509966733148688,0.4142668198449553,0,1.88358299783431
3.983333333333324,348.4713055084498,611.0231380215406,-2.4157148108429443,120.0,19.56813405419703,0.03418986250347622,-39.52570003667191,14.518092798528597,1.0,0.05237444520641065,0.41302255754869505,0,1.941583992447704
3.9999999999999907,346.9754714984445,609.6955535178229,-2.4114530990177183,120.0,19.644414718163716,0.036657098016319445,-39.52929946576739,14.500446289249313,1.0,0.053221091510781235,0.4070683661645423,0,1.8643329967744648
4.016666666666658,345.4853088376799,608.3616062758141,-2.4072800371542358,120.0,19.72159105144516,0.038997944112975524,-39.594558435455355,14.472082764979003,1.0,0.05211603817384426,0.40522189691039373,0,1.8650410056579858
4.033333333333324,344.0007257802814,607.0214521258428,-2.4030885357170484,120.0,19.799567171301188,0.03480644267578814,-39.70009261014268,14.44710601018356,1.0,0.05234590460913437,0.4020760911548861,0,1.9185419951099902
4.049999999999991,342.52177300554706,605.6750871344286,-2.398874716335552,120.0,19.88189035928238,0.036888163916989125,-39.853274143325194,14.425881650978514,1.0,0.05262411113273621,0.4010052384305932,0,1.889833016321063
4.0666666666666575,341.0485066832443,604.322502074786,-2.3947526712662817,120.0,19.964493284831285,0.03884016245567734,-40.046791084118325,14.393678015729702,1.0,0.051480037737290034,0.4218974443019792,0,1.9164580153301358
4.083333333333324,339.5808282780331,602.9638556532044,-2.3907450763568754,120.0,20.047408277638322,0.040682178856678686,-40.317312575390275,14.348016354291557,1.0,0.050053094891794915,0.42040192895156486,0,1.882625016150996
4.099999999999991,338.1186065487711,601.599338297333,-2.38634245927593,120.0,20.1307060583342,0.04190199560746333,-40.59787955852207,14.354553792078576,1.0,0.05497725689993531,0.41673008930549804,0,1.8741250096354634
4.116666666666657,336.6624064186464,600.2283965841209,-2.3819038110184807,120.0,20.214485528178535,0.03746334735001389,-40.97546389599357,14.365383718897903,1.0,0.0554262755488359,0.4152064209160379,0,1.886541984276846
4.133333333333324,335.2123057412985,598.8510048368119,-2.378000551320956,120.0,20.299118530929057,0.03895278429064941,-41.44544359484402,14.30728273519896,1.0,0.0487520853666838,0.41050594894305187,0,1.8835410010069609
4.149999999999991,333.76759241443807,597.4679634769127,-2.3740890477533254,120.0,20.383543045327894,0.040201861001499584,-41.8198174418757,14.252409888086541,1.0,0.04885488849911867,0.41055039258839243,0,1.9783749885391444
4.166666666666657,332.3282998969381,596.0792817102474,-2.369733773612769,120.0,20.467560046690082,0.040772847023542884,-42.231043641191896,14.256328656051323,1.0,0.05438723792941417,0.4067293895592385,0,1.8949999939650297
4.183333333333324,330.8950691006313,594.6843446204409,-2.364865223248482,120.0,20.550094115918224,0.040594203056778515,-42.80647403912155,14.32562193387296,1.0,0.060781917029464554,0.4066594253746407,0,1.9181669922545552
4.19999999999999,329.4686465847179,593.282446333797,-2.3608752303397345,120.0,20.631260225617687,0.03660421014803106,-43.44034033868195,14.279898816474871,1.0,0.04983361824521294,0.42830237382766567,0,1.8666249816305935
4.216666666666657,328.0478289725244,591.874867805657,-2.3572413247445922,120.0,20.712013692277534,0.03742198823190934,-43.92222003886552,14.190324909587677,1.0,0.04539261721516106,0.425485464782259,0,1.8513749819248915
4.233333333333324,326.6321357376922,590.4621354655267,-2.353130157056628,120.0,20.79185059638006,0.03752257178012286,-44.35566388111714,14.165179847040248,1.0,0.05134442954573082,0.4238980847891739,0,1.9173749897163361
4.24999999999999,325.2222624298418,589.0435949282804,-2.3486504164105693,120.0,20.869606799524945,0.0370130939606077,-44.85460723927085,14.188058294148899,1.0,0.05593833944360176,0.4189708546181198,0,1.8867920152842999
4.266666666666657,323.8187579411387,587.6187527790618,-2.344475937695818,120.0,20.944329764631867,0.03656598202378092,-45.4460525094763,14.17097430582713,1.0,0.05213370073842062,0.41328077912883754,0,1.8805410072673112
4.2833333333333234,322.42121363729234,586.1880641620711,-2.3404279627702125,120.0,21.01744543266364,0.03251800709817543,-46.01350862978021,14.138311262188463,1.0,0.05055656885184226,0.4054388607947185,0,1.8887920014094561
4.29999999999999,321.02947215941293,584.7517300579192,-2.3364430408861794,120.0,21.08839476921839,0.03201629128878425,-46.59645063687374,14.09878084001755,1.0,0.04977038752332005,0.4268664683901472,0,1.9324170134495944
4.316666666666657,319.6434653957257,583.3098613915653,-2.3325708604343887,120.0,21.156360495455488,0.03138202932201839,-47.02418948667862,14.046291536242908,1.0,0.048364510105288826,0.41860376057902193,0,1.8874160014092922
4.333333333333323,318.2630521844785,581.8626366798449,-2.3284870516620555,120.0,21.221333034960814,0.030289857275717758,-47.36883864536494,14.022826025744838,1.0,0.051003337904777124,0.4111326539383578,0,1.919457979965955
4.34999999999999,316.8885606566773,580.4097867082364,-2.324455183019657,120.0,21.28264921770914,0.029002477296323992,-47.711589274056216,13.993561330977258,1.0,0.05035575242468688,0.4030760385223516,0,1.9280409906059504
4.3666666666666565,315.5199379850761,578.9514067910752,-2.320582935619735,120.0,21.34064604089356,0.02513022989640179,-48.088054282084386,13.944948172481924,1.0,0.04836534500092419,0.4264358172526886,0,1.9859590101987123
4.383333333333323,314.15697276796124,577.4877381752557,-2.316943249538443,120.0,21.395414225236756,0.02398714135541624,-48.295027772267716,13.8683955280415,1.0,0.04546472427505711,0.4159985457607011,0,1.9277499814052135
4.39999999999999,312.79934386117753,576.0191184996877,-2.3127804672784125,120.0,21.44642138576985,0.022072441335446946,-48.51833504501353,13.861632252046443,1.0,0.05198789096193388,0.41075416595086756,0,1.8757919897325337
4.416666666666656,311.44784024366254,574.5448600515708,-2.3090896819705944,120.0,21.492365330637632,0.020380713593765698,-48.780378448338254,13.794703336794356,1.0,0.046102126642448955,0.4051399558834715,0,1.9353749812580645
4.433333333333323,310.10178699022515,573.06562354617,-2.3052942848510356,120.0,21.53392887474635,0.018334951024159718,-48.96507406955681,13.74367234919518,1.0,0.04740691768655788,0.4258843880092003,0,1.9311670039314777
4.4499999999999895,308.76135770824385,571.5812889006108,-2.3014638617975853,120.0,21.570596722273088,0.014504527970709447,-49.079566255009006,13.69902587577629,1.0,0.04784374954308714,0.42085846515686054,0,1.9065419910475612
4.466666666666656,307.4266238754761,570.0918307455541,-2.2979811237483343,120.0,21.602644985228668,0.012521710696202337,-49.10931638650799,13.611556403982217,1.0,0.04350675440802099,0.4129471080669711,0,1.8640829948708415
4.483333333333323,306.097085519606,568.5977331047454,-2.29420483565324,120.0,21.629693888971044,0.009995443317668329,-49.14835331649837,13.564950446660642,1.0,0.04716858861254786,0.4077887112981817,0,1.869458006694913
4.499999999999989,304.7731987732911,567.0986254091706,-2.2908690004358903,120.0,21.650882289751358,0.007659644198457994,-49.23590621366635,13.463722666271153,1.0,0.041673798407914506,0.4268897032297264,0,1.8712500168476254
4.516666666666656,303.45432015991145,565.5951097946293,-2.28740363937549,120.0,21.66681314972231,0.004944349391034386,-49.19695946982502,13.3829069930634,1.0,0.04328995089292066,0.42210446631339893,0,1.920542010338977
4.533333333333323,302.140659679587,564.0870328262905,-2.283846870050129,120.0,21.67694591793486,0.0018877885635841807,-49.172425595567844,13.316839182905525,1.0,0.044430357448747106,0.413938282282054,0,1.8568340165074915
4.549999999999989,300.83237137914756,562.5742930195381,-2.280176963500514,120.0,21.680721492819487,-0.0017821179860306737,-49.027054665399305,13.267730982644458,1.0,0.04584169334683697,0.410651570945786,0,1.8332499894313514
4.566666666666656,299.52964349011467,561.056762114701,-2.277037403158774,120.0,21.677749720429937,-0.004671119816960445,-48.95086942142814,13.152585426503911,1.0,0.03922437564153614,0.4043777598404634,0,1.935708016389981
4.583333333333322,298.23168639348535,559.5351487027892,-2.273865316180088,120.0,21.668559702354344,-0.007841996085261815,-48.81841609778794,13.045976396065477,1.0,0.039630326885463585,0.4260771852957007,0,1.9555830222088844
4.599999999999989,296.93856250895686,558.0094257203111,-2.2706049098522443,120.0,21.652796138443122,-0.011350143775431754,-48.60739142765091,12.954717071570723,1.0,0.04073253714960799,0.41801477552566774,0,1.9142919918522239
4.616666666666656,295.65041996559034,556.4794947454076,-2.267573623585564,120.0,21.62998964806699,-0.014877634707030296,-48.35049397672989,12.837583864291407,1.0,0.037872960104534684,0.41413416890029825,0,1.9160830124747008
4.633333333333322,294.3669209920455,554.945666076713,-2.2645599741579754,120.0,21.5975205846311,-0.0161486509584714,-47.912807595511275,12.722643499814033,1.0,0.037652813851884896,0.4070884398807552,0,1.9155420013703406
4.649999999999989,293.08805026181085,553.4079763631007,-2.2614919369071727,120.0,21.56522468643849,-0.01921668820927414,-47.53468376561176,12.61903272890428,1.0,0.03833168078824156,0.4288240328815568,0,1.869500003522262
4.666666666666655,291.8139032324027,551.8663702696222,-2.2589249253794224,120.0,21.534117937265613,-0.015306474691783922,-47.03888329571848,12.45519947769851,1.0,0.032076638234917354,0.4228518574448807,0,1.9665409927256405
4.683333333333322,290.5437177172859,550.3214985088641,-2.256106014528027,120.0,21.512315427873453,-0.00938194346642529,-46.57240419046746,12.329873019390533,1.0,0.03522181329752188,0.4197519254459794,0,1.8985409988090396
4.699999999999989,289.2778920987799,548.7730523510872,-2.2532827259179395,120.0,21.497026360890246,-0.0036862496025311664,-46.092108112706505,12.20987518457269,1.0,0.03527646731714849,0.41248228290654826,0,1.9373749964870512
4.716666666666655,288.01644322978507,547.221038578303,-2.2506129871383225,120.0,21.489653878381944,-0.006355988382148237,-45.65079633880676,12.074778355149267,1.0,0.033359354620185695,0.410121179644828,0,1.9349580106791109
4.733333333333322,286.7591423227129,545.6656626015451,-2.248397487613917,120.0,21.492003956381033,-0.0002806575508045306,-45.06512880066009,11.886645353286347,1.0,0.027686667465894023,0.42769972503672454,0,1.8545000057201833
4.7499999999999885,285.505290433249,544.1075048947363,-2.2462417450875565,120.0,21.50138548251062,0.005622843759692131,-44.29224381561221,11.69804280522898,1.0,0.02694026213945156,0.42483684609694666,0,1.919874979648739
4.766666666666655,284.25480044148014,542.5466478287351,-2.24373544485311,120.0,21.517783520733307,0.01094101723040275,-43.48593375285972,11.561549892437604,1.0,0.03131850933512596,0.4173620191719739,0,1.9022080232389271
4.783333333333322,283.00822634954613,540.9826615649466,-2.2414181889278404,120.0,21.54035350408779,0.0162105240514836,-42.66953208913731,11.40604353203053,1.0,0.028957602287766004,0.41451360298599843,0,1.863375015091151
4.799999999999988,281.76527975765293,539.4157908715896,-2.239502614346208,120.0,21.572773132269642,0.014294949469851216,-41.81168982691106,11.20500881720021,1.0,0.023940107633646665,0.41058225942996895,0,1.8413749930914491
4.816666666666655,280.52533690204655,537.8465420975481,-2.2380410811706515,120.0,21.612600560802687,0.02017976146424738,-40.79187626824941,10.953475037554146,1.0,0.01826713258143052,0.4288475725344813,0,1.8510830122977495
4.8333333333333215,279.28768887907546,536.2754827825521,-2.235880120375525,120.0,21.659889227451718,0.025122246801937642,-39.65763490798111,10.801193172263961,1.0,0.027005443054610986,0.4250609413088318,0,1.8603749922476709
4.849999999999988,278.0534387408019,534.7017526290088,-2.2341537775131988,120.0,21.713066987652724,0.03025418529856605,-38.492729253694606,10.599035766595517,1.0,0.02157593713779528,0.4175109561283634,0,1.8596250156406313
4.866666666666655,276.8219072381891,533.1258940826689,-2.232375296345095,120.0,21.77356612796176,0.028475704130462187,-37.40043267348566,10.411290345133478,1.0,0.022227353364307013,0.4166760584544874,0,1.8662090005818754
4.883333333333321,275.5931803165108,531.5478477741142,-2.2309182692518266,120.0,21.842980981489376,0.03362973388710211,-36.3058420365541,10.189527196677075,1.0,0.01821082528820559,0.4101992016870011,0,2.0948339952155948
4.899999999999988,274.36675395449413,529.9680128528169,-2.229470666695108,120.0,21.91882368904519,0.038544100011540294,-35.24074176102181,9.975042895854735,1.0,0.018093057393688543,0.4093103480600317,0,1.9731670035980642
4.9166666666666545,273.14261584977055,528.3864042095161,-2.2280778075733214,120.0,22.000914730674346,0.043262443770496255,-34.03689675261555,9.7617500967699,1.0,0.01740898008088529,0.42657021148829966,0,1.8672079895623028
4.933333333333321,271.920681889809,526.803092049046,-2.2274019930922906,120.0,22.089159092023213,0.04844556467374517,-32.684245645399535,9.464707598787616,1.0,0.008447480069981993,0.4231386303005429,0,1.9670420151669532
4.949999999999988,270.69981823409597,525.2189544495429,-2.2258661080150164,120.0,22.186012325678124,0.046909679596470966,-31.30261279003378,9.289293449312762,1.0,0.01919620522096005,0.4193397199152622,0,1.8351670005358756
4.966666666666654,269.48138907069944,523.6329436129517,-2.2246981007864415,120.0,22.28976037648158,0.05134700442789076,-29.926264656979377,9.073436944276487,1.0,0.0145990530919176,0.4185319027742761,0,1.9039170001633465
4.983333333333321,268.26481321011875,522.0455107244641,-2.223950085914924,120.0,22.39917369946106,0.05594953835592831,-28.499332894338856,8.812007624443755,1.0,0.009349913425220499,0.4113559528380517,0,2.0017909992020577
4.999999999999988,267.0494251131885,520.4571682633303,-2.223272334666967,120.0,22.51486764469354,0.06036651877684962,-26.95954613158014,8.551589292159683,1.0,0.008471687924047136,0.41075746865582796,0,1.9177909998688847
5.016666666666654,265.83511379640333,518.8680024362602,-2.2229465441107217,120.0,22.63675399889554,0.06487874533307636,-25.408038591336187,8.256030449620159,1.0,0.004072359440762695,0.42716863709624825,0,1.8697920022532344
5.033333333333321,264.62132027927095,517.2784410823743,-2.222094869514362,120.0,22.766420478397485,0.06402707073671675,-23.78419959109045,8.039222036168347,1.0,0.01064553029313988,0.4232611217121263,0,1.8878330010920763
5.049999999999987,263.4088809912117,515.6878465480036,-2.2215246662309314,120.0,22.90240951150404,0.06803739966046951,-22.192549524150426,7.7946359185267635,1.0,0.007127420349158763,0.42205309042864986,0,1.8702079833019525
5.066666666666654,262.19734886243066,514.0965609353836,-2.2215073487229993,120.0,23.04381781460907,0.07234247711200714,-20.44973511480512,7.488543403052866,1.0,0.00021646884577016662,0.41692395228012574,0,1.968750002561137
5.083333333333321,260.9858442909325,512.5052543422851,-2.220995860656202,120.0,23.191505458932312,0.07589470368660711,-18.72463787960291,7.257546967855551,1.0,0.006393513717613184,0.4165036572816524,0,1.9125000108033419
5.099999999999987,259.77515381220877,510.91332828724114,-2.2215478252140826,120.0,23.344240041398322,0.08025126040527253,-16.825304489128058,6.899067464024509,1.0,-0.00689944749472178,0.4110701312696835,0,1.8757079960778356
5.116666666666654,258.56358483119595,509.32207073290004,-2.22142948349988,120.0,23.504570337887625,0.08013291869106975,-14.82170750634122,6.6402828237638385,1.0,0.001479270348532992,0.40644787716906067,0,1.883291988633573
5.13333333333332,257.35220417081325,507.73066981055183,-2.220855362537149,120.0,23.671051902287296,0.08310391818930452,-12.991066032047975,6.449855859893846,1.0,0.007176388835588091,0.42861904232863013,0,1.8414579972159117
5.149999999999987,256.1417373666545,506.1385736714855,-2.2215596025986977,120.0,23.84143136523984,0.08709354319696548,-11.044765321213884,6.102838086173436,1.0,-0.00880277339013753,0.42270956973293766,0,1.9490410049911588
5.166666666666654,254.9301496448735,504.5473303863687,-2.222028521972877,120.0,24.017998208570283,0.09058792649958747,-9.04511494068138,5.7993100418040315,1.0,-0.005861425050681886,0.4178210651414989,0,1.8783750128932297
5.18333333333332,253.7178158915196,502.95665541313286,-2.2220800248750603,120.0,24.200021512009936,0.09340485849548452,-7.072877219304142,5.560946632999951,1.0,-0.0006437861883510296,0.41901922047229556,0,1.857124996604398
5.199999999999987,252.50540021539607,501.3660428807134,-2.2223701949616625,120.0,24.386559711583303,0.09369502858208678,-5.206047281923503,5.3011301984591865,1.0,-0.0036271101764435605,0.41479326130066535,0,1.8851660133805126
5.2166666666666535,251.29252304214464,499.77578222201447,-2.2233044738400918,120.0,24.57850935512894,0.09713465344212667,-3.297902848656571,4.968712701524189,1.0,-0.011677955092450232,0.4091605747884485,0,1.8467920017428696
5.23333333333332,250.07816065151098,498.18665542272674,-2.22333501211714,120.0,24.775789620028263,0.09941046619791205,-1.3599304798034801,4.7649188648818726,1.0,-0.00038172844455970634,0.4106942011616115,0,1.9155000045429915
5.249999999999987,248.86374973224915,496.5975657087151,-2.2240006544586683,120.0,24.976330772586522,0.10206137786057656,0.5713880141732465,4.487522446365667,1.0,-0.008320337263653242,0.407352384819097,0,1.871999993454665
5.266666666666653,247.64828131670768,495.00928471001833,-2.224717475538498,120.0,25.181122751642466,0.10450357954444645,2.4171418824140285,4.2142162247292045,1.0,-0.0089600237138871,0.42278604762695293,0,1.9109999993816018
5.28333333333332,246.43167470023673,493.4218753926842,-2.2244516400620014,120.0,25.389989895417543,0.10570339836502551,3.968843241333599,4.077383381154047,1.0,0.0033229312256955294,0.42346920057233006,0,1.8893330125138164
5.2999999999999865,245.21549011646096,491.83414271424425,-2.226083976833347,120.0,25.601003229989896,0.10733573513637129,5.591049049574748,3.702471260990613,1.0,-0.02040137870870954,0.4196445000552019,0,2.0484580018091947
5.316666666666653,243.99671543967779,490.2483973730144,-2.2271445922550224,120.0,25.817355249139858,0.10960248332092215,7.24302462385211,3.4152407822822526,1.0,-0.013256916100460078,0.4167471286564227,0,2.027415990596637
5.33333333333332,242.77625958274902,488.6639455746664,-2.2275769250149744,120.0,26.03738496289628,0.11098167135837089,8.908083356675133,3.2195855036838417,1.0,-0.005404106890936532,0.41420047512937147,0,1.9435419817455113
5.349999999999986,241.5551188294813,487.0800215674272,-2.2269652140069454,120.0,26.259556871017274,0.11105781890149302,10.25937506602354,3.165291598405461,1.0,0.007646238584521715,0.41479090834074467,0,1.8935829866677523
5.366666666666653,240.3349472083738,485.49535087133796,-2.2280559636810953,120.0,26.48150622415348,0.11257774582390924,11.485454415072677,2.8948195518247903,1.0,-0.01363352616243218,0.41160489747967033,0,1.9486250239424407
5.3833333333333195,239.11304783440391,483.9120120194519,-2.229536160253127,120.0,26.706186423062604,0.11405794239594112,12.659504309213084,2.5848231270516178,1.0,-0.01850034620124242,0.410622559154606,0,1.8939579895231873
5.399999999999986,237.88880614712838,482.3304835527031,-2.231290751037553,120.0,26.934284382002314,0.11598337768567245,14.228539396549806,2.251575682029256,1.0,-0.021928869111903535,0.40723994375672024,0,1.8889160128310323
5.416666666666653,236.6617914104715,480.7511055624718,-2.2315165352870556,120.0,27.16575837216321,0.11612205438066071,15.655780748897179,2.127101212528243,1.0,-0.0028222956252339955,0.4077554852647603,0,1.9780000147875398
5.433333333333319,235.43442010641914,479.17200465309685,-2.232073518776125,120.0,27.397271002473794,0.11633439055951467,17.03634072130868,1.96494546136163,1.0,-0.006962181120983277,0.40709629115611473,0,1.9147499988321215
5.449999999999986,234.20616945966222,477.5935876141806,-2.2333033022416378,120.0,27.629176204296154,0.11696243088754033,18.189234769965104,1.7227739639082515,1.0,-0.015371082628332713,0.40519765739385066,0,2.0349170081317425
5.466666666666653,232.97597863100142,476.0166822507935,-2.233844119055614,120.0,27.8625023850956,0.11664488479308412,19.233018049187525,1.5782277069974944,1.0,-0.006760107195999402,0.4061396832965038,0,1.9160830124747008
5.483333333333319,231.74493516535247,474.44044242586745,-2.23485309222408,120.0,28.095263489893902,0.11765385796155003,20.238176051832347,1.3792207838258486,1.0,-0.012611495944524775,0.40920643885907937,0,1.8819170072674751
5.499999999999986,230.51230194290056,472.86544549288385,-2.236989319459423,120.0,28.328120155558878,0.11867561169875483,21.31677542216309,1.043401970869954,1.0,-0.026696496409561506,0.4086391750699132,0,1.9111250003334135
5.516666666666652,229.27630698420316,471.2930853362802,-2.236628926690863,120.0,28.563061705130657,0.1169451786312985,22.101405847127452,1.0405089276124688,1.0,0.004504879132835291,0.4086703143125953,0,1.9472080166451633
5.533333333333319,228.04087877299082,469.7202798381525,-2.238566679688188,120.0,28.79480935972265,0.11725790488603716,23.190199953536116,0.7431387870415506,1.0,-0.024217177126278723,0.4056637394570194,0,1.9514170126058161
5.549999999999986,226.80240517456332,468.1498712460982,-2.2381738958075577,120.0,29.02760374415729,0.11498572717278586,23.817189695314298,0.7559405360560709,1.0,0.004909759056383951,0.40505147563486615,0,1.8831249908544123
5.566666666666652,225.56454850283626,466.578976322731,-2.2400259480072915,120.0,29.256485866379425,0.11470467968624476,24.600076847057405,0.4804911695731548,1.0,-0.023146517941157657,0.4223417074417586,0,1.8521669844631106
5.583333333333319,224.3237845763579,465.0103766673855,-2.2418587229108904,120.0,29.485392493848988,0.11653745458984366,25.358743699433823,0.21810521549702944,1.0,-0.022905679478633378,0.4185424295276274,0,1.861957978690043
5.599999999999985,223.08014784530897,463.4440536862651,-2.241976604887304,120.0,29.71338944473502,0.11426923747767727,26.037231540747115,0.18562721858037956,1.0,-0.0014735236386955747,0.42050416201446944,0,1.8320420058444142
5.616666666666652,221.83632648165263,461.87787731838307,-2.2432972359873937,120.0,29.937315579223895,0.1129515255187159,26.851548927801133,0.0002151351506715221,1.0,-0.01650638947251654,0.41600625272647956,0,1.8769169982988387
5.633333333333319,220.5904378620313,460.31334494495707,-2.242200145452313,120.0,30.159219128230227,0.10896465655094323,27.20313582525541,0.13187384089742318,1.0,0.013712772106760583,0.4138904316631916,0,1.8245420069433749
5.649999999999985,219.34626642550484,458.74744666073434,-2.242802876355939,120.0,30.373946670004685,0.10642703999775228,27.358934119197233,0.04055302975522809,1.0,-0.007533993746265674,0.4105253573704817,0,1.9543750095181167
5.666666666666652,218.10115139974178,457.1822985614737,-2.243612916614509,120.0,30.5845249051863,0.1038470928510895,27.27846041159406,-0.07383116252078559,1.0,-0.010125157211580603,0.4050724174751079,0,1.9631669856607914
5.6833333333333185,216.8547689496469,455.6181595688981,-2.2440745579009036,120.0,30.791010205843797,0.10067010392572893,27.184994770128746,-0.13915172523972524,1.0,-0.005770452030686454,0.42310315042960406,0,1.8534999981056899
5.699999999999985,215.607664561251,454.05459612456855,-2.244632727255237,120.0,30.992010506603087,0.10122827328006244,27.107811892689966,-0.21433393175418713,1.0,-0.006977003716750791,0.418689342486207,0,2.096582989906892
5.716666666666652,214.35968763397182,452.49172901922054,-2.2454066800839403,120.0,31.186725687340182,0.09811602398334163,27.147490104133652,-0.3142857855424889,1.0,-0.009674108552790061,0.41478110494220444,0,1.8805419967975467
5.733333333333318,213.11050149516723,450.92982825713017,-2.248735270776427,120.0,31.376058105040265,0.0973119912870777,27.895141304480788,-0.737664955441263,1.0,-0.04158339868566533,0.40708198997159534,0,1.9160000083502382
5.749999999999985,211.85612335780615,449.3720941692607,-2.2486509680722824,120.0,31.564729072300807,0.09284988064053046,28.77028216930678,-0.7074528560420232,1.0,0.0010537834117472652,0.40183249663950843,0,1.9776249828282744
5.7666666666666515,210.60187654609825,447.81425433945776,-2.2469313824356822,120.0,31.74557475108698,0.08650863184559208,29.316785473009254,-0.46878303850258096,1.0,0.021491510976898106,0.4208576642335766,0,1.8764580017887056
5.783333333333318,209.35031042645323,446.2542600291615,-2.2468512753219527,120.0,31.914960280325264,0.08156443512809863,29.508644557251177,-0.44944652287431497,1.0,0.0010013385869468,0.4180369027946426,0,1.9394579867366701
5.799999999999985,208.09886927746547,444.69416546452123,-2.2498823429854213,120.0,32.07577243096827,0.07949052195184914,29.814331411923362,-0.8295329443077033,1.0,-0.03787023148168529,0.4113433493736914,0,1.9277499814052135
5.816666666666651,206.84270513225442,443.13787126345056,-2.2496509433987777,120.0,32.233836432342166,0.07391489910885785,30.2588637834945,-0.7769181755427312,1.0,0.0028924867663731647,0.40707054002903187,0,1.8684579990804195
5.833333333333318,205.58690114650614,441.581286428185,-2.2495637739877203,120.0,32.38153165813647,0.07382772969780049,30.856747919222038,-0.7448148386006316,1.0,0.0010896172069956617,0.42485758579252014,0,1.9142089877277613
5.8499999999999845,204.33123285211212,440.0245921311396,-2.24963528172507,120.0,32.51865285562252,0.06831754148680158,31.38278723788927,-0.7342863247017699,1.0,-0.000893846478822453,0.4202175633639493,0,1.9010420073755085
5.866666666666651,203.07545324524162,438.4679876280727,-2.249453573008629,120.0,32.64530667001583,0.06118819053017788,31.539698269341997,-0.6916961922599509,1.0,0.002271355049489827,0.4143858122680193,0,1.9007499795407057
5.883333333333318,201.81995650770753,436.9111549646046,-2.248314608291774,120.0,32.75562665652502,0.05093833520019465,31.52574951302471,-0.5280265816523477,1.0,0.014236097156234936,0.4088674079454657,0,1.8425839953124523
5.899999999999984,200.5662337616044,435.3528933447526,-2.247164408234751,120.0,32.844758966234295,0.04010141232301834,31.38574872254664,-0.3692102448150689,1.0,0.014376510165804806,0.42375252311880957,0,1.9013750134035945
5.916666666666651,199.31430415702263,433.79319072400347,-2.2460062237713685,120.0,32.91482118149388,0.029902914443386663,30.598561998911087,-0.21547787896626244,1.0,0.014476294475118983,0.0,0,1.886541984276846
5.933333333333318,198.06418181504347,432.23203918424684,-2.245010690101606,120.0,32.96716200589758,0.020484428078235247,29.781555668539934,-0.08850679921774743,1.0,0.01244352857444058,0.0,0,1.8790419853758067
5.949999999999984,196.81561427121915,430.66964387943165,-2.2434225063879554,120.0,33.00334811231479,0.011063878878858182,28.75108732935245,0.10954092926034316,1.0,0.019849689016684987,0.0,0,2.0253340189810842
5.966666666666651,195.56952967177688,429.1052675912475,-2.2419443372722627,120.0,33.023323676116604,0.002319310341398317,27.798118752714114,0.28587096078254615,1.0,0.018475011658179115,0.0,0,1.9775410182774067
5.983333333333317,194.3257588455442,427.53905108903194,-2.241563161590303,120.0,33.027962292640744,0.0019381346594387061,26.64442980683211,0.31479873103189115,1.0,0.004764659968421653,0.0,0,1.940165995620191
5.999999999999984,193.08258511329714,425.97236060541655,-2.2400792584429805,120.0,33.018766598990865,-0.006268788189165431,25.713224317699073,0.4839656985883415,1.0,0.018546662496673878,0.0,0,2.236458007246256
6.016666666666651,191.8417375658509,424.4038270979655,-2.2384436904500764,120.0,32.99657784852403,-0.01410465898469404,25.06929313317602,0.6660602147196595,1.0,0.020441752136149634,0.0,0,1.9516250176820904
6.033333333333317,190.60345712014598,422.8332661988646,-2.2352543142723,120.0,32.96190717579876,-0.022990464684738754,23.849024145142824,1.040165610914093,1.0,0.03984610078013372,0.0,0,1.9277090032119304
6.049999999999984,189.37019207342973,421.2587639522647,-2.2339724075704517,120.0,32.91238967633965,-0.029482048990284504,22.581987058836166,1.1555323922652527,1.0,0.016022462540473754,0.0,0,1.9046670058742166
6.06666666666665,188.1389464044454,419.6826820690469,-2.2322468325449636,120.0,32.85251505660869,-0.03594603817409325,21.52757425516578,1.3233166535160563,1.0,0.021566343642694837,0.0,0,1.8697080085985363
6.083333333333317,186.91042221473091,418.1044779265842,-2.229611133988126,120.0,32.78063846143054,-0.03858173673093068,20.558755945893722,1.6012354519176069,1.0,0.032934319176021506,0.0,0,1.9202080147806555
6.099999999999984,185.6860619578001,416.5230412502521,-2.2267526238294395,120.0,32.69631209130257,-0.045721334913521705,18.989874206115314,1.8969888870764091,1.0,0.0357161821658956,0.0,0,1.9069159752689302
6.11666666666665,184.4662272496872,414.9381111934726,-2.224432309917409,120.0,32.60054655475179,-0.051877870988264796,17.533176254640576,2.1124311151422894,1.0,0.028995795035812573,0.0,0,1.9014159915968776
6.133333333333317,183.25007335724086,413.3503550063054,-2.222067728130613,120.0,32.494906312217346,-0.05764485894264526,16.30287240657194,2.3252476734983123,1.0,0.029548669447545806,0.0,0,1.865124999312684
6.1499999999999835,182.03767724056482,411.75972756524044,-2.2179903126743046,120.0,32.3796804336636,-0.061722274398953836,14.679931276635063,2.749097584072744,1.0,0.05092362884000242,0.0,0,1.9050840055570006
6.16666666666665,180.83177683305203,410.16416991753215,-2.214458908308231,120.0,32.25043785427828,-0.06823196768367935,12.713165385761771,3.086789180145624,1.0,0.044113916502913714,0.0,0,2.0647089986596256
6.183333333333317,179.63151849234515,408.5643637056541,-2.21192262103808,120.0,32.11059119437897,-0.07333082636604348,10.788841949040743,3.284084334935443,1.0,0.03169297533156139,0.0,0,1.9538329797796905
6.199999999999983,178.43532157589866,406.96151844266586,-2.207878807174287,120.0,31.96248235355949,-0.07952863999854998,8.912892389741039,3.666716190377218,1.0,0.050504688274001605,0.0,0,1.9295840174891055
6.21666666666665,177.24561603003332,405.35384910037646,-2.2032577448899366,120.0,31.803592688249296,-0.08414970228290031,6.588859806121623,4.108403359133501,1.0,0.05769916261480569,0.0,0,1.9749579951167107
6.2333333333333165,176.0633523004832,403.74069923945524,-2.1993589036000114,120.0,31.63183980938335,-0.08979990198765186,4.208762925882217,4.440753568679822,1.0,0.04869698628865752,0.0,0,2.0067080040462315
6.249999999999983,174.88738695604593,402.12295219226814,-2.1957947614634623,120.0,31.450530849964274,-0.09471750754928054,1.984603143176102,4.717483985505841,1.0,0.044522335402554,0.0,0,1.917290996061638
6.26666666666665,173.71719494901856,400.5010241215174,-2.191052720011375,120.0,31.260596509244397,-0.10041870500383965,-0.1417641834402701,5.134153142971552,1.0,0.05920624090849787,0.0,0,1.9381669990252703
6.283333333333316,172.55470732031367,398.87356520863875,-2.1858916543458173,120.0,31.060096467031567,-0.10557977066939728,-2.4536957632403285,5.588288599411045,1.0,0.06442404285252093,0.0,0,1.9292919896543026
6.299999999999983,171.40063455896143,397.2401283223451,-2.1813155388207446,120.0,30.848038760229194,-0.11072318226674893,-4.806687797588364,5.950215321283736,1.0,0.0571391784502899,0.0,0,1.9562919915188104
6.3166666666666496,170.2540486510173,395.60142738693804,-2.1769200677272047,120.0,30.62658924114576,-0.11529540931927329,-7.13197701891536,6.275108023134067,1.0,0.05488820133347519,0.0,0,1.9082500075455755
6.333333333333316,169.1146766585696,393.9577025125063,-2.171103682507194,120.0,30.396309107951744,-0.12089820865376577,-9.591719266427791,6.768900674058773,1.0,0.07257711437544653,0.0,0,1.9352500094100833
6.349999999999983,167.98488442189628,392.30737845282806,-2.1652922168113555,120.0,30.155101291578468,-0.12670967434960412,-12.172471845762416,7.243042952143291,1.0,0.0725159433990592,0.0,0,1.898082991829142
6.366666666666649,166.864702011156,390.6505165495096,-2.159579984800074,120.0,29.90302138620678,-0.13181705522410384,-14.772015553349693,7.686259529840556,1.0,0.07128192376225628,0.0,0,1.9187080033589154
6.383333333333316,165.75400220404765,388.9872829704566,-2.1539855501169782,120.0,29.640643133632626,-0.13641332203571777,-17.161977174298812,8.097367535432495,1.0,0.0698167740514916,0.0,0,1.941540976986289
6.399999999999983,164.6526245811524,387.3178617139172,-2.1478337695328817,120.0,29.368661856018477,-0.14256510261981425,-19.911145542008676,8.56369837381667,1.0,0.0767462234773602,0.0,0,1.910000020870939
6.416666666666649,163.5615376471778,385.6416966556637,-2.140937590930142,120.0,29.08696099382719,-0.14806660432733446,-22.74225018369294,9.10685898588905,1.0,0.08598966158047809,0.0,0,2.0832500013057142
6.433333333333316,162.48203569965287,383.9580471834487,-2.134556778293127,120.0,28.793736717527537,-0.1526518788030824,-25.498832326117512,9.563467451392004,1.0,0.0795916643633354,0.0,0,1.9574170000851154
6.449999999999982,161.4132987068187,382.2675439328905,-2.127787201293058,120.0,28.490163579800523,-0.1572195184880485,-28.149024505403897,10.05197815648361,1.0,0.08441860279309688,0.0,0,1.9656669755931944
6.466666666666649,160.3560301070045,380.56984457556985,-2.1206566169832914,120.0,28.17701832561783,-0.16435010279781492,-31.157514687176437,10.56759103962343,1.0,0.08889738345982443,0.0,0,1.907958008814603
6.483333333333316,159.31089387142538,378.864649499023,-2.113486078628676,120.0,27.85355846139229,-0.16890554875339658,-34.01623902585027,11.06840707192633,1.0,0.08939285065127901,0.0,0,1.9750420178752393
6.499999999999982,158.27801156633643,377.1520041347301,-2.105816064198885,120.0,27.519314241143782,-0.17353930243436233,-36.66479716910792,11.613400305614906,1.0,0.0955830268243125,0.0,0,2.0838750060647726
6.516666666666649,157.2582955287387,375.4314870023928,-2.09786226179348,120.0,27.17397511173356,-0.18149310483976722,-39.23665117708136,12.1734196289891,1.0,0.09909686745317084,0.0,0,1.9497089961078018
6.5333333333333155,156.2522962551224,373.7029137579269,-2.090533729318056,120.0,26.81927738440546,-0.18535489120445048,-41.956868928105365,12.63240805438988,1.0,0.09135169086677226,0.0,0,1.90395800746046
6.549999999999982,155.25899178794714,371.96701449947625,-2.0825609475089237,120.0,26.4546560337222,-0.18941976701098762,-44.88498698379339,13.15553395080362,1.0,0.09933178235826867,0.0,0,1.9479580223560333
6.566666666666649,154.2795586898354,370.22325109628093,-2.073772648609978,120.0,26.07901129122067,-0.19384690657423098,-47.70629580476033,13.761898521610135,1.0,0.1094150093474992,0.0,0,2.1165419893804938
6.583333333333315,153.31548793107666,368.4709475917172,-2.061744797940197,120.0,25.6937409576674,-0.20587475724401205,-54.83391756734394,14.753241341368142,1.0,0.14923040294468665,0.0,0,1.9462499767541885
6.599999999999982,152.37256284384526,366.70717541825786,-2.0492061783356452,120.0,25.29151863625932,-0.2135853825434446,-62.44895911196227,15.770363010974114,1.0,0.15546794736354358,0.0,0,1.9372079987078905
6.6166666666666485,151.45182656643482,364.93171922125936,-2.03799951408801,120.0,24.870614784894265,-0.21948207024834376,-71.23370176468345,16.581213704426993,1.0,0.13917764228868307,0.0,0,2.0374169980641454
6.633333333333315,150.55104463075727,363.1460563459223,-2.0340126961551275,120.0,24.435166489874852,-0.22346888818122634,-79.44624445371932,16.44405255550318,1.0,0.049794029445968654,0.0,0,1.9402089819777757
6.649999999999982,149.65738894782143,361.3568164178086,-2.0293834625209937,120.0,24.001947117769486,-0.22228936430413174,-86.73813726448228,16.394219182508586,1.0,0.05780096421526226,0.0,0,1.9471660198178142
6.666666666666648,148.7720256203732,359.563458735022,-2.0213265870738173,120.0,23.566923750285987,-0.22402015665750818,-92.3024087119814,16.78286196288684,1.0,0.10037250687953692,0.0,0,1.984959002584219
6.683333333333315,147.90113973183404,357.76302607337,-2.006748040101228,120.0,23.123662026954406,-0.23173490132489857,-97.01438013859492,17.975776351234046,1.0,0.18025388898974073,0.0,0,1.9668330205604434
6.6999999999999815,147.05659315048447,355.95008893382794,-1.9927700827366142,120.0,22.664329237526808,-0.24571285868951254,-101.84966879595004,19.0481066760563,1.0,0.17297830846347526,0.0,0,1.9309999770484865
6.716666666666648,146.2374694057801,354.1255242485231,-1.9876421199477623,120.0,22.18762226401258,-0.24341694546809856,-106.24245529241007,18.96150893091138,1.0,0.0640119609884803,0.0,0,1.9836660067085177
6.733333333333315,145.4277126896987,352.29678313487113,-1.9819117566492765,120.0,21.7100146239423,-0.24113892328023148,-109.59184925051983,18.95503728014384,1.0,0.07150741157818163,0.0,0,1.9616250065155327
6.749999999999981,144.62844856220562,350.4634318716096,-1.9766996540925277,120.0,21.23239712103635,-0.24635102583698032,-111.41080675134205,18.88259971206051,1.0,0.06505933369939376,0.0,0,1.980666012968868
6.766666666666648,143.8387508626399,348.62593968297296,-1.9625431236021,120.0,20.759698673014814,-0.25188801572750763,-112.97519939340293,19.941931595850672,1.0,0.1751435235149117,0.0,0,2.013916993746534
6.783333333333315,143.07514393771967,346.7774526085757,-1.9493221395421874,120.0,20.270553586549756,-0.255849312503057,-115.20415866277735,20.843901981126738,1.0,0.16378195693315917,0.0,0,1.9412080000620335
6.799999999999981,142.3360418551322,344.9190317435629,-1.94278332213815,120.0,19.767224544908608,-0.25245681600722025,-117.25794731753595,20.86772763028901,1.0,0.08155392899336245,0.0,0,1.9981660007033497
6.816666666666648,141.60910736116378,343.0558177887314,-1.9351953960845945,120.0,19.267657245410355,-0.2600447420607759,-118.88922177005881,21.02400593855463,1.0,0.09456616944277116,0.0,0,1.9474999862723053
6.833333333333314,140.89633158835372,341.1871416001704,-1.9231563852429319,120.0,18.769495235399333,-0.26144669698274253,-120.09809258738068,21.73623859297372,1.0,0.1493668186148115,0.0,0,1.9167079881299287
6.849999999999981,140.20610393844262,339.3100199228947,-1.9092422074269062,120.0,18.261928982236057,-0.2639811765795459,-121.50550036964545,22.655214290467804,1.0,0.1722045774413159,0.0,0,1.9632909970823675
6.866666666666648,139.54206086501821,337.4234763117802,-1.8973655389855633,120.0,17.741974012261217,-0.263695670989909,-123.49388797380426,23.284153566308177,1.0,0.14738188692633464,0.0,0,1.9781250157393515
6.883333333333314,138.9004699506544,335.5291793185381,-1.8923955790160798,120.0,17.220673517120368,-0.26866563095939244,-124.98823484098426,23.01355195792202,1.0,0.06204476197863154,0.0,0,1.919834001455456
6.899999999999981,138.26830150155246,333.63171705225716,-1.8819814623596656,120.0,16.708467751600402,-0.2660921882473161,-125.78284657849866,23.444578567306312,1.0,0.1294485257542053,0.0,0,1.9495839951559901
6.916666666666647,137.65592736889653,331.7277743215917,-1.8775313222251035,120.0,16.1938557488715,-0.2566832669794279,-125.4901092689243,23.101194725305888,1.0,0.05556948202718888,0.0,0,1.9372079987078905
6.933333333333314,137.05203208387596,329.821125301785,-1.8769601132273497,120.0,15.689375605199523,-0.24247447708935077,-123.11152023201967,22.274210038155893,1.0,0.007139991138453455,0.0,0,1.9387500069569796
6.949999999999981,136.4492259923912,327.914131642627,-1.850328365110911,120.0,15.209164705582584,-0.2691062252057894,-121.70846378497018,24.701672308498367,1.0,0.3213576692806184,0.0,0,2.0124999864492565
6.966666666666647,135.8974142299914,325.9917623287653,-1.8366163633789,120.0,14.702435212833766,-0.26706445465144935,-121.85160914399937,25.480716828680606,1.0,0.1697505391191252,0.0,0,1.9556250190362334
6.983333333333314,135.3720130476779,324.06200752630366,-1.8281536372170983,120.0,14.192111273656472,-0.258743360111491,-122.72359416800185,25.569602488340806,1.0,0.10539212116994659,0.0,0,1.9153339962940663
6.9999999999999805,134.8629614707952,322.12787555250424,-1.8178645754376206,120.0,13.68974950197896,-0.2511588597380492,-123.5038942955758,25.885922541500776,1.0,0.12791108156095893,0.0,0,1.9314999808557332
7.016666666666647,134.3738368912391,320.1886083853315,-1.8110831704686048,120.0,13.193385043373972,-0.23891395163405726,-123.63038710918835,25.74539531694011,1.0,0.08456539943059556,0.0,0,1.906499994220212
7.033333333333314,133.89787441364425,318.24606888253584,-1.798900294962002,120.0,12.720089910516155,-0.25109682714065995,-123.45309228680838,26.292821514276383,1.0,0.15112483631574197,0.0,0,1.9657080119941384
7.04999999999998,133.44561238888528,316.29787508802747,-1.7857046871879951,120.0,12.253968201055855,-0.24404725263402963,-123.34100221502317,26.945727287987907,1.0,0.16347317063870997,0.0,0,1.9632920157164335
7.066666666666647,133.01909659354055,314.34388320566933,-1.764351075128098,120.0,11.794362987055345,-0.2438679306038658,-124.755794189471,28.57202341833991,1.0,0.26083903207233267,0.0,0,1.9590420124586672
7.0833333333333135,132.63439964891802,312.3812298331152,-1.7502844558253126,120.0,11.32752284764095,-0.23504273507839435,-127.34190205759461,29.245537192139516,1.0,0.17405354843779064,0.0,0,1.9429170060902834
7.09999999999998,132.27734775098017,310.413359425243,-1.7403185920871778,120.0,10.869948588995136,-0.22068526184173562,-129.93232844298245,29.378982940972623,1.0,0.12393483389819768,0.0,0,1.9358340068720281
7.116666666666647,131.93992478752403,308.4420284678103,-1.7358889550685002,120.0,10.43227944738879,-0.1992868831804091,-131.05525103024166,28.803369440474683,1.0,0.055313980050478426,0.0,0,1.9134579924866557
7.133333333333313,131.611237386494,306.46922219440074,-1.718481047426202,120.0,10.036338690632581,-0.2166947908227073,-131.7545968916071,29.879971029376417,1.0,0.21425885062800779,0.0,0,1.9668339809868485
7.14999999999998,131.31694048107596,304.4909933574202,-1.7054479623432945,120.0,9.652019569895032,-0.20232282202741536,-132.23779286369472,30.373865332138585,1.0,0.16149480196500382,0.0,0,1.9595420162659138
7.1666666666666465,131.04845026497856,302.50909704230685,-1.6946848774965368,120.0,9.289742380285226,-0.18766302311635497,-132.51550819354276,30.56392250138438,1.0,0.133735520050224,0.0,0,1.940833986736834
7.183333333333313,130.8013065065693,300.5244257942964,-1.6811310495842529,120.0,8.944457055136395,-0.18200487673556065,-132.66059375674172,31.096215286901945,1.0,0.16782916377776336,0.0,0,1.931000006152317
7.19999999999998,130.58108451769164,298.53658720034196,-1.662545937206199,120.0,8.601201926077549,-0.1846883941555002,-133.9289784223742,32.22775149124986,1.0,0.22826492328920125,0.0,0,1.9825409981422126
7.216666666666646,130.39784263766242,296.54499928779495,-1.6449765543323047,120.0,8.251864425786762,-0.18618422609102447,-135.83033996543398,33.19173093531924,1.0,0.21618522981623844,0.0,0,1.9838750013150275
7.233333333333313,130.2496182091548,294.55049947110064,-1.6317116034076984,120.0,7.8990429466557,-0.1832091203531878,-137.86844050308028,33.58650768457255,1.0,0.1643168843651336,0.0,0,1.9661250116769224
7.24999999999998,130.12786298746656,292.55420899474416,-1.618376078522418,120.0,7.551818451641515,-0.18014399224585165,-139.8085251477433,33.97476010543105,1.0,0.16517533130638365,0.0,0,1.8705000111367553
7.266666666666646,130.03273938414813,290.5564724004726,-1.611889359292908,120.0,7.210664593406092,-0.17007582896118412,-140.7591012804314,33.48364596257096,1.0,0.08090698944119148,0.0,0,1.906040997710079
7.283333333333313,129.95057644760865,288.5581608001812,-1.5964261931292303,120.0,6.889712020892318,-0.1688367028148745,-141.01574647114683,34.139767167349156,1.0,0.1909349827031853,0.0,0,1.9355409895069897
7.299999999999979,129.89932232675704,286.5588176542716,-1.5808905232842902,120.0,6.57185329596413,-0.1675299357998965,-141.09030101191883,34.779463364983755,1.0,0.1918084904676716,0.0,0,2.0096249936614186
7.316666666666646,129.8791342766185,284.5589195462092,-1.5643252192410768,120.0,6.257498937918499,-0.16712035880576548,-141.709530630409,35.52129908211175,1.0,0.2041807549006921,0.0,0,1.9056669843848795
7.333333333333313,129.89207640139995,282.55896142129603,-1.5493156663120276,120.0,5.945148611100738,-0.16503070856417512,-143.02116007826706,36.04247476936072,1.0,0.18546330362453728,0.0,0,1.8877089896705002
7.349999999999979,129.9350344185819,280.5594228223288,-1.5330711404110309,120.0,5.638390056328569,-0.16406023633034295,-144.79934262587267,36.69595646335113,1.0,0.20033283809087088,0.0,0,1.8917080014944077
7.366666666666646,130.01046689592437,278.5608458432355,-1.518284806043086,120.0,5.335277596126249,-0.16152469026218585,-146.89845552814083,37.14397890140877,1.0,0.18276659364776587,0.0,0,1.9204999844077975
7.383333333333312,130.1154416779461,276.5636026694733,-1.4945045609449135,120.0,5.039163297213934,-0.16788544811223052,-155.33645269273615,38.66350883144281,1.0,0.2889347680535268,0.0,0,1.9890000112354755
7.399999999999979,130.26787723566545,274.56942028043693,-1.4924330758645916,120.0,4.732699213459305,-0.1524494518334758,-157.58478429272594,37.42651752196654,1.0,0.025887778821200275,0.0,0,1.8986669892910868
7.416666666666646,130.42444338244258,272.5755579377253,-1.4802879648923752,120.0,4.45922758202952,-0.14700900881804335,-157.31660282243627,37.51669291226676,1.0,0.15066344659425276,0.0,0,1.9477919850032777
7.433333333333312,130.60521306641985,270.5837441107438,-1.464084673945078,120.0,4.200154203814698,-0.12784801487741682,-156.10503694683436,38.10758912179826,1.0,0.199837762345062,0.0,0,1.9470840052235872
7.449999999999979,130.81823154741426,268.5951206856694,-1.4453429758062124,120.0,3.9490945430468374,-0.12883207744792147,-155.22308523964665,38.98619146440055,1.0,0.2301212153516503,0.0,0,1.9585829868447036
7.4666666666666455,131.0684806161167,266.61083859795764,-1.4286235760816406,120.0,3.699332119238468,-0.12775788640155294,-156.020252420877,39.58371260094515,1.0,0.2060270497593683,0.0,0,1.9045000080950558
7.483333333333312,131.35186916828238,264.63101766451405,-1.4152755977979248,120.0,3.4551339513013555,-0.1232872734559569,-157.28205780918606,39.74064372481179,1.0,0.16532678638686152,0.0,0,1.9051659910473973
7.499999999999979,131.6616582974635,262.65515565125474,-1.4026149240753352,120.0,3.223422308388333,-0.11811540172644497,-158.56907886087555,39.80552184004381,1.0,0.15695669539358575,0.0,0,1.9103329977951944
7.516666666666645,131.996437674484,260.6833740282747,-1.387821760545449,120.0,3.0057597343342426,-0.1150731621049439,-159.148751909233,40.13329663736796,1.0,0.18284913703662078,0.0,0,1.8856249807868153
7.533333333333312,132.36034824513052,258.7167604168676,-1.3731694793072138,120.0,2.798056518454655,-0.11189828762908793,-159.93570167918156,40.430821789962586,1.0,0.1811457983412039,0.0,0,1.9087499822489917
7.5499999999999785,132.75303409728812,256.75568983641534,-1.3493393893283916,120.0,2.6006944653320185,-0.11792054132475793,-172.66863800242658,41.82812337137692,1.0,0.2895071478580931,0.0,0,1.8830829940270633
7.566666666666645,133.19233652232995,254.80453290286223,-1.340306640072024,120.0,2.3954610283461806,-0.10917577113413612,-175.8644591693288,41.35536272975156,1.0,0.11243319344316424,0.0,0,1.9444579957053065
7.583333333333312,133.64924509770708,252.8574236214538,-1.3206883200429138,120.0,2.215107544869067,-0.0933733760345663,-189.96448126921177,42.21393915632724,1.0,0.24048329432798543,0.0,0,1.8856670067179948
7.599999999999978,134.14426231149687,250.91965223193134,-1.309811335248051,120.0,2.036326041917641,-0.08662842598716036,-205.00583557961542,41.95880536845257,1.0,0.13513369285430513,0.0,0,1.9015830184798688
7.616666666666645,134.6603269374705,248.9873796575209,-1.3133557756909313,120.0,1.8754157770871334,-0.06553481447225074,-201.2278427686362,39.8732089715748,1.0,-0.044276549390955544,0.0,0,1.9053330179303885
7.6333333333333115,135.16953951105353,247.05329006422255,-1.2995627273024222,120.0,1.7610627476839975,-0.061861495392308674,-192.0823907154235,40.07289854325985,1.0,0.17073454309668792,0.0,0,1.9090840069111437
7.649999999999978,135.7053797925021,245.12640781748897,-1.2645144207721761,120.0,1.658517069449886,-0.07953598159185216,-197.25462790511074,42.74864925221053,1.0,0.4129171518110934,0.0,0,1.967624993994832
7.666666666666645,136.30841113309074,243.21948537484275,-1.256849466001394,120.0,1.5251048991830336,-0.06992908085720285,-193.9522322499709,42.06595495933695,1.0,0.09552035677302706,0.0,0,1.9122500088997185
7.683333333333311,136.92604109041,241.31724111192017,-1.2528789825319218,120.0,1.4153518024385021,-0.0396976314148898,-187.69292666185692,40.93826622174509,1.0,0.049590352425644274,0.0,0,1.9579580111894757
7.699999999999978,137.55121898890422,239.41746412626256,-1.2299286791472372,120.0,1.340589101190402,-0.04573483694401137,-205.41062968665415,42.210545068098625,1.0,0.27937594682146183,0.0,0,1.9024589855689555
7.716666666666645,138.2198288796631,237.5325342034327,-1.2210877190001195,120.0,1.258140481985906,-0.03779858443966311,-203.58969809624355,41.69719327792474,1.0,0.11006537926439727,0.0,0,2.0663340110331774
7.733333333333311,138.90507701369387,235.6535890220058,-1.2042154899087487,120.0,1.195832216673843,-0.038036931867488466,-221.3116921869157,42.20639400102901,1.0,0.20785676609336612,0.0,0,1.9360410224180669
7.749999999999978,139.62192810398108,233.78647239084586,-1.1968258094523183,120.0,1.1372067940681776,-0.028943065775383966,-215.00290293733914,41.508682548652104,1.0,0.09210962697998731,0.0,0,1.9159170042257756
7.766666666666644,140.35255689138464,231.9247039909053,-1.1853840219335594,120.0,1.1007913499181101,-0.02405819570355372,-198.25444209455637,41.34993017106602,1.0,0.14205894796325005,0.0,0,1.988957985304296
7.783333333333311,141.10443934801324,230.07141697281713,-1.1717911817228062,120.0,1.078027570120738,-0.021487365156206417,-181.53346050823325,41.46627797970679,1.0,0.16830317232024505,0.0,0,1.9523339869920164
7.799999999999978,141.88144300337382,228.2285210670329,-1.1596725843691833,120.0,1.0651141369010446,-0.0017896787085529553,-168.53298538382472,41.39373094489477,1.0,0.15033947675389533,0.0,0,1.8938750145025551
7.816666666666644,142.68072237070243,226.39517644777476,-1.148479717662883,120.0,1.0662505384999186,0.002660164124579367,-158.93235566617176,41.207582813694685,1.0,0.1390084883016865,0.0,0,1.8859999836422503
7.833333333333311,143.50047162507448,224.5708927088908,-1.1370219603122975,120.0,1.079837308907901,0.006662315392920171,-151.73934617997395,41.06171183139105,1.0,0.1422545638736865,0.0,0,1.975917024537921
7.849999999999977,144.34106881469165,222.75612099740536,-1.125433655284803,120.0,1.104791342050323,0.010347291562505134,-146.6909946187549,40.937673021608234,1.0,0.1438532418745857,0.0,0,1.8825420120265335
7.866666666666644,145.20263922100682,220.95121201494615,-1.1136752279198623,120.0,1.1402838227971137,0.013672127668207244,-143.3564922121718,40.83958625160794,1.0,0.14593543671096862,0.0,0,1.9807920034509152
7.883333333333311,146.08537246950712,219.1565582845591,-1.1027013624277804,120.0,1.1853948122899836,0.01758854322471004,-140.70777733458982,40.64650441869355,1.0,0.13632252873285092,0.0,0,1.8789579917211086
7.899999999999977,146.98774646000697,217.37169941583323,-1.0915425094820743,120.0,1.2411031100013692,0.02112443768614014,-138.56846169266998,40.48394683999042,1.0,0.13859145495620245,0.0,0,1.9280420092400163
7.916666666666644,147.90998083358943,215.5970209209551,-1.0801109421156154,120.0,1.3064404763141453,0.024189932871835795,-136.72813688581306,40.36174898661425,1.0,0.14193375465085556,0.0,0,1.9092500151600689
7.9333333333333105,148.85244186360617,213.83300073770894,-1.0696156235272236,120.0,1.3802574824279854,0.027992226167953493,-134.9547513342136,40.12626163622475,1.0,0.13044650601757665,0.0,0,1.8718749925028533
7.949999999999977,149.81336460118206,212.07896895566802,-1.0579956943446,120.0,1.4655607490311304,0.0443639384978498,-133.5609651558127,40.041136191584386,1.0,0.14424039807090397,0.0,0,1.974499988136813
7.966666666666644,150.79460373269896,210.336221192284,-1.0475918150600205,120.0,1.5581351489034265,0.04765234076494018,-132.33790794724274,39.806112545882634,1.0,0.12932268893024465,0.0,0,1.9639170204754919
7.98333333333331,151.79392076995163,208.60377625548037,-1.0372524212467298,120.0,1.659205157846681,0.05080224755204721,-131.05665237504758,39.57182845356428,1.0,0.12852994497559975,0.0,0,1.9063749932684004
7.999999999999977,152.81109650396755,206.8817560679886,-1.0265105236115577,120.0,1.7682889891361924,0.053346585231259014,-129.67699780661457,39.397109328011815,1.0,0.13347537935130024,0.0,0,1.9150000007357448
8.016666666666644,153.8467109622694,205.17076141757144,-1.0156660503168353,120.0,1.8839754530026913,0.05558548192370638,-128.40337036911706,39.2418581020525,1.0,0.13473465361501946,0.0,0,1.9964999810326844
8.033333333333312,154.90081899780424,203.47109784809044,-1.0060325629411242,120.0,2.005456864777192,0.05883296585739873,-126.98720574188486,38.93966194503044,1.0,0.11984155559819862,0.0,0,1.8927910132333636
8.04999999999998,155.97125155523787,201.78166772524247,-0.9952673166428146,120.0,2.1345515620574576,0.060747008064470975,-125.97048574501328,38.791697321676565,1.0,0.13376205774923133,0.0,0,1.9486669916659594
8.066666666666647,157.0598088668657,200.1038587434744,-0.9849129920204797,120.0,2.2684077859343987,0.0628712370138842,-124.69450391424192,38.59747871653522,1.0,0.1287135094701748,0.0,0,1.9558329950086772
8.083333333333314,158.16568009421894,198.4374107759362,-0.975311231989031,120.0,2.407351823508948,0.0664084725342684,-123.2862932975232,38.31556226039979,1.0,0.11945061404657897,0.0,0,1.9167499849572778
8.099999999999982,159.28750093235826,196.781657772884,-0.9657222913655307,120.0,2.5558086478729463,0.071402334985886,-121.73242853440541,38.04270596374618,1.0,0.11929264401303427,0.0,0,1.9665420113597065
8.11666666666665,160.42514687035032,195.13673779921652,-0.9557275282484609,120.0,2.716210552299234,0.07648636691794164,-120.07406264895795,37.8314429397284,1.0,0.12429054008380128,0.0,0,1.8737920036073774
8.133333333333317,161.57917629784197,193.50327029709618,-0.9454549926381159,120.0,2.8866098344248843,0.08092577145716996,-118.67578167047729,37.66319390404879,1.0,0.12770786060416617,0.0,0,1.8725830013863742
8.149999999999984,162.7499243943682,191.88174357993108,-0.9370139399371896,120.0,3.0654395247140034,0.08683689595973954,-116.96452112955973,37.26962935748191,1.0,0.10512419342109156,0.0,0,1.936167012900114
8.166666666666652,163.93431801237398,190.2701568594512,-0.9275954144159969,120.0,3.255363901714854,0.0914181269772113,-115.3903286522215,37.014817128924534,1.0,0.11719210021786206,0.0,0,1.936416985699907
8.18333333333332,165.13383764404745,188.66979669585365,-0.9175297149030779,120.0,3.453482873430623,0.09500730213777542,-113.79300209260352,36.85140605856379,1.0,0.12516352203746825,0.0,0,1.9872919947374612
8.199999999999987,166.34940498208715,187.08159140474956,-0.9086316454900216,120.0,3.657591127790652,0.09942691201383325,-112.15910598887862,36.54650389685989,1.0,0.11077057682761482,0.0,0,1.9721669959835708
8.216666666666654,167.5790559732225,185.50426504663596,-0.8995752305231641,120.0,3.8691266738587187,0.10335877103645752,-110.6808921231044,36.27322197931942,1.0,0.11272528136965129,0.0,0,1.946250005858019
8.233333333333322,168.82294126431046,183.93813945058213,-0.8903122917612623,120.0,4.086920080715788,0.10676255509413479,-109.35437164869724,36.036431689364015,1.0,0.11527342304828847,0.0,0,1.9720840209629387
8.24999999999999,170.08127990987228,182.383602910939,-0.8814858900259395,120.0,4.309739534506641,0.11028920788086538,-107.72054799814109,35.75333611276788,1.0,0.10988559123686517,0.0,0,1.9307080074213445
8.266666666666657,171.35329032594066,180.84023338246774,-0.8730592306048686,120.0,4.537662798978404,0.11390981497976815,-105.98083358154462,35.43031755753283,1.0,0.10494625503965063,0.0,0,1.9293749937787652
8.283333333333324,172.63826087590525,179.30763732162075,-0.8640332247173382,120.0,4.7707237305973145,0.1166331377130424,-104.30687329753827,35.19550783687433,1.0,0.11234996162366492,0.0,0,1.9408749940339476
8.299999999999992,173.9370121169721,177.78670168398602,-0.8554613830114473,120.0,5.007002995471664,0.11952048244854385,-102.74090878820016,34.9120499763037,1.0,0.10674077821725333,0.0,0,1.9313330121804029
8.31666666666666,175.24875270437911,176.2769544762227,-0.8471890994701194,120.0,5.24670305440044,0.12242496346576327,-101.16636156802103,34.60136259654082,1.0,0.10303735035328379,0.0,0,1.9283749861642718
8.333333333333327,176.57293732493488,174.77810989098927,-0.8384981245334623,120.0,5.4909418096389935,0.1137339885291061,-99.69214395575898,34.35555952677816,1.0,0.1082128077206643,0.0,0,1.885875011794269
8.349999999999994,177.91009819269422,173.29083022201874,-0.8303934369124658,120.0,5.738373696791725,0.11653127030158728,-98.17595543598209,34.04471944455488,1.0,0.10096412279391284,0.0,0,1.9326669862493873
8.366666666666662,179.25926894950544,171.81443655196816,-0.8225127804823021,120.0,5.9883067947051405,0.11928530571134044,-96.79109792023392,33.71725258954613,1.0,0.09819141099423737,0.0,0,1.950583013240248
8.38333333333333,180.6200326424188,170.34872096835423,-0.8143866581378835,120.0,6.2405827283798345,0.12153399301559187,-95.34466525105348,33.43339585607116,1.0,0.10122932771910495,0.0,0,1.9753749947994947
8.399999999999997,181.99266186040822,168.8941113884594,-0.8065264470563913,120.0,6.494137101174166,0.12379597151612876,-93.95298268801143,33.1265609306,1.0,0.09793829398266654,0.0,0,1.9322499865666032
8.416666666666664,183.37668209670315,167.45033578763838,-0.7980535353261738,120.0,6.748945035549296,0.12519974913804344,-92.56454973764426,32.909127594613224,1.0,0.10551803012337443,0.0,0,1.8660410132724792
8.433333333333332,184.77288549058395,166.01833855198612,-0.7906452443280974,120.0,7.003263239975542,0.1274296174981432,-91.26601899440499,32.56476156070483,1.0,0.09234028571671678,0.0,0,1.8762499967124313
8.45,186.17965912607295,164.596723998567,-0.7826014695693075,120.0,7.258697050505076,0.12879228697632905,-90.03503618109521,32.31422129661078,1.0,0.10021038990533265,0.0,0,1.9019159954041243
8.466666666666667,187.59782227500227,163.18647108400916,-0.7746938843943862,120.0,7.515570102820508,0.12088470180140776,-88.79103390100164,32.055891840593446,1.0,0.09852477432405957,0.0,0,1.893749984446913
8.483333333333334,189.02709266418168,161.78747638973226,-0.7675547278667313,120.0,7.772901177970584,0.12292692951514649,-87.49070860766498,31.70971048057675,1.0,0.089003690603424,0.0,0,1.8928750068880618
8.500000000000002,190.46631418756962,160.39872104532603,-0.7603633208423175,120.0,8.03050005025557,0.12469833895142436,-86.25865794185191,31.383355142309007,1.0,0.08965162402186018,0.0,0,1.8849580083042383
8.51666666666667,191.91548551434317,159.0203515499956,-0.7523659929370862,120.0,8.28783043247053,0.12545158694251646,-85.04800667312671,31.171818287538926,1.0,0.09963558190199809,0.0,0,1.9144169928040355
8.533333333333337,193.37563365418072,157.65361550754668,-0.7451365509283928,120.0,8.542881313546896,0.1267666413398194,-83.82959836678656,30.870722958296682,1.0,0.09012323023680709,0.344922910016482,0,1.8594999855849892
8.550000000000004,194.84562428987712,156.2974711454064,-0.7382647088337388,120.0,8.796781006874086,0.12823921077330047,-82.64686150005873,30.53558501670962,1.0,0.08568769120895257,0.34715864571734917,0,1.8734579789452255
8.566666666666672,196.32489935417283,154.95146026723606,-0.73121790145344,120.0,9.05255702900287,0.12119240339300165,-81.46308479208395,30.235470747141427,1.0,0.08785833006265159,0.34391203014466565,0,1.9338330021128058
8.58333333333334,197.8136226909636,153.61590688885892,-0.7239176051402999,120.0,9.307824048083582,0.12204226227804749,-80.36048530097533,29.979010550086727,1.0,0.0910016648762329,0.36761809517006316,0,1.8477499834261835
8.600000000000007,199.31205620647862,152.2912571239847,-0.7166686661636678,120.0,9.56068321159127,0.12275488566881175,-79.31110419849277,29.72575689720758,1.0,0.09036496292643455,0.36863413594715533,0,1.9174159970134497
8.616666666666674,200.82005257420158,150.97750412020721,-0.7099348912244176,120.0,9.810900922419291,0.12379958026329008,-78.33173874563602,29.416572202732386,1.0,0.08397424207760722,0.3651438000465667,0,1.8420839915052056
8.633333333333342,202.33686120316514,149.67393533295368,-0.7027729759413834,120.0,10.059177545324538,0.12423838017455502,-77.41269713506104,29.17363330448444,1.0,0.08928592028602597,0.36387007016694894,0,1.8649999983608723
8.65000000000001,203.86296690084708,148.38126313958728,-0.6963780229679486,120.0,10.307015585093449,0.11784342720112019,-76.42463892668883,28.842288064931278,1.0,0.07976729876036424,0.3600305955052787,0,1.8751250172499567
8.666666666666677,205.3973079148085,147.09837668596955,-0.6893647899769801,120.0,10.55424405697936,0.1182583344375634,-75.50700180028784,28.602278152898435,1.0,0.08744186616116865,0.38390712570056046,0,1.959666988113895
8.683333333333344,206.94060830315325,145.8262823846951,-0.6827424224280757,120.0,10.798040627988033,0.1188965551006652,-74.58589544481818,28.321628825372585,1.0,0.08259128665915415,0.3794445444904656,0,2.193791005993262
8.700000000000012,208.49229906476674,144.56443620535177,-0.6763613292917854,120.0,11.038908192858568,0.11961336765575449,-73.77239952668761,28.020924332438067,1.0,0.0795951484387254,0.37565868770482824,0,2.120374992955476
8.71666666666668,210.05201013869438,143.31251713214158,-0.6701570916901762,120.0,11.277564885699867,0.11340913005414532,-72.85996315992475,27.709132627281736,1.0,0.07739804887052253,0.3708235763041204,0,2.032292017247528
8.733333333333347,211.61945834763733,142.07029890965347,-0.6638580653692412,120.0,11.517181098336565,0.11405004612080127,-71.89184663084876,27.421294363641636,1.0,0.078575716063337,0.3919593483784188,0,2.029124996624887
8.750000000000014,213.19470017382272,140.83797866351773,-0.6571335838408306,120.0,11.753691773017412,0.11411211596476933,-71.02681581006081,27.19859697437817,1.0,0.08385889057514742,0.38797722208467444,0,1.9721249991562217
8.766666666666682,214.7781930372665,139.61627888393906,-0.6511992039613308,120.0,11.986020023988697,0.11481532528478833,-70.16659282819072,26.883685817830912,1.0,0.07404413459099746,0.3824676739074474,0,1.8975829880218953
8.78333333333335,216.3689080060022,138.40399760954756,-0.6449013091285893,120.0,12.215512666724681,0.11501034645568364,-69.32761015286772,26.62710642752768,1.0,0.07856165959041594,0.37723786431787815,0,1.9167920108884573
8.800000000000017,217.96722619770034,137.20175846607953,-0.6390951999116373,120.0,12.445026599729934,0.10920423723873163,-68.46888514515676,26.317592534926554,1.0,0.07244933856629034,0.3968976930296893,0,1.9427920051384717
8.816666666666684,219.57249774165146,136.0088195446838,-0.6330684221762206,120.0,12.671833308925887,0.10952985507284452,-67.65254669781913,26.04800863205172,1.0,0.07519268880427926,0.39224184742365753,0,1.8903329910244793
8.833333333333352,221.18492966652218,134.82557684444953,-0.6270316048521872,120.0,12.894930826125513,0.10970893312456109,-66.83609118323213,25.789962978383315,1.0,0.0753174742840335,0.3840368729088738,0,1.8888339982368052
8.85000000000002,222.80447518706777,133.65208960255862,-0.6209135407988032,120.0,13.114110195869587,0.10967415568708727,-66.04908260663902,25.552089438401715,1.0,0.07632723087117335,0.3821519732966817,0,1.9504579831846058
8.866666666666687,224.43116982266338,132.48853274424678,-0.6154118357243509,120.0,13.333019036016136,0.1041724506126349,-65.25413126780379,25.244651575580434,1.0,0.06866320222419593,0.402716923558407,0,1.9389579829294235
8.883333333333354,226.0642413536847,131.3339430445839,-0.6100113041850237,120.0,13.548837507211527,0.10472636327412033,-64.45936927155809,24.936020662237404,1.0,0.06740437782135535,0.3916813306725126,0,1.9128749845549464
8.900000000000022,227.68018109349933,130.2045050898824,-0.6043799287113674,118.29120343642154,13.758255538900713,0.10492423454442484,-63.61763872930786,24.678987225012655,1.0,0.07128804872919496,0.3848003611950846,0,1.8959169974550605
8.91666666666669,229.24133014154924,129.12639725862522,-0.598636352320521,113.83413480043136,13.95695647482016,0.09918065815357852,-62.83708852932743,24.47533951387344,1.0,0.07553947969107262,0.4076920817381598,0,2.0824169914703816
8.933333333333357,230.76200685896833,128.0890877402384,-0.5937022245322598,110.44676263707882,14.148152587639508,0.0999541068982161,-62.07506449331618,24.190927484513935,1.0,0.06691135930094062,0.39816208818066284,0,1.9668750173877925
8.950000000000024,232.21361227121784,127.10935432875715,-0.589162309569733,105.07772832337541,14.326068394313701,0.10100351142432423,-61.37586406239775,23.89485060998073,1.0,0.06471744797416111,0.38758349935544356,0,1.9509159901645035
8.966666666666692,233.57907441083805,126.19675713701172,-0.5847329536057775,98.54112725570081,14.491669820435764,0.09657415546036868,-60.661751302540644,23.636774445150266,1.0,0.06732207754669768,0.4039738327597469,0,1.924582989886403
8.98333333333336,234.87952433816113,125.33591898294475,-0.5802912245305054,93.57331044426812,14.64749041524504,0.09760679149995416,-60.016798510821246,23.427086443126313,1.0,0.0710818990882361,0.39180797009753343,0,1.9104999955743551
9.000000000000027,236.10129736264187,124.53494320838924,-0.5765187151596193,87.65528765103107,14.7898599590121,0.09383428212906803,-59.34725763396379,23.157525021467904,1.0,0.06446755963504605,0.4071318973721522,0,1.9509170087985694
9.016666666666694,237.2632381439373,123.77944450188008,-0.5731960979016016,83.15759032817093,14.925375970432592,0.09587427130985005,-58.63038438220015,22.850996145492715,1.0,0.05986189875633463,0.39199829131190356,0,1.8844580044969916
9.033333333333362,238.35386793873056,123.07545713820363,-0.5695614953075672,77.88618367223417,15.049640081115118,0.09223966871581557,-58.03342322241258,22.65895442007684,1.0,0.0698843538819688,0.40577433928606055,0,1.9424580095801502
9.05000000000003,239.39081874655318,122.4114456207557,-0.5664116471214521,73.87991461372224,15.167177435149794,0.09434376047484011,-57.45084079853662,22.412467014229538,1.0,0.06386508209751833,0.389125386996904,0,1.9012500124517828
9.066666666666697,240.36470830416417,121.79213215618728,-0.5634323926653059,69.24764354221738,15.275900699428325,0.09136450601869389,-56.9083142242913,22.18131724951605,1.0,0.06444541655165828,0.40130258587417983,0,1.8718329956755042
9.083333333333364,241.29083284036878,121.20706093191289,-0.5605117178268769,65.72711752787369,15.376981139243448,0.09359209668439022,-56.36096546643548,21.980612095583233,1.0,0.06655611307347108,0.41129296235679214,0,1.876374997664243
9.100000000000032,242.1536075017508,120.66552952709151,-0.5578414648360919,61.11866297155372,15.472179079898028,0.09092184369360518,-55.866965169257504,21.776095202009024,1.0,0.06544089750418827,0.38810629489951237,0,1.899167022202164
9.1166666666667,242.96830083164605,120.15720438336736,-0.5553968097733827,57.616237508750544,15.559368410427368,0.08847718863089597,-55.3794187929291,21.560052988563484,1.0,0.06355922382124236,0.3977703088829267,0,1.9230830075684935
9.133333333333367,243.74653865421593,119.67426470268387,-0.5530212230589042,54.954394157020126,15.641733386090337,0.09114708821176559,-54.96380658249231,21.364460817793862,1.0,0.06475184654039737,0.40887208034654754,0,1.8953329999931157
9.150000000000034,244.4827514656701,119.21982274205095,-0.5508114660354589,51.91046597362958,15.720482372304408,0.08893733118832031,-54.56646527868934,21.166193465094295,1.0,0.06376636490911895,0.38467782459124117,0,2.0002500095870346
9.166666666666702,245.18711275275393,118.78718835778005,-0.5487166507051632,49.59708055425276,15.79390269195823,0.08684251585802455,-54.172099063587424,20.970375720108006,1.0,0.06327043674509017,0.39311711537532024,0,2.0385000098031014
9.183333333333369,245.8673777218938,118.37131459818852,-0.5466740394457474,47.83890763552638,15.863056544958312,0.08479990459860881,-53.88703091537276,20.789064727450484,1.0,0.06395919066374924,0.4022080802237007,0,1.9155000045429915
9.200000000000037,246.52946624615808,117.96840835557492,-0.5447259717515724,46.50269621729433,15.932171619419746,0.08779734563233534,-53.57203502669955,20.602285855864444,1.0,0.06275474053152673,0.4103505265585364,0,1.9990830041933805
9.216666666666704,247.16105737903487,117.58574496633702,-0.5429690402950903,44.30822793714382,15.996924101864115,0.08604041417585317,-53.22194874239202,20.38828570483507,1.0,0.05940874013639744,0.38623809065537484,0,1.8712089804466814
9.233333333333372,247.76952100277325,117.2185537839839,-0.5412435151316609,42.640432044229435,16.057995359355928,0.08431488901242379,-52.89209896115479,20.19491403225876,1.0,0.06062593076672447,0.39368518269101266,0,1.9007909868378192
9.250000000000039,248.36051138669558,116.86329692646335,-0.5395010981658368,41.3729071656145,16.116065699831662,0.08257247204659968,-52.62852343274393,20.034151811211295,1.0,0.06308855608188031,0.40062180342183795,0,1.8960830057039857
9.266666666666707,248.93834497905524,116.51731810344533,-0.5377096621770744,40.40958825786715,16.17478901121841,0.08562927841578793,-52.41821504323278,19.913452945225714,1.0,0.06640017214354647,0.40902258518511425,0,1.9182910036761314
9.283333333333374,249.4982126081124,116.18345750657987,-0.5361013008912635,39.111287075979035,16.230538678167694,0.08402091712997706,-52.23375818025019,19.74814071737682,1.0,0.061605977006393337,0.41635137200947797,0,1.8800000252667814
9.300000000000042,250.0444784784047,115.85889779735632,-0.5345794075965714,38.12457817774407,16.28386358552335,0.08249902383528496,-51.981996660023995,19.570652194201713,1.0,0.05980702179606838,0.38823574538271227,0,2.013457997236401
9.316666666666709,250.5804830756602,115.54153745205292,-0.5332139115567797,37.374679415085495,16.335194887818517,0.08113352779549321,-51.676815240070226,19.348022331189124,1.0,0.054748220875978554,0.39154535814132846,0,1.9305840251035988
9.333333333333377,251.10874044184763,115.22973754798673,-0.5317481549039085,36.804756355464974,16.386364536556393,0.08442137094697705,-51.381254874956525,19.184321021327236,1.0,0.059666886288966686,0.3996515981251744,0,1.8532919930294156
9.350000000000044,251.63123202634597,114.92237261639738,-0.5303037284054375,36.37161483015338,16.43747946341955,0.08297694444850606,-51.11667296012344,19.025114868391718,1.0,0.05949921130850103,0.4053900736495971,0,1.926666998770088
9.366666666666712,252.14943411842899,114.6185377316335,-0.5288164888880603,36.04242727091657,16.487267126136203,0.08148970493112889,-50.87593918315427,18.89571841751122,1.0,0.061816507401364504,0.41072542489995295,0,1.8588749808259308
9.383333333333379,252.66448736577794,114.31757754086371,-0.5272275264455974,35.792244725896595,16.535825000153732,0.07990074248866604,-50.72300511013022,18.819181282982775,1.0,0.06649289538042269,0.3859149783166822,0,1.8996669969055802
9.400000000000047,253.17727952870123,114.0190305677483,-0.5257207362023901,35.60210599168141,16.583185148763555,0.07839395224545871,-50.5280502132805,18.713780941221753,1.0,0.0633995158294901,0.39049703812513803,0,1.8890829815063626
9.416666666666714,253.68843776064065,113.72246523864308,-0.524279804579332,35.45760055367787,16.631360447206962,0.08161451728558627,-50.309389388750674,18.586533386193793,1.0,0.06088190564327063,0.39719128608017495,0,1.8899170099757612
9.433333333333382,254.19843824096742,113.42755304166566,-0.5228296744912095,35.347776420795185,16.6793886155318,0.08016438719746383,-50.13625089235891,18.470024794548106,1.0,0.061459472085351796,0.40202566611037577,0,1.8561669858172536
9.450000000000049,254.7076605785053,113.13407534762712,-0.5213346690766336,35.26431007980434,16.72645386504097,0.0786693817828879,-50.026901412218685,18.378908020787684,1.0,0.06350592498883582,0.4103996479883683,0,1.8804580031428486
9.466666666666717,255.21640430607613,112.84188581722154,-0.5199818899635222,35.2008756606513,16.772560125166738,0.07731660266977652,-49.90477681396089,18.230456327287097,1.0,0.05758167843603794,0.41653776377351287,0,1.9124170066788793
9.483333333333384,255.72484553368247,112.55078400372538,-0.5186838088613579,35.15266550209499,16.81781308560528,0.07601852156761219,-49.717130129112476,18.064582951577133,1.0,0.05533389747955958,0.38958281527955774,0,1.8586669757496566
9.500000000000052,256.23313386346985,112.26064516130077,-0.5174344632326349,35.11602578159219,16.864274788617045,0.0793410273603435,-49.49436155177657,17.884315453722994,1.0,0.05331589720969593,0.39434654638584155,0,1.913707994390279
9.516666666666719,256.7413809322825,111.9713711425258,-0.5160849567175295,35.088179594010064,16.91062499408595,0.07799152084523814,-49.22833192241888,17.755119545058086,1.0,0.05762677200517004,0.4021686264412211,0,1.9026660011149943
9.533333333333387,257.24971113577834,111.68295732871854,-0.5147225542890314,35.067016491447646,16.956160963664853,0.07662911841673997,-49.02937738492658,17.636811977113073,1.0,0.05821124923952348,0.4073367361541764,0,1.9222080009058118
9.550000000000054,257.7582004705851,111.39536829976697,-0.5134089421447879,35.05093253350021,17.00088253365227,0.07531550627249656,-48.84431574257156,17.50190812872198,1.0,0.05615675097795701,0.41060892423704587,0,1.8950000230688602
9.566666666666721,258.26688968272373,111.10854753847879,-0.5119830416539977,35.03870872546016,17.044823598854165,0.07388960578170627,-48.691057169212996,17.42145289766269,1.0,0.06096686067504885,0.3836762530497762,0,1.826791005441919
9.583333333333389,258.775852374304,110.8225282634212,-0.5107072616827755,35.02941863134972,17.089929346038527,0.07709841118126137,-48.49826196244818,17.278472152708886,1.0,0.0545761153172582,0.38743465541221045,0,1.8537910073064268
9.600000000000056,259.2850768901096,110.53721606400713,-0.5093761043200682,35.022358159825785,17.134887578105488,0.0757672538185541,-48.35092688898852,17.165280511532764,1.0,0.05695152734221856,0.39450447254633136,0,1.9469579856377095
9.616666666666724,259.79460267100205,110.25262558541498,-0.5080114005609215,35.016992201467595,17.179064304663612,0.07440255005940744,-48.201552648320856,17.07114829402078,1.0,0.058392465473517424,0.40022764663121246,0,1.8714169855229557
9.633333333333391,260.3044569737273,109.96876378616496,-0.5066821731172935,35.012914073115375,17.222441759287815,0.07307332261577938,-48.0631840145729,16.96509714969417,1.0,0.05688444308390063,0.40705502113255176,0,1.969041011761874
9.650000000000059,260.8146429766541,109.68560501752812,-0.5053732600289821,35.009814695567684,17.265041881669408,0.07176440952746799,-47.90469923155136,16.85420594684822,1.0,0.0560218681728514,0.4148795036984013,0,1.914833002956584
9.666666666666726,261.32516482146235,109.40313328691286,-0.5040981462381777,35.00745916863144,17.308803861740984,0.0748889182579896,-47.76912604029543,16.732738581449862,1.0,0.05458182228772791,0.3854838401040969,0,1.8656249740161002
9.683333333333394,261.83602030943587,109.12132717085332,-0.5028685160956625,35.005668968159895,17.352455310958668,0.0736592881154744,-47.55396584789759,16.595968520570867,1.0,0.05264122184500576,0.39299079696032385,0,1.8631669809110463
9.700000000000061,262.34720205972866,108.84016035941697,-0.501727125750407,35.00430841580152,17.39538966892537,0.07251789777021889,-47.27535410867951,16.425727523018192,1.0,0.048871761844160255,0.3984758016825318,0,1.875708985608071
9.716666666666729,262.85868928838937,108.55958547728339,-0.5004274257193034,35.003274396009154,17.437658663069122,0.07121819773911531,-47.096385647151706,16.331369317624457,1.0,0.05563873507605016,0.4065930926784677,0,1.8337919900659472
9.733333333333396,263.3705292565969,108.27968189613462,-0.4992380631189174,35.00248854096696,17.47917045327835,0.07002883513872926,-46.87602590582502,16.192224983463916,1.0,0.05092499101146973,0.4108444512113888,0,1.8725410045590252
9.750000000000064,263.8826930303227,108.00039204175437,-0.49790784901476515,35.00189129113489,17.521778376141953,0.07301551055083993,-46.678945666576254,16.120101657616075,1.0,0.05694446477787994,0.4134605264416867,0,1.910416001919657
9.766666666666731,264.3952212194833,107.7217873347813,-0.49659494610620336,35.00143738126251,17.564334669804836,0.07170260764227815,-46.507614096620344,16.043106628163017,1.0,0.05620569583220372,0.38469717142884513,0,1.8658339977264404
9.783333333333399,264.90810969270336,107.44385850675495,-0.49533625457646147,35.00109240975951,17.60612666430288,0.07044391611253625,-46.316027382829404,15.94525418486821,1.0,0.05389001047809444,0.3901066294006164,0,1.9071669958066195
9.800000000000066,265.4213437417597,107.16657754410666,-0.49415263439007534,35.000830231417225,17.647185945389012,0.06926029592615013,-46.09737101805379,15.818194376815075,1.0,0.05068193666612582,0.3975546852612475,0,1.9383750041015446
9.816666666666734,265.9349027029284,106.8899058247946,-0.4928817665278708,35.000630975877094,17.68755621900952,0.06798942806394559,-45.857796140599405,15.734201296745976,1.0,0.05441102428157682,0.4025144624548943,0,1.8544580088928342
9.833333333333401,266.44881063898237,106.61388818853973,-0.49161988979515153,35.00047954166659,17.728787679211194,0.07096386687847916,-45.68079222967127,15.649433767617916,1.0,0.05402706204547226,0.4106148177065976,0,1.9385420018807054
9.850000000000069,266.9630647750238,106.33852016581528,-0.49050554090070597,35.00036445166661,17.770148963853906,0.0698495179840336,-45.5196068910419,15.503183273701158,1.0,0.04772105440404143,0.4167490776311285,0,2.072666975436732
9.866666666666736,267.4776241618361,106.06372605920426,-0.48931357280139043,35.00027698326662,17.810861713662934,0.06865754988471806,-45.300781898018485,15.396528126693184,1.0,0.051039576595512705,0.3884102994148926,0,1.9087089749518782
9.883333333333404,267.99250975091655,105.78954600678517,-0.48816594679015124,35.00021050728263,17.85088073400727,0.06750992387347887,-45.03192212757216,15.27446877873036,1.0,0.04914407456312634,0.39339436606300787,0,1.9301249994896352
9.900000000000071,268.5077089133485,105.51595742580243,-0.48698405313554977,35.0001599855348,17.890231796042446,0.0663280302188774,-44.84094366387427,15.17206509849953,1.0,0.05060910130592586,0.40119612448061764,0,2.0059590169694275
9.916666666666739,269.0232305029315,105.24297824585207,-0.48580539724733346,35.00012158900645,17.930261715992494,0.06930720660174294,-44.62578716156105,15.072116622135848,1.0,0.05047074993069981,0.40125241770236886,0,1.8815420044120401
9.933333333333406,269.53907305278466,104.97060710502318,-0.4845972105134094,35.0000924076449,17.970658667400908,0.06809901986781891,-44.437333153471386,14.988895381162889,1.0,0.051733093968007224,0.40864365005063147,0,1.9206250144634396
9.950000000000074,270.055243974193,104.69885956915344,-0.4833199102014857,35.00007022981012,18.010352478906647,0.06682171955589516,-44.257213205947906,14.939105029636057,1.0,0.05468675066245144,0.41369232385555055,0,1.8722090171650052
9.966666666666741,270.571761328912,104.42777169061002,-0.48222058430687975,35.00005337465569,18.049302873142018,0.06572239366128924,-44.0173180473509,14.813139012067392,1.0,0.04707908154640209,0.38525648999588546,0,1.9083329825662076
9.983333333333409,271.0885761962327,104.15725189567196,-0.48109660188023523,35.00004056473833,18.08761338669023,0.06459841123464471,-43.807815497212516,14.702768663675336,1.0,0.04813341287884906,0.392857825430499,0,1.9204590062145144
10.000000000000076,271.6056946526888,103.88731323740463,-0.4798627908532325,35.00003082920113,18.125274941602907,0.06832074464553595,-43.678930828139514,14.644734138698349,1.0,0.05282836882790559,0.39828033744321867,0,1.9383749749977142
10.016666666666744,272.1231456593624,103.61801286782176,-0.4786988088013412,35.00002343019286,18.165097738807724,0.06715676259364461,-43.47592310404542,14.558256418375038,1.0,0.04984359375314986,0.4054631262811651,0,1.8452499934937805
10.033333333333411,272.6409096930406,103.34931502738884,-0.4774910696356096,35.00001780694657,18.20424309696709,0.06594902342791303,-43.332957845989455,14.494227234066113,1.0,0.05171407382468757,0.41090701437137145,0,1.8656250031199306
10.050000000000079,273.1589978026705,103.08124273940474,-0.47640664578802805,35.00001353327939,18.24268549527706,0.06486459958033147,-43.165071414757335,14.378525395110508,1.0,0.04644187160772581,0.41824006997128893,0,1.8650419951882213
10.066666666666746,273.67737626349077,102.81373246085975,-0.4752750344382641,35.00001028529234,18.28049666191093,0.0637329882305675,-43.04098143379149,14.28790769105879,1.0,0.048459646159642406,0.42360992463503994,0,1.949124998645857
10.083333333333414,274.1960570734292,102.54680897524416,-0.47418344046564215,35.000007816822176,18.31740257127898,0.06908407130302263,-42.89977130050447,14.183164490416189,1.0,0.04674850350370846,0.39067997277424676,0,2.024290995905176
10.100000000000081,274.71502891853623,102.28045185166899,-0.472996913834588,35.00000594078485,18.357669572094867,0.06789754467196846,-42.76402329321852,14.124018911758876,1.0,0.05080736965274411,0.3964450573655883,0,1.90395800746046
10.116666666666749,275.23431641691946,102.01471070018457,-0.4717671062641899,35.00000451499649,18.397246053464976,0.06666773710157037,-42.63121380871504,14.086061699349653,1.0,0.05265730863434273,0.4040986506775301,0,1.972999976715073
10.133333333333416,275.75393031692084,101.74960838140042,-0.4705195068569564,35.00000343139733,18.43610676901345,0.06542013769433691,-42.52042187658592,14.057302930445292,1.0,0.05341767453908665,0.4090435646781145,0,1.8572080007288605
10.150000000000084,276.2738745417076,101.48515454498065,-0.4693894037084318,35.00000260786197,18.474241303928977,0.06429003454581228,-42.3610266132834,13.978077676378138,1.0,0.04839517105135466,0.41670876905331594,0,1.8801669939421117
10.166666666666751,276.79411728522166,101.22128847263123,-0.46820463080431723,35.000001981975096,18.511717997251893,0.06310526164169772,-42.28962672695698,13.925811709097967,1.0,0.05073240923187933,0.42387278007903634,0,1.8574580026324838
10.183333333333419,277.31467227783185,100.95803895841408,-0.4671878804896832,35.000001506301075,18.55222686040252,0.0689361503309624,-42.134876653682014,13.80180523484201,1.0,0.04354746317662053,0.39323083391463054,0,1.84304200229235
10.200000000000086,277.8354946549728,100.69531885734305,-0.4661370654659495,35.00000114478882,18.592407773849693,0.06788533530722872,-41.92100379106604,13.69745386987945,1.0,0.0450045193267127,0.3979648332346933,0,1.8650840211194009
10.216666666666754,278.35659281065244,100.43314619125732,-0.46501812163253675,35.0000008700395,18.631977145376155,0.06676639147381597,-41.74959907191865,13.626939897296547,1.0,0.04791802535674347,0.4062336326670539,0,1.923458999954164
10.233333333333421,278.87798399343166,100.17155677030316,-0.463982973408429,35.00000066123002,18.67089527820253,0.0657312432497082,-41.572672968666794,13.52232533309802,1.0,0.044334424579256536,0.40749755639457996,0,1.9160000083502382
10.250000000000089,279.39964567827815,99.91050720774383,-0.4629636649678732,35.00000050253482,18.709210899012746,0.06471193480915244,-41.32548206551815,13.414728006420159,1.0,0.04365689009177952,0.4149147999234157,0,1.8703340028878301
10.266666666666756,279.921573180302,99.64998951576254,-0.4618824583564139,35.00000038192646,18.748654977597166,0.07004530804277176,-41.1291237730959,13.338364997844355,1.0,0.04630430378377064,0.41994555093852987,0,1.8524579936638474
10.283333333333424,280.44378204928574,99.39003628809158,-0.46084137120972984,35.00000029026411,18.789481337139385,0.06900422089608772,-40.91819762608179,13.247283889536458,1.0,0.04458844747935307,0.39128142196997295,0,1.85500000952743
10.300000000000091,280.96626126814346,99.13062686665687,-0.4598496984214739,35.000000220600725,18.82970186295006,0.06801254810783174,-40.70218864682054,13.137970302152741,1.0,0.042474700767598426,0.3972083767830321,0,1.9391659880056977
10.316666666666759,281.4889974785256,98.87173570150617,-0.45890590978278895,35.00000016765655,18.869345269905544,0.06706875946914681,-40.378048368280304,13.011793650400953,1.0,0.04042604761971022,0.4024070168071237,0,2.0539579854812473
10.333333333333426,282.01197779400036,98.61333800437764,-0.457956326259772,35.00000012741898,18.90843938870183,0.06611917594612987,-40.10364416449384,12.892957864961534,1.0,0.040673991706874024,0.4095795930437769,0,1.851832988904789
10.350000000000094,282.53520324338865,98.35543703738999,-0.4568717213052174,35.00000009683843,18.94698081156601,0.06503457099157528,-39.88788840423082,12.83787518496503,1.0,0.04644963440682095,0.4149856182258034,0,1.8515420088078827
10.366666666666761,283.05870810528825,98.0981037150699,-0.4556172538029971,35.00000007359721,18.987967119798153,0.06980808840981617,-39.805580737039335,12.859333535217443,1.0,0.053711182861743,0.41916190622244376,0,1.881875010440126
10.383333333333429,283.58253537121215,97.84142731502486,-0.4544219273566961,35.000000055933874,19.028655439126815,0.06861276196351518,-39.793238577400615,12.853987020940473,1.0,0.05118353321150001,0.38788211077124335,0,1.860917021986097
10.400000000000096,284.1066690747275,97.58537724288345,-0.45333691742456933,35.00000004250975,19.06864815405316,0.06752775203138839,-39.77038382976305,12.80041625985896,1.0,0.04646695322629364,0.3963277757525757,0,1.8957499996758997
10.416666666666764,284.63108028638965,97.32989601169602,-0.452373775349513,35.000000032307405,19.108009412313784,0.06656460995633207,-39.64541116207649,12.695386477714912,1.0,0.041254098063006374,0.400818603581151,0,1.855708018410951
10.433333333333431,285.1557373193875,97.07491998148721,-0.451338431314065,35.00000002455363,19.14681010000977,0.06552926592088404,-39.486561129957735,12.626021347776982,1.0,0.04434280081229091,0.4085307512725324,0,1.883666991489008
10.450000000000099,285.68065805896225,96.8204872884131,-0.4502172592753029,35.00000001866076,19.185619493138155,0.0700899751647246,-39.331686767810076,12.596916435366804,1.0,0.04801330149916112,0.4140765378292618,0,1.9286250171717256
10.466666666666766,286.2058637313116,96.5666432816183,-0.449169042134928,35.00000001418218,19.226471844245456,0.0690417580243497,-39.12944545724285,12.536878455675415,1.0,0.04489340771706118,0.4221132377917295,0,1.926708995597437
10.483333333333434,286.73133519866275,96.31334994379198,-0.4481909569099414,35.00000001077846,19.266714214334144,0.0680636727993631,-38.9679537886354,12.448327249628914,1.0,0.041893412526615784,0.4265123639206116,0,1.9530419958755374
10.500000000000101,287.25705415706057,96.06057068293738,-0.4472677215862896,35.00000000819163,19.306387374844892,0.0671404374757113,-38.771753122613134,12.339059247477412,1.0,0.03954659915839011,0.39232103285480296,0,1.9142499950248748
10.516666666666769,287.78300626608655,95.80827689207061,-0.446321473734418,35.00000000622563,19.345523211570974,0.06619418962383972,-38.586922987259115,12.2440407245596,1.0,0.0405312700592422,0.39959465170784186,0,1.8644999945536256
10.533333333333436,288.3091968720473,95.5564808951437,-0.44532877869776427,35.00000000473148,19.3841082965894,0.06520149458718599,-38.37280513931664,12.173005893110458,1.0,0.0425184326022845,0.4052810984684814,0,1.9008750095963478
10.550000000000104,288.83563717532087,95.30520736900736,-0.4444178250772886,35.00000000359593,19.423332641694852,0.0696617846699581,-38.17182443380443,12.068781027754705,1.0,0.03902105233721716,0.41043046991689325,0,1.8910829967353493
10.566666666666771,289.36230615864844,95.05441350976909,-0.4434666527283453,35.000000002732904,19.463935824541323,0.06871061232101477,-38.0382003001874,11.986164042271716,1.0,0.04074197161474526,0.41793440868435133,0,1.8686669936869293
10.583333333333439,289.88921345186805,94.80412071688416,-0.4424483543638807,35.00000000207701,19.50398548430124,0.06769231395655018,-37.89495005080505,11.936127085568252,1.0,0.043613684111473205,0.42499141123029355,0,1.8913329986389726
10.600000000000106,290.41637534459437,94.5543646025132,-0.4414957462057661,35.00000000157853,19.54344251766619,0.06673970579843558,-37.695908248672296,11.859140561922331,1.0,0.04080340405551325,0.39464294255512505,0,1.864500023657456
10.616666666666774,290.9437749178013,94.30511078011078,-0.44050272513486377,35.00000000119968,19.582345117784055,0.06574668472753326,-37.4839108188562,11.802797708278595,1.0,0.042532380249432525,0.3998756873057614,0,1.9036669982597232
10.633333333333441,291.47142174522895,94.05638079940675,-0.4394909705904853,35.000000000911754,19.62066972611736,0.06473493018315479,-37.209066870703076,11.756790969271009,1.0,0.04333376438819714,0.4018944389361108,0,1.8955419945996255
10.650000000000109,291.9993199562366,93.80818479499455,-0.43839339078518264,35.000000000692935,19.659870428873102,0.06872917336752299,-37.04255042915512,11.750151935897117,1.0,0.047004486312843693,0.40923472224885427,0,1.9020000181626529
10.666666666666776,292.5274902641347,93.56056835038139,-0.4372659926109539,35.00000000052663,19.699930890352913,0.06760177519329424,-37.02819411791777,11.756795253624736,1.0,0.04827951783477795,0.414672954528027,0,1.8745840061455965
10.683333333333444,293.0559393986401,93.31354752124732,-0.4363448757777044,35.00000000040024,19.739335230234218,0.06668065836004478,-36.91971710968431,11.67263502716396,1.0,0.03945594831581591,0.42206693496735465,0,1.9594170153141022
10.700000000000111,293.58461584397276,93.06701356023157,-0.4354823572719266,35.00000000030418,19.77820346262653,0.06581813985426693,-36.71432693330297,11.565942384581621,1.0,0.03694825603739602,0.4268781876181926,0,1.8583750061225146
10.716666666666779,294.11350473273035,92.82093568408047,-0.4345334612464965,35.00000000023118,19.816569662962717,0.06486924382883685,-36.60313532649781,11.501215132299045,1.0,0.04064457635491073,0.39653702870167307,0,1.9819999870378524
10.733333333333446,294.64262688566396,92.57535977920358,-0.4337453016002011,35.000000000175696,19.854383521932682,0.06408108418254144,-36.37312062571478,11.368373486987071,1.0,0.033765432660771096,0.40198878561808055,0,1.929541991557926
10.750000000000114,295.17194242725105,92.33020098328805,-0.43288148825943923,35.00000000013353,19.893159593395293,0.06805728030029301,-36.096469227636526,11.273805679818526,1.0,0.037003673128868875,0.4055338016814465,0,1.8643329967744648
10.766666666666781,295.70146954276925,92.08549950860767,-0.43185010549674513,35.00000000010149,19.932829033572446,0.06702589753759891,-35.871140363066345,11.256362286298735,1.0,0.04417336433369284,0.41038133967620655,0,1.9180839881300926
10.783333333333449,296.231248757483,91.8413443091206,-0.43084111985475926,35.00000000007713,19.971898205610124,0.06601691189561304,-35.66877203125179,11.229715698682202,1.0,0.043215319231769175,0.4189803081454845,0,1.9014590070582926
10.800000000000116,296.761274051574,91.59772377344537,-0.429931963911607,35.00000000005862,20.01038010448545,0.06510775595246077,-35.44091268876346,11.160239176895958,1.0,0.03894412604631725,0.4234587501673712,0,1.8906249897554517
10.816666666666784,297.29152061564207,91.35458521403403,-0.42901015707423046,35.00000000004455,20.048332801817942,0.06418594911508424,-35.25436595547103,11.098939683079577,1.0,0.039485473874881695,0.3932329097912953,0,2.0197910198476166
10.833333333333451,297.82199108118215,91.1119355427626,-0.42803542702024483,35.00000000003386,20.085748901748268,0.06321121906109861,-35.09409102340335,11.063175167950458,1.0,0.04174987085139857,0.39827893516300283,0,1.8539580050855875
10.850000000000119,298.3526978126122,90.8698030521854,-0.4270459991472133,35.00000000002573,20.123735611271723,0.06683451483712727,-34.995191753731795,11.035188207132535,1.0,0.04237866346009216,0.405238594151824,0,1.8971250101458281
10.866666666666786,298.8836438568659,90.62819577607497,-0.42619492893868544,35.000000000019554,20.162693393361575,0.0659834446285994,-34.776466494931576,10.947508954811827,1.0,0.03645827539756778,0.4066739480340308,0,1.9405409984756261
10.883333333333454,299.41479533356204,90.38704045977117,-0.42524481795550695,35.000000000014865,20.20115581216939,0.06503333364542091,-34.62608216544167,10.90662495647968,1.0,0.040696559892315215,0.41421622499784977,0,1.9340410071890801
10.900000000000121,299.9461756948002,90.14638990508996,-0.42423035287765437,35.0000000000113,20.239065188366162,0.06401886856756833,-34.54090818936645,10.895504310279868,1.0,0.04344971152493493,0.419256230715589,0,1.8827079911716282
10.916666666666789,300.47779991414797,89.90627854096732,-0.42331356106936713,35.00000000000858,20.276384024820167,0.06310207675928109,-34.45267484714755,10.841905208717431,1.0,0.03927087716433316,0.4272455261001315,0,1.8728330032899976
10.933333333333456,301.00964404217956,89.66665466641346,-0.4226038034161471,35.00000000000652,20.313169145976342,0.06239231910606107,-34.22072054772459,10.699428877171975,1.0,0.030408808705495283,0.39364305515725073,0,1.8979160231538117
10.950000000000124,301.5416581111159,89.42740833262408,-0.42174921756050504,35.00000000000496,20.35020111919439,0.0659450615481267,-33.98511888914508,10.625976084349432,1.0,0.036608744977718904,0.40149297842522236,0,1.9040000042878091
10.966666666666791,302.0738764422908,89.1886167378405,-0.4209732098623954,35.000000000003766,20.38864119656716,0.06516905385001703,-33.752757990307664,10.520805739240185,1.0,0.03324521932573884,0.40392439071195546,0,2.099750010529533
10.983333333333459,302.60627991731513,88.95023822043626,-0.42000800312130326,35.00000000000286,20.42662957517441,0.06420384710892492,-33.55245883471316,10.502683869081476,1.0,0.041342432957535556,0.40935974734424346,0,1.8824159924406558
11.000000000000126,303.13891322885576,88.71237369341488,-0.4189019231367486,35.000000000002174,20.464056094095934,0.06309776712437028,-33.507937689897624,10.547014292876526,1.0,0.04736796919422035,0.417631541081107,0,2.0307080121710896
11.016666666666794,303.67180931171987,88.47509844682162,-0.41781698641767284,35.000000000001656,20.500838706301533,0.06201283040529448,-33.475577720949964,10.580321184357484,1.0,0.04646382234998799,0.4251800556666125,0,1.9480829942040145
11.033333333333461,304.20496250952834,88.23840149828958,-0.4168820236402914,35.00000000000126,20.53698967666314,0.06107786762791306,-33.37844217593953,10.546502856566917,1.0,0.0400484086902582,0.4308523351976672,0,1.958124979864806
11.050000000000129,304.7383367771116,88.00220313153444,-0.4159929391880239,35.00000000000096,20.57259628469678,0.06018878317564552,-33.301465555409024,10.49380486056466,1.0,0.038085194729095606,0.40147828173746103,0,1.9035419973079115
11.066666666666796,305.2719208341543,87.76647907283939,-0.41538240222585787,35.00000000000073,20.61016562756458,0.06379980323899066,-33.07414863130225,10.320778897165738,1.0,0.026159900747452995,0.40628650211592593,0,2.001874992856756
11.083333333333464,305.8056487099906,87.53108083084705,-0.41480941259280024,35.000000000000554,20.64735693679075,0.06322681360593302,-32.72291770550564,10.13787074600808,1.0,0.02455176419104088,0.40866995263583505,0,1.8790420144796371
11.100000000000131,306.33951137895576,87.29598844802032,-0.4138269230430013,35.00000000000042,20.684214676002373,0.06224432405613406,-32.53225837051164,10.141749798830663,1.0,0.0420818367413562,0.4162750242674125,0,1.9321249856147915
11.116666666666799,306.87360476602817,87.06142069306816,-0.4128578927845488,35.00000000000032,20.720500423789918,0.061275293797681596,-32.298999077693175,10.139530482084055,1.0,0.04150601696081223,0.42094550481969356,0,2.4334169866051525
11.133333333333466,307.40792520555516,86.82737060081976,-0.4118383645919782,35.00000000000024,20.75622198164899,0.06025576560511097,-32.16608830963122,10.159509760895267,1.0,0.0436662907189668,0.4295342491982193,0,1.924582989886403
11.150000000000134,307.94248398801193,86.5938653848692,-0.4110201418919087,35.000000000000185,20.791349912412596,0.059437542905041496,-31.938438088385,10.090329110566808,1.0,0.035052324227187036,0.39568490582364646,0,1.8982499896083027
11.166666666666801,308.4772336507752,86.36079763516467,-0.41032270173543983,35.00000000000014,20.827616390423906,0.06279355900156751,-31.69717495386802,9.970731478752414,1.0,0.029881395565026385,0.40409381417576723,0,1.9736669783014804
11.183333333333469,309.0121457342759,86.1281028980031,-0.40939182576573996,35.00000000000011,20.864221899327532,0.06186268303186765,-31.574643321077613,9.958174725376086,1.0,0.03987353933290244,0.4065326633165829,0,2.1287910058163106
11.200000000000136,309.54727419592575,85.89590619839254,-0.4086269930134558,35.00000000000008,20.9002854516701,0.06109785027958348,-31.32254225043063,9.873169246958035,1.0,0.03276681463669302,0.41261494225146905,0,1.9029169925488532
11.216666666666804,310.0825800926823,85.66411885043017,-0.40768276078052074,35.00000000000006,20.935903694507786,0.06015361804664842,-31.212616486730063,9.870141935479081,1.0,0.04044502792832689,0.41984548992409354,0,2.07441599923186
11.233333333333471,310.61810461185894,85.43283705880273,-0.4067721231878792,35.00000000000004,20.97097214715103,0.05924298045400689,-31.165261725740994,9.85244537477425,1.0,0.039007528896330725,0.4253772950110545,0,1.9512079888954759
11.250000000000139,311.15383952285566,85.2020430317633,-0.4059372133522487,35.000000000000036,21.005510340846882,0.058408070618376384,-31.099773335876836,9.802147171093152,1.0,0.03576659083148947,0.4338330503841395,0,1.997958985157311
11.266666666666806,311.68976693930966,84.97169637545868,-0.4050868097380194,35.00000000000003,21.0402148393979,0.061459004656414296,-31.01176680388312,9.760543383170287,1.0,0.03642974499718945,0.3995105360016187,0,1.9468340033199638
11.283333333333474,312.22589004958144,84.7418055570028,-0.40416881813191186,35.00000000000002,21.076043360200586,0.060541013050306736,-30.88594500072381,9.750164460346873,1.0,0.03932221770820028,0.4052535373366732,0,1.9073339935857803
11.300000000000141,312.76222397176747,84.51240699185836,-0.40344800953690024,35.000000000000014,21.111337381898515,0.05982020445529512,-30.541805906897533,9.653576888988201,1.0,0.030881975839128613,0.4096269276050412,0,1.9204169802833349
11.316666666666809,313.29872310706645,84.28339508037507,-0.4028483513608072,35.000000000000014,21.146211693107666,0.05922054627920209,-30.17298711867664,9.507453384466375,1.0,0.025693980402036277,0.41530433443090137,0,1.8783750128932297
11.333333333333476,313.8353594747625,84.05470492614064,-0.4018879640925357,35.000000000000014,21.18073682315136,0.05826015901093057,-29.968204831105353,9.525291408832153,1.0,0.041136235198041056,0.42277181970464217,0,1.9662920094560832
11.350000000000144,314.37221522605574,83.82653025602768,-0.4009784787107426,35.000000000000014,21.214702693542048,0.05735067362913748,-29.91193373956848,9.52006408911959,1.0,0.038958223435145024,0.4298980791091074,0,1.9311250071041286
11.366666666666811,314.90927827681355,83.59884394267422,-0.40009133192083685,35.000000000000014,21.248138916944093,0.05646352683923173,-29.82359949402155,9.505192571511504,1.0,0.038002272188314215,0.43428008156401904,0,1.9239580142311752
11.383333333333479,315.4465431073847,83.37163417261763,-0.39918433329086067,35.000000000000014,21.2828617393326,0.05932026725655981,-29.792436936611125,9.499565643015671,1.0,0.0388518095880799,0.4003590490053372,0,1.9019579922314733
11.400000000000146,315.9840137958882,83.14491179441615,-0.3984998619521738,35.000000000000014,21.317444937800254,0.05863579591787294,-29.49847064761652,9.396415148158985,1.0,0.029326076059015646,0.4087602538306764,0,1.8614589935168624
11.416666666666814,316.52163954344655,82.91855735257744,-0.3975768857694717,35.000000000000014,21.35162955554746,0.05771281973517084,-29.3482536067227,9.401903948880213,1.0,0.03953551048212835,0.41333578215773653,0,1.8913329986389726
11.433333333333481,317.05947398173623,82.69269922284245,-0.39671949432413245,35.000000000000014,21.38527668132844,0.05685542828983159,-29.187647385241757,9.378355024490094,1.0,0.03672882293440369,0.41992748731992363,0,1.9421250035520643
11.450000000000149,317.59750187114406,82.46730231071378,-0.39591101836626175,35.000000000000014,21.41842448249619,0.056046952331960886,-29.07411755373434,9.334197996844818,1.0,0.034635113649728023,0.42732121538876267,0,1.9475419830996543
11.466666666666816,318.13571181268,82.24234045481444,-0.39507363643908766,35.000000000000014,21.45110142395185,0.0552095704047868,-28.96323069906353,9.30438968828973,1.0,0.03587240173638847,0.4301456348284143,0,1.8677909974940121
11.483333333333483,318.6741099444876,82.01782936501307,-0.3942857802332615,35.000000000000014,21.483917240231463,0.05806110632828587,-28.89674407735778,9.25394513865647,1.0,0.03375244288465963,0.39941371176750373,0,1.990000018849969
11.500000000000151,319.2126847916358,81.79374252515613,-0.3934350906038055,35.000000000000014,21.517767192889277,0.05721041669882987,-28.815216581686432,9.232986369797787,1.0,0.03644198652671028,0.4069870268694427,0,1.891291991341859
11.516666666666818,319.7514500722358,81.57011392636387,-0.3928057706260722,35.000000000000014,21.551121733934536,0.05658109672109657,-28.551973828347144,9.115587908213085,1.0,0.026964319264331675,0.41188460941139926,0,1.8669160199351609
11.533333333333486,320.29035598008403,81.34682442758697,-0.39218558946301124,35.000000000000014,21.58410976568529,0.05596091555803562,-28.280676958670036,8.998652132728267,1.0,0.026572936366516427,0.41634888517062923,0,1.9439159950707108
11.550000000000153,320.8294002642262,81.12386919102266,-0.39136835773186884,35.000000000000014,21.616736597708297,0.05514368382689322,-28.089270057668024,8.972708566375735,1.0,0.035009906227415434,0.42196739457611976,0,1.8986249924637377
11.566666666666821,321.3686265744369,80.90135455295511,-0.39053064896299955,35.000000000000014,21.648887446636046,0.054305975058023925,-27.91325581172385,8.956714142538445,1.0,0.035886391213055695,0.42980687194601724,0,1.8907499907072634
11.583333333333488,321.9080390978867,80.67929170751869,-0.38953988012765994,35.000000000000014,21.68055036367332,0.05331520622268432,-27.844574391127054,9.008472173355276,1.0,0.04243602998251498,0.43551027128592046,0,1.9935829914174974
11.600000000000156,322.44767136949736,80.45776340410343,-0.3888021923972725,35.000000000000014,21.713096030320514,0.056104714196328447,-27.64616658822044,8.947110315533493,1.0,0.03160466141844458,0.403666427030913,0,1.9271670025773346
11.616666666666823,322.9874669129752,80.23663324103374,-0.38825514286303897,35.000000000000014,21.74580661323489,0.05555766466209494,-27.25049820103962,8.804337820628419,1.0,0.023440685810083926,0.40587394083254696,0,1.8949169898405671
11.633333333333491,323.5273833448293,80.01579840593803,-0.38772138798963796,35.000000000000014,21.77819858115158,0.055023909788693925,-26.72320689310297,8.66117888801966,1.0,0.022871220102617336,0.41145231599693205,0,1.9732920045498759
11.650000000000158,324.06741757143766,79.79525178531264,-0.3869892226316367,35.000000000000014,21.81027966786152,0.05429174443069268,-26.375733590157967,8.61063801700427,1.0,0.0313682228765284,0.4209058488567569,0,1.8827919848263264
11.666666666666826,324.60761312988,79.57510061811857,-0.38623054024768505,35.000000000000014,21.841934295934,0.05353306204674101,-26.0795699711259,8.573648336708642,1.0,0.03250350805887108,0.4255649758665229,0,1.8656669999472797
11.683333333333493,325.14797555765074,79.35535935109866,-0.38544292188424567,35.000000000000014,21.87314700230495,0.052745443683301634,-25.730429577697272,8.550749955631304,1.0,0.03374226124402733,0.430823543141679,0,1.8732080061454326
11.700000000000161,325.68851089005574,79.13604375156321,-0.3847310016910915,35.000000000000014,21.904045355637024,0.05545971694679297,-25.424801141604938,8.495456404956022,1.0,0.030501403052689717,0.43573050278462344,0,1.9231670012231916
11.716666666666828,326.22920222067165,78.91711302559139,-0.38394512790765273,35.000000000000014,21.936380275388302,0.05467384316335422,-25.143744859135374,8.474726906193172,1.0,0.0336675784353307,0.4062867986959272,0,1.8824169819708914
11.733333333333496,326.770065436223,78.69860728232305,-0.38321182499168216,35.000000000000014,21.968257463656716,0.05394054024738365,-24.804967101291844,8.431675061979206,1.0,0.0314169273314284,0.4106976201586561,0,1.9508329860400409
11.750000000000163,327.3110887372386,78.48049821434117,-0.3825266251120476,35.000000000000014,21.99970752253551,0.0532553403677491,-24.434818323052298,8.369118626182843,1.0,0.029357272369103377,0.4135644383855105,0,1.894541986985132
11.766666666666831,327.85226135954474,78.26275990663198,-0.3818257157475672,35.000000000000014,22.030758455471737,0.052554431003268676,-24.11029578574688,8.315831850551278,1.0,0.030029942530872544,0.42215533867103033,0,2.0101669942960143
11.783333333333498,328.3935864637253,78.04540096533509,-0.38112794292158575,35.000000000000014,22.061401096676867,0.05185665817728723,-23.905207070445414,8.26318179269018,1.0,0.029895640097288213,0.4285797580292503,0,1.8765410059131682
11.800000000000166,328.93506310327416,77.82841979886987,-0.3803521888242489,35.000000000000014,22.09163725828508,0.05108090407995042,-23.665368680334332,8.246764803475273,1.0,0.03323436272531426,0.4335288319850107,0,1.865208992967382
11.816666666666833,329.4767079039063,77.6118587503733,-0.37958758996197933,35.000000000000014,22.122171069826482,0.0536518606472528,-23.40740550570801,8.226046019379467,1.0,0.03275680153404548,0.4395215879539899,0,1.86191700049676
11.833333333333501,330.0185181285277,77.39571190613671,-0.3789319994229013,35.000000000000014,22.153452975885976,0.05299627010817476,-23.198934180011953,8.158217923489858,1.0,0.028089347451258462,0.4064024241239431,0,1.913374988362193
11.850000000000168,330.5604699405304,77.17992031398175,-0.3782631658584154,35.000000000000014,22.184352997717333,0.05232743654368888,-22.884821360528747,8.098780415398917,1.0,0.028656448893882296,0.41393946490252326,0,1.9123750098515302
11.866666666666836,331.10256595996424,76.9644912456279,-0.37763219354289296,35.000000000000014,22.21486340751816,0.05169646422816643,-22.590012456942702,8.024965267890948,1.0,0.027035082130909528,0.4183614688393982,0,1.918458001455292
11.883333333333503,331.64479780125583,76.74940426771593,-0.37700526390595684,35.000000000000014,22.245006247884383,0.05106953459123032,-22.328414339326184,7.95217946945921,1.0,0.026861950270799274,0.4216477875933808,0,1.89049998880364
11.90000000000017,332.18716438037995,76.53465727326207,-0.37616894622879765,35.000000000000014,22.2747838619702,0.050233216914071115,-22.185275028474898,7.974106733016233,1.0,0.035826849615056486,0.4307217778815654,0,1.8799589888658375
11.916666666666838,332.72971036651774,76.3203639446129,-0.3753890930494374,35.000000000000014,22.304074249765314,0.049453363734710876,-21.861606252195394,7.9703667641474745,1.0,0.03340984267803338,0.43480800116805374,0,1.9977919873781502
11.933333333333506,333.2724233049919,76.10649378729656,-0.37467128084424073,35.000000000000014,22.33415337338792,0.05199011410076759,-21.565237803569907,7.939494027477224,1.0,0.030753681056641613,0.4022752995355735,0,1.8377910018898547
11.950000000000173,333.8152896222445,75.89301325101668,-0.37403688167547966,35.000000000000014,22.36446727936603,0.051355714932006524,-21.13314159300315,7.873140784138661,1.0,0.0271818393692944,0.40692538950419616,0,2.0076670043636113
11.96666666666684,334.3582912621212,75.67987715161306,-0.3733315135808111,35.000000000000014,22.394411613113647,0.05065034683733799,-20.82027166098169,7.8404755000561615,1.0,0.030220857599032563,0.41383493958221224,0,1.9725830061361194
11.983333333333508,334.90144310630615,75.4671241212321,-0.3725344775352409,35.000000000000014,22.423945017205362,0.049853310791767746,-20.576196265014232,7.849284862207636,1.0,0.034145411326895046,0.4199058979715351,0,1.9081669743172824
12.000000000000176,335.44476434978407,75.25480406998078,-0.3718882571599786,35.000000000000014,22.453014070533698,0.04920709041650545,-20.399826019214423,7.791493079496203,1.0,0.027688081266279356,0.4236659476237421,0,1.964750001206994
12.016666666666843,335.98822268534997,75.04283516829537,-0.3712558830652454,35.000000000000014,22.48170662427762,0.04857471632177224,-20.22548525409121,7.729809312697658,1.0,0.027095114386498344,0.43055149423942923,0,1.8834590155165642
12.03333333333351,336.5318149558856,74.83120997794289,-0.37070833083958843,35.000000000000014,22.510030733927824,0.0480271640961153,-19.787140185901137,7.633204900964094,1.0,0.023462217881881388,0.43751523245951823,0,2.082624996546656
12.050000000000178,337.07552302077124,74.61988246445716,-0.3700378474360696,35.000000000000014,22.53968020283438,0.050539274535336964,-19.412696432086147,7.594282360688647,1.0,0.028727098089364016,0.4037032322500416,0,1.925166987348348
12.066666666666846,337.61937265502536,74.40891954567891,-0.369206735535633,35.000000000000014,22.569148897660913,0.049708162634900355,-19.0807675762442,7.627356874160389,1.0,0.035604029369046275,0.4090069126000958,0,1.900708011817187
12.083333333333513,338.1633974352204,74.1984086996127,-0.36842588793050784,35.000000000000014,22.598133386120466,0.04892731502977521,-18.774147245116882,7.637058796950789,1.0,0.03345241331096642,0.41648434664024253,0,1.9110420253127813
12.10000000000018,338.7075864264366,73.98832271812671,-0.36774716765323245,35.000000000000014,22.626662933978725,0.04824859475249982,-18.47293310767601,7.601507892250565,1.0,0.0290798121360498,0.4217471318375817,0,1.8807910091709346
12.116666666666848,339.25191788191404,73.7786061371046,-0.3670104540121837,35.000000000000014,22.654797028932958,0.04751188111145105,-18.333477597975303,7.592760028258901,1.0,0.031562956362520295,0.42541322920642377,0,1.8964170012623072
12.133333333333516,339.7964036907264,73.56929062936624,-0.36621885371180873,35.000000000000014,22.68250186678305,0.04672028081107609,-18.31383631685457,7.608416250754062,1.0,0.033912720478454755,0.4322994610561734,0,1.9431660184636712
12.150000000000183,340.34105502314435,73.36040620229446,-0.3655341187038846,35.000000000000014,22.709898547025446,0.049154661273723754,-17.997615807701273,7.5765112246075725,1.0,0.02933736644992766,0.4395565825265436,0,1.8886670004576445
12.16666666666685,340.88584925834783,73.15189476599694,-0.3649873233665765,35.000000000000014,22.73856055408254,0.048607865936415695,-17.647490948545343,7.485210877419871,1.0,0.02342979763822571,0.4047092442896009,0,1.9674169889185578
12.183333333333518,341.4307574251841,72.9436812518031,-0.36431650057798015,35.000000000000014,22.76690397818368,0.047937043147819325,-17.21338234375188,7.451870580239689,1.0,0.02874163115808008,0.41017323419347906,0,1.9226250005885959
12.200000000000186,341.97580514377483,72.73583332124622,-0.36343199679183436,35.000000000000014,22.79485654483524,0.04705253936167353,-16.89657620891919,7.513601338513813,1.0,0.03788916361767367,0.4158165506604059,0,1.8886670004576445
12.216666666666853,342.521036491415,72.52846756870179,-0.3626169728127258,35.000000000000014,22.822293732792637,0.046237515382564986,-16.757446671926488,7.542425504555448,1.0,0.034915403895827424,0.4226273227467643,0,1.8824580183718354
12.23333333333352,343.06643666600837,72.32154626160346,-0.3618149314214974,35.000000000000014,22.849256007226078,0.04543547399133657,-16.72595586282859,7.564408934250547,1.0,0.034359674561752325,0.42950216683133935,0,1.9064589869230986
12.250000000000188,343.6120026246171,72.11506245452621,-0.36107335865056045,35.000000000000014,22.87575091558839,0.04469390122039962,-16.832639225591734,7.558963995052665,1.0,0.03177099602437446,0.43488378914843895,0,1.8981250177603215
12.266666666666856,344.1577215559692,71.90898328104737,-0.3605097839309174,35.000000000000014,22.902265057601365,0.04719399851665451,-16.60103028065256,7.475517156403811,1.0,0.024148507104727872,0.4007682583856775,0,1.9101660000160336
12.283333333333523,344.7035565416629,71.70321169367305,-0.3597209440183518,35.000000000000014,22.929784671796384,0.04640515860408889,-16.219779016527923,7.494181596106438,1.0,0.03379455367472922,0.4057093086980349,0,1.8975410202983767
12.30000000000019,345.24955367835287,71.49787074669905,-0.3589876731001052,35.000000000000014,22.95684463321333,0.045671887685842294,-15.844355620685839,7.487696211772126,1.0,0.031415557353433925,0.412434787705895,0,1.9366249907761812
12.316666666666858,345.7957012387865,71.29293021871544,-0.35817180154506373,35.000000000000014,22.983477306499488,0.04485601613080081,-15.641788175982093,7.5176961067426245,1.0,0.034951684267777124,0.41786853486233144,0,1.9220829999540001
12.333333333333526,346.3420158225782,71.08843534515077,-0.35750805288298865,35.000000000000014,23.009634542185502,0.04419226746872574,-15.491694810901734,7.479710377488599,1.0,0.02843870205801617,0.42175906464762986,0,1.8808750028256327
12.350000000000193,346.8884660192159,70.88430313217991,-0.35670559677102687,35.000000000000014,23.035404974874996,0.04338981135676395,-15.579866821456468,7.504063571875228,1.0,0.03437742732143214,0.4299777426977419,0,1.9309580093249679
12.36666666666686,347.4350798470386,70.68060948718617,-0.3557489549279537,35.000000000000014,23.060707756933272,0.042433169513690805,-15.814145640942355,7.595125186343212,1.0,0.040975987393808526,0.43455825475623966,0,1.862709003034979
12.383333333333528,347.981888286575,70.47743884897888,-0.35509219644971945,35.000000000000014,23.086151776566464,0.044792290030459425,-15.589035319963052,7.550994469910922,1.0,0.028139362432982505,0.40293881074294235,0,1.9845830101985484
12.400000000000196,348.52883004221303,70.27462737564137,-0.354448920269951,35.000000000000014,23.112271876032334,0.04414901385069098,-15.20438143956506,7.502607337022572,1.0,0.027561997728286,0.4087301587301587,0,1.9137919880449772
12.416666666666863,349.07590214846846,70.07216777884484,-0.35367933216975195,35.000000000000014,23.138017102054327,0.04337942575049192,-14.936783592838971,7.5115198901368405,1.0,0.032970395165164236,0.4126539643997102,0,2.028749993769452
12.43333333333353,349.62312990319896,69.87012926214463,-0.35282554549544537,35.000000000000014,23.163313831542894,0.04252563907618533,-14.766641541075646,7.557022947758987,1.0,0.03657454018842235,0.4169203214156382,0,1.887666992843151
12.450000000000198,350.17052995625045,69.6685580347906,-0.35207355262487317,35.000000000000014,23.188112978173315,0.041773646205613135,-14.687478098993548,7.556052053980094,1.0,0.03221711474792667,0.4228018757327081,0,1.8934170075226575
12.466666666666866,350.718081434638,69.46739850532862,-0.35133147952606913,35.000000000000014,23.21247385191078,0.041031573106809105,-14.70126870195654,7.550730359810795,1.0,0.03179241699584107,0.4297202456379764,0,1.9279579864814878
12.483333333333533,351.2657820373265,69.26664535443817,-0.35070156586369816,35.000000000000014,23.236402220643676,0.04040165944443813,-14.427757456886418,7.496323129934933,1.0,0.026989744379287077,0.43925343006757744,0,1.917332992888987
12.5000000000002,351.8136089884978,69.06623724744597,-0.3499865474348635,35.000000000000014,23.260871097671288,0.04266205785519056,-14.217157785366751,7.481354115986535,1.0,0.030634060551062013,0.40901091165082715,0,1.8737920036073774
12.516666666666868,352.36157909510797,68.86622089801574,-0.34920724839785894,35.000000000000014,23.28574974974736,0.04188275881818598,-13.974663499510935,7.495155055579124,1.0,0.0333861202002749,0.41480057007867865,0,1.9802080059889704
12.533333333333536,352.9097049078579,68.66663164185434,-0.3484136381967269,35.000000000000014,23.31017421683679,0.04108914861705393,-13.800709914717071,7.514676558908301,1.0,0.03399875980329738,0.41964729623022257,0,1.9161249801982194
12.550000000000203,353.45798894405135,68.46747744673614,-0.3475416618640224,35.000000000000014,23.33413614297601,0.04021717228434946,-13.727580406854866,7.567817688894797,1.0,0.03735303229724073,0.42803627376573844,0,1.9693750073201954
12.56666666666687,354.0064464295256,68.26880141797324,-0.3466636238704275,35.000000000000014,23.357589836532775,0.03933913429075453,-13.766641485008586,7.621543083174865,1.0,0.03761245294626475,0.4338794417845801,0,1.876416994491592
12.583333333333538,354.55507814866235,68.07060703224329,-0.34581410815000524,35.000000000000014,23.380531746441513,0.038489618570332285,-13.931006057063374,7.66064927457383,1.0,0.03639174283110508,0.4417280285611727,0,1.9537079788278788
12.600000000000206,355.10387803905775,67.87287878924356,-0.3450700768849035,35.000000000000014,23.40297848069432,0.03774558730523053,-13.76099140836026,7.651905969010976,1.0,0.03187625338922768,0.4131396391129818,0,1.9429579842835665
12.616666666666873,355.6528248935314,67.67555892521234,-0.344442534465829,35.000000000000014,23.426080835901317,0.040060070915435064,-13.380108495752115,7.592306909028856,1.0,0.02688819339870068,0.41928430587821874,0,2.0161660213489085
12.63333333333354,356.2018954664914,67.47858358744874,-0.343684420775536,35.000000000000014,23.449442960806056,0.03930195722514207,-13.159643918143672,7.59231093425294,1.0,0.03247916119426184,0.4270515383490175,0,1.9473749853204936
12.650000000000208,356.751115211352,67.282024564168,-0.3428536536308138,35.000000000000014,23.47236320085593,0.03847119008041988,-13.038488181592664,7.624180803655607,1.0,0.03558927283826547,0.43344945700829085,0,1.9902499916497618
12.666666666666876,357.3004980614437,67.085921882384,-0.34194618574646957,35.000000000000014,23.49479919311425,0.03756372219607562,-13.041077017020646,7.6884599218685885,1.0,0.03887189013249868,0.4384556314822555,0,1.9359999860171229
12.683333333333543,357.8500586421889,66.89031782856931,-0.3411880996004321,35.000000000000014,23.51670621162524,0.03680563605003817,-13.158451389437397,7.6846553806499625,1.0,0.03247798197095751,0.44582181483098116,0,1.8965410126838833
12.70000000000021,358.3997673497285,66.69513044518368,-0.3404016790809831,35.000000000000014,23.5381713189198,0.03601921553058918,-13.302186745760682,7.693405330543894,1.0,0.03369098341041641,0.4548304691128658,0,2.025291003519669
12.716666666666878,358.9496293866301,66.50037542431835,-0.3398040999076819,35.000000000000014,23.559177985006666,0.035421636357287956,-13.094579622949457,7.618852394732674,1.0,0.025604938888097464,0.42266611045896835,0,1.8830839835572988
12.733333333333546,359.49960770689097,66.30594902430849,-0.3389955822538254,35.000000000000014,23.581090576200722,0.037528621968669906,-12.739858271810302,7.6397697139108995,1.0,0.03463689847765727,0.428074863721304,0,1.9957500044256449
12.750000000000213,360.0497430445509,66.1119673549797,-0.33816202773404463,35.000000000000014,23.602977134009404,0.03669506744888912,-12.452403290250103,7.6708413449982125,1.0,0.03570858001960528,0.435870061048402,0,1.886832993477583
12.76666666666688,360.6000398853687,65.91844432078551,-0.3372341415580407,35.000000000000014,23.62437778650378,0.035767181272885196,-12.401734704823586,7.742090245523814,1.0,0.03974560827735147,0.4431314766525461,0,1.933874998940155
12.783333333333548,361.1505160566136,65.72543198265836,-0.33640054663803703,35.000000000000014,23.645237527301735,0.03493358635288152,-12.438519692076161,7.76917791978285,1.0,0.03571030925079899,0.449544214132265,0,1.9280829874332994
12.800000000000216,361.7011529306869,65.53287858567826,-0.33551298712032157,35.000000000000014,23.66561130820841,0.034046026835166054,-12.56264319148292,7.818878815405927,1.0,0.03801993497843743,0.4574625208753656,0,1.9515420135576278
12.816666666666883,362.2519604904525,65.34081398747549,-0.33463420213866363,35.000000000000014,23.685467653989328,0.03316724185350811,-12.821558036861443,7.862783115304321,1.0,0.03764442141349874,0.42623522911234113,0,1.874208013759926
12.83333333333355,362.8029366209967,65.14923350478391,-0.3338450434516213,35.000000000000014,23.70481166466745,0.03237808316646579,-12.56581303072602,7.8656193121816305,1.0,0.03380819983494204,0.4333262420948808,0,1.9143749959766865
12.850000000000218,363.3540637673613,64.95808788930239,-0.33309050901048776,35.000000000000014,23.725108055951154,0.034519247309794276,-12.272895572079335,7.853110053652994,1.0,0.032325925800341215,0.43921844711691466,0,1.9606249989010394
12.866666666666886,363.9053349827779,64.76735817260652,-0.33229990971751294,35.000000000000014,23.74524028480435,0.033728648016819456,-12.13703628542163,7.856883663188178,1.0,0.03386986941860766,0.4435546743409338,0,1.9405829953029752
12.883333333333553,364.4567568166727,64.57706435010593,-0.33152229906595926,35.000000000000014,23.764911599233393,0.03295103736526578,-12.051684667671077,7.854775713708584,1.0,0.033313841273637824,0.4543323041296797,0,1.8585420039016753
12.90000000000022,365.00832645833947,64.38719937658692,-0.33071746474589014,35.000000000000014,23.78412955953899,0.032146203045196664,-12.09087178602622,7.864667931972936,1.0,0.03447922976309577,0.4616217575001692,0,1.9223330018576235
12.916666666666888,365.56004873119474,64.19777838669081,-0.3299139793889113,35.000000000000014,23.80287828183866,0.03134271768821784,-12.16958428740769,7.873553785281285,1.0,0.034421485645787196,0.4696509644024175,0,1.8999579770024866
12.933333333333556,366.11192302293244,64.0088007586584,-0.3286688559033112,35.000000000000014,23.821158540496448,0.030097594202617702,-12.427109916769602,8.075810902365273,1.0,0.05331187073502774,0.43756714641063116,0,1.8678329943213612
12.950000000000223,366.664032187298,63.820510428579226,-0.3278709620597074,35.000000000000014,23.838712819866124,0.02929970035901391,-12.155907480442028,8.074051938381476,1.0,0.03418213120829144,0.4456917270735403,0,1.946667005540803
12.96666666666689,367.21629141159696,63.63266068289262,-0.3272753079555554,35.000000000000014,23.857375290693025,0.03158655959691925,-11.864414187251906,7.983509674634816,1.0,0.025522489828837334,0.4508795747999653,0,1.8989169911947101
12.983333333333558,367.76866243138943,63.445139925984975,-0.32667071099383177,35.000000000000014,23.87579772005865,0.030981962635195648,-11.59856399963947,7.9003443712558035,1.0,0.025905501785787592,0.4584365458839795,0,1.8825829902198166
13.000000000000226,368.32114672469874,63.25795316517023,-0.3257527980344896,35.000000000000014,23.89386764044016,0.030064049675853466,-11.540809070370118,7.957916551409477,1.0,0.039318852341116456,0.4645098847182161,0,1.908333011670038
13.016666666666893,368.8738026063857,63.071273615635356,-0.32477404570334784,35.000000000000014,23.91140236102151,0.029085297344711717,-11.614663884466703,8.039938522638462,1.0,0.041921952620919835,0.4740897300413104,0,1.9000839965883642
13.03333333333356,369.4266409363778,62.88513506866204,-0.3238330631433129,35.000000000000014,23.92836639243667,0.028144314784676768,-11.849689301893989,8.102197132012304,1.0,0.04030598314762387,0.4439252787565767,0,1.9431250111665577
13.050000000000228,369.9796541747157,62.69951681524701,-0.3231112058451228,35.000000000000014,23.944781742087645,0.027422457486486695,-11.52083916881528,8.0658307532164,1.0,0.030926877349039435,0.45056701130171933,0,1.9240000110585243
13.066666666666896,370.5328012588513,62.51429780680019,-0.32226038555693454,35.000000000000014,23.96084564505303,0.029447536210793546,-11.316349094851697,8.087451098036091,1.0,0.03644757875236617,0.4564847809591501,0,1.9259999971836805
13.083333333333563,371.0861057308478,62.329549494097684,-0.3214299887200951,35.000000000000014,23.97802089198447,0.0286171393739541,-11.105327590574973,8.099239574709328,1.0,0.0355734225843168,0.46440879154541276,0,1.949833007529378
13.10000000000023,371.63956342647316,62.14526070732315,-0.32062668687027396,35.000000000000014,23.9947119449046,0.02781383752413297,-10.941158394388218,8.098644734035265,1.0,0.03441363036578555,0.4689106300040128,0,1.9125000108033419
13.116666666666898,372.1931689830345,61.96141657355171,-0.31974603461579665,35.000000000000014,24.01093459160579,0.026933185269655657,-10.969902548629808,8.131993952389585,1.0,0.0377243337993387,0.47636838443429946,0,1.9477920141071081
13.133333333333566,372.7469362276519,61.77806004498873,-0.31869132042599013,35.000000000000014,24.02664371696168,0.02587847107984914,-11.209433117160874,8.240404314935496,1.0,0.045171288428645366,0.4481695937215868,0,1.947999990079552
13.150000000000233,373.30089655295444,61.59528768447312,-0.31769983487253817,35.000000000000014,24.041737806886523,0.024886985526397176,-11.202312725647086,8.316870046720725,1.0,0.0424666911515454,0.45666577047165463,0,1.9284159934613854
13.1666666666669,373.8550378220988,61.41306465736384,-0.3168697982483625,35.000000000000014,24.056253716568047,0.024056948902221487,-10.936065167995313,8.319500909926242,1.0,0.035558004417930784,0.46160400570602483,0,1.8838749965652823
13.183333333333568,374.40933015212124,61.23130165052236,-0.3161488847585736,35.000000000000014,24.07054941686537,0.02621189219547415,-10.643258284014806,8.274082022914968,1.0,0.030886467042990362,0.46901760341769494,0,1.9975000177510083
13.200000000000236,374.96375337349855,61.04993828769686,-0.31537386911237986,35.000000000000014,24.08583793647562,0.025436876549280396,-10.48152484949836,8.254131487604036,1.0,0.03320274972893468,0.4748924506034187,0,1.8929159850813448
13.216666666666903,375.5183169877987,60.86900466596741,-0.31451779879447794,35.000000000000014,24.100674514378486,0.024580806231378483,-10.461042790574602,8.270497856430952,1.0,0.03667227941573233,0.4834436454498636,0,1.953125
13.23333333333357,376.0730352907753,60.68854585592874,-0.31352609094480216,35.000000000000014,24.115011874101224,0.023589098381702703,-10.642859534796042,8.345726484468459,1.0,0.04247620095790112,0.4895054971205559,0,1.9059579935856164
13.250000000000238,376.6279322833626,60.50863725303452,-0.312493904652729,35.000000000000014,24.128770905382385,0.022556912089629563,-10.727242101054163,8.435784967673557,1.0,0.04420773410228518,0.4603139783305356,0,1.9562910019885749
13.266666666666906,377.1830146795147,60.32930150294594,-0.3113747767177701,35.000000000000014,24.141927988283143,0.02143778415467063,-10.755751561543256,8.56047809935434,1.0,0.04792589850655814,0.4706310586612514,0,1.888041995698586
13.283333333333573,377.73829742766685,60.1505870732477,-0.310295634542095,35.000000000000014,24.154432404528354,0.02035864197899556,-10.853459540962476,8.662801081514097,1.0,0.04621601767251178,0.4771236204357224,0,1.8747079884633422
13.30000000000024,378.29377271073344,59.972471976526855,-0.30911932605416714,35.000000000000014,24.166792890625203,0.022064771425416407,-11.143798225629727,8.80376181289576,1.0,0.050370577638835394,0.4845776275329934,0,1.8899589776992798
13.316666666666908,378.84945712774584,59.79501041317469,-0.30839697060792065,35.000000000000014,24.17966296292271,0.021342415979169915,-11.083849418059835,8.740059816594087,1.0,0.03094820612398165,0.4896004717115712,0,1.9685830047819763
13.333333333333576,379.4052695900965,59.617950297752124,-0.3077173474558213,35.000000000000014,24.192111760458445,0.020662792827070564,-11.107291228588085,8.66000440534377,1.0,0.029118474015526433,0.4981555064533566,0,1.884792000055313
13.350000000000243,379.96120225823023,59.441267966209054,-0.3068743156110463,35.000000000000014,24.204164198598082,0.019819760982295542,-11.15204527720135,8.654742380087114,1.0,0.03611422750037819,0.4689613193460335,0,1.9630000169854611
13.36666666666691,380.5172836776268,59.26505436633756,-0.30579028451773704,35.000000000000014,24.215724968913808,0.018735729888986304,-10.905737969868401,8.755397795762914,1.0,0.046425093478994865,0.4757728880082669,0,1.931417005835101
13.383333333333578,381.07355579127517,59.089443679433394,-0.3046031866417521,35.000000000000014,24.22665350528659,0.017548632013001386,-10.816252113477933,8.897340785807192,1.0,0.050831797014033266,0.4814499498647294,0,1.9382080063223839
13.400000000000245,381.63003597999835,58.91449346555411,-0.30353662061189246,35.000000000000014,24.236889681895875,0.016482065983141725,-10.819493691589273,8.980928409514078,1.0,0.045678177062307604,0.4914912630958493,0,1.918291993206367
13.416666666666913,382.1867024481256,58.74013687393632,-0.3027281504998424,35.000000000000014,24.247248142786034,0.018569340895210784,-10.812413038445166,8.947998129951294,1.0,0.03463486341496969,0.4971177731004797,0,1.8987079965882003
13.43333333333358,382.74350969640534,58.56623038745319,-0.30185566327084895,35.000000000000014,24.25807963579653,0.017696853666217316,-10.937809312129865,8.94439908730652,1.0,0.03737489729906826,0.5056761300315445,0,1.9196250068489462
13.450000000000248,383.30046846392406,58.392809774313314,-0.3008593336681764,35.000000000000014,24.26840226161117,0.016700524063544775,-11.11323371670884,8.995248950866685,1.0,0.04267391726452812,0.4766761220791788,0,1.9027919915970415
13.466666666666915,383.8575997390659,58.219944161664124,-0.29975022858068606,35.000000000000014,24.27814378113635,0.015591418976054428,-10.89632617979339,9.093575037516436,1.0,0.04749732499371227,0.48374464381993776,0,1.885125006083399
13.483333333333583,384.4149223976314,58.04769657234211,-0.29854303017397005,35.000000000000014,24.287238407056275,0.014384220569338413,-10.941300154787585,9.231091816384184,1.0,0.05169098659816052,0.4888133673180402,0,1.9401669851504266
13.50000000000025,384.9724525870609,57.87612190739273,-0.29731129396978895,35.000000000000014,24.29562891304068,0.013152484365157315,-11.19144701939586,9.374035892146068,1.0,0.052739741814381125,0.4965829505233828,0,1.9099169876426458
13.516666666666918,385.5301936882284,57.705234102543244,-0.2962333389834034,35.000000000000014,24.303300974386993,0.012074529378771792,-11.491660102507542,9.44401103977016,1.0,0.04616524660965336,0.5020178698802418,0,1.8979580199811608
13.533333333333585,386.0881186746776,57.53494761666313,-0.29555751846529127,35.000000000000014,24.31139545265129,0.014314642772614683,-11.577094881640368,9.334746171668481,1.0,0.028955641357552547,0.513823800651196,0,1.896000001579523
13.550000000000253,386.6461586168077,57.365038226795484,-0.2946878928134442,35.000000000000014,24.319745375766104,0.013445017120767622,-11.722224301187916,9.314739249283456,1.0,0.0372524289508989,0.4863869102726397,0,1.9457500020507723
13.56666666666692,387.20434610547466,57.19561418696198,-0.29348184779778363,35.000000000000014,24.327588066129685,0.012238972105107049,-11.612697919888962,9.4430436068354,1.0,0.05164168738731239,0.49217118015695277,0,1.8757079960778356
13.583333333333588,387.76273752115657,57.02686346942119,-0.2923317950409517,35.000000000000014,24.33472728828763,0.011088919348275106,-11.488765342348028,9.541823011008777,1.0,0.049248121533309826,0.49947391165473576,0,1.9537920015864074
13.600000000000255,388.3213226397535,56.85875504292247,-0.2912518414732969,35.000000000000014,24.341195692008604,0.010008965780620327,-11.447929141291155,9.606019548825136,1.0,0.04625071733729619,0.5046196517925748,0,1.9586660200729966
13.616666666666923,388.8800889818712,56.691249960330545,-0.289788387038475,35.000000000000014,24.34703415789717,0.008545511345798396,-11.902691062309493,9.835773791244975,1.0,0.06263742879202636,0.5130108049500879,0,2.0115420047659427
13.63333333333359,389.4390998616029,56.52456278590083,-0.28843094483558235,35.000000000000014,24.352018978844978,0.007188069142905762,-12.474848571454828,10.01021949749483,1.0,0.058110595849318,0.4850819087650823,0,1.9736249814741313
13.650000000000258,389.99833649443997,56.35863458977108,-0.2876625411462277,35.000000000000014,24.357629337045744,0.009362882141114305,-12.277946585630882,9.919545094853635,1.0,0.03291968977466717,0.4971127219801718,0,1.9985830003861338
13.666666666666925,390.55770046200354,56.193136162076605,-0.286886663639893,35.000000000000014,24.36309093849667,0.008587004634779627,-11.82866629261871,9.835597737456805,1.0,0.03323964584181207,0.5051231824003616,0,1.8899170099757612
13.683333333333593,391.117192667697,56.028071782072736,-0.2857388181452058,35.000000000000014,24.368099962974973,0.007439159140092411,-11.787556176093249,9.918058355625085,1.0,0.049153753393487175,0.5094777599218097,0,1.9326670153532177
13.70000000000026,391.6768739731745,55.86364972127567,-0.28446392901245804,35.000000000000014,24.372439432447948,0.006164270007344652,-11.984679852029512,10.052997564763125,1.0,0.05458383208015494,0.5183894151931708,0,1.9152919994667172
13.716666666666928,392.23676444365697,55.69994132552052,-0.2831626858552385,35.000000000000014,24.37603523384645,0.0048630268501251295,-12.347332502990248,10.194252230653065,1.0,0.055709858752829126,0.5270754073229326,0,1.9030419935006648
13.733333333333595,392.7968674644964,55.536961621801545,-0.28183403952904007,35.000000000000014,24.37887198832791,0.0035343805239266834,-12.936360554382775,10.342037042438218,1.0,0.05688056215680055,0.4983503299340132,0,1.896959001896903
13.750000000000263,393.35718653328155,55.374726240538656,-0.2807431984203129,35.000000000000014,24.381052090911435,0.005421405006169001,-13.116088332499167,10.379844814341762,1.0,0.046716318747877614,0.5041248877581562,0,1.9514159939717501
13.76666666666693,393.91768224168334,55.213102174753494,-0.27980246632648564,35.000000000000014,24.38421456167329,0.004480672912341721,-12.877774563823369,10.350297261011711,1.0,0.04029526630609887,0.5127887481371088,0,1.9330419891048223
13.783333333333598,394.4783297469957,55.052005456708685,-0.2787441425120473,35.000000000000014,24.386828278793114,0.003422349097903399,-12.761316668364753,10.37343570628698,1.0,0.04532567011000747,0.5205446146365184,0,1.951999991433695
13.800000000000265,395.039147430793,54.89150217537761,-0.2775555635969724,35.000000000000014,24.388824645203158,0.002233770182828499,-12.998036403020013,10.45276196132101,1.0,0.050895106048752796,0.5278145448444287,0,1.9250839832238853
13.816666666666933,395.60015548922223,54.73166558333683,-0.2763123673976459,35.000000000000014,24.39012767672618,0.0009905739835019967,-13.213234272135667,10.552934681614598,1.0,0.053229506924054926,0.5368725814982879,0,1.9107080006506294
13.8333333333336,396.1613618223148,54.57252655771907,-0.27510404970638674,35.000000000000014,24.390705511455387,-0.00021774370775717866,-13.454384342842296,10.633920143796534,1.0,0.051738827759329455,0.5092988785412647,0,1.9033330027014017
13.850000000000268,396.72276003617117,54.41406576365102,-0.2737647058385166,35.000000000000014,24.390578494293532,-0.0015570875756273361,-13.442162702109798,10.769167392527546,1.0,0.05733753458412693,0.5170179939028924,0,1.91183399874717
13.866666666666935,397.28436997992713,54.25635701674012,-0.2725750480700361,35.000000000000014,24.39028780054678,0.00027347270002142654,-13.287032414836265,10.833563329459103,1.0,0.05094122285114211,0.5239135667598644,0,1.9258749962318689
13.883333333333603,397.84616714565556,54.09931650490552,-0.2713911006625516,35.000000000000014,24.39044732628647,-0.000910474707463027,-13.267400548155281,10.892932376659953,1.0,0.050697124587715005,0.5305521177752739,0,1.9069999980274588
13.90000000000027,398.40814984530306,53.942941241277715,-0.2700916616209578,35.000000000000014,24.389916216113836,-0.0022099137490568244,-13.428227759577085,11.000593083392383,1.0,0.05563277889949852,0.54090218317951,0,1.910457998747006
13.916666666666938,398.9703352705505,53.78729637172809,-0.26875687870941317,35.000000000000014,24.388627100809508,-0.0035446966606014763,-13.845302753258814,11.119551893458151,1.0,0.05714270477136797,0.5485085994405517,0,1.9582499808166176
13.933333333333605,399.53272794704094,53.63240203610635,-0.26743326295726216,35.000000000000014,24.38655936542097,-0.004868312412752485,-14.390248237662176,11.228994613575356,1.0,0.05666566028688542,0.5218168845729747,0,1.9450419931672513
13.950000000000273,400.0953251514098,53.47825222775696,-0.2662611906960222,35.000000000000014,24.383719527731134,-0.006040384673992427,-14.16948646257378,11.267757521115623,1.0,0.0501894836600405,0.5313143247459317,0,1.9027079979423434
13.96666666666694,400.6581026440168,53.32476192971599,-0.26505112014330356,35.000000000000014,24.380195991431503,-0.007250455226711083,-13.928262973330579,11.321640298114005,1.0,0.05181374918560698,0.5356889743849347,0,1.9170829909853637
13.983333333333608,401.2210654586391,53.17195274435602,-0.26364156141674466,35.000000000000014,24.377180201035042,-0.005589331003592435,-13.958007196094002,11.460812822686318,1.0,0.06033633532648532,0.5450118307379079,0,1.9067079992964864
14.000000000000275,401.7842431074479,53.01993723968624,-0.2622202099031985,35.000000000000014,24.37391977492596,-0.0070106825171386,-14.355747558196173,11.599747623341823,1.0,0.06083988743991919,0.5503256256402751,0,1.9827090145554394
14.016666666666943,402.3476362547746,52.86872236170436,-0.2607927139668078,35.000000000000014,24.369830243624335,-0.008438178453529286,-14.825976839853153,11.735979441373104,1.0,0.06110224212794927,0.5311443300874,0,1.9293329969514161
14.03333333333361,402.9112446866263,52.71831187894636,-0.25942104332373905,35.000000000000014,24.364908031272854,-0.009809849096598044,-15.112666347027362,11.84247035607374,1.0,0.05871830773347716,0.5361745671773881,0,2.0796250028070062
14.050000000000278,403.47505890184783,52.56867462258325,-0.25811125355332937,35.000000000000014,24.359185711080343,-0.01111963886700773,-14.872275611229252,11.917703678288785,1.0,0.056074999106125296,0.5453736817973407,0,1.9287920149508864
14.066666666666945,404.03906862673557,52.41977597245553,-0.25678199683138375,35.000000000000014,24.35269938874488,-0.012448895588953346,-14.867601945437844,11.998521758874308,1.0,0.056906637389619534,0.5491714829175507,0,1.950541016412899
14.083333333333613,404.60327577781567,52.271627167371314,-0.2554770392955305,35.000000000000014,24.345535933308653,-0.010624104668811363,-15.11372441004591,12.06553285447086,1.0,0.0558685514607466,0.5566032578987646,0,1.948083023307845
14.10000000000028,405.1676757763424,52.12421475459405,-0.25404976844113325,35.000000000000014,24.33933865550283,-0.012051375523208618,-15.548483770043926,12.1834948443803,1.0,0.061092631720925494,0.5330995497840242,0,1.920957991387695
14.116666666666948,405.7322855973679,51.977608043358444,-0.2525964423310138,35.000000000000014,24.332308856613416,-0.013504701633328065,-15.657821575935149,12.30827662128618,1.0,0.062205046863830715,0.5390308819776133,0,1.8980839813593775
14.133333333333615,406.2971078894076,51.83182204885706,-0.24860768281987292,35.000000000000014,24.324431353444925,-0.017493461144468953,-19.340198242165435,13.526716239304111,1.0,0.16931025416741946,0.5457465500201325,0,1.9160830124747008
14.150000000000283,406.86250719196494,51.688290148411845,-0.24762606925773797,35.000000000000014,24.314227354902524,-0.018475074706603895,-19.827849719060065,13.39294434623563,1.0,0.042044360797539135,0.554704585257847,0,1.9655830110423267
14.16666666666695,407.42804711496024,51.54531332065207,-0.2437781661694514,35.000000000000014,24.303450841069765,-0.02232297779489048,-25.259238417735588,14.509330093811217,1.0,0.16343913171553442,0.5598276524507383,0,1.8749999871943146
14.183333333333618,407.9941330107868,51.404513688820174,-0.24020449418867396,35.000000000000014,24.290430185484354,-0.025896649775667913,-31.104934300955183,15.46514537103688,1.0,0.15197640122039663,0.5375433906925804,0,1.9130830187350512
14.200000000000285,408.5607184624667,51.265737957071245,-0.2375993384882065,35.000000000000014,24.27622770216694,-0.025303814035272515,-35.493502917654325,15.965798408206854,1.0,0.11118904252056684,0.5449073472946152,0,1.957083004526794
14.216666666666953,409.1276635234661,51.12843873789576,-0.23557762192096626,35.000000000000014,24.261468719085027,-0.02732553060251275,-39.13806893361151,16.19317866292562,1.0,0.08642914227873767,0.5510368152583721,0,1.9120000069960952
14.23333333333362,409.6948850057348,50.99228600075606,-0.2330490279109331,35.000000000000014,24.245530809838314,-0.029854124612545913,-42.03633208965072,16.632439080409213,1.0,0.10794706428645352,0.5602986989188199,0,1.9839169981423765
14.250000000000288,410.26244894928635,50.85756797019599,-0.23187355058295694,35.000000000000014,24.228118490592664,-0.031029601940522067,-44.74538538769302,16.463842020452816,1.0,0.05033504673579334,0.5626693921502423,0,1.9685830047819763
14.266666666666955,410.8301708586772,50.7235171911032,-0.2299184255489826,35.000000000000014,24.210020793973186,-0.03298472697449642,-47.34772571575179,16.642794243630387,1.0,0.08359579736412022,0.5382688177963768,0,1.958832988748327
14.283333333333623,411.39815376887304,50.59057663482606,-0.22960408591133494,35.000000000000014,24.190783192074406,-0.033299066612144074,-48.41120255739426,16.095565022507394,1.0,0.013470883867157127,0.5426509608057364,0,1.9254590151831508
14.30000000000029,411.96617843949343,50.457814624656045,-0.2285957847434441,35.000000000000014,24.171362326081137,-0.0343073677800349,-48.68636462436574,15.874086066516776,1.0,0.043186039340880306,0.5473827291138317,0,1.9241249829065055
14.316666666666958,412.5343366854339,50.32562542181541,-0.2279495848648145,35.000000000000014,24.1532087278941,-0.031677478626461336,-48.39706958994631,15.502096864879567,1.0,0.027687203512399672,0.5589421783953384,0,1.9580840016715229
14.333333333333625,413.1025802333911,50.1938033903382,-0.22558740647229833,35.000000000000014,24.134733288959268,-0.034039657018977515,-49.080764112814634,15.895170351900992,1.0,0.1008924791381237,0.5693643994264159,0,1.926625001942739
14.350000000000293,413.67113358284655,50.063324018019195,-0.2226377112371257,35.000000000000014,24.11488065675156,-0.03698935225415015,-50.13964121029332,16.527988377384403,1.0,0.12574848387632176,0.5496388899072479,0,1.9202499825041741
14.36666666666696,414.2400693327219,49.934522270004734,-0.2212172191764646,35.000000000000014,24.093308454613606,-0.03840984431481123,-50.259826555668525,16.47029128226333,1.0,0.06080318983431471,0.5542523598887318,0,1.9400000164750963
14.383333333333628,414.8091874703976,49.80652882038213,-0.21947947338690824,35.000000000000014,24.070908220949182,-0.040147590104367616,-50.22495993976058,16.553556868449988,1.0,0.07433758447047645,0.5628320670208715,0,2.0414169994182885
14.400000000000295,415.37852716873954,49.679524546164004,-0.21914757979857144,35.000000000000014,24.047495084233347,-0.040479483692704404,-49.83388723832289,16.016992173617673,1.0,0.01422305176606549,0.5649539483753635,0,1.9405419880058616
14.416666666666963,415.94790898762767,49.55270923913285,-0.21705982521217276,35.000000000000014,24.024911807605932,-0.03920240571242201,-50.24731390629029,16.270374654926847,1.0,0.08923756315701246,0.576088420409959,0,1.958124979864806
14.43333333333363,416.5175543246751,49.427082937118,-0.21479229674080602,35.000000000000014,24.002049594540996,-0.04146993418378875,-51.074662308250325,16.592279530328774,1.0,0.09687559433576967,0.5508984198645598,0,1.901416020700708
14.450000000000298,417.087483058227,49.3027486439819,-0.2132324184329382,35.000000000000014,23.977865732712797,-0.04302981249165658,-51.24094357975817,16.59277877808742,1.0,0.066752602581131,0.5619577227525495,0,1.9596659985836595
14.466666666666965,417.65760504468614,49.1793035212201,-0.21159039329626722,35.000000000000014,23.95277275397826,-0.04467183762832755,-51.15818528587697,16.629127030101365,1.0,0.07025668147804683,0.5686050177919914,0,2.009667019592598
14.483333333333633,418.2279289624542,49.05679471908955,-0.20971288454390175,35.000000000000014,23.926722848127767,-0.04654934638069302,-51.17844724778586,16.766928624482833,1.0,0.08029167452419286,0.5770499444265175,0,1.9333329983055592
14.5000000000003,418.7984818862286,48.935356920401304,-0.2072556827741057,35.000000000000014,23.899578868002163,-0.04900654815048908,-52.10158029369221,17.15197485708252,1.0,0.10492192938559029,0.5824912837891786,0,1.9674999930430204
14.516666666666968,419.3693314844237,48.815321450567154,-0.2063419737682259,35.000000000000014,23.87128493986706,-0.04645511266529381,-52.754483934817735,16.84744249997734,1.0,0.039138960029322725,0.5598223382008615,0,1.9719169940799475
14.533333333333635,419.9402905218024,48.695807621185956,-0.20538594314623748,35.000000000000014,23.844195869984677,-0.04741114328728224,-52.79091698420231,16.573125188773325,1.0,0.04094983613437056,0.5650437242569545,0,1.9843750051222742
14.550000000000303,420.51136355711765,48.57683970066273,-0.20419924458980163,35.000000000000014,23.816549729692298,-0.0485978418437181,-52.420776409035064,16.41046678601979,1.0,0.0508147274857713,0.5778765555268526,0,1.9635419885162264
14.56666666666697,421.08257736935155,48.458549555295555,-0.20179035868678302,35.000000000000014,23.788212146073462,-0.0510067277467367,-52.94475691245828,16.787929088985138,1.0,0.10287352225349079,0.5867132805082566,0,1.9245830189902335
14.583333333333638,421.6540744714742,48.34163574070033,-0.20021369371221723,35.000000000000014,23.75847112160583,-0.0525833927213025,-53.286044060110115,16.787676469223644,1.0,0.06746879578893908,0.5932463410333274,0,1.9456250010989606
14.600000000000305,422.22575519710267,48.225623130512155,-0.20203177273362968,35.000000000000014,23.727811609403474,-0.05076531369989004,-51.68052544434144,15.297836329695304,1.0,-0.07776056061396332,0.557899370515473,0,2.000041014980525
14.616666666666973,422.79722405793484,48.108571351897,-0.20312228347857267,35.000000000000014,23.698211227510463,-0.049674802954947056,-49.67995973574348,14.183784498466496,1.0,-0.04670219116778256,0.5645578530576331,0,2.0119590044487268
14.63333333333364,423.36856493277077,47.990896450072,-0.20304382120099426,35.000000000000014,23.670975989713394,-0.046175166387915995,-47.74530721674425,13.626008199505655,1.0,0.003362656364652647,0.5723307849757702,0,1.981041976250708
14.650000000000308,423.9399150388888,47.873266377315495,-0.20176442665143524,35.000000000000014,23.64405004670801,-0.04745456093747502,-46.39339388119029,13.616946522650917,1.0,0.05477634462661234,0.5784091700926765,0,2.001250017201528
14.666666666666975,424.51141517263244,47.75636738284263,-0.199840504263862,35.000000000000014,23.616378607938934,-0.04937848332504827,-45.855337484480465,13.890136810346887,1.0,0.08226771743910544,0.5873394447672654,0,1.9460830080788583
14.683333333333643,425.08313915313283,47.64056812594269,-0.19736370219852872,35.000000000000014,23.58758619643756,-0.051855285390381534,-45.92262461688658,14.393629429603724,1.0,0.1057526556907456,0.5660270978262755,0,1.9078750046901405
14.70000000000031,425.65514819154527,47.52618526991856,-0.19423842680847775,35.000000000000014,23.55735083454528,-0.05498056078043251,-46.23100769468418,15.158669257793624,1.0,0.133147921996123,0.5766650217731951,0,1.9887920061592013
14.716666666666978,426.22751191379785,47.413590655362924,-0.1927637894891996,35.000000000000014,23.525294996516894,-0.05645519809971067,-46.67118138852447,15.175931223046753,1.0,0.06311480302017616,0.5802036617802759,0,2.0332080021034926
14.733333333333645,426.8000410498927,47.30184019182801,-0.19160220614231058,35.000000000000014,23.493671889270328,-0.05391183531569135,-47.05776392172429,15.055298538601917,1.0,0.049741080085381785,0.5904418566451402,0,1.9422910118009895
14.750000000000313,427.37269960718595,47.190754843844736,-0.19083930414551592,35.000000000000014,23.462238550594066,-0.05467473731248601,-47.20901092029383,14.764299672097419,1.0,0.032684156559426386,0.5977467157481058,0,2.0425000111572444
14.76666666666698,427.9454427450556,47.080106410502836,-0.1876612424547016,35.000000000000014,23.430360841518052,-0.05785279900330034,-48.38708910666804,15.537611290767924,1.0,0.13536965711930188,0.5782890885927763,0,1.9565830007195473
14.783333333333648,428.5185346375082,46.97127874590036,-0.18553452478270785,35.000000000000014,23.396632197442464,-0.05997951667529408,-49.076999401440176,15.824950919092224,1.0,0.09089390036011108,0.5858766999871294,0,1.9500409835018218
14.800000000000315,429.09185667947764,46.86367013114423,-0.1836407350488515,35.000000000000014,23.361665120775164,-0.061873306409150425,-49.67466834975115,15.999539911990212,1.0,0.08098490348722502,0.5918570941336971,0,2.079792000586167
14.816666666666983,429.6653814813231,46.757147460102225,-0.18045265846519248,35.000000000000014,23.32559538331866,-0.06506138299280945,-50.77474315347645,16.729456519949064,1.0,0.13579102528590994,0.6039534212625826,0,1.9413330010138452
14.83333333333365,430.23924297042396,46.652453768292624,-0.17772517869144172,35.000000000000014,23.288673506542757,-0.06394171915720301,-52.18563213118448,17.231973399414354,1.0,0.11636391902654973,0.5869268594083876,0,1.9467920064926147
14.850000000000318,430.8133878745793,46.54932565956244,-0.1754064167781353,35.000000000000014,23.251399581831794,-0.06626048107050944,-53.02519271616534,17.53751226195601,1.0,0.09905030797126621,0.5955744361415362,0,1.970084005733952
14.866666666666985,431.3877703645617,46.44752913221784,-0.17356262169436015,35.000000000000014,23.21277591158154,-0.06810427615428458,-54.26877169472162,17.62410251732832,1.0,0.07885593288283521,0.6025090396727044,0,2.006416005315259
14.883333333333653,431.96233957004495,46.34679182091711,-0.1706433766178021,35.000000000000014,23.173079120664223,-0.07102352123084263,-56.35134981089304,18.17505766517234,1.0,0.1244637962971664,0.6097857365884944,0,1.9583750108722597
14.90000000000032,432.5372004037753,46.247732244799266,-0.16831704522431937,35.000000000000014,23.131683555992826,-0.07334985262432536,-58.02430562841312,18.447386834996188,1.0,0.0993715316557963,0.5889711600229909,0,1.9072919967584312
14.916666666666988,433.11229012717916,46.15001025232566,-0.1652670555630604,35.000000000000014,23.088934499122487,-0.07639984228558433,-58.76398016223686,19.023061920069747,1.0,0.12997691905528258,0.5988635309788978,0,1.9507499819155782
14.933333333333655,433.6876752263218,46.05404272936927,-0.1624090971735161,35.000000000000014,23.04530153803119,-0.07525140835061728,-60.40257134365868,19.493434944255494,1.0,0.12187687195230698,0.6045408052048226,0,1.9672500202432275
14.950000000000323,434.26333224642855,45.95972002277316,-0.16021832662682872,35.000000000000014,23.00144630090729,-0.07744217889730465,-61.29453473564033,19.65577477601223,1.0,0.09361572443733138,0.6181448939687655,0,2.0200829894747585
14.96666666666699,434.83919452435214,45.86665867396257,-0.1581161299672283,35.000000000000014,22.956316837220882,-0.07954437555690508,-62.620813335474416,19.77317944777191,1.0,0.0898515595314762,0.6007107500951897,0,1.9294579979032278
14.983333333333658,435.4152511629545,45.7748081056471,-0.15663596482178868,35.000000000000014,22.909964868114738,-0.0810245407023447,-62.940164661110806,19.61418170153539,1.0,0.06335076387165448,0.6110745002619083,0,1.9936669850721955
15.000000000000325,435.9914431244792,45.68381029659571,-0.1538580714309491,35.000000000000014,22.86275225058328,-0.08380243409318427,-63.606005579833095,20.02679398544867,1.0,0.11849484476036702,0.6233314381242522,0,1.9679159740917385
15.016666666666993,436.56788564474465,45.59441343642833,-0.15053004807838824,35.000000000000014,22.813924695638732,-0.08713045744574513,-64.85785922632678,20.661183486370476,1.0,0.14167402830982567,0.6347041311598468,0,1.8980410241056234
15.03333333333366,437.14462248703853,45.50693548195621,-0.1473354769193654,35.000000000000014,22.76414577266667,-0.08614034603339361,-66.33222468693657,21.21354657936073,1.0,0.1360642531426975,0.6186579659125059,0,1.9566249975468963
15.050000000000328,437.72163584052817,45.42130039760143,-0.1451325037165769,35.000000000000014,22.713959356451305,-0.08834331923618213,-66.95591976198152,21.314521000044984,1.0,0.09413410024199273,0.6285514369876385,0,1.9168749859090894
15.066666666666995,438.2988364455127,45.33693666497121,-0.14244362077528988,35.000000000000014,22.662492760105565,-0.09103220217746916,-68.09823567573811,21.62277739585117,1.0,0.1147317563845288,0.0,0,1.9654589996207505
15.083333333333663,438.87626180782,45.25412526030979,-0.14087917629542165,35.000000000000014,22.609463953438503,-0.09259664665733738,-68.95256085391019,21.42899046669138,1.0,0.06694742243064701,0.0,0,1.9107919943053275
15.10000000000033,439.4538160172992,45.17221730654036,-0.13931596450990516,35.000000000000014,22.555526398076452,-0.09415985844285388,-69.62564593541954,21.242026682390506,1.0,0.06689482891449292,0.0,0,1.991208002436906
15.116666666666998,440.0314975605403,45.09121229202665,-0.13795292844372037,35.000000000000014,22.5006809419172,-0.09552289450903867,-69.80173616567959,20.97451999319014,1.0,0.058349520878994435,0.0,0,1.9595409976318479
15.133333333333665,440.60928897987577,45.0109947532956,-0.14102482282395218,35.000000000000014,22.446365252484288,-0.08806665013158128,-67.73471511184815,18.776202998371396,1.0,-0.1308998105853822,0.0,0,1.9184999982826412
15.150000000000333,441.18683125362,44.92900268162957,-0.14453460923375755,35.000000000000014,22.395059419038056,-0.08455686372177591,-64.9009296917163,16.473645230439516,1.0,-0.1493001106756376,0.0,0,1.9211249891668558
15.166666666667,441.7640821960436,44.84498406911507,-0.14809026796108304,35.000000000000014,22.345793338497703,-0.08100120499445045,-61.04401439675492,14.239874719676013,1.0,-0.15122201145033198,0.0,0,1.9714169902727008
15.183333333333668,442.34103074857984,44.75891348468503,-0.14905970377542263,35.000000000000014,22.298594288816957,-0.08003176918011085,-57.57354397390145,13.217076268005277,1.0,-0.04152336798903883,0.0,0,2.0703329937532544
15.200000000000335,442.91789559011227,44.672283626197554,-0.14918793052975649,35.000000000000014,22.251958911274254,-0.07990354242577699,-53.982941986911015,12.603080215206965,1.0,-0.00549537700931961,0.0,0,1.9533339946065098
15.216666666667003,443.4947493186367,44.58557979891615,-0.1473054506266766,35.000000000000014,22.205398093635843,-0.08178602232885687,-51.572596023989504,12.89468251243468,1.0,0.08050334970460452,0.0,0,1.9025829969905317
15.23333333333367,444.0717652431703,44.4999620401718,-0.14295426270422854,35.000000000000014,22.15972472062868,-0.08152906503800986,-50.8866569480191,14.240224479203986,1.0,0.18436190952637985,0.0,0,1.899583003250882
15.250000000000338,444.6491482432208,44.41685578871912,-0.13669983031349878,35.000000000000014,22.11221876878316,-0.08778349742873962,-52.1937110910829,16.32911250920095,1.0,0.2618907368633401,0.0,0,1.936915999976918
15.266666666667005,445.2270397293379,44.3373623421268,-0.13527625283471645,35.000000000000014,22.06107746969861,-0.08920707490752194,-52.448189625574145,16.27650396346097,1.0,0.060934932718128415,0.0,0,1.9749579951167107
15.283333333333672,445.80504379492754,44.25869164911105,-0.13663748439313736,35.000000000000014,22.00910900004927,-0.08784584334910103,-51.67781999809814,15.003214910018045,1.0,-0.058272447489887996,0.0,0,1.876041991636157
15.30000000000034,446.3829402360136,44.179234231849776,-0.13296387082840816,35.000000000000014,21.957931472647235,-0.09151945691383023,-52.48830748953522,15.978124435287606,1.0,0.15615873753601645,0.0,0,1.9173330219928175
15.316666666667007,446.96112467281097,44.10190031417409,-0.12973259666660278,35.000000000000014,21.90480526952538,-0.08989141038094689,-53.30221590942119,16.72520167493984,1.0,0.13760796924211918,0.0,0,1.9449589890427887
15.333333333333675,447.53955597781595,44.02643506940514,-0.127589295593519,35.000000000000014,21.852439203710112,-0.09203471145403067,-53.74672261194205,16.971582875494498,1.0,0.09159871657166611,0.0,0,1.9901669875252992
15.350000000000342,448.1181476988563,43.952209749457495,-0.1253807853969383,35.000000000000014,21.798828048103683,-0.09424322165061137,-54.32782505675453,17.236830436036502,1.0,0.09436929818519424,0.0,0,1.9729580089915544
15.36666666666701,448.6969019360944,43.879262435204225,-0.12215196178925704,35.000000000000014,21.743934179010203,-0.09747204525829263,-55.43884813142809,17.93421616170773,1.0,0.1375049202273932,0.0,0,1.9370000227354467
15.383333333333677,449.27588869009236,43.8081841932968,-0.11713367337105995,35.000000000000014,21.687165477024323,-0.10249033367648971,-57.53744522383081,19.36713425163341,1.0,0.2118425918527409,0.0,0,1.9041250052396208
15.400000000000345,449.85522484335166,43.74001235670378,-0.11463140033375636,35.000000000000014,21.627484062168747,-0.1049926067137933,-58.71438568726761,19.667824160226235,1.0,0.10683198193674245,0.0,0,1.9102079968433827
15.416666666667012,450.43472976726343,43.673290389258234,-0.11062174947380489,35.000000000000014,21.56783642689338,-0.10386051759466154,-60.43810339424423,20.606584749610825,1.0,0.17018004654814162,0.0,0,1.9455410074442625
15.43333333333368,451.01449756382146,43.60889256435679,-0.10758058904058283,35.000000000000014,21.507359988578102,-0.1069016780278836,-62.08838627198425,21.092993284446553,1.0,0.12960486218702172,0.0,0,1.9087079854216427
15.450000000000347,451.5944585231601,43.54625820141734,-0.10398241186625508,35.000000000000014,21.445119381925345,-0.11049985520221135,-63.61250215520581,21.800575294120826,1.0,0.15300239156245285,0.0,0,1.9560000218916684
15.466666666667015,452.1746410972093,43.48571104172017,-0.10137015167109253,35.000000000000014,21.3807922278754,-0.1131121153973739,-65.70456115606032,22.055077798813656,1.0,0.1114897619787901,0.0,0,1.9197080109734088
15.483333333333682,452.75497985646007,43.42667967472728,-0.09881168118362091,35.000000000000014,21.314950770197306,-0.11567058588484552,-68.024520665192,22.276339483257928,1.0,0.10921244820527215,0.0,0,2.015207981457934
15.50000000000035,453.335467746175,43.36913327890564,-0.09666009782061619,35.000000000000014,21.247747917347667,-0.11236215338206407,-69.74554991433237,22.311952084837706,1.0,0.09195069058935179,0.0,0,1.8642909999471158
15.516666666667017,453.91607810803333,43.31283598340632,-0.09217118440133223,35.000000000000014,21.18234116034727,-0.11685106680134802,-71.07081612420427,23.35234396976754,1.0,0.19005994811522703,0.0,0,1.9664159917738289
15.533333333333685,454.4969353329888,43.2591455560027,-0.08540198097005333,35.000000000000014,21.11433305067738,-0.12362027023262694,-73.04752119745567,25.299256311894464,1.0,0.2823577036172271,0.0,0,1.9150410080328584
15.550000000000352,455.07814268859164,43.20938826939087,-0.08091519675084306,35.000000000000014,21.042404754555754,-0.12810705445183718,-74.73241193731545,26.223629172361434,1.0,0.18997195195051247,0.0,0,1.9464170036371797
15.56666666666702,455.65956744345334,43.16223922685763,-0.07648131861257722,35.000000000000014,20.967879873581523,-0.13254093259010302,-76.27225643227551,27.089897869159987,1.0,0.1877844816770388,0.0,0,1.8967089999932796
15.583333333333687,456.2411955355537,43.11766860584444,-0.07173181611270053,35.000000000000014,20.89079049912228,-0.13729043508997976,-78.07731263099163,28.056290697936983,1.0,0.2008067822790555,0.0,0,1.8892920052167028
15.600000000000355,456.8230287550289,43.07586092122899,-0.06657214611129031,35.000000000000014,20.813276154436316,-0.13663041843118912,-80.52828730038561,29.157901492842804,1.0,0.21762665621015143,0.0,0,2.0052499894518405
15.616666666667022,457.4050699425817,43.037055847206545,-0.06232074922853687,35.000000000000014,20.733822820571287,-0.14088181531394256,-83.00148425661416,29.833415710276185,1.0,0.1802257109773647,0.0,0,1.8559159943833947
15.63333333333369,457.9872708454007,43.00072560450858,-0.05817740946993453,35.000000000000014,20.65191334262589,-0.1450251550725449,-85.01024434092673,30.436809790706018,1.0,0.17573985793897356,0.0,0,1.880708005046472
15.650000000000357,458.5696172789368,42.966807922901786,-0.06582319211389168,35.000000000000014,20.567611572183925,-0.13737937242858775,-83.09677209825787,25.966725840250504,1.0,-0.31665070280163565,0.0,0,1.8807079759426415
15.666666666667025,459.15168736645944,42.92843878179617,-0.07909257429317014,35.000000000000014,20.487725442373197,-0.12410999024930927,-77.98204175817692,19.61282429831128,1.0,-0.5170775607753811,0.0,0,1.9564170215744525
15.683333333333692,459.73319709044483,42.88234953480528,-0.08618472607533424,35.000000000000014,20.41715924475694,-0.1107903956737987,-71.99964294519583,15.780174079253632,1.0,-0.29507611250416693,0.0,0,1.9735000096261501
15.70000000000036,460.31436532072917,42.83213732627004,-0.08603257728436141,35.000000000000014,20.352663645135973,-0.11094254446477154,-66.76292218952712,15.1881678856066,1.0,0.006520570055187719,0.0,0,2.024540997808799
15.716666666667027,460.89554118401344,42.782013542359245,-0.08148164508848502,35.000000000000014,20.288079836946235,-0.11549347666064794,-63.05994792691839,16.527590734019658,1.0,0.1926217649260092,0.0,0,1.9304169982206076
15.733333333333695,461.47693913810076,42.73453516032197,-0.07753417027495682,35.000000000000014,20.220858316879408,-0.11944095147417613,-60.77323163453666,17.5586928311854,1.0,0.16759064348295813,0.0,0,1.9144999969284981
15.750000000000362,462.05851998159096,42.68935219602145,-0.07475291933512537,35.000000000000014,20.151349973309014,-0.12222220241400758,-58.90787832284721,18.047968569282887,1.0,0.11863672632507836,0.0,0,1.9101669895462692
15.76666666666703,462.6402242407149,42.64578692665619,-0.06976218842815723,35.000000000000014,20.081646962786106,-0.12052151252310886,-58.8826679187201,19.462719956392142,1.0,0.2107134955882401,0.0,0,2.063374995486811
15.783333333333697,463.22213867711866,42.605125317211666,-0.0679104674693612,35.000000000000014,20.01151282346452,-0.12237323348190489,-58.34640405362293,19.474051537346142,1.0,0.07919349637790281,0.0,0,1.8994589918293059
15.800000000000365,463.80412740977954,42.56554132002114,-0.06427991044826302,35.000000000000014,19.940306469919097,-0.1260037905030031,-58.59613214812396,20.255774424049974,1.0,0.15435758202309888,0.0,0,2.1190829866100103
15.816666666667032,464.3862560185073,42.52807052234535,-0.06346402414752839,35.000000000000014,19.866998603000912,-0.1268196768037377,-58.1578318979208,19.782677103820234,1.0,0.034952315454341853,0.0,0,1.925958989886567
15.8333333333337,464.96841500538926,42.491074687845604,-0.061472437536691855,35.000000000000014,19.793218600051752,-0.12881126341457425,-57.888478019240665,19.84251178836947,1.0,0.08514733868267547,0.0,0,1.9765000033657998
15.850000000000367,465.55064651808885,42.45523834599348,-0.06049303209649313,35.000000000000014,19.71995975441303,-0.12256908056516219,-57.1647543149995,19.456911273096352,1.0,0.041949893813419514,0.0,0,1.952332997461781
15.866666666667035,466.13291284984257,42.41997226194892,-0.054527340886009176,35.000000000000014,19.648640012449903,-0.12853477177564618,-57.999542247702344,21.223080672611854,1.0,0.25031030152331574,0.0,0,1.9074169977102429
15.883333333333702,466.7153792056712,42.38818040598663,-0.0482363713510022,35.000000000000014,19.57386768106828,-0.1348257413106531,-59.54738322687054,23.054973488791887,1.0,0.2633510761352444,0.0,0,1.8869579944293946
15.90000000000037,467.29803403588494,42.36005343305422,-0.04363414843176947,35.000000000000014,19.49545739351975,-0.13942796422988585,-60.71658229631441,24.112587174910487,1.0,0.19473850592625314,0.0,0,1.8897500121966004
15.916666666667037,467.8808121418047,42.33460825594003,-0.03785107194501198,35.000000000000014,19.414387679343147,-0.14521104071664334,-63.04656766532562,25.623895601977615,1.0,0.24295047111484633,0.0,0,1.918042020406574
15.933333333333705,468.46372765312907,42.312533735894185,-0.03427883236356073,35.000000000000014,19.33253350441908,-0.1409530270170007,-64.74125957983635,26.143282473907032,1.0,0.15191641912478532,0.0,0,1.9222499977331609
15.950000000000372,469.04671830050194,42.292541666127015,-0.028726736755362303,35.000000000000014,19.25058289807792,-0.1465051226251991,-66.90888193220553,27.480385015468485,1.0,0.23360284784406782,0.0,0,1.9014590070582926
15.96666666666704,469.6298109596438,42.27578670767783,-0.022824902945544713,35.000000000000014,19.16542696870613,-0.1524069564350167,-69.1011678248861,28.910931297103865,1.0,0.24773979325350448,0.0,0,1.8592500127851963
15.983333333333707,470.2129923481839,42.26247333702139,-0.016981825518217655,35.000000000000014,19.076866686753657,-0.15825003386234376,-71.48651175722085,30.262038733441944,1.0,0.24537166357595602,0.0,0,1.8990420212503523
16.000000000000373,470.79624157200584,42.25256774825136,-0.01252976545058685,35.000000000000014,18.984938983034148,-0.16270209392997456,-73.33265025072873,30.97812277729196,1.0,0.18853644324579508,0.0,0,1.882916985778138
16.01666666666704,471.3795291157234,42.245258909650566,-0.0046240409502617714,35.000000000000014,18.89465663298415,-0.16207507304715138,-76.28376023379579,33.08335506961939,1.0,0.3266774973680587,0.0,0,1.913667016196996
16.033333333333704,471.9628562127227,42.24256156204194,0.0027730669972692266,35.000000000000014,18.800526214979584,-0.1694721809946824,-78.95281623971132,34.90561061004751,1.0,0.30699642915852565,0.0,0,1.847457984695211
16.05000000000037,472.54618730316986,42.24417918238379,0.00707286946804951,35.000000000000014,18.702139981140142,-0.17377198346546266,-81.29150428118,35.37800167919073,1.0,0.1822328423188861,0.0,0,1.8977080180775374
16.066666666667036,473.1295060457983,42.24830498850738,0.013376262562914909,35.000000000000014,18.601282379221587,-0.18007537656032807,-84.05685102177084,36.6691392049663,1.0,0.2638473671578292,0.0,0,1.852875022450462
16.0833333333337,473.71278719362635,42.25610757565202,0.0071499344395684165,35.000000000000014,18.498281475382395,-0.16450071076464998,-85.34407231243802,32.529821794918135,1.0,-0.2607666692709119,0.0,0,1.8737920036073774
16.100000000000367,474.2961056165675,42.2602783352056,0.01819547239486526,35.000000000000014,18.40275492394077,-0.17554624871994687,-88.55479906639653,35.7587105809266,1.0,0.442125894019671,0.0,0,1.9262910063844174
16.116666666667033,474.87934238896037,42.2708917751055,0.0317062337284355,35.000000000000014,18.300878080572726,-0.18905701005351713,-91.61430221742552,39.71179272506933,1.0,0.5248596259655952,0.0,0,1.8331659957766533
16.1333333333337,475.462382538656,42.28938397942694,0.044746811361051596,35.000000000000014,18.191250619142565,-0.20209758768613317,-96.2087244567784,43.356515828478365,1.0,0.5096367427495239,0.0,0,1.8873339868150651
16.150000000000365,476.0451319719312,42.315477576250984,0.05522337583103628,35.000000000000014,18.074161229585016,-0.21257415215611788,-101.25630868121893,45.96221086872713,1.0,0.42201836915037677,0.0,0,1.90862498129718
16.16666666666703,476.6275760584267,42.34767484141748,0.042205910924659994,35.000000000000014,17.9564125268118,-0.18988552174362552,-100.92053218959839,38.91982818187705,1.0,-0.5088816362457511,0.0,0,2.009707997785881
16.183333333333696,477.21038991169695,42.37228764731312,0.023895617496637107,35.000000000000014,17.846310416041266,-0.17157522831560265,-96.35475807993011,30.54328571709991,1.0,-0.6653584233002795,0.0,0,1.927459001308307
16.20000000000036,477.7935567111319,42.386225431017465,0.0043166261025005676,35.000000000000014,17.746715197966108,-0.15199623692146613,-87.25203995665608,21.220650795975036,1.0,-0.6981317007977318,0.0,0,1.8348750018049031
16.216666666667027,478.37688460977256,42.38874345509074,-0.006381176315820664,35.000000000000014,17.65839173269948,-0.1412984345031449,-77.57573831287094,15.939838102186147,1.0,-0.4298812022890164,0.0,0,1.8524579936638474
16.233333333333693,478.96020606665127,42.385021127501794,-0.01109059149066385,35.000000000000014,17.580092992732474,-0.1274985184877059,-67.3144010394378,13.228483727201917,1.0,-0.19915655193905088,0.0,0,1.8374159990344197
16.25000000000036,479.5435035249966,42.3785517484244,-0.011649614714034367,35.000000000000014,17.505920195972465,-0.1269394952643354,-58.67973711233985,12.4183129497079,1.0,-0.023953555792883455,0.0,0,1.8262499943375587
16.266666666667025,480.1267972756667,42.3717562935495,-0.003952443920595814,35.000000000000014,17.432070860759623,-0.13463666605777394,-53.67359085201804,15.152999554782689,1.0,0.31863821234178713,0.0,0,1.8225419917143881
16.28333333333369,480.7101260526439,42.36945070726541,0.0027714598663986303,35.000000000000014,17.35376986756699,-0.14136056984476839,-50.52494760317707,17.391948095282117,1.0,0.2805660724597595,0.0,0,1.80899997940287
16.300000000000356,481.29345714568996,42.37106739011785,0.00592842127775956,35.000000000000014,17.273988892156186,-0.1357493890632889,-48.37225797765984,18.046405083947235,1.0,0.13448172251823876,0.0,0,1.83012499473989
16.31666666666702,481.8767802280845,42.37452561560589,0.011427753713822302,35.000000000000014,17.195044733292466,-0.14124872149935164,-48.011542556459084,19.67027253463204,1.0,0.231461652219542,0.0,0,1.818040997022763
16.333333333333687,482.4600754720455,42.38119166017967,0.013794103596066658,35.000000000000014,17.112923352732594,-0.14361507138159602,-46.84682568175866,19.894242508409178,1.0,0.10106944042882425,0.0,0,1.8271250010002404
16.350000000000353,483.04335330871476,42.38923796543351,0.021284296741315878,35.000000000000014,17.029435579756004,-0.15110526452684522,-47.614580136582134,22.258711917010608,1.0,0.31061729718915576,0.0,0,1.7945000145118684
16.36666666666702,483.62655451582725,42.401652867780555,0.025455872516955788,35.000000000000014,16.94380177020489,-0.14622596365596957,-48.163867484644044,23.16081239906646,1.0,0.17691273747171685,0.0,0,1.8097080173902214
16.383333333333685,484.20969885894476,42.4165005230772,0.033951028387788094,35.000000000000014,16.858806942396836,-0.15472111952680187,-49.73624430285233,25.79475637412616,1.0,0.3491611026624572,0.0,0,1.8866669852286577
16.40000000000035,484.79269602847467,42.43630148512162,0.034780865894158394,35.000000000000014,16.768912617965455,-0.15555095703317218,-49.67050961411405,25.110758053754587,1.0,0.03554948158023785,0.0,0,1.8418749968986958
16.416666666667016,485.37567656569075,42.456586233210125,0.038277204654641066,35.000000000000014,16.67854003512061,-0.15904729579365484,-49.51204326183188,25.61385025943305,1.0,0.14873648660633088,0.0,0,1.912167004775256
16.43333333333368,485.9585826174148,42.478909150610534,0.04249771754856769,35.000000000000014,16.588417618491892,-0.15392110133364292,-49.43511914904812,26.407304069401036,1.0,0.17894434183921598,0.0,0,1.8310000014025718
16.450000000000347,486.5413892636917,42.50369202439875,0.04810104760013459,35.000000000000014,16.49898442538616,-0.15952443138520983,-49.648742983304956,27.752025193378316,1.0,0.23567992008633287,0.0,0,1.863375015091151
16.466666666667013,487.12404789481803,42.53174015003678,0.05564623674447792,35.000000000000014,16.406322687042056,-0.16706962052955318,-51.00553209886026,29.835387930341515,1.0,0.31275261297901225,0.0,0,1.8909579957835376
16.48333333333368,487.70647831427516,42.56418370515576,0.062035969803514925,35.000000000000014,16.309318151536125,-0.1734593535885902,-52.94692411915372,31.37223229141676,1.0,0.2672927533570034,0.0,0,1.8088340002577752
16.500000000000345,488.28868953959164,42.60034814754444,0.042456978409378385,35.000000000000014,16.211343636020548,-0.1442240065891976,-46.733528986000884,19.1124839114639,1.0,-0.6981317007977318,0.0,0,1.8221659993287176
16.51666666666701,488.87149719501787,42.62510727827101,0.037291572798001445,35.000000000000014,16.12750432322527,-0.13905860097782066,-46.17310350194848,16.085661341768034,1.0,-0.21786099657011537,0.0,0,1.8204160151071846
16.533333333333676,489.45442496577897,42.64685565414741,0.045842429876162716,35.000000000000014,16.046647985555033,-0.14760945805598194,-46.81800654248074,19.012386898587472,1.0,0.3512672829566417,0.0,0,1.8028330232482404
16.55000000000034,490.03714546067175,42.673587706251375,0.05512719526377229,35.000000000000014,15.960854813641916,-0.1568942234435915,-46.912445601011925,22.107922635242183,1.0,0.3787107079630848,0.0,0,1.7936670046765357
16.566666666667007,490.6195926412245,42.7057289514664,0.06742850478489493,35.000000000000014,15.873327095438887,-0.1592149506048337,-48.577786018287206,26.176170292041096,1.0,0.48516928592722164,0.0,0,1.8157080048695207
16.583333333333673,491.20160038429964,42.74503244721842,0.0740803177701717,35.000000000000014,15.780843599778361,-0.16586676359011046,-49.850047866816524,27.960050290750246,1.0,0.2777110179974203,0.0,0,1.8577080045361072
16.60000000000034,491.7833338139103,42.788206451563845,0.07637106345367954,35.000000000000014,15.684531031037404,-0.16815750927361828,-51.15579877086254,27.83058721161044,1.0,0.09786121398031077,0.0,0,1.8327920115552843
16.616666666667005,492.36496681661635,42.83271294480854,0.056792072059543,35.000000000000014,15.586900787292764,-0.14857851787948176,-45.31551026274093,8.174880388534422,1.0,-0.6981317007977318,0.0,0,1.7812919977586716
16.63333333333367,492.9473596787628,42.865823847826476,0.03721308066540646,35.000000000000014,15.505491208197139,-0.11867933703997602,-51.79154960258639,-10.390456605007332,1.0,-0.6981317007977318,0.0,0,1.8385839939583093
16.650000000000336,493.53028915480456,42.88752646839205,0.017634089271269922,35.000000000000014,15.436423994550323,-0.09910034564583947,-64.93969946164736,-21.6809845226338,1.0,-0.6981317007977318,0.0,0,1.8349169986322522
16.666666666667002,494.11353179349936,42.89781248735565,0.006352793775368935,35.000000000000014,15.378710034904088,-0.08781905014993846,-79.49201184935743,-25.523622376271746,1.0,-0.4503477988264122,0.0,0,1.7769159749150276
16.683333333333668,494.69685335579226,42.901518258798255,0.007630296624409623,35.000000000000014,15.328296187741476,-0.07842053248253344,-93.71830798104531,-24.038432320248432,1.0,0.0546955144009512,0.0,0,1.7798750195652246
16.700000000000333,495.2801697079586,42.905969221971965,0.014253573322263742,35.000000000000014,15.282597749976857,-0.08504380918038756,-104.38832953408776,-20.3345439439492,1.0,0.2765795906112971,0.0,0,1.8061250157188624
16.716666666667,495.86344378602564,42.91428352487495,0.021713374315565345,35.000000000000014,15.233048638630905,-0.09250361017368916,-102.2122860523239,-16.436053653111696,1.0,0.3094360103342125,0.0,0,1.815916009945795
16.733333333333665,496.44663961249626,42.92694866463073,0.02843852446338286,35.000000000000014,15.17916512228579,-0.09922876032150668,-100.21878748935285,-12.983045902226063,1.0,0.28061539167708616,0.0,0,1.7782089998945594
16.75000000000033,497.02973707640535,42.94353556791463,0.03409723819791644,35.000000000000014,15.124475998775079,-0.09383851236446936,-103.433011407556,-10.10067493139294,1.0,0.23792287607323287,0.0,0,1.871042011771351
16.766666666666996,497.6127313446089,42.96342176965256,0.03935681213862191,35.000000000000014,15.069817166955636,-0.09909808630517483,-99.76231428582899,-7.495470067867066,1.0,0.22170494863887188,0.0,0,1.7629580106586218
16.783333333333662,498.1956129566452,42.98637398365736,0.04403959801188821,35.000000000000014,15.012104518791856,-0.10378087217844112,-102.37864286882194,-5.232958147327037,1.0,0.19805972453674608,0.0,0,1.7412920133210719
16.800000000000328,498.7783806979276,43.01205544581196,0.04950145487995884,35.000000000000014,14.951674290138408,-0.10924272904651175,-99.98535275751284,-2.730481864534535,1.0,0.22993953185761043,0.0,0,1.80154200643301
16.816666666666993,499.3609994789298,43.040919503068814,0.05489599692463758,35.000000000000014,14.894070557011657,-0.10319732932512088,-101.86698609465648,-0.3523229444290821,1.0,0.22720272825486812,0.0,0,1.8186669913120568
16.83333333333366,499.9434540749183,43.07292608660524,0.06067840655125364,35.000000000000014,14.833978907136512,-0.10897973895173695,-92.0976462143959,2.095598517518527,1.0,0.2429235452009228,0.0,0,1.7867909919004887
16.850000000000325,500.52571385923653,43.10830010734702,0.06712249352035966,35.000000000000014,14.770533153444225,-0.11542382592084297,-71.55067194866675,4.721501490818251,1.0,0.2694584153323453,0.0,0,1.7842500237748027
16.86666666666699,501.1077336023735,43.14742550033615,0.07368288861008952,35.000000000000014,14.705970358044326,-0.11013428913127613,-34.619823503120045,7.2938173959366,1.0,0.2740838514251169,0.0,0,1.767042005667463
16.883333333333656,501.6894841446496,43.190368303449674,0.0800376551013049,35.000000000000014,14.641855154591415,-0.11648905562249151,-38.64271386849964,9.683201240521015,1.0,0.26589819483443583,0.0,0,1.798874989617616
16.900000000000322,502.27095005088296,43.23700710345569,0.08644886364304957,35.000000000000014,14.574056782503096,-0.12290026416423619,-39.902522626890324,12.00371676588,1.0,0.2681487246758002,0.0,0,1.7958749958779663
16.916666666666988,502.8521049979631,43.2873728186003,0.10602785503718613,35.000000000000014,14.502545303373363,-0.14247925555837274,-35.41924384607802,32.170273699866605,1.0,0.6981317007977318,0.0,0,1.824207982281223
16.933333333333653,503.43216251262993,43.34910658129424,0.11454476533970684,35.000000000000014,14.426208481446505,-0.13871622137269085,-50.529678816028294,34.464953924954415,1.0,0.3499840693000835,0.0,0,1.7860829830169678
16.95000000000032,504.01167321482416,43.415778343083815,0.11147727883900439,35.000000000000014,14.345549942021501,-0.13564873487198842,-64.25283922358348,31.741003781278692,1.0,-0.13071411539203937,0.0,0,1.867415994638577
16.966666666666985,504.5913857049838,43.48067215273234,0.13105627023314093,35.000000000000014,14.26666395833632,-0.15522772626612494,-59.99484683255001,49.08782102496018,1.0,0.6981317007977318,0.0,0,1.8534580012783408
16.98333333333365,505.1697166119302,43.55690298539444,0.15063526162727747,35.000000000000014,14.180147086415909,-0.16207568619051763,-51.877307897257296,67.92328744367576,1.0,0.6981317007977318,0.0,0,1.831583009334281
17.000000000000316,505.74644424716587,43.644441619912214,0.17021425302141402,35.000000000000014,14.086016315431774,-0.18165467758465417,-44.50646699399486,81.33561315723914,1.0,0.6981317007977318,0.0,0,1.8446659960318357
17.016666666666982,506.321347536767,43.743254500568476,0.15097060280203847,35.000000000000014,13.980632906939787,-0.16241102736527863,-66.68290254817943,71.07524029539984,1.0,-0.6896380991411195,0.0,0,1.7436660127714276
17.033333333333648,506.89804578426714,43.83098653068332,0.13139161140790193,35.000000000000014,13.887299708158071,-0.12962775483053054,-58.05567215868798,59.80009768255661,1.0,-0.6981317007977318,0.0,0,1.792791998013854
17.050000000000313,507.4763510953593,43.9074112972213,0.15097060280203847,35.000000000000014,13.811895107603815,-0.14920674622466706,2067.024252642284,78.78663145959746,1.0,0.6981317007977318,0.0,0,1.7415409965906292
17.06666666666698,508.0530493428594,43.995143327336145,0.17054959419617502,35.000000000000014,13.725180426434001,-0.16878573761880364,4499.916076421901,103.0936540032038,1.0,0.6981317007977318,0.0,0,1.7909170128405094
17.083333333333645,508.6279194641087,44.09414899117736,0.16685354635211502,35.000000000000014,13.627188904524175,-0.16508968977474364,4329.769954105598,97.45694603296471,1.0,-0.15709681181724022,0.0,0,1.8078339926432818
17.10000000000031,509.2031515876155,44.19102923613792,0.18643253774625157,35.000000000000014,13.537860707328639,-0.17096786722535032,5717.030118201739,109.08360258793586,1.0,0.6981317007977318,0.0,0,1.7422919918317348
17.116666666666976,509.77637676449564,44.299152658061566,0.20601152914038812,35.000000000000014,13.43861459948807,-0.1905468586194869,6699.784162942193,123.43266701243166,1.0,0.6981317007977318,0.0,0,1.7557500104885548
17.133333333333642,510.34737526340393,44.41847781057451,0.22559052053452464,35.000000000000014,13.32813366704358,-0.21012585001362344,7129.848838975198,135.8535655539295,1.0,0.6981317007977318,0.0,0,1.7459170194342732
17.150000000000308,510.91592820653574,44.5489589534034,0.24516951192866118,35.000000000000014,13.211097427079329,-0.21548306490327002,7386.376403426449,145.0670280641048,1.0,0.6981317007977318,0.0,0,1.7671670066192746
17.166666666666973,511.48181765352825,44.69054606990871,0.2647485033227977,35.000000000000014,13.086369475014235,-0.23506205629740654,7488.990494282309,151.16571045565433,1.0,0.6981317007977318,0.0,0,1.8447920156177133
17.18333333333364,512.0448266850024,44.843184886257355,0.28432749471693425,35.000000000000014,12.950509195854016,-0.25464104769154305,7868.084788327137,154.91449119852064,1.0,0.6981317007977318,0.0,0,1.7695830028969795
17.200000000000305,512.6047394857134,45.00681689222717,0.2647485033227977,35.000000000000014,12.806417523979649,-0.22029372258161306,6423.213522118808,130.42052113006298,1.0,-0.6981317007977318,0.0,0,1.8787499866448343
17.21666666666697,513.1677485171875,45.15945570857581,0.24516951192866115,35.000000000000014,12.678949707523897,-0.2007147311874765,4709.139984937028,105.84949694789191,1.0,-0.6981317007977318,0.0,0,1.7919160018209368
17.233333333333636,513.73363796418,45.301042825081126,0.25639849759147043,35.000000000000014,12.562650678442097,-0.2119437168502858,5289.31801442152,106.31337670166837,1.0,0.44852911084171115,0.0,0,1.7709999810904264
17.250000000000302,514.2979018887235,45.448975246262805,0.275977488985607,35.000000000000014,12.441527533318032,-0.21618104979959632,6057.288150976854,112.29943924701391,1.0,0.6981317007977318,0.0,0,1.8577500013634562
17.266666666666968,514.8591614825714,45.60792632707521,0.2955564803797435,35.000000000000014,12.316401870062052,-0.23576004119373284,7182.6761571047955,119.65521234750952,1.0,0.6981317007977318,0.0,0,1.7277090228162706
17.283333333333633,515.4172016010817,45.77783513764957,0.3151354717738801,35.000000000000014,12.180145663057994,-0.25533903258786944,8213.969092815756,125.64518987380559,1.0,0.6981317007977318,0.0,0,1.7386659746989608
17.3000000000003,515.9718083337165,45.95863654774907,0.33471446316801673,35.000000000000014,12.033418654432065,-0.25897510557265535,8740.290910412998,130.28042963006837,1.0,0.6981317007977318,0.0,0,1.7705409845802933
17.316666666666965,516.5227690860393,46.150261251734925,0.3542934545621533,35.000000000000014,11.884032838982263,-0.2785540969667919,8322.798569266251,134.6943296869806,1.0,0.6981317007977318,0.0,0,1.7361249774694443
17.33333333333363,517.0698726612078,46.3526357951329,0.3738724459562898,35.000000000000014,11.723636141451527,-0.29813308836092844,7892.450883236638,137.99345604454138,1.0,0.6981317007977318,0.0,0,1.8696250044740736
17.350000000000296,517.612909340931,46.56568260279024,0.39345143735042637,35.000000000000014,11.552290045849183,-0.31771207975506494,7509.7548808307065,140.80845337295864,1.0,0.6981317007977318,0.0,0,1.834082999266684
17.366666666666962,518.1516709658589,46.78932000861215,0.40851906893776946,35.000000000000014,11.379072073212066,-0.3162064516437806,7081.7386766311065,141.20388279178172,1.0,0.5733856982748377,0.0,0,1.7407079867552966
17.383333333333628,518.6870018749332,47.02104958283063,0.4206592397049433,35.000000000000014,11.19767679426916,-0.32834662241095436,6750.460278213004,140.62313554042618,1.0,0.47974992622614976,0.0,0,1.7679999873507768
17.400000000000293,519.2194801674555,47.25926092968537,0.43216085225828105,35.000000000000014,11.00956438202661,-0.3398482349642922,6567.025717959781,139.8407700651357,1.0,0.4579726141874374,0.0,0,1.7897920042742044
17.41666666666696,519.749183486153,47.50358074455631,0.44241868733172773,35.000000000000014,10.823840154418708,-0.3328722836795392,5737.770647096473,138.63884782298712,1.0,0.41418972507302687,0.0,0,1.8416249949950725
17.433333333333625,520.2763527881463,47.75332121947727,0.42283969593759124,35.000000000000014,10.633230743606795,-0.3132932922854026,4359.625794659239,122.17623524169892,1.0,-0.6981317007977318,0.0,0,1.82566701550968
17.45000000000029,520.8083104058601,47.99269304474915,0.4286820015353303,35.000000000000014,10.453451324862485,-0.3191355978831417,6060.448033076413,119.9208970358901,1.0,0.24534053683338275,0.0,0,1.9870000251103193
17.466666666666956,521.3388604696697,48.235168626137,0.4453365683543385,35.000000000000014,10.27954490591853,-0.3178646293039215,5090.972084284171,121.59348031921333,1.0,0.6199060277021045,0.0,0,1.786250009899959
17.483333333333622,521.8652988155387,48.486446253029065,0.46491555974847504,35.000000000000014,10.097230561888642,-0.337443620698058,5633.281395691849,124.64064385880206,1.0,0.6981317007977318,0.0,0,1.8166659865528345
17.500000000000288,522.3867168148287,48.74798219280446,0.4844945511426116,35.000000000000014,9.90410291472222,-0.3570226120921946,8944.010213610298,127.95943007227007,1.0,0.6981317007977318,0.0,0,1.8580000032670796
17.516666666666953,522.9029145951631,49.019676192288365,0.4792700065854392,35.000000000000014,9.71025158220822,-0.3331486209977834,8190.255869730538,120.70399396657653,1.0,-0.22027582047897987,0.0,0,1.7722920165397227
17.53333333333362,523.4205248014295,49.28866959768457,0.47957334507500177,35.000000000000014,9.519489830368538,-0.33345195948734596,6396.354419692252,116.11968413122594,1.0,0.012999488684827198,0.0,0,1.7680829914752394
17.550000000000285,523.93805338783,49.557820001800906,0.4840039544666782,35.000000000000014,9.329553145347697,-0.3184762429156283,4606.746393749959,113.50248867259131,1.0,0.18764927123568337,0.0,0,1.793083007214591
17.56666666666695,524.4543843982116,49.82926072368347,0.4957315590148787,35.000000000000014,9.146899933466148,-0.33020384746382875,3174.407733498126,113.83762658676112,1.0,0.46573472445864683,0.0,0,1.765332999639213
17.583333333333616,524.9674966252925,50.10673796635001,0.5153105504090152,35.000000000000014,8.957762342636704,-0.3497828388579653,2169.325687298356,117.48929132091757,1.0,0.6981317007977318,0.0,0,1.7496669897809625
17.600000000000282,525.4750781306299,50.39420760512464,0.5348895418031517,35.000000000000014,8.760896594621702,-0.3491650268593397,1978.3331931814216,126.97325861754643,1.0,0.6981317007977318,0.0,0,1.7400419746991247
17.616666666666948,525.9769343457165,50.69155944580623,0.5544685331972883,35.000000000000014,8.561330481353313,-0.3687440182534763,1564.1174300845066,129.1788760087614,1.0,0.6981317007977318,0.0,0,1.8027499900199473
17.633333333333614,526.47287289669,50.998679506101965,0.5644364806909501,35.000000000000014,8.351071387481785,-0.37871196574713806,1159.2404283841609,128.27299217479742,1.0,0.40373068753379304,0.0,0,1.7472499748691916
17.65000000000028,526.9657255037065,51.31072771637536,0.5782505303779166,35.000000000000014,8.140998760673703,-0.37150473368838827,873.3294566777863,128.743024733661,1.0,0.5345391143840852,0.0,0,1.763084001140669
17.666666666666945,527.4542205740559,51.629554227227544,0.5873951302856902,35.000000000000014,7.929238303599986,-0.3806493335961618,639.7646047174318,127.54289523017903,1.0,0.373514078274145,0.0,0,1.7509580065961927
17.68333333333361,527.9397797194159,51.95283443716158,0.5982168954131653,35.000000000000014,7.712516317745664,-0.39147109872363683,453.0418292554719,127.01144021552321,1.0,0.4342622767300602,0.0,0,1.8032080261036754
17.700000000000276,528.4218120387737,52.28135022197608,0.6177958868073018,35.000000000000014,7.498902185342427,-0.38917021125370244,355.53049249693464,129.4096772695893,1.0,0.6981317007977318,0.0,0,1.8830409971997142
17.716666666666942,528.8973203739005,52.619240146363815,0.6373748782014382,35.000000000000014,7.277573382313298,-0.40874920264783887,282.315535802565,131.51957363635267,1.0,0.6981317007977318,0.0,0,1.8205420055892318
17.733333333333608,529.3661224507259,52.966374688784875,0.6505114790821108,35.000000000000014,7.046585754659422,-0.39911344265296844,214.07159281900246,131.63866907884795,1.0,0.5127670602921048,0.0,0,1.8251250148750842
17.750000000000274,529.8303240407012,53.3196375677324,0.6672216005145304,35.000000000000014,6.819901478667572,-0.41582356408538795,206.1968017243539,132.86763678957954,1.0,0.6214815758698302,0.0,0,1.8020420102402568
17.76666666666694,530.2885580322153,53.68060763130948,0.6781670364357908,35.000000000000014,6.584267799207735,-0.4267690000066484,166.64378302848965,132.1732207913924,1.0,0.4386153653408288,0.0,0,1.796333002857864
17.783333333333605,530.7428136793877,54.04657154317751,0.6912398792606783,35.000000000000014,6.3482497941487885,-0.4161437757263419,135.0939763800832,132.24417293359124,1.0,0.5106898007739819,0.0,0,1.7628750065341592
17.80000000000027,531.1922464587136,54.41844242755166,0.7069413738320002,35.000000000000014,6.112445254163538,-0.43184527029766384,117.21619671014352,133.1490617088022,1.0,0.5923201718016214,0.0,0,1.762416010024026
17.816666666666936,531.6357851495318,54.79732394930357,0.7186535165316151,35.000000000000014,5.868292616267814,-0.4435574129972787,79.22866453344894,132.7148404212684,1.0,0.46520557144122276,0.0,0,1.7892080068122596
17.833333333333602,532.0748560066485,55.181374154626546,0.7303044373515987,35.000000000000014,5.629011445380412,-0.43055250695612834,57.07207419240031,132.2752370762493,1.0,0.4631076056902711,0.0,0,1.7941250116564333
17.850000000000268,532.5094226261929,55.57051375805388,0.7490151124645987,35.000000000000014,5.385543891986431,-0.44926318206912846,50.27423028013834,134.0343515806555,1.0,0.6758899311119082,0.0,0,1.7789170087780803
17.866666666666934,532.9366325395173,55.96771580706054,0.7611095517432462,35.000000000000014,5.136549262233109,-0.43571375233196236,23.05452243919369,133.69771205427404,1.0,0.47820629988165386,0.0,0,1.7358750046696514
17.8833333333336,533.3590073891114,56.37005554435743,0.7767215817360699,35.000000000000014,4.890349010396523,-0.451325782324786,-4.569361842172746,134.51672788337729,1.0,0.5896763474541027,0.0,0,1.8652080034371465
17.900000000000265,533.7750496809977,56.778940111368435,0.7887515346180808,35.000000000000014,4.635922957195212,-0.4633557352067969,-26.70337720293859,134.13801926707464,1.0,0.4760254142275273,0.0,0,1.7568750190548599
17.91666666666693,534.186143125042,57.19279994034628,0.7994559494999925,35.000000000000014,4.387148271025655,-0.44740042400184477,-57.03819178446295,133.30243420214708,1.0,0.4301153458563809,0.0,0,1.749749993905425
17.933333333333596,534.5927829741344,57.61103648933248,0.8116664636834745,35.000000000000014,4.1347846873100655,-0.4596109381853267,-102.36005341722023,133.0317941828526,1.0,0.4821194737263683,0.0,0,1.740291976602748
17.950000000000262,534.9942857528713,58.034207018131845,0.8250228066507325,35.000000000000014,3.882601476697219,-0.4452671456419358,-127.02282081558167,133.15837601299233,1.0,0.519889186630524,0.0,0,1.760167011525482
17.966666666666928,535.390100877047,58.46270225177108,0.8390687416814506,35.000000000000014,3.6313603971885153,-0.459313080672654,-206.67217855700127,133.5049196901082,1.0,0.5418657756235936,0.0,0,1.8024159944616258
17.983333333333594,535.7798585387058,58.896714628272115,0.8586477330755872,35.000000000000014,3.3745454690721584,-0.45013113007282274,-319.27299470176365,136.0106411515769,1.0,0.6981317007977318,0.0,0,1.7582500004209578
18.00000000000026,536.1610445168108,59.33827439531829,0.8665570020842274,35.000000000000014,3.1207466988673485,-0.458040399081463,-343.4642292864838,134.0406665163612,1.0,0.3268137558191515,0.0,0,1.8643329967744648
18.016666666666925,536.5387261935718,59.78283522222128,0.8804675857297509,35.000000000000014,2.8628017444649547,-0.4719509827269865,-425.73882476816686,134.30776553372417,1.0,0.5375969936324843,0.0,0,1.7423749959561974
18.03333333333359,536.9101874282726,60.23260664071339,0.8891849657403993,35.000000000000014,2.61086932847984,-0.4508313565392031,-423.92398448861115,132.7173317308726,1.0,0.3575444638648996,0.0,0,1.7839580250438303
18.050000000000257,537.277713770175,60.68559909736768,0.900535670174983,35.000000000000014,2.356702842306183,-0.4621820609737869,-457.1653210811553,132.16403276936472,1.0,0.4527560524822032,0.0,0,1.747250003973022
18.066666666666922,537.6400747634844,61.14273396620351,0.911713625550053,35.000000000000014,2.107252334528222,-0.44243788986194615,-436.8303824536031,131.56987057041806,1.0,0.44675183650567285,0.0,0,1.7866669804789126
18.083333333333588,537.9973033923715,61.60389064725807,0.9194753270155392,35.000000000000014,1.8575017366688407,-0.4501995913274324,-467.4341948331903,129.70958084358526,1.0,0.3211303399494062,0.0,0,1.7365000094287097
18.100000000000254,538.350941936322,62.06780611155125,0.9333727705280791,35.000000000000014,1.6127850436371813,-0.43208805291900276,-487.65880870552246,130.13619300020596,1.0,0.5371814105242532,0.0,0,1.7820829816628247
18.11666666666692,538.69809929871,62.53659128998338,0.9464270984198537,35.000000000000014,1.3685037914652616,-0.4451423808107774,-494.8742563549836,130.2679352631011,1.0,0.5100856697796952,0.0,0,1.8175840086769313
18.133333333333585,539.0391075794073,63.00986830217986,0.962354470140999,35.000000000000014,1.1260442582722456,-0.42798064656676943,-512.1865438530103,131.3055146245979,1.0,0.5989535310103071,0.0,0,1.7804999952204525
18.15000000000025,539.3725348671354,63.48851642092268,0.9712584446438499,35.000000000000014,0.883940840413926,-0.43688462106962045,-506.8004702070184,129.8984257541697,1.0,0.36454342534729856,0.0,0,1.7640829901210964
18.166666666666917,539.7016871234349,63.97011435483722,0.9829115759269202,35.000000000000014,0.6466591404326,-0.4143848511735072,-500.5246972158674,129.55659439180585,1.0,0.4631834310337971,0.0,0,1.718958985293284
18.183333333333582,540.0252050343612,64.45551515735784,0.9950646455519095,35.000000000000014,0.4117934362794867,-0.4265379207984965,-492.34513849099307,129.4017311067156,1.0,0.4801848683470706,0.0,0,1.7175840039271861
18.200000000000248,540.3428000897162,64.9448117530867,1.0054256496217402,35.000000000000014,0.182231162707735,-0.40170921959786193,-487.5394719506728,128.61334330141432,1.0,0.41788907920044704,0.0,0,1.767042005667463
18.216666666666914,540.6553085849285,65.43737263074337,1.0159942375192133,35.000000000000014,-0.04584754375071759,-0.41227780749533494,-492.83034887220924,127.93069683971461,1.0,0.4252957103887384,0.0,0,1.745416986523196
18.23333333333358,540.9625940514544,65.9332087123669,1.0257044730652558,35.000000000000014,-0.26405489569290663,-0.3858001251269807,-492.1684737297281,126.95640559672833,1.0,0.3943533184842548,0.0,0,1.7410000145900995
18.250000000000245,541.265050421841,66.43200518568078,1.0345381140858383,35.000000000000014,-0.4827946390734946,-0.3574985707026548,-461.36503621729895,125.68629426517194,1.0,0.361909636976748,0.0,0,1.8574589921627194
18.26666666666691,541.5630888598,66.93345395402775,1.0413960313001984,35.000000000000014,-0.6869216704959009,-0.3643564879170149,-439.1949181261076,123.68451873590243,1.0,0.28586099542252097,0.0,0,1.7961249977815896
18.283333333333577,541.8576814220746,67.43693483750825,1.0456036170761247,35.000000000000014,-0.8875776400615432,-0.33054535702148924,-430.7360782145539,120.65713511679276,1.0,0.17840782223464485,0.0,0,1.7184579919558018
18.300000000000242,542.1501529438992,67.94165078405575,1.0651826084702611,35.000000000000014,-1.0769036714878422,-0.3501243484156257,-417.96433138233135,123.12453349757585,1.0,0.6981317007977318,0.0,0,1.7756659945007414
18.316666666666908,542.4326872121097,68.45199592713497,1.0737619308875619,35.000000000000014,-1.2616310106309157,-0.31987815313322343,-395.71495118402413,121.90158467919102,1.0,0.35234236487749687,0.0,0,1.7933329800143838
18.333333333333574,542.7108327206339,68.96474621125543,1.0808608614455097,35.000000000000014,-1.4419376747315815,-0.2874341967146444,-385.56675544508465,120.14054021797378,1.0,0.29534204019082066,0.0,0,1.7827919800765812
18.35000000000024,542.9853312725538,69.47945809451795,1.0925421794576713,35.000000000000014,-1.607308370465304,-0.299115514726806,-366.7813774712482,120.17807644401182,1.0,0.46414981466716393,0.0,0,1.8208329856861383
18.366666666666905,543.2537987201289,69.99734129309684,1.103440797102985,35.000000000000014,-1.765283676996052,-0.2698553279375784,-351.7007364560541,119.9348838491524,1.0,0.4369694883455739,0.0,0,1.6933750011958182
18.38333333333357,543.5166061243675,70.51811960106976,1.1191102755355598,35.000000000000014,-1.9175917575356853,-0.24486240490326294,-334.57309097440395,121.28417401499057,1.0,0.5913751203553722,0.0,0,1.7292920092586428
18.400000000000237,543.7712212748481,71.042951862772,1.1291274301564287,35.000000000000014,-2.0590050787421266,-0.2548795595241319,-335.49193281845737,120.67477184097248,1.0,0.4055127364962141,0.0,0,1.763499982189387
18.416666666666902,544.0205664129694,71.5703082696479,1.1328945403891084,35.000000000000014,-2.189821187534868,-0.21760225712737724,-336.4487640239284,117.57090735591508,1.0,0.1600663908953781,0.0,0,1.738541992381215
18.433333333333568,544.2679231768316,72.09860024303896,1.1393801393523695,35.000000000000014,-2.3088543203818856,-0.1827902694901543,-342.46926224194203,115.72484336289658,1.0,0.2711106657349415,0.0,0,1.7840829968918115
18.450000000000234,544.5118484725739,72.62848535122258,1.1478426037022713,35.000000000000014,-2.4148891898682314,-0.19125273384005617,-341.22936235578425,114.73711503218618,1.0,0.34792345996742435,0.0,0,1.749334012856707
18.4666666666669,544.7512809539032,73.16041567058994,1.1561567460083664,35.000000000000014,-2.503977163196397,-0.1581498521871627,-339.2422788931045,113.72915543880964,1.0,0.34229431776541086,0.0,0,1.8110829987563193
18.483333333333565,544.9862826664787,73.69431825801989,1.1675207994531391,35.000000000000014,-2.5824403711964696,-0.12811349235816416,-347.4480343114023,113.8971614455142,1.0,0.45321857244875824,0.0,0,1.8484170141164213
18.50000000000023,545.2152020380073,74.23085688581543,1.1764708090144083,35.000000000000014,-2.651691477662108,-0.09581535725588819,-347.5463649542338,113.1663848861939,1.0,0.3662644474468461,0.0,0,1.8088330107275397
18.516666666666897,545.4393102793307,74.76942282787702,1.1843480005981344,35.000000000000014,-2.7074982880083236,-0.10369254883961433,-342.43253906064865,112.04596168140318,1.0,0.3255801732333969,0.0,0,1.7534999933559448
18.533333333333562,545.6591692244826,75.30973738627283,1.1916219120504334,35.000000000000014,-2.746688272898338,-0.07000316974484022,-340.00507714689513,110.72827444180356,1.0,0.3021914796025814,0.0,0,1.7767499957699329
18.550000000000228,545.8750921877186,75.85163687116389,1.1988160798872793,35.000000000000014,-2.774201179307763,-0.03664588224377585,-341.03094038636607,109.4288214415672,1.0,0.29907358613426627,0.0,0,1.729374984279275
18.566666666666894,546.0871110811022,76.39507570546465,1.2078450909404466,35.000000000000014,-2.790142538111142,-0.005654385677284379,-339.27962745455477,108.89825682376043,1.0,0.36921262894394397,0.0,0,1.7423749959561974
18.58333333333356,546.2942146837586,76.94040668344455,1.215227739729394,35.000000000000014,-2.7934409121802,-0.013037034466231834,-336.8669209841066,107.74374693870935,1.0,0.3064332412987382,0.0,0,1.7228329961653799
18.600000000000225,546.4972866919921,77.48725175953993,1.2237543639845778,35.000000000000014,-2.7804997847150195,0.01781655946442795,-334.6700785718856,107.08362617787475,1.0,0.35035138701847746,0.0,0,1.7892500036396086
18.61666666666689,546.6956886322754,78.03580845475898,1.2327224239259889,35.000000000000014,-2.757887048797976,0.0474903335103285,-332.75481055762964,106.61856473909992,1.0,0.3669386424681499,0.0,0,1.749749993905425
18.633333333333557,546.8891631708833,78.58612234763125,1.241207537092649,35.000000000000014,-2.726414424546003,0.07682284116555849,-336.0706318230168,105.98470535056032,1.0,0.3487810222645753,0.0,0,1.7477920046076179
18.650000000000222,547.0779613250988,79.13805806376364,1.2475387923770633,35.000000000000014,-2.6816451670250885,0.07049158588114413,-335.65785743049787,104.5150748067804,1.0,0.26495990986945744,0.0,0,1.7507500015199184
18.666666666666888,547.2632612727857,79.69117803914422,1.253807626116499,35.000000000000014,-2.623883780184501,0.10114315872433566,-332.7663746856491,103.07595433633276,1.0,0.26246647579448557,0.0,0,1.7553750076331198
18.683333333333554,547.4450901850472,80.24544875318529,1.2618575525905706,35.000000000000014,-2.558934794451368,0.13549324787010097,-335.463441880831,102.40707274954019,1.0,0.3322107348003227,0.0,0,1.7519590037409216
18.70000000000022,547.622451415658,80.80116520215365,1.2707913044793815,35.000000000000014,-2.4801386792760587,0.12655949598129013,-338.0210338835983,102.10651874751412,1.0,0.3656569127473948,0.0,0,1.768207992427051
18.716666666666885,547.7948410017091,81.3584439550224,1.2790700974642755,35.000000000000014,-2.379853284402015,0.1713449630401067,-338.4691609629814,101.56367989627142,1.0,0.3409493806411344,0.0,0,1.757291000103578
18.73333333333355,547.9626111374108,81.91713077189245,1.286208034171667,35.000000000000014,-2.2632423680362592,0.2199444409646374,-338.2494231447003,100.58920767296883,1.0,0.2968713933429968,0.0,0,1.7339159967377782
18.750000000000217,548.1263891619003,82.47700087867801,1.2933530454205,35.000000000000014,-2.13508989655293,0.2646470732027213,-336.04322778803845,99.65463261570872,1.0,0.2971486189583443,0.0,0,1.7881249950733036
18.766666666666882,548.286162761702,83.03802688037864,1.3001123598158912,35.000000000000014,-1.9825081870629886,0.25788775880733006,-331.8372254841762,98.59986984896767,1.0,0.2819667440983326,0.0,0,1.8045000033453107
18.783333333333548,548.4421405893696,83.60012001772677,1.307610775623325,35.000000000000014,-1.8223061404534822,0.2984631840505563,-327.1969004405748,97.88238477527521,1.0,0.31093674312227904,0.0,0,1.7934589996002614
18.800000000000214,548.5940825107953,84.16404704454109,1.3148226577765005,35.04226220735962,-1.6505688714559987,0.2912513018973808,-320.57921662475553,97.07402589248099,1.0,0.29942642521929974,0.0,0,1.769333000993356
18.81666666666688,548.742117611564,84.72968209009022,1.3218830866899838,35.08114343813046,-1.4649807967030612,0.3286635539269933,-316.57868307096965,96.23238066103154,1.0,0.29318975724021146,0.0,0,1.8080420268233865
18.833333333333545,548.8867869764293,85.29883281823048,1.328278668241323,35.234959845347824,-1.2754293944950326,0.3222679723756541,-311.38421666917674,95.14203623072912,1.0,0.2658250582492088,0.0,0,1.7955420189537108
18.85000000000021,549.0283797494324,85.87118664431667,1.3342565324040008,35.3764709399878,-1.0680591132572055,0.35736959753279995,-305.16745680788597,93.91286518442712,1.0,0.24823980193610778,0.0,0,1.8004580051638186
18.866666666666877,549.1675697503325,86.4486130471206,1.3412327322146822,35.63793463741117,-0.8602832828373885,0.3503933977221185,-299.56172721473195,93.11376204903874,1.0,0.28560082922740815,0.0,0,1.8144170171581209
18.883333333333542,549.3036404383176,87.03090034265739,1.34871709132577,35.878481239040674,-0.6339057843565792,0.3808217988832958,-295.8556936540501,92.52604972803142,1.0,0.303253349392575,0.0,0,1.8248330161441118
18.900000000000208,549.4366933127659,87.62014181376544,1.3561828613859994,36.24459798674926,-0.40938045523124866,0.3733560288230664,-291.3399415404219,91.92379425594154,1.0,0.29966977253918725,0.0,0,1.813041017157957
18.916666666666874,549.5665389463659,88.21584519937821,1.363045224683769,36.581425394641165,-0.16707268555243815,0.40147211327100935,-285.81009071987364,91.08405494044902,1.0,0.27429459147665136,0.0,0,1.8280420044902712
18.93333333333354,549.6942312069801,88.82161750765194,1.369826550856962,37.14505956936091,0.07484926518013024,0.39469078709781624,-281.61054845850987,90.20440748332285,1.0,0.267292110404059,0.0,0,1.7929580062627792
18.950000000000205,549.8195378147095,89.43671025276268,1.376916441881478,37.663603010103074,0.33403920475148585,0.4198745537218944,-277.43779867705473,89.43930945883048,1.0,0.2751992685005716,0.0,0,1.7589580093044788
18.96666666666687,549.9432535387533,90.06679981508692,1.3834480941065375,38.527216002876415,0.5957969027929052,0.4133429014968351,-274.04548549171193,88.43477337098189,1.0,0.24902178755373222,0.0,0,1.7730830004438758
18.983333333333537,550.065317517388,90.71069435001927,1.390832106688304,39.32173995622789,0.8745559825558347,0.43574850421342526,-269.7502575369896,87.73045798923265,1.0,0.27456285042648176,0.0,0,1.8293330213055015
19.000000000000203,550.1860981022711,91.37456991919659,1.3982794456985792,40.48638531317372,1.1593703342405852,0.4283011652031501,-263.7851739510203,86.9980762063544,1.0,0.2692214428332629,0.0,0,1.833707996411249
19.01666666666687,550.3049968064084,92.05691937379252,1.4053564142088708,41.55785904156389,1.4606690667428608,0.4487381275479754,-259.5335308342085,86.09727625708909,1.0,0.25009011378983964,0.0,0,1.848917017923668
19.033333333333534,550.4230967697966,92.7642487640458,1.4126900239878981,43.02725744927435,1.7717768906616902,0.44140451776894807,-253.55380522184913,85.23291117502603,1.0,0.25030002724530226,0.0,0,1.859333016909659
19.0500000000002,550.5395537609953,93.4946749789632,1.420609583756563,44.37910398436798,2.100330938866779,0.4589172144935274,-244.7373633419171,84.51678300511128,1.0,0.2615469724482781,0.0,0,1.8048339989036322
19.066666666666865,550.6546617076202,94.2553358707838,1.4281679755016603,46.15926119639882,2.4411229288721934,0.45135882274843014,-241.0693355843033,83.61557509334239,1.0,0.24085105680327412,0.0,0,1.7944580176845193
19.08333333333353,550.767897008737,95.04386363506369,1.4359982853702697,47.797005831467196,2.8012207093530868,0.4670579648330011,-235.54431220592477,82.74981191828022,1.0,0.24096186805134717,0.0,0,1.917290996061638
19.100000000000197,550.8796557012816,95.86791838948795,1.4441181475794758,49.89591643746681,3.175657382603469,0.4589381026237951,-232.86118114034616,81.90120221146614,1.0,0.2394218447999732,0.0,0,1.8207500106655061
19.116666666666863,550.9887855981765,96.72477884603005,1.452236253067178,51.82691419498645,3.5722929033718573,0.4726103688002605,-227.0076991998731,80.99617236567272,1.0,0.23077234325408774,0.0,0,1.7883750260807574
19.13333333333353,551.095741262022,97.62267009900779,1.4606071776344436,54.25434156202905,3.9839134147640207,0.4642394442329949,-223.6820421973982,80.09134346927694,1.0,0.22743144529174253,0.0,0,1.8045420001726598
19.150000000000194,551.1992700930743,98.55842002287774,1.4695141615818479,56.487574739708236,4.422216556053291,0.47553283152983306,-217.54402105796788,79.27042369358452,1.0,0.23225250554204335,0.0,0,1.7977909883484244
19.16666666666686,551.2991235784062,99.54094065208345,1.4788103378217223,59.25489869413164,4.8782459540113186,0.4849822675689026,-211.77223086910357,78.46914352450337,1.0,0.23112161350426375,0.0,0,1.845166989369318
19.183333333333525,551.3949277304584,100.57950954115705,1.488205711126393,62.578699111177734,5.364474803095125,0.4755868942642319,-205.2757778887856,77.59976873991883,1.0,0.22150992109560486,0.0,0,1.8385000003036112
19.20000000000019,551.4851744972676,101.66972391152007,1.4972656695359998,65.63659549486015,5.875141254153299,0.48394016201743084,-198.53150531066404,76.58559090538239,1.0,0.20416337894597825,0.0,0,1.8067919882014394
19.216666666666857,551.5700213745027,102.82154153082696,1.5074197513858052,69.29630693334563,6.412500027192837,0.4737860801676254,-193.40980615806257,75.73515597336645,1.0,0.21635670137720497,0.0,0,1.8603339849505574
19.233333333333523,551.6467224609858,104.03016421514792,1.5182582713575516,72.66324145675229,6.982484946385282,0.47913894247500277,-189.37454938408183,74.95566898521454,1.0,0.22011622643763307,0.0,0,1.8191249982919544
19.25000000000019,551.7136340674316,105.30257581022086,1.5298965674835727,76.4501821402121,7.578665773436982,0.48256993971718587,-186.77820896865452,74.25081990919836,1.0,0.2245012845069237,0.0,0,1.9135840120725334
19.266666666666854,551.768107014403,106.63369781584889,1.5407140548746927,79.93416756899514,8.198339827560277,0.4857896337134422,-184.04234081864743,73.32427838650526,1.0,0.20027363870352582,0.0,0,1.8279170035384595
19.28333333333352,551.809784445552,108.01872812872024,1.5518465511019195,83.13943416347553,8.845312590260212,0.4746571374862154,-181.2823843086333,72.4119485474794,1.0,0.1982149187962105,0.0,0,1.8218340119346976
19.300000000000185,551.8369720447499,109.4532751787315,1.5643408574486342,86.08827943039749,9.512938142701406,0.4752490511914267,-179.37361490595944,71.69995028603277,1.0,0.21435588569312425,0.0,0,1.829667016863823
19.31666666666685,551.8465262039701,110.93326462493285,1.5757677332873066,88.8012170759657,10.196115450079251,0.4760306404267982,-177.2594602754183,70.77214347124882,1.0,0.1906740466554237,0.0,0,1.9515409949235618
19.333333333333517,551.8389616502353,112.45486448348981,1.5878522704722513,91.29711970988843,10.894291404196512,0.47534288265705654,-175.15810225462823,69.93433183222527,1.0,0.19599844004155215,0.05057565789473684,0,1.8407090101391077
19.350000000000183,551.8123575583498,114.01452676792819,1.600214437004484,93.59335013309736,11.608164298684816,0.46298071612482383,-172.89748286771226,69.12428707152836,1.0,0.19559271881834234,0.04291626870423432,0,1.8296249909326434
19.36666666666685,551.7654395565704,115.6089346340539,1.6130114640181197,95.70588212244957,12.3322056341229,0.46082844737501727,-171.11000330164393,68.36919767031817,1.0,0.19794168568138004,0.035680633205603364,0,1.8346249999012798
19.383333333333514,551.6967552395959,117.23497485232323,1.6249151737693126,97.6494115526536,13.063105094889114,0.4588713942793372,-169.08152613896956,67.46762180676572,1.0,0.1808557818575564,0.023782693790403892,0,1.9595409976318479
19.40000000000018,551.6071083381513,118.88983944375461,1.6376745169212348,99.43745862844132,13.800421730218538,0.4554093725469128,-167.53244509642445,66.69573747117092,1.0,0.19014758623571892,0.013451425408247994,0,1.9032919954042882
19.416666666666845,551.4945221074289,120.57078095719837,1.6505640260975034,101.08246193816602,14.541406718090801,0.44251986337064414,-166.27343139786245,65.94138161863462,1.0,0.18898952265111768,0.01016774193548387,0,1.911416999064386
19.43333333333351,551.3582694396646,122.27527487602416,1.6631913867068417,102.59586498311273,15.28683664402265,0.43858463107714685,-165.3458104242922,65.14984140605009,1.0,0.18256235886665534,0.01066223222146141,0,1.8610830011311918
19.450000000000177,551.1983639216312,124.00101897267065,1.6760076949095803,103.98819578446371,16.032358688965523,0.433895247565248,-164.60699314550013,64.39098511932079,1.0,0.18280759541748182,0.011651283925797314,0,1.9122500088997185
19.466666666666843,551.0141124501176,125.7458030157263,1.6884471147370286,105.26914012170661,16.776229238729574,0.4290538053717714,-164.02353535134299,63.585371918484896,1.0,0.17542957912182028,0.0114263025543742,0,1.9369999936316162
19.48333333333351,550.8058662232455,127.50766551473222,1.7016255189988756,106.44760891197008,17.51766952631755,0.42297732852182457,-164.95986231390998,62.89438818438299,1.0,0.1836111086203266,0.012707957506514331,0,1.8982499896083027
19.500000000000174,550.5720628887218,129.28454618170616,1.7152224030378527,107.53180019901247,18.25417109157891,0.4160161903207342,-164.6896912914542,62.2689992313606,1.0,0.18744135618904373,0.012376050261146014,0,1.9730000058189034
19.51666666666684,550.3117292308235,131.07453488738827,1.727163748683922,108.52925618309146,18.985151183257315,0.4040748446746649,-165.0679444838987,61.42255343492431,1.0,0.16356869811295194,0.012875064191915487,0,1.8865420133806765
19.533333333333506,550.0276579678105,132.87639503864108,1.739584172640694,109.44691568844415,19.71134070185553,0.39785111989407795,-165.55493324480224,60.66010082790406,1.0,0.16860913738639102,0.01327433628318584,0,1.9222920236643404
19.55000000000017,549.7188656087094,134.68845883405675,1.7525897111941957,110.29116243336861,20.430003951436774,0.39062789650138696,-166.17813932069095,59.99297481243907,1.0,0.17506927985954213,0.012743280815569972,0,2.000249980483204
19.566666666666837,549.3841927677561,136.509085278745,1.766006422688099,111.06786943869912,21.139101441774397,0.3826015387206205,-166.5261310265759,59.39414597993421,1.0,0.17925128020098574,0.012923438417857843,0,1.9901249906979501
19.583333333333503,549.0228138427034,138.3367410972604,1.7783731026307115,111.78243988360319,21.83691888686378,0.37525363974109927,-166.0732562277696,58.66627899405607,1.0,0.1644488964081119,0.012947859477642728,0,1.9850419776048511
19.60000000000017,548.6366030242449,140.17050975829602,1.788982105339955,112.43984469291493,22.524317430690456,0.36931038323500576,-166.6710567494781,57.7215077365214,1.0,0.14059527935278113,0.012658608455108545,0,1.921250019222498
19.616666666666834,548.2287778987853,142.00991921245418,1.800624825816731,113.04465711748173,23.204417445687966,0.35766766275822975,-167.31510701906188,56.94289531205452,1.0,0.15327659956751447,0.011153629379134408,0,1.9816249841824174
19.6333333333335,547.7974525004864,143.8534858533041,1.812664039660203,113.6010845480832,23.874008117494064,0.3499580103534288,-166.66837863881892,56.23882262784029,1.0,0.15764786049316018,0.010522304941673017,0,1.9027089874725789
19.650000000000166,547.34192027683,145.70000974059909,1.824485577775974,114.11299778423654,24.5310448312868,0.3421451554661108,-165.5440140241401,55.52581529907478,1.0,0.15415959583998062,0.010814953589372392,0,1.9240000110585243
19.66666666666683,546.862621637212,147.5486177418875,1.8361722943924301,114.58395796149762,25.175171319823257,0.3341601353886847,-163.08602834126094,54.81591709827666,1.0,0.15181179829938843,0.010408483896307934,0,1.8583330092951655
19.683333333333497,546.3598580933902,149.39846680107,1.8467339092529393,115.01724132457781,25.805923274041184,0.32700582089856023,-160.05585292776593,53.97992742738803,1.0,0.13687825334899834,0.010275344896674109,0,1.924125012010336
19.700000000000163,545.835775495655,151.24929514086537,1.857308193675552,115.41586201861159,26.4246748462228,0.31955583140893506,-158.33386239960228,53.17273286188866,1.0,0.13657297016397954,0.010162263941961566,0,1.9112500012852252
19.71666666666683,545.2904240252151,153.10034133456173,1.8686107422769735,115.78259305712267,27.030883382299027,0.3082532828075135,-155.37078346655053,52.486840356998954,1.0,0.145394810969613,0.009733377956269523,0,1.884750003227964
19.733333333333494,544.7225362670345,154.95048124199295,1.8801516592955725,116.11998561255285,27.623206920482854,0.2995639359722375,-153.7204410931758,51.85374276510366,1.0,0.14799182381938447,0.008550381478558274,0,1.858958014054224
19.75000000000016,544.131759491136,156.79887191180714,1.89042075584277,116.43038676354863,28.199751748019562,0.29188293497321816,-151.49971844618938,51.07599201414115,1.0,0.13153530650406275,0.007850035443303842,0,1.8615410081110895
19.766666666666826,543.520537418591,158.64561691800293,1.9005011307060447,116.71595582246474,28.76232581612222,0.28413547079590246,-152.0576465910553,50.300219147475346,1.0,0.12883254333152638,0.010462953394647102,0,1.887665974209085
19.78333333333349,542.8893131608665,160.4902497326609,1.9109098056398877,116.97867935666756,29.31076308952265,0.27581191301297836,-151.48628717073973,49.593581072564746,1.0,0.13268470126977655,0.009693092755817076,0,1.9876669975928962
19.800000000000157,542.2375794002202,162.3320102008827,1.9212830818935402,117.22038500813414,29.84394765011917,0.26728250760169475,-150.45057128336367,48.90657382864025,1.0,0.13196919224910156,0.009562043795620439,0,2.041749976342544
19.816666666666823,541.5655034303053,164.17039192601084,1.9310795268219603,117.44275420748342,30.361457044637966,0.25909443780771113,-148.7463684938379,48.16892134653662,1.0,0.12447507474581349,0.009348575396136583,0,1.9561669905669987
19.83333333333349,540.8742483531422,166.00529233753744,1.9409072588893548,117.64733387088475,30.86382159240091,0.2492667057403166,-146.43567754511582,47.461268401080524,1.0,0.12465360828956071,0.007752321981424149,0,1.902082993183285
19.850000000000154,540.1638593669796,167.8362352589127,1.9503110497408693,117.83554716121397,31.35101821967788,0.2412407894803317,-145.73053459407583,46.72407954837281,1.0,0.11913962715354515,0.008544996586709352,0,1.9627079891506582
19.86666666666682,539.4352150879115,169.6630975604715,1.9593313918160702,118.00870338831685,31.822873018564156,0.2333720965918673,-144.68144383022792,45.96395817979075,1.0,0.1141584003073843,0.008767892484006076,0,1.8786249856930226
19.883333333333486,538.6891159275117,171.4857701753976,1.9682460012264134,118.16800711725149,32.279693312091794,0.22538649612996808,-143.5303850410662,45.21772468140669,1.0,0.11268085323812466,0.008647615495781082,0,2.0248749933671206
19.90000000000015,537.9258527394217,173.30397152700507,1.9777361311061046,118.31456654787137,32.72126533890934,0.21660565521608555,-142.26291914651736,44.57241297015281,1.0,0.11974092370311362,0.008876547705753824,0,1.8833329959306866
19.916666666666817,537.144479752394,175.1169113716321,1.9866231442671143,118.44940122404165,33.14606783145167,0.20821048674769416,-140.2687764831253,43.87306070110975,1.0,0.11207033084342544,0.0074250802711380666,0,2.0200840081088245
19.933333333333483,536.3461910678998,176.92472692515514,1.9948416650971492,118.57344912611832,33.554850761794654,0.20026801341013845,-139.0161353473634,43.11349870822838,1.0,0.10359527571807325,0.008440374934907135,0,1.8866250175051391
19.95000000000015,535.5322893331203,178.7276543524557,2.0028674434997114,118.68757319602885,33.948501343613444,0.19230351537874757,-136.99718413101192,42.35723195207954,1.0,0.10108585267283732,0.006952568035844351,0,1.9661659898702055
19.966666666666814,534.7032112945346,180.5255806762364,2.0106508153975526,118.79256734034654,34.32699103049985,0.1843670773289752,-135.35738033235612,41.59788053524548,1.0,0.0979664303706933,0.0068511374218438205,0,1.8772500043269247
19.98333333333348,533.8594790686906,182.31845625147045,2.0187804669803735,118.88916195311882,34.69024571718296,0.1762374257461543,-134.89442709141923,40.91111146450567,1.0,0.10221268759819804,0.007484966093743336,0,1.9059170153923333
20.000000000000146,533.0005578859138,184.10574837072505,2.025978409678196,118.97802899686931,35.037336719026534,0.16867188496711583,-132.60472881032067,40.13044723215612,1.0,0.09049924634565498,0.006152360154543927,0,1.8978329899255186
20.01666666666681,532.1281951918725,185.88803566454496,2.0331012182794557,119.05978667711977,35.369583369697146,0.16096615442803988,-130.67148892546783,39.36937611323657,1.0,0.08949848794048182,0.006166603527381403,0,1.938291999977082
20.033333333333477,531.2426007143615,187.66518614853456,2.040032534324868,119.13500374295019,35.686723688705406,0.15323518963087945,-129.04489219205334,38.61229899598305,1.0,0.0870499748648875,0.0058608985305588935,0,1.9572910096030682
20.050000000000143,530.3441880760524,189.43718432631283,2.0461054880291427,119.20420344351417,35.98871462049295,0.14614383782812013,-127.40443693881836,37.773619722281694,1.0,0.07627046442973964,0.005515607125347279,0,1.9112500012852252
20.06666666666681,529.4345452518337,191.20463728775374,2.052129657800381,119.26786716803304,36.27710645501463,0.14365240651502376,-125.36080655843296,36.96036691074981,1.0,0.07561989736776287,0.006061348190779404,0,2.0041249808855355
20.083333333333474,528.5138196286714,192.96744363098216,2.0579816015235566,119.32643779459039,36.56496063319986,0.15025663380978616,-123.15403187287636,36.155777443105,1.0,0.0734299402607762,0.005463701045850237,0,1.9128330168314278
20.10000000000014,527.582373557065,194.7256253812725,2.0636372035729185,119.38032277102316,36.86279838165726,0.14460103176042427,-120.64602638086316,35.35647280789051,1.0,0.0709427327827338,0.004581783813770007,0,1.9207079894840717
20.116666666666806,526.6406079409915,196.479239060785,2.0686362314372593,119.42989694934131,37.17974127933364,0.15557575532538293,-118.3134083130237,34.50326162036963,1.0,0.06270382790981507,0.0037039971477241217,0,1.8444170127622783
20.13333333333347,525.6897247777814,198.22879080472003,2.0728351956362143,119.47550519339401,37.50373590643,0.16609896644768615,-115.27829785258044,33.579798504125804,1.0,0.05266871448883495,0.003539048830920948,0,1.9296659738756716
20.150000000000137,524.7311671881325,199.97494744441937,2.0772493681084168,119.5174647779225,37.83595472937433,0.17523972336013527,-112.31936444504555,32.71914556702588,1.0,0.05534335324677042,0.0034277109627310733,0,1.9470840052235872
20.166666666666803,523.7645990356275,201.71741846462885,2.0811033953421636,119.5560675956887,38.183353167836565,0.17138569612638843,-109.72801076988574,31.819389323385725,1.0,0.04831659042385747,0.0031993905922681394,0,1.9145419937558472
20.18333333333347,522.7910334318995,203.45666787051033,2.084704302093658,119.59158218803361,38.539915729418745,0.1802493784583583,-106.5815720225902,30.921468889440366,1.0,0.04513437990082081,0.003204398938187334,0,1.9354580144863576
20.200000000000134,521.8109435830107,205.1928745056892,2.087415684925904,119.62425561299092,38.902925186832896,0.1889822294564487,-103.34131396535317,29.943609961089976,1.0,0.033985651573185144,0.0031583327029276044,0,1.915792003273964
20.2166666666668,520.8259023596306,206.92685297337437,2.090082146645973,119.65431516395165,39.277561536099256,0.1863157677363798,-100.03313695513482,28.997380370873692,1.0,0.03341462330176824,0.003410588326486319,0,1.9163750112056732
20.233333333333466,519.8360123235011,208.65859885785133,2.0933068274528113,119.68196995083552,39.663788834119586,0.19357853643958522,-97.05257640799954,28.15900352554272,1.0,0.040393637882910394,0.003435277514715986,0,1.9375830015633255
20.25000000000013,518.8403314957873,210.38751112461824,2.0947346616510485,119.70741235476868,40.05466418002324,0.20173901772299493,-93.27877391901217,27.12194582862847,1.0,0.017889642494311644,0.003316138540899042,0,1.928917015902698
20.266666666666797,517.8419879106649,212.11533774721448,2.0951014933715135,119.73081936638718,40.45451200147843,0.20137218600252993,-89.22253864661826,25.9883155010842,1.0,0.0045956731092485215,0.0034176737160120847,0,1.9562079978641123
20.283333333333463,516.8428308978418,213.84310872565158,2.0968215935073653,119.75235381707621,40.86969374248367,0.20839346749479448,-85.48670102507505,25.07199160327837,1.0,0.021542382943623206,0.0033041497881237283,0,1.9349999784026295
20.30000000000013,515.8405376346733,215.56944405453868,2.0970146604409208,119.77216551171011,41.290285110468545,0.2161420400151539,-81.63990547160046,23.994660080679054,1.0,0.002417922684519902,0.003005689340537446,0,1.935708976816386
20.316666666666794,514.8377585136269,217.29584852338604,2.0967373119092336,119.79039227077331,41.719044237012206,0.2236038786018657,-77.00076347534431,22.898247744158056,1.0,-0.0034729089460311946,0.003151643226699701,0,1.9500000053085387
20.33333333333346,513.8353179418898,219.0227727513446,2.0971405660545477,119.80716088911144,42.16182197963517,0.22320062445655164,-72.29129349303184,21.931312991719537,1.0,0.005048747287136557,0.0031687973056169195,0,1.9063329964410514
20.350000000000126,512.8320518920651,220.74951491821844,2.0966936537034613,119.82258801798253,42.61128514591048,0.23011324772287844,-67.53248918368777,20.89231603959624,1.0,-0.0055946173720904935,0.0031033089720518565,0,1.9345420005265623
20.36666666666679,511.82943889959,222.47690986993462,2.0952075540596713,119.83678097654392,43.06834356674714,0.23738077021210735,-62.66874620856117,19.75981366315519,1.0,-0.018599401557840956,0.0027503347446893207,0,2.2770839859731495
20.383333333333457,510.8292851285553,224.20598127707163,2.0935966127288044,119.84983849842041,43.53807035286415,0.23899171154297427,-57.60391421104557,18.654790750295593,1.0,-0.020159264940823568,0.002477630031014937,0,1.9337499979883432
20.400000000000123,509.83181811749034,225.93683510042135,2.091685379217594,119.86185141854678,44.017690596171335,0.24603100297517777,-52.06250473547139,17.553689806796324,1.0,-0.02391339481399582,0.002033482338504689,0,2.0642919989768416
20.41666666666679,508.8375693255606,227.66975192296454,2.089983959285701,119.87290330506303,44.50616129706303,0.2522347518496004,-46.50131017019186,16.52180482898863,1.0,-0.02128708261184424,0.0019723164946072245,0,1.947000011568889
20.433333333333454,507.8461863075862,229.40450500210855,2.0872202879620927,119.883071040658,45.00481217074292,0.25499842317320853,-40.86762252001894,15.393349842500355,1.0,-0.03456581322921182,0.002020450472609719,0,1.9627499859780073
20.45000000000012,506.85952437496377,231.1421268834173,2.0842494791313073,119.89242535740536,45.51452459089708,0.26187043271701915,-35.12627246353407,14.2817178332617,1.0,-0.037151328430941044,0.002142920393163907,0,1.9478749891277403
20.466666666666786,505.87795847866283,232.88279721423345,2.0816590958924746,119.90103132881293,46.03373517330064,0.2677826792186231,-29.371471068084297,13.261565234483975,1.0,-0.03239518029346444,0.002209502600949912,0,1.9797079730778933
20.48333333333345,504.9008403554201,234.62611944422906,2.0778200951146277,119.9089488225079,46.562521234044596,0.2716216799964699,-23.48798330086966,12.120680554585261,1.0,-0.04798708016461271,0.002178686612228093,0,1.9863340130541474
20.500000000000117,503.9303630815912,236.37328610425544,2.0745397847998617,119.91623291670726,47.103144091297196,0.2776636973550479,-17.708982755662625,11.095193390627534,1.0,-0.04100951691274077,0.0023331777881474567,0,1.9678329990711063
20.516666666666783,502.96556835435746,238.12372464062764,2.0709536701713502,119.92293428337068,47.65259878220716,0.28346811202738437,-11.944139223109675,10.069969867308226,1.0,-0.04482519299455821,0.002412984983942366,0,2.0627090125344694
20.53333333333345,502.0070078134213,239.87770194619,2.066684189564136,119.92909954070103,48.21164233889516,0.28773759263459864,-6.312717063395931,8.996711939015178,1.0,-0.05334938706197069,0.0024563737782099175,0,1.973374979570508
20.550000000000114,501.0558995778989,241.63583895583744,2.061873848210665,119.93477157744495,48.78189472948755,0.29423730071127974,-0.6420992663913005,7.895569628583563,1.0,-0.0600895417309014,0.0025481846322234192,0,2.0286250219214708
20.56666666666678,500.11321853935635,243.39860745547864,2.057381800624602,119.93998985124935,49.36274390426662,0.29990211695031865,4.948140683089237,6.877465882507155,1.0,-0.05611969975960282,0.002589784927794738,0,2.105833002133295
20.583333333333446,499.178428009932,245.16566345072277,2.0529388981236076,119.9447906631494,49.95332545372908,0.3043450194513131,10.33651424187843,5.904801665669272,1.0,-0.055504774372605946,0.002547087606407936,0,2.068000001600012
20.60000000000011,498.25146340574395,246.93692039610298,2.0472669540717807,119.94920741009746,50.55386324494398,0.3106834502205156,15.616293331490883,4.812542853090621,1.0,-0.07081073304428392,0.0025103366804489075,0,1.9735409878194332
20.616666666666777,497.3345290675345,248.7134666935929,2.0395474643077818,119.95327081728966,51.16551718116705,0.3185715447252342,21.311230387060753,3.5015373929814855,1.0,-0.09623304275176248,0.0023532872481247242,0,1.9445829966571182
20.633333333333443,496.4351536887642,250.48949920092554,2.030533640264048,119.4462353552666,51.789047034266936,0.3275853687689679,28.006413141941575,2.071896711868556,1.0,-0.11271538398474501,0.0021067759794875145,0,2.159333002055064
20.65000000000011,495.55467319650415,252.26781065951315,2.02406750344383,119.06088840412906,52.427302975059845,0.3337287999889522,35.06175063346983,1.0196033557987927,1.0,-0.08128474751247818,0.002215236264720734,0,2.039790997514501
20.666666666666774,494.69863170771964,254.0252498186254,2.0174475378241463,117.29040004453037,53.067316707260545,0.33953956689822595,42.18088421276245,-0.024781874064663922,1.0,-0.08445981561840576,0.002314515084811602,0,2.0307080121710896
20.68333333333344,493.8749199338435,255.7451445072574,2.01059231787947,114.41826678928574,53.70243912184864,0.3463947868429025,48.9326094029916,-1.0820186812142147,1.0,-0.08962973985690509,0.002339643780996161,0,1.9452919950708747
20.700000000000106,493.07850679214005,257.4377271178966,2.0042982214053193,112.23544551529982,54.33574878971976,0.3513963153359829,55.42996627088637,-2.040038063595993,1.0,-0.08392152898471791,0.0025935894298996817,0,2.034250006545335
20.71666666666677,492.309786626935,259.0985093666928,1.9992890507847143,109.80374371173977,54.96491102956727,0.3546310281790501,60.81010053162292,-2.8012080410305384,1.0,-0.06832245185631146,0.002724018878084318,0,1.9880420004483312
20.733333333333437,491.572906159149,260.7116523892263,1.9923706024042362,106.40866339650732,55.580741195735214,0.3615494765595282,65.72994512225466,-3.8294619951724824,1.0,-0.09721912260982701,0.002745648777870702,0,1.9624580163508654
20.750000000000103,490.86480095287175,262.2906156915783,1.984656018525139,103.82840235693065,56.19049784360532,0.36700758582785165,70.5292695857252,-4.959425996919531,1.0,-0.11099387100685579,0.0023539750792504945,0,2.014209021581337
20.76666666666677,490.19227272347314,263.8217763277607,1.9771896656978873,100.34086708453836,56.79072345176715,0.37173374107479495,75.23143389554669,-6.047554284814067,1.0,-0.11115477372707251,0.0018160933813485658,0,2.0267080108169466
20.783333333333434,489.5584140580106,265.29466764819887,1.971576196970638,96.2095023299413,57.37316183152089,0.3773472098020443,79.44215700765557,-6.849107293414166,1.0,-0.087297018870175,0.002216916780354707,0,1.9619160157162696
20.8000000000001,488.9532494519177,266.7229101038069,1.9664803270873745,93.06966511644754,57.94390703263923,0.3792158915233721,82.94913795273052,-7.56491683521478,1.0,-0.08194600668815694,0.0024481140166222265,0,1.9787499913945794
20.816666666666766,488.37977291002125,268.09579977366474,1.9616486213732796,89.27107595939879,58.49469793876545,0.3840475972374671,85.76813373526915,-8.243542492526187,1.0,-0.08100829854158344,0.004024206210081856,0,1.969500008272007
20.83333333333343,487.83126729919746,269.4269574571481,1.956106799175383,86.38414820004172,59.03283167106859,0.3858704200368129,87.92858569611036,-9.04911722859752,1.0,-0.09593445040110601,0.003428414701042238,0,1.9329590140841901
20.850000000000097,487.31218369782624,270.70680136589976,1.9510724720949166,82.86623906955658,59.552631836622446,0.39090474711727924,89.83344343103894,-9.771802123482543,1.0,-0.0908776677299262,0.004589805161251102,0,2.0497920049820095
20.866666666666763,486.8160895104273,271.94786538211986,1.946272895259362,80.19262813038789,60.06068998707038,0.3914871394171888,91.22295997868466,-10.452884736833045,1.0,-0.08953586900476981,0.004626371816562112,1,1.9697080133482814
20.88333333333343,486.3458247137946,273.1408946342242,1.9414470530009447,76.94208205645882,60.54999477497529,0.3963129816756061,92.35346544145222,-11.151505756304209,1.0,-0.09380456986233042,0.004535659930985639,1,2.0071250037290156
20.900000000000095,485.89623672138595,274.2978018480745,1.9367839729237226,74.47166704027272,61.02879934462823,0.3962527566272182,93.5273646252315,-11.82160557385117,1.0,-0.09364850716672637,0.00602950043382991,1,1.9138749921694398
20.91666666666676,485.47106513559123,275.4071737067113,1.9322989237357844,71.2833534085548,61.48734635803367,0.4007378058151565,94.75185974481744,-12.470501337654113,1.0,-0.09409918228471023,0.0076747562746318195,1,1.9102910009678453
20.933333333333426,485.0651568762668,276.48066625662227,1.9278257200140911,68.86023504844918,61.935050128505836,0.40521100953684974,95.80348118741432,-13.12551275461075,1.0,-0.0971342865451037,0.0077399613001934995,1,1.9155409827362746
20.95000000000009,484.6747815276449,277.52720645399256,1.922581243530926,67.01866509476892,62.37150289362335,0.4052165474163718,97.39803419636203,-13.95744589206943,1.0,-0.11684626271009556,0.008564678086237449,1,1.965791976545006
20.966666666666757,484.30618998675476,278.5313992478438,1.917421476021508,64.18213465177647,62.793198537998336,0.41037631492578974,99.72836123899427,-14.78976081858875,1.0,-0.12000939880931924,0.011047913998987522,1,1.9029170216526836
20.983333333333423,483.9549908634886,279.5036880418573,1.9125741142894048,62.02637151510219,63.204446155073946,0.40945799134169425,102.28994522185974,-15.555977128425532,1.0,-0.11669244631435574,0.013421177553691903,1,1.9907499954570085
21.00000000000009,483.6224633737932,280.43844096125173,1.9087015364325215,59.52827215861644,63.59942832710134,0.4133305691985775,103.91237608053723,-16.09348790689476,1.0,-0.09727367378786872,0.011627227578147823,1,1.9159170042257756
21.016666666666755,483.304048154662,281.34462136616645,1.9048363906552206,57.62971664768727,63.98522244110461,0.4171957149758785,105.19708888730902,-16.640940323112396,1.0,-0.10026558261273248,0.010721985898257678,1,1.878583978395909
21.03333333333342,482.9970223819523,282.22930661287916,1.9004995216653924,56.1868144593811,64.36195710063105,0.41522740901029187,106.39348757412155,-17.321120203981764,1.0,-0.11526667411051078,0.011227394266984847,1,2.0995830127503723
21.050000000000086,482.70211851456537,283.0911115922225,1.896539230720151,54.651935082984515,64.72939847914283,0.4191876999555333,106.85440460801873,-17.90330972239076,1.0,-0.108270748036269,0.008875143843498273,1,1.927750010509044
21.06666666666675,482.41685157419835,283.9356582913476,1.8927871895012998,53.48542675692311,65.09222455243702,0.4229397411743845,108.13936723342434,-18.42784417052451,1.0,-0.10484026764687057,0.012847557938530955,1,1.902791002066806
21.083333333333417,482.13943128619326,284.7672529716135,1.8896356079126768,52.59888042911644,65.44856587560373,0.41923225044063006,108.76497793008646,-18.776173359946235,1.0,-0.08963508250851673,0.013231573860890822,1,1.9208749872632325
21.100000000000083,481.8686719847109,285.5874828932056,1.8862063901899575,51.82582179773902,65.8001689293708,0.4226614681633494,109.03665556097603,-19.206337189896487,1.0,-0.0989281970608751,0.011774954627949183,1,1.9952910079155117
21.11666666666675,481.6037645806771,286.3993274572276,1.8830118376527625,51.238297237892176,66.15045883380735,0.4258560207005444,108.94342572526546,-19.561626843965236,1.0,-0.09324922995259366,0.011034227461700552,1,1.965416973689571
21.133333333333415,481.34373793992637,287.20493193981406,1.8800713683068697,50.791778572408575,66.49624572126919,0.4213674077403049,108.30239641158852,-19.835191406504098,1.0,-0.0866216343942735,0.008370393450981502,1,1.9109160057269037
21.15000000000008,481.08780275197387,288.0059099830929,1.8771932618866949,50.45242438664104,66.84017034290883,0.4242455141604798,107.39031153983768,-20.085218730766393,1.0,-0.08536098961296693,0.007790077900779008,1,1.891541003715247
21.166666666666746,480.835470453331,288.80352302567906,1.8737718811161335,50.19451520545771,67.18453257402707,0.42766689493104115,106.63615899674501,-20.495066295526364,1.0,-0.10188960513843007,0.006736442024052643,1,1.9561669905669987
21.18333333333341,480.58684326648864,289.59887666890944,1.870149837541376,49.99850422775838,67.52570925941004,0.4232719845845734,106.32923842271609,-20.954191760141008,1.0,-0.10823985965534426,0.006884996620860554,1,1.9244170107413083
21.200000000000077,480.3418306954815,290.3927532427362,1.8665913290620275,49.849535884706896,67.866967449116,0.42683049306392196,107.09113546582853,-21.379476707024175,1.0,-0.10667103778412487,0.011757905570202027,1,2.0094169885851443
21.216666666666743,480.10019472789253,291.18569168342043,1.863312534955922,49.736319943987766,68.21013789403375,0.4301092871700274,106.99762361144458,-21.705171627103198,1.0,-0.09856487254304358,0.009727104598139285,1,1.8948750221170485
21.23333333333341,479.8615734679244,291.97804498378383,1.8599870195283623,49.65027582904123,68.54986572356913,0.4248103194008644,106.91639253911933,-22.034320617890977,1.0,-0.10013218135436806,0.008297303726091032,1,2.0428330171853304
21.250000000000075,479.6258993174347,292.7701428056957,1.8566095847617283,49.58488230168186,68.89047086493403,0.4281877541674984,106.66552369257849,-22.368004832373735,1.0,-0.10181799438209597,0.007348344886024254,1,1.9189580052625388
21.26666666666674,479.3931352989223,293.5622373670393,1.8529520038272271,49.53518322088873,69.23343968547633,0.4225918204530954,108.13401724845528,-22.775829322673378,1.0,-0.11030747700743729,0.012754008106126627,1,1.896666013635695
21.283333333333406,479.16344525652676,294.35457335263555,1.84908500141103,49.49741191948596,69.57177565066928,0.4264588228692925,109.57896353317548,-23.23298148141805,1.0,-0.1166559469284017,0.014552760544642494,1,1.9514159939717501
21.30000000000007,478.9369523205799,295.14733159421314,1.8455086285785194,49.468705730419856,69.91282064707957,0.43003519570180315,110.00158415276823,-23.58389030998985,1.0,-0.10802136945280184,0.010495707560232622,1,1.880708005046472
21.316666666666737,478.7133946630652,295.9405448099063,1.8406761329917944,49.446889026729615,70.25478829816205,0.424961750290189,112.23229042357234,-24.30620770671539,1.0,-0.14555974054148035,0.01575757575757576,1,1.8689589924179018
21.333333333333403,478.4937464782263,296.73456275880403,1.8275475676363049,49.43030833192503,70.59444531252868,0.4380903156456786,125.12210089237333,-27.396147655967404,1.0,-0.37912304471205505,0.029977774163820674,1,1.931750011863187
21.35000000000007,478.28459457233845,297.5311927256137,1.8127332999415726,49.41770700387355,70.9438374780546,0.4529045833404108,143.87493309943574,-30.81277427385175,1.0,-0.42257510836935075,0.03475440222428174,1,1.955000014277175
21.366666666666735,478.08730491603484,298.330678629703,1.8015414314930651,49.40812999455442,71.29993653936636,0.4535127510802112,166.7891575890939,-33.12312772484769,1.0,-0.32753962571801537,0.040638907991540046,1,1.9131669832859188
21.3833333333334,477.8990029135946,299.1322043634807,1.7739066073289322,49.40085146747188,71.66066640673445,0.48114757524434415,117.74702250653687,-47.53267932911562,1.0,-0.6981317007977318,0.016448988436459627,1,2.0002080127596855
21.400000000000066,477.73293860890215,299.938536791652,1.7462748775855572,49.395319786889154,72.04166630985313,0.5087793049877192,56.76585187723512,-59.64218787947256,1.0,-0.6981317007977318,0.0184341064485856,1,1.9214999920222908
21.416666666666732,477.5892274533046,300.749080485136,1.7186454996019582,49.39111570964628,72.4351156734081,0.5251199101448834,2.8342402380607865,-65.15659918893792,1.0,-0.6981317007977318,0.017975844958337234,1,1.912167004775256
21.433333333333398,477.4679709609554,301.56323229484354,1.713833891386196,49.3879206109417,72.8477655476072,0.5299315183606457,-44.40671503501997,-64.2739523038802,1.0,-0.14511002197548248,0.018251600448659745,1,1.9212919869460166
21.450000000000063,477.3506390058531,302.3779180586651,1.7182398157011611,49.385492335926216,73.26081970546358,0.5135024255576484,-126.51368688295682,-60.57225529370096,1.0,0.13303205260312587,0.014930998492404035,1,1.9062499923165888
21.46666666666673,477.2297232760551,303.19204853662836,1.7197364072153758,49.383646846914445,73.66513265041385,0.5120058340434337,-155.3106431716814,-57.9111987931511,1.0,0.045426837036270484,0.01992661668092759,1,1.8825420120265335
21.483333333333395,477.10759273015395,304.00597402407084,1.7191100051669346,49.3822442752655,74.06836076878041,0.5126322360918749,-168.60522280637804,-56.013294173512946,1.0,-0.019024848348131757,0.01873640570485964,1,1.8760410021059215
21.50000000000006,476.98597467805047,304.819958283781,1.7168000055540102,49.3811783208123,74.46375832017733,0.5021533173718127,-173.4645608271371,-54.71152390404606,1.0,-0.0700536016344808,0.021059970080318367,1,2.10770801641047
21.516666666666726,476.8662392164407,305.63420795071283,1.715932930137143,49.38036819542788,74.85988281055238,0.5030203927886798,-179.77860262585426,-53.01117444333125,1.0,-0.026332579966657582,0.019464029745403216,1,1.9092500151600689
21.533333333333392,476.74721129973045,306.448550977523,1.7154027143289694,49.37975250013571,75.25084144688981,0.48996255368088176,-183.65777738182663,-51.27110443685618,1.0,-0.016104879237534953,0.021207236510700767,1,1.9642919942270964
21.550000000000058,476.6286163011082,307.26294928293703,1.7153128619652733,49.37928457171366,75.63813374930893,0.4900524060445779,-186.487318919808,-49.460564924227825,1.0,-0.0027294484320256884,0.019643682811235696,1,2.004291978664696
21.566666666666723,476.5100953321618,308.0773523757973,1.714984426710065,49.37892894611291,76.02105080743077,0.47595825224363253,-186.73439385481322,-47.7937876233446,1.0,-0.009976654982996658,0.021358187545502384,1,1.9924170046579093
21.58333333333339,476.39184249555086,308.8917898933505,1.7146427378679763,49.378658670656336,76.39813126670353,0.47629994108572116,-187.26303943686827,-46.195049200560845,1.0,-0.010379278656549806,0.022460677632099423,1,1.9369999936316162
21.600000000000055,476.27386844081,309.70626438090335,1.7141343419018207,49.37845326130934,76.77090682300408,0.46151385815761753,-186.4173733478343,-44.70954148941331,1.0,-0.015442632931262384,0.021233018955750818,1,1.9909999973606318
21.61666666666672,476.15630884851,310.5207961655611,1.7139148656155503,49.37829715020562,77.13737945436328,0.46173333444388787,-183.04958178670938,-43.19097854495345,1.0,-0.006667090007567683,0.022482007974265517,1,1.9738750124815851
21.633333333333386,476.0389283114896,311.3353517749531,1.7137340323067647,49.37817850576679,77.4975186188513,0.44570857748957304,-181.08708717432043,-41.71860431368462,1.0,-0.005493261253766729,0.021685443637062395,1,1.9672080234158784
21.650000000000052,475.92169528925393,312.1499271098342,1.7127275560133008,49.37808833599328,77.85229799591845,0.4467150537830369,-176.0142853045107,-40.55983319037233,1.0,-0.030565060842766778,0.022681296686800814,1,1.9667919841594994
21.666666666666718,475.80528233858496,312.9646188937072,1.7125929124862445,49.37801980696542,78.19715462233509,0.4296920504871642,-170.80720208105492,-39.1739253665315,1.0,-0.004090163297715249,0.022087648260293115,1,1.9505000091157854
21.683333333333383,475.68897920461836,313.7793254851232,1.7126570152008644,49.377967724904245,78.53609415445415,0.41147577948114367,-164.69864255811515,-37.779237490967674,1.0,0.0019473047357250195,0.023982748258917524,1,2.002458000788465
21.70000000000005,475.5726239392594,314.5940239664396,1.7118608681121428,49.37792814253775,78.86524936689727,0.41227192656986533,-161.561036082035,-36.70601309124466,1.0,-0.024180598797511027,0.026414299259051165,1,1.9351249793544412
21.716666666666715,475.4569174010241,315.4088143290572,1.711918079934091,49.37789805993921,79.18193207151498,0.39302431970880325,-162.1687217489631,-35.408083690771036,1.0,0.001737976906429517,0.027736347148989208,1,2.1118329896125942
21.73333333333338,475.3411643009326,316.22359769330126,1.711118510264726,49.37787519716433,79.48663416228048,0.3735506920180236,-160.03540566383884,-34.426825084143545,1.0,-0.024284534752243583,0.030566895947365127,1,1.9286669848952442
21.750000000000046,475.22606275434134,317.03847306300446,1.7106402755983723,49.377857821455414,79.77673862577018,0.35262795876068465,-155.0959610032162,-33.383085048701155,1.0,-0.014526785286708047,0.029621058320572605,1,1.9621659885160625
21.766666666666712,475.1113509532265,317.85340316712717,1.7102079997417916,49.377844615916636,80.0480262691752,0.30669691290712686,-146.05020849970546,-32.36503397960449,1.0,-0.013130919803332086,0.03398097226125005,1,1.9166670099366456
21.783333333333378,474.99699146067115,318.6683826166032,1.7103541976115755,49.37783457970717,80.28612535193265,0.25515728482333655,-140.50019313184526,-31.20577879964841,1.0,0.004441170106740097,0.03455202622809846,1,1.9846670038532466
21.800000000000043,474.88251283876275,319.48334521236615,1.7100148458248767,49.377826952187974,80.47017425435043,0.20868336653886854,-129.40081052376826,-30.242259435816827,1.0,-0.010308465981994544,0.02998534020147136,1,1.949458004673943
21.81666666666671,474.7683107958609,320.29834651404735,1.709961538025995,49.37782115527338,80.6358675648777,0.19006107890449322,-108.5526309387977,-29.226554814474532,1.0,-0.0016193834915047278,0.02642068479863944,1,1.9180419913027436
21.833333333333375,474.65415220923234,321.1133538297124,1.7125386067812722,49.37781674961829,80.78791051176242,0.1694389907555396,-40.10748975312673,-27.431888089340426,1.0,0.07812688400486037,0.023969715638273728,1,1.89049998880364
21.85000000000004,474.5378936820031,321.92806418958526,1.711138691575073,49.377813401320424,80.92561122694569,0.15339553859038002,-23.141881686198182,-26.943341315877895,1.0,-0.042501037456080776,0.02669483105049717,1,1.9286670139990747
21.866666666666706,474.4227757996749,322.742936461171,1.711998474294743,49.37781085661405,81.0513556695542,0.1525357558707101,27.67031600930212,-25.76974549412012,1.0,0.026112557759234684,0.023713247892536496,1,1.9363749888725579
21.883333333333372,474.3069573514206,323.5577094233033,1.711241750133658,49.3778089226372,81.16480114976213,0.13642252556494205,29.61911079148722,-25.144732214612283,1.0,-0.02298373275029912,0.025478098044632715,1,1.907083991682157
21.900000000000038,474.19175549808347,324.37256977050725,1.7080646132943589,49.37780745281479,81.26948739482518,0.12327564795438417,64.14132137615034,-25.294761310136174,1.0,-0.09621710400161755,0.020155515529587487,1,1.937124994583428
21.916666666666703,474.07914314720114,325.18779199802736,1.7078217829838616,49.37780633574977,81.36842256659625,0.10771375436790187,54.85589834601866,-24.52773027529854,1.0,-0.007376570287197792,0.02188854733191456,1,1.9590840092860162
21.93333333333337,473.96672876223647,326.00304153318706,1.7052350814731754,49.377805486780346,81.4568957335853,0.11030045587858806,77.26849319249143,-24.518723000809068,1.0,-0.07841773667508603,0.020088149045637323,1,1.9464590004645288
21.950000000000035,473.85642355964916,326.81857911239945,1.7032830674016626,49.37780484156359,81.53817929917982,0.09694124749323518,103.24959334453881,-24.313150369970987,1.0,-0.059228967631082485,0.015026806614815374,1,1.8997500010300428
21.9666666666667,473.7477105081121,327.63433044693664,1.7053538410399933,49.37780435119885,81.61481068845796,0.08002784413960651,85.90397536746238,-22.863569300889026,1.0,0.06282322597613055,0.020892484941983556,1,2.0007090060971677
21.983333333333366,473.6373084553429,328.4498549063459,1.7037433612109916,49.37780397852165,81.68060039808253,0.08163832396860826,95.78554767925321,-22.6153620455457,1.0,-0.04888421492184866,0.015011711264106749,1,1.8798340170178562
22.000000000000032,473.52821993149547,329.265556103688,1.7015903450668077,49.37780369528698,81.73948434787604,0.06939328100666842,110.28104088664442,-22.54508830651497,1.0,-0.06531134934158306,0.012907608695652174,1,1.9529160053934902
22.016666666666698,473.4208878774445,330.08149027606277,1.70589605913623,49.377803480028625,81.79553561452323,0.05111093765650376,73.22505280228798,-20.47361381015086,1.0,0.13006072034736577,0.018533600056929146,1,1.909707993036136
22.033333333333363,473.3100436502925,330.8969547426675,1.7050749480705356,49.37780331643228,81.8375797338867,0.05193204872219815,29.5607702549257,-20.07146183050381,1.0,-0.024938558780278883,0.021373066437287692,1,1.8950839876197278
22.05000000000003,473.19986904760685,331.7125099477273,1.7034957474751358,49.37780319209905,81.87553141943556,0.03993377600828585,-6.965539236324613,-19.920565753747095,1.0,-0.0479362396241402,0.0205804296352464,1,1.9104999955743551
22.066666666666695,473.0909825072404,332.528238122006,1.700586967953592,49.377803097605806,81.9083867208617,0.04284255552982952,-30.547935701271832,-20.187672443711186,1.0,-0.08813406062176601,0.024431091241033306,1,1.8930000078398734
22.08333333333336,472.9844691977355,333.34427957065503,1.6898685060828147,49.37780302579094,81.93586791165161,0.04036127135104927,-2.2786120484925796,-22.768978258039443,1.0,-0.314779612408912,0.013058119334414649,1,1.9040829793084413
22.100000000000026,472.8867085483685,334.16141578020216,1.689068174323913,49.377802971211636,81.96907474251225,0.04116160310995087,7.932199353937541,-22.27170887522014,1.0,-0.02430770736945352,0.017622437493063595,1,1.888333004899323
22.116666666666692,472.7896019103825,334.9786299683064,1.694434899610703,49.37780292973137,81.9928501973935,0.022952247843712525,0.07877349382334664,-19.886645165871315,1.0,0.16160871355059436,0.02388732134482467,1,1.87312500202097
22.133333333333358,472.68811092788286,335.7953112451741,1.6972758751240247,49.37780289820636,82.01019547418467,0.007605932576476571,-11.406685173526457,-18.367788105405346,1.0,0.08608990094953044,0.02490334662317265,1,2.1570419776253402
22.150000000000023,472.5843001866187,336.61170089286446,1.6971631019289235,49.37780287424736,82.01645481782413,0.0077187057715777385,-8.889820658760971,-17.82538233647181,1.0,-0.0034258132407749275,0.02443982225583814,1,1.9810420053545386
22.16666666666669,472.48058151292173,337.4281022421314,1.6976269243415207,49.377802856038514,82.01977828465544,-0.004932242354053207,-7.700891231645681,-17.124125265213145,1.0,0.014089075317232296,0.024033922839700423,1,1.8636670138221234
22.183333333333355,472.3764841851806,338.24445539630904,1.6818433302335922,49.37780284219979,82.01571924627069,0.010851351753875305,20.52794720335901,-21.179818487190328,1.0,-0.4470926891804124,0.014596651052045861,1,2.050084003712982
22.20000000000002,472.28528427550106,339.06234982847286,1.6787355705940599,49.37780283168237,82.02060167843334,0.0020718348557566824,28.95781871571854,-21.45928733738239,1.0,-0.09412860388350136,0.017138254297417266,1,1.9073339935857803
22.216666666666686,472.1966266214618,339.8805237377679,1.6813266096993809,49.37780282368912,82.02230672143003,-0.000519204249564309,27.470590648738295,-19.956872845042405,1.0,0.07854869846146711,0.02194040366364126,1,1.9590840092860162
22.233333333333352,472.1058493468125,340.69846518537366,1.6752791009554147,49.37780281761426,82.01721778341305,-0.006076816727398349,45.01069709402872,-21.181221504647407,1.0,-0.18168548001585438,0.012569769433999694,1,1.8933750106953084
22.250000000000018,472.02002021004137,341.5169406489391,1.667653583009342,49.37780281299736,82.01221681655727,0.001548701218674342,64.5115259996417,-22.829640642043756,1.0,-0.22763317142429706,0.008079341152248244,1,1.8929170037154108
22.266666666666683,471.9404348075316,342.33604680127144,1.6820021682112787,49.377802809488514,82.00856575232874,-0.02413991449136499,53.99079071638293,-17.86397298634092,1.0,0.41105127581556,0.02127349055226943,1,1.8906670156866312
22.28333333333335,471.8491049863515,343.1539267366968,1.6809752490664185,49.3778028068218,81.98870141611,-0.023112995346504794,60.771834366053014,-17.62498066209352,1.0,-0.031185659034402402,0.013110933729689063,1,1.836999988881871
22.300000000000015,471.75861510974795,343.9719000291611,1.6832216909414983,49.37780280479509,81.96479923256389,-0.03645085513201485,55.16404942409055,-16.37641826442976,1.0,0.06813682083201064,0.01733433668274977,1,1.9058340112678707
22.31666666666668,471.66628793356443,344.78966797757204,1.66846143601703,49.37780280325479,81.9348081559964,-0.02169060020754654,63.22855293499998,-20.19783078095558,1.0,-0.4215120400730598,0.009914514030849284,1,1.9082080107182264
22.333333333333346,471.58604083973967,345.6087095691966,1.6541217372941095,49.37780280208416,81.91238104122787,-0.01820964191583041,74.21105355876341,-23.76254752500779,1.0,-0.4108244002553235,0.0055895560566155715,1,1.9471670093480498
22.350000000000012,471.51754640341903,346.428817633446,1.6660806424317796,49.377802801194484,81.8973960009508,-0.030168547053500472,56.93689294664073,-19.402511817308437,1.0,0.34846319162033423,0.023931668221231907,1,1.8777080113068223
22.366666666666678,471.4392495041493,347.24804795539455,1.6726820108278009,49.37780280051833,81.86851446547837,-0.047411414515443395,46.668899666891164,-16.754219250343567,1.0,0.19791138837790703,0.023943449876429476,1,1.8620420014485717
