t,x,y,heading,speed,true_offset,true_heading_err,det_offset,det_lookahead,det_confidence,steering,lane_iou,off_track,detect_ms
0.0,251.31546914487853,700.5258187647061,0.42781358530668184,85.0,-4.268807529683727e-14,-0.047548979100045796,55.2,138.0,0.5,0.6981317007977318,0.0,0,0.8577909902669489
0.016666666666666666,252.6044587689879,701.1135688760482,0.4753625644067277,85.0,-0.10225379479940797,-0.12285358628949167,82.72,124.0,0.5,0.6981317007977318,0.0,0,0.8460419776383787
0.03333333333333333,253.86405513774434,701.7619217369659,0.5229115435067736,85.0,-0.2758589014287843,-0.17040256538953757,93.232,109.0,0.5,0.6981317007977318,0.0,0,0.7749999931547791
0.05,255.09141095941436,702.4694117591267,0.5334989186461908,85.0,-0.5365564429278841,-0.20642827861254112,91.5392,89.0,0.5,0.18470645466666613,0.0,0,0.8435419877059758
0.06666666666666667,256.3112076706928,703.1898563632419,0.5274360614604475,85.0,-0.8269239847759482,-0.20036542142679784,86.92352,80.0,0.5,-0.10658612719999982,0.0,0,0.8219169976655394
0.08333333333333333,257.5353498892368,703.902892318312,0.5239836984203506,85.0,-1.1127280635434549,-0.22001822482423938,82.954112,77.0,0.5,-0.060848842986666096,0.0,0,0.8768749830778688
0.09999999999999999,258.7619464667159,704.61169784916,0.5284757662932681,85.0,-1.4219118923992617,-0.22451029269715686,80.57246719999999,77.0,0.5,0.07910636087466488,0.0,0,0.8124590094666928
0.11666666666666665,259.9853466768247,705.3260061651905,0.5244508595013965,85.0,-1.737302935507639,-0.2204853859052852,76.74348031999999,71.0,0.5,-0.07090868347519924,0.0,0,0.7616670045536011
0.13333333333333333,261.211611994112,706.0353846368562,0.5258731489285912,85.0,-2.063164483374291,-0.2429661860922058,74.04608819199998,70.0,0.5,0.025093956581545562,0.0,0,0.73441700078547
0.15,262.43686712992906,706.7465064946263,0.507796541173504,85.0,-2.4039900397969207,-0.22488957833711865,68.0276529152,59.0,0.5,-0.30879462605107105,0.0,0,0.754000007873401
0.16666666666666666,263.67477605754397,707.4353649208473,0.5045279160175941,85.0,-2.7199048965097212,-0.22162095318120867,64.81659174912,60.0,0.5,-0.0576177756306433,0.0,0,0.8006250136531889
0.18333333333333332,264.91492998828215,708.1201734141642,0.50768173865507,85.0,-3.0546054418266024,-0.24403175664512478,62.88995504947199,60.0,0.5,0.05559833462161437,0.0,0,0.7194580102805048
0.19999999999999998,266.1529179904215,708.8088897207837,0.5058415411271536,85.0,-3.396896024970773,-0.24219155911720835,60.13397302968319,56.0,0.5,-0.032462665893698534,0.0,0,0.7459999760612845
0.21666666666666665,267.3921712697749,709.4953267201188,0.4984163340931595,85.0,-3.7391298542691467,-0.25243198497515057,56.48038381780991,51.0,0.5,-0.13029076620288632,0.0,0,0.8204170153476298
0.2333333333333333,268.6364872769768,710.1725431690223,0.4916708961682532,85.0,-4.092955962404021,-0.24568654705024429,53.08823029068595,48.0,0.5,-0.11847962638839687,0.0,0,0.7231660129036754
0.24999999999999997,269.88534306239217,710.8413508182603,0.4895230456271069,85.0,-4.437520905099606,-0.24353869650909798,50.652938174411574,47.0,0.5,-0.037885109166372,0.0,0,0.7134169864002615
0.26666666666666666,271.135632464926,711.5074745712941,0.4878213501090039,85.0,-4.784247324779655,-0.2580920004239098,48.39176290464694,45.0,0.5,-0.03002089883315659,0.0,0,0.7241669809445739
0.2833333333333333,272.38705359644445,712.1714697490127,0.4840021786663231,85.0,-5.145831960424566,-0.254272828981229,45.835057742788166,42.0,0.5,-0.06729537263322705,0.0,0,0.7636249938514084
0.3,273.64100150657157,712.8306807039673,0.47865098851346555,85.0,-5.502182681267607,-0.24892163882837143,43.1010346456729,39.0,0.5,-0.09415355691327054,0.0,0,0.7106670236680657
0.31666666666666665,274.89845900952974,713.4831721389293,0.48098914536559045,85.0,-5.8565542369221975,-0.2662600181564117,41.86062078740373,40.0,0.5,0.041238199185371194,0.0,0,0.710833992343396
0.3333333333333333,276.154387449314,714.1386019205119,0.45554579616843355,85.0,-6.229314786744107,-0.2408166689592548,35.91637247244224,27.0,0.5,-0.4220222471554432,0.0,0,0.688083004206419
0.35,277.42658391917706,714.7618679844945,0.4657127287604602,85.0,-6.567183848990198,-0.25098360155128147,36.34982348346534,37.0,0.5,0.1775276517067335,0.0,0,0.7944999961182475
0.36666666666666664,278.6923780434538,715.3980359492576,0.44536502108791537,85.0,-6.922927957392833,-0.24451619780483916,31.409894090079206,24.0,0.5,-0.3447384089759595,0.0,0,0.71308299084194
0.3833333333333333,279.97085380546076,716.0083179909442,0.4423251425098446,85.0,-7.265884458350597,-0.24147631922676843,29.645936454047522,27.0,0.5,-0.05359354538557609,0.0,0,0.7461250061169267
0.39999999999999997,281.25117884081124,716.6147108077711,0.4450244035104008,85.0,-7.6046609850610745,-0.2441755802273246,28.987561872428515,28.0,0.5,0.04759803943532155,0.0,0,0.6943749904166907
0.41666666666666663,282.52986240144025,717.2245573427465,0.43340862771185473,85.0,-7.948437389073613,-0.24543727397462353,25.79253712345711,21.0,0.5,-0.20218350967214074,0.0,0,0.718457973562181
0.4333333333333333,283.8155433803755,717.8195101684802,0.4305417550654901,85.0,-8.292659788708924,-0.24257040132825888,24.275522274074266,22.0,0.5,-0.05054877246995099,0.0,0,0.7013339782133698
0.44999999999999996,285.10292472748046,718.4107746706877,0.4262800871731186,85.0,-8.63294109175033,-0.23830873343588738,22.56531336444456,20.0,0.5,-0.07506459681530381,0.0,0,0.6878749991301447
0.4666666666666666,286.39281414933095,718.9965474285406,0.4165078591301323,85.0,-8.967358710815635,-0.22853650539290107,19.939188018666734,16.0,0.5,-0.17077142475584944,0.0,0,0.7027079991530627
0.4833333333333333,287.6883661956102,719.5696873240513,0.42315724710110236,85.0,-9.302531840051005,-0.24716252907473626,20.36351281120004,-111.5,1.0,0.11680797847982392,0.32960833111846716,0,0.7513750169891864
0.49999999999999994,288.98007859954913,720.1514291138126,0.4099105025821645,85.0,-9.649124590450242,-0.23391578455579842,17.218107686720025,-116.5,1.0,-0.22964229624543875,0.3575347949979983,0,0.770957994973287
0.5166666666666666,290.2793836322188,720.7160093796064,0.40981077607352956,85.0,-9.977491538325472,-0.2338160580471635,16.530864612032016,-112.0,1.0,-0.001759877747263494,0.32341108290626946,0,0.7234590011648834
0.5333333333333333,291.5787449620461,721.2804600674383,0.4055511789087874,85.0,-10.314558852223186,-0.24072142638582816,15.11851876721921,-113.5,1.0,-0.07502825998169114,0.3363105828766636,0,0.7318340067286044
0.55,292.8804988292548,721.8393708954346,0.39630527986470926,85.0,-10.652296879474774,-0.23147552734175003,12.871111260331526,-112.5,1.0,-0.16173770598901488,0.3597978941417568,0,0.6791249907109886
0.5666666666666668,294.1873646150352,722.3862221205417,0.3949443643594622,85.0,-10.97729996996352,-0.23011461183650295,12.122666756198916,-112.0,1.0,-0.024011540260075584,0.326317913654547,0,0.7239590049721301
0.5833333333333335,295.4949734086802,722.9312943058775,0.38842037814169555,85.0,-11.30354075522743,-0.23402212626251614,10.473600053719348,-110.5,1.0,-0.11462450748937897,0.34113476842179397,0,0.7167500152718276
0.6000000000000002,296.80611039314135,723.4678241302325,0.3796245642318399,85.0,-11.632054249207677,-0.22522631235266047,8.484160032231609,-111.0,1.0,-0.15399137116029377,0.36035528647025006,0,0.7237500103656203
0.6166666666666669,298.12191581463406,723.992800831825,0.3781871711146478,85.0,-11.94843411539022,-0.22378891923546837,7.890496019338965,-108.0,1.0,-0.02536032269617635,0.37583767249632244,0,0.7010000117588788
0.6333333333333336,299.43847447447257,724.5158856620855,0.3712720572039323,85.0,-12.262828778305813,-0.2168738053247529,6.334297611603379,-110.5,1.0,-0.12143102695103912,0.3470142246842871,0,0.6954999989829957
0.6500000000000004,300.75861881866666,725.0298539052064,0.3686026322687254,85.0,-12.578379421811466,-0.22397123725744897,5.600578566962027,-107.0,1.0,-0.04707269950395685,0.3558491495023622,0,0.7041250064503402
0.6666666666666671,302.08013045731644,725.5402962950583,0.3573098310606402,85.0,-12.893025922693116,-0.21267843604936373,3.360347140177216,-107.5,1.0,-0.1967077030357074,0.3833092694195784,0,0.7004170038271695
0.6833333333333338,303.40732203433646,726.0357828865334,0.35616283811039995,85.0,-13.192054140846697,-0.2115314430991235,3.0162082841063294,-104.5,1.0,-0.020238288488091144,0.3465738545450298,0,0.7130000158213079
0.7000000000000005,304.7350810578374,726.5297468730306,0.34563992859807513,85.0,-13.493428468114134,-0.21017150549357455,1.0097249704637974,-103.0,1.0,-0.18360697309285468,0.36025722727536064,0,0.7152080070227385
0.7166666666666672,306.06796441196326,727.0097118808578,0.34255545259685094,85.0,-13.788984283590889,-0.20708702949235036,0.40583498227827836,-102.0,1.0,-0.05437826718904613,0.37976825028968714,0,0.742042000638321
0.733333333333334,307.4023218637738,727.485563365296,0.3384631874544485,85.0,-14.080265179587816,-0.20299476434994787,-0.3564990106330331,-102.0,1.0,-0.072091293646761,0.3940565186196681,0,0.7295000250451267
0.7500000000000007,308.7386154476096,727.9559503360379,0.33032037142007814,85.0,-14.365870143534199,-0.19485194831557756,-1.81389940637982,-99.0,1.0,-0.1427197761880566,0.36547557396858277,0,0.7145830022636801
0.7666666666666674,310.0786949621544,728.4154406396809,0.32735130821223746,85.0,-14.649391905445219,-0.2004957819520325,-2.288339643827892,-99.0,1.0,-0.052347365712833945,0.37568022277658525,0,0.7177919906098396
0.7833333333333341,311.42013282382817,728.8709501431082,0.3186347754016664,85.0,-14.931528446824979,-0.19177924914146144,-3.7730037862967354,-95.5,1.0,-0.1526249194277004,0.3923718220703416,0,0.7269170018844306
0.8000000000000008,312.76549013923346,729.3147498032364,0.31626517090610823,85.0,-15.201553366012838,-0.18940964464590324,-4.063802271778041,-94.5,1.0,-0.04179220165662019,0.3630515549032199,0,0.7377089932560921
0.8166666666666675,314.11189530621834,729.7553602556327,0.3066520244251713,85.0,-15.470304030355265,-0.18790712130711118,-5.638281363066825,-92.5,1.0,-0.1680439043273055,0.37040266146610074,0,0.717750022886321
0.8333333333333343,315.46247384887346,730.1830073584687,0.3046936428359269,85.0,-15.734941992112406,-0.1859487397178668,-5.782968817840095,-91.0,1.0,-0.034545925929716614,0.387009983513464,0,0.7312500092666596
0.850000000000001,316.8138872972981,730.6080086947742,0.30080883663195873,85.0,-15.996853910568927,-0.1820639335138986,-6.269781290704056,-91.0,1.0,-0.06844830555782988,0.40363333827199893,0,0.7116249762475491
0.8666666666666677,318.1669415918345,731.02775685794,0.29004043577987304,85.0,-16.25335526363835,-0.17129553266181294,-7.961868774422434,-89.5,1.0,-0.187791483334698,0.37343771303913104,0,0.7227910100482404
0.8833333333333344,319.5244373672076,731.4329107352366,0.2916190971718956,85.0,-16.50058148452788,-0.1805251330088231,-7.377121264653461,-87.5,1.0,0.02785152666584777,0.3797773781612073,0,0.7249169866554439
0.9000000000000011,320.8812918505065,731.8402071329573,0.2853740221810156,85.0,-16.754938597675114,-0.1742800580179431,-8.226272758792076,-89.0,1.0,-0.10976425066715784,0.39986087035854395,0,0.6993749993853271
0.9166666666666679,322.24066345459005,732.2390219853082,0.27860813335887247,85.0,-17.000587388630983,-0.16751416919579998,-9.135763655275245,-87.5,1.0,-0.11883546706696133,0.3680764446454823,0,0.7267080072779208
0.9333333333333346,323.602702261009,732.6286304224003,0.2725628196508982,85.0,-17.236790817152965,-0.16146885548782572,-9.881458193165148,-86.5,1.0,-0.10628003024017707,0.3835829010262103,0,0.750708015402779
0.9500000000000013,324.9670714699721,733.00999783852,0.269130381611939,85.0,-17.473121093878397,-0.16526572694980046,-10.12887491589909,-83.0,1.0,-0.060498518144106096,0.396586085370385,0,0.7267500041052699
0.966666666666668,326.3327416591514,733.3866799045006,0.26508424458322966,85.0,-17.70618322164476,-0.16121958992109117,-10.477324949539454,-82.0,1.0,-0.07128144421979715,0.4109025456415531,0,0.7165839779190719
0.9833333333333347,327.6999247725957,733.7578332134676,0.2583949102320439,85.0,-17.933589530368373,-0.15453025556990543,-11.286394969723673,-82.0,1.0,-0.11750328319854493,0.37698738649533603,0,0.691708002705127
1.0000000000000013,329.0695600474131,734.119832741672,0.25555987789920664,85.0,-18.152746676136793,-0.15853700044039595,-11.371836981834203,-80.5,1.0,-0.04998830325245996,0.3902209474297495,0,0.7245419838000089
1.016666666666668,330.44021609706743,734.4779478600215,0.24956032637684933,85.0,-18.37640111783105,-0.1525374489180386,-12.023102189100522,-79.5,1.0,-0.10548148195147611,0.4081803845250478,0,0.7066250254865736
1.0333333333333345,331.8129959958892,734.8278332610249,0.245983918998444,85.0,-18.59165880795543,-0.14896104153963327,-12.213861313460313,-79.0,1.0,-0.06302947250421906,0.4219243871111856,0,0.7307089981622994
1.0500000000000012,333.1870184453816,735.1728068147002,0.23944924752535104,85.0,-18.801907384519108,-0.14242637006654033,-12.928316788076188,-78.5,1.0,-0.1148106001691982,0.38424577751892836,0,0.741249998100102
1.0666666666666678,334.5632658310688,735.5087942814807,0.2332404502790803,85.0,-19.00609814983708,-0.1427024509280873,-13.556990072845714,-77.0,1.0,-0.10913169343485223,0.39745366747892963,0,0.7105419936124235
1.0833333333333344,335.9415727549044,735.8362304861852,0.23051968848481205,85.0,-19.207574516790004,-0.1399816891338191,-13.534194043707428,-73.5,1.0,-0.0479765993942446,0.41265110301042623,0,0.7128329889383167
1.100000000000001,337.32076545207053,736.1599154387673,0.22775296488467706,85.0,-19.405234909243344,-0.13721496553368406,-13.520516426224457,-77.0,1.0,-0.04878579296988022,0.3751315983110135,0,0.704041012795642
1.1166666666666676,338.70084841620064,736.4797833123688,0.2227377537240783,85.0,-19.59901336366131,-0.13219975437308534,-13.912309855734675,-73.0,1.0,-0.08827372578192799,0.382739842682025,0,0.890374998562038
1.1333333333333342,340.08251822241175,736.7927257847962,0.2151581109883466,85.0,-19.79031496531327,-0.13077568336067605,-14.747385913440805,-70.5,1.0,-0.13296915213582347,0.40466447083873974,0,0.718166003935039
1.1500000000000008,341.4665203090936,737.0951868046064,0.21592097117335435,85.0,-19.97505289092057,-0.13153854354568378,-14.048431548064482,-70.0,1.0,0.013461425385172691,0.41250488908755656,0,0.6980419857427478
1.1666666666666674,342.8502912576144,737.3987035363928,0.20635800234571453,85.0,-20.16086225305228,-0.12197557471804396,-15.22905892883869,-71.5,1.0,-0.16718306143556327,0.38168614948636204,0,0.6947920192033052
1.183333333333334,344.2369014102384,737.6889736331726,0.20032458206103446,85.0,-20.333232818111586,-0.1159421544333639,-15.737435357303212,-67.0,1.0,-0.10607250352800444,0.3983350262774367,0,0.7091249863151461
1.2000000000000006,345.625237636001,737.9708724956741,0.19864343120043385,85.0,-20.502704915406053,-0.12011218553209407,-15.442461214381927,-64.5,1.0,-0.029658668783469233,0.40534963444534433,0,0.8261670009233057
1.2166666666666672,347.01404581415085,738.2504369582736,0.19526420013274634,85.0,-20.67245499458171,-0.11673295446440657,-15.465476728629156,-66.0,1.0,-0.059562951270081634,0.4225578406169666,0,0.7042080105748028
1.2333333333333338,348.4037907738867,738.5253067298621,0.1897068502296871,85.0,-20.83745136072333,-0.11117560456134735,-15.879286037177494,-64.5,1.0,-0.0977582707620491,0.3864384536678678,0,0.7166249852161855
1.2500000000000004,349.795041812776,738.7924489976408,0.1872017977193671,85.0,-20.99462588643421,-0.10867055205102732,-15.727571622306495,-64.0,1.0,-0.04417804579056267,0.3992099260001113,0,0.6855420069769025
1.266666666666667,351.1869576911256,739.0561052739603,0.18328372583132016,85.0,-21.154519260079987,-0.11032182742257304,-15.836542973383898,-63.5,1.0,-0.06903257747433775,0.41564266743076295,0,0.7432080165017396
1.2833333333333337,352.5798959072399,739.3143059140306,0.17511323182671784,85.0,-21.310491678170717,-0.10215133341797071,-16.701925784030337,-61.5,1.0,-0.1431982964846023,0.42826752053337425,0,0.742042000638321
1.3000000000000003,353.9748972327537,739.5611170690851,0.17314608651378657,85.0,-21.45495451855244,-0.10018418810503946,-16.421155470418203,-58.0,1.0,-0.03470039455742844,0.3903792886544467,0,0.7120000082068145
1.3166666666666669,355.37038137227114,739.8051835780528,0.17282851449643702,85.0,-21.596644819304842,-0.0998666160876899,-15.852693282250922,-60.0,1.0,-0.005604153401123697,0.406749225328209,0,0.7058339833747596
1.3333333333333335,356.7659429501122,740.0488069080074,0.1658145595135062,85.0,-21.74449213099433,-0.0981606394824036,-16.51161596935055,-60.0,1.0,-0.12314932537400716,0.4226344597030579,0,0.6907909992150962
1.35,358.16317894943273,740.2826359195675,0.1612470482165568,85.0,-21.883329824008634,-0.09359312818545418,-16.70696958161033,-56.5,1.0,-0.08042926189107137,0.4391993382240895,0,0.7476250175386667
1.3666666666666667,359.5614683870368,740.5100806230214,0.15818123029304498,85.0,-22.015726599128016,-0.09052731026194237,-16.624181748966198,-56.5,1.0,-0.0540499738013093,0.3946820066059276,0,0.7389169768430293
1.3833333333333333,360.9604485561735,740.733237363468,0.1604789199846236,85.0,-22.143798525558605,-0.09282499995352099,-15.574509049379717,-56.0,1.0,0.040525265719214554,0.4027608473626989,0,0.7017079915385693
1.4,362.3589122879483,740.9596079343355,0.14834261144354713,85.0,-22.281828059672602,-0.08575391393262992,-17.14470542962783,-57.0,1.0,-0.2109828405684716,0.41584386014843355,0,0.7834580028429627
1.4166666666666665,363.7600202667877,741.1689900636521,0.14725785794868337,85.0,-22.403163931443583,-0.08466916043776618,-16.686823257776698,-51.0,1.0,-0.01914037100774936,0.43525880164884767,0,0.760833005188033
1.4333333333333331,365.16135454924415,741.3768522133012,0.1452573993785186,85.0,-22.52296864491477,-0.08266870186760138,-16.41209395466602,-52.5,1.0,-0.03528755593798329,0.39926050714332595,0,0.7052909932099283
1.4499999999999997,366.56310184708894,741.5819106377301,0.14048738771131997,85.0,-22.639949289731703,-0.07789869020040274,-16.64725637279961,-53.0,1.0,-0.08397870022945625,0.4139797265595164,0,0.6922079774085432
1.4666666666666663,367.96581132534567,741.7802804037057,0.13951285334456948,85.0,-22.75682867511469,-0.08176358864570896,-16.188353823679765,-51.0,1.0,-0.017195970137673947,0.4288075356745487,0,0.7070419960655272
1.483333333333333,369.3687134556374,741.9772830871069,0.13317513369976489,85.0,-22.87253140746345,-0.07542586900090437,-16.713012294207857,-50.0,1.0,-0.11137924874927067,0.39062754597694904,0,0.7292500231415033
1.4999999999999996,370.77283595047413,742.1653906731792,0.12900876765988567,85.0,-22.979283434847122,-0.07125950296102515,-16.827807376524717,-49.0,1.0,-0.07339204924956307,0.4055302036701822,0,0.7261249993462116
1.5166666666666662,372.177729981315,742.3476465552577,0.12839377912003622,85.0,-23.08014898230056,-0.0706445144211757,-16.29668442591483,-48.5,1.0,-0.010852312883070737,0.4142684931506849,0,0.7081250078044832
1.5333333333333328,373.58273583175446,742.5290384091963,0.12227387214344546,85.0,-23.186539911972154,-0.06915374966640148,-16.778010655548897,-47.5,1.0,-0.10758138772984242,0.4273890061125492,0,0.6799999973736703
1.5499999999999994,374.9888254655933,742.7018284148547,0.11934604798847298,85.0,-23.284429658385633,-0.066225925511429,-16.666806393329338,-46.0,1.0,-0.051621582637905665,0.39197540956803245,0,0.7613330089952797
1.566666666666666,376.39541497085736,742.8705009026099,0.11951331716459695,85.0,-23.378181154082434,-0.06639319468755298,-16.0000838359976,-46.0,1.0,0.0029518004172569487,0.4042624692401921,0,0.7929590065032244
1.5833333333333326,377.801976242736,743.039408667072,0.11613443383739973,85.0,-23.472169093674147,-0.06301431136035576,-16.00005030159856,-46.5,1.0,-0.05955683641631256,0.4212410372526821,0,0.7056250178720802
1.5999999999999992,379.20910020391415,743.2035628699506,0.10941282688524505,85.0,-23.5674145986547,-0.06072574564566614,-16.600030180959138,-43.5,1.0,-0.1180649351831213,0.433635799430736,0,0.7060839852783829
1.6166666666666658,380.6172957500046,743.3582553016192,0.10612687373047944,85.0,-23.653389874940597,-0.05743979249090053,-16.560018108575484,-41.5,1.0,-0.05792254444320609,0.3957343424136226,0,0.7292499940376729
1.6333333333333324,382.0259920047836,743.5083196418738,0.10497413213964879,85.0,-23.734718175601966,-0.05628705090006989,-16.13601086514529,-41.0,1.0,-0.020339693332590163,0.40508369362795815,0,0.7257499964907765
1.649999999999999,383.4348603089836,743.6567600200225,0.10407915038376075,85.0,-23.81441606524797,-0.05539206914418185,-15.681606519087174,-42.0,1.0,-0.01579248266622066,0.42178810164037106,0,0.7112500024959445
1.6666666666666656,384.8438609003499,743.803939427461,0.1011686465099677,85.0,-23.89843331386936,-0.05673152397434366,-15.608963911452303,-41.0,1.0,-0.05131673959973224,0.43640402652872873,0,0.730416999431327
1.6833333333333322,386.253283889506,743.9470173156296,0.10032517396817366,85.0,-23.978759868603404,-0.05588805143254962,-15.165378346871382,-40.5,1.0,-0.014883710426506137,0.3961988146841488,0,0.7294579991139472
1.6999999999999988,387.6628270595537,744.088906343452,0.09303042684363079,85.0,-24.057893397858706,-0.04859330430800676,-15.89922700812283,-40.0,1.0,-0.1280267262559038,0.4095895542355648,0,0.6965000065974891
1.7166666666666655,389.07336776191886,744.2205094263022,0.09276607762224619,85.0,-24.126706823203218,-0.048328955086622154,-15.3395362048737,-38.5,1.0,-0.004664952420208958,0.42097506528971296,0,0.6954589916858822
1.733333333333332,390.48394320417145,744.3517396292222,0.08805758820492417,85.0,-24.200215426922004,-0.04769931100481318,-15.60372172292422,-39.0,1.0,-0.08290055478545871,0.43471714347171436,0,0.9084169869311154
1.7499999999999987,391.8951209040526,744.476326722465,0.0849892397648025,85.0,-24.267763829417206,-0.0446309625646915,-15.56223303375453,-37.0,1.0,-0.05409449953794175,0.3967822318526544,0,0.7214580255094916
1.7666666666666653,393.30667423700106,744.5965832511296,0.08294476259977783,85.0,-24.33097003785826,-0.04258648539966684,-15.337339820252717,-36.0,1.0,-0.036063366389431695,0.4091384234064335,0,0.7218329992610961
1.7833333333333319,394.71847048143945,744.7139536419189,0.08155631566980322,85.0,-24.391282657733996,-0.041198038469692236,-15.00240389215163,-36.5,1.0,-0.024497103166992377,0.42804684823569716,0,0.7731670048087835
1.7999999999999985,396.13042832756474,744.8293637160442,0.07616759234402931,85.0,-24.45414383961561,-0.039728074641443255,-15.401442335290978,-35.5,1.0,-0.09481001190019547,0.4389289501590668,0,0.7084170065354556
1.816666666666665,397.5429875832329,744.9371635011585,0.07490654105178988,85.0,-24.510410474839944,-0.03846702334920383,-15.040865401174587,-32.5,1.0,-0.022250173806784068,0.3970349704794654,0,0.76299998909235
1.8333333333333317,398.95568165676207,745.0431818913559,0.07734662075187912,85.0,-24.564891986108194,-0.04090710304929306,-14.024519240704752,-34.0,1.0,0.0430336457159298,0.4088902731090181,0,0.7213749922811985
1.8499999999999983,400.3681128316458,745.1526470486477,0.07109957301751263,85.0,-24.62282755412909,-0.03466005531492657,-14.61471154442285,-35.0,1.0,-0.10979864590377542,0.4229473481567042,0,0.7224169967230409
1.866666666666665,401.7812002757434,745.253286602394,0.06937068346680138,85.0,-24.67585539450969,-0.036700020684243204,-14.36882692665371,-34.5,1.0,-0.03050035420893217,0.44353226423922754,0,0.7221249979920685
1.8833333333333315,403.19445960252676,745.3514829348323,0.06714970355051549,85.0,-24.727835420069283,-0.03447904076795731,-14.221296155992228,-31.5,1.0,-0.03917371252535926,0.3979401763087786,0,0.748499995097518
1.8999999999999981,404.6079335355857,745.446540207081,0.06463318104643095,85.0,-24.776671050480914,-0.03196251826387278,-14.132777693595337,-31.0,1.0,-0.04438006084854897,0.411066132651856,0,0.7150000019464642
1.9166666666666647,406.021642206475,745.5380401431291,0.06083046524175408,85.0,-24.821943575347895,-0.028159802459195908,-14.279666616157202,-30.5,1.0,-0.06700628650912928,0.42665753541925266,0,0.7227500027511269
1.9333333333333313,407.4356886032196,745.6241634982546,0.060641527189202384,85.0,-24.865184288404528,-0.03159923446769196,-13.76779996969432,-29.5,1.0,-0.0033341885721439243,0.4406896405561207,0,0.7326669874601066
1.949999999999998,408.8497512467041,745.7100196846719,0.05832352205821047,85.0,-24.90994242111333,-0.029281229336700035,-13.660679981816592,-30.5,1.0,-0.040883179809953415,0.4034084264466676,0,0.7176660001277924
1.9666666666666646,410.2640091061089,745.7925978389027,0.05468251239602651,85.0,-24.951418235253378,-0.025640219674516088,-13.796407989089957,-28.0,1.0,-0.06416490788597198,0.42039378631766555,0,0.7124170078895986
1.9833333333333312,411.6785582583434,745.8700261306132,0.05684336003030067,85.0,-24.987737899936104,-0.02780106730879024,-12.877844793453974,-28.5,1.0,0.03811413860175014,0.4255070787551672,0,0.7013340073172003
1.9999999999999978,413.0929367975177,745.9505108643677,0.050511859731656436,85.0,-25.02989662511179,-0.02496618589418345,-13.526706876072385,-29.0,1.0,-0.11127085017228328,0.4426484928138381,0,0.7068330014590174
2.0166666666666644,414.5077965727679,746.0220389065846,0.05213275517623475,85.0,-25.065261714289782,-0.026587081338761767,-12.716024125643433,-27.5,1.0,0.028596239896629967,0.4041687524630148,0,0.697499985108152
2.033333333333331,415.92253854995954,746.0958601935988,0.047704581634484905,85.0,-25.102922308944787,-0.022158907797011924,-13.02961447538606,-28.5,1.0,-0.07798575606202192,0.4183070866141732,0,0.7218749960884452
2.0499999999999976,417.33759354893516,746.1634160543258,0.04722647625079343,85.0,-25.13431152606919,-0.021680802413320446,-12.617768685231637,-27.0,1.0,-0.008436953637213147,0.43015886609857407,0,0.7037500035949051
2.066666666666664,418.75268068500026,746.2302953619442,0.04481897649272134,85.0,-25.167250708309048,-0.022646285506618825,-12.570661211138981,-27.5,1.0,-0.042459755515661064,0.44538814336674026,0,0.6983750208746642
2.083333333333331,420.16792473186723,746.2937676570979,0.045633600637557205,85.0,-25.199330203928415,-0.023460909651454694,-11.942396726683388,-24.5,1.0,0.014374730023936536,0.4029978995608173,0,0.705832993844524
2.0999999999999974,421.58311660308897,746.3583928230349,0.04408754912597899,85.0,-25.232563443730506,-0.021914858139876477,-11.765438036010032,-27.0,1.0,-0.027276495318971257,0.41440920338057136,0,0.7194170029833913
2.116666666666664,422.9984066967576,746.420829953076,0.03662033045682896,85.0,-25.26360700778717,-0.014447639470726453,-12.65926282160602,-25.5,1.0,-0.13101956385804972,0.43192670157068064,0,0.7141669921111315
2.1333333333333306,424.4141235601488,746.4726971600016,0.03871698097956524,85.0,-25.28578152988037,-0.019801193961652547,-11.795557692963612,-23.5,1.0,0.03698284501850375,0.4448337549884089,0,0.7106249977368861
2.1499999999999972,425.8297285645087,746.5275325142516,0.03576949024798598,85.0,-25.31383138824337,-0.016853703230073288,-11.877334615778167,-23.5,1.0,-0.051967709655564555,0.40667457979185656,0,0.7482499931938946
2.166666666666664,427.24548904616046,746.5781951537167,0.036302751082450804,85.0,-25.337706337512657,-0.01738696406453811,-11.3264007694669,-23.0,1.0,0.00941020753999474,0.4183929097722201,0,0.8081669802777469
2.1833333333333305,428.6612223101143,746.6296127555585,0.0346297556462761,85.0,-25.362336628910658,-0.015713968628363408,-11.195840461680142,-24.0,1.0,-0.029514875476003434,0.43196707363763986,0,0.7079580100253224
2.199999999999997,430.077039614184,746.678661771259,0.03380113499471146,85.0,-25.385827779582826,-0.01803322671447127,-10.917504277008085,-23.5,1.0,-0.014621675285601876,0.4477522034113246,0,0.7277090044226497
2.2166666666666637,431.49289707521774,746.7265375947981,0.03130973488072825,85.0,-25.411373466144582,-0.01554182660048806,-10.95050256620485,-24.5,1.0,-0.04393758850469426,0.4097742363877822,0,0.7404159987345338
2.2333333333333303,432.9088694197962,746.7708858059622,0.028884113418263833,85.0,-25.43339016745393,-0.01311620513802364,-10.970301539722911,-22.5,1.0,-0.04277896976948352,0.42430721590849246,0,0.7184580026660115
2.249999999999997,434.32494517070865,746.8117992771206,0.027604048004144323,85.0,-25.451970925299168,-0.01183613972390413,-10.782180923833746,-22.0,1.0,-0.022585548528356633,0.4366945139147555,0,0.7259580015670508
2.2666666666666635,435.7410721333585,746.8509000456618,0.024840986052186584,85.0,-25.46954214189239,-0.012118530682137033,-10.869308554300247,-21.5,1.0,-0.048721329117013996,0.44989040171984995,0,0.7040839991532266
2.28333333333333,437.15730172800147,746.8860878233946,0.023358556989809112,85.0,-25.486709640151943,-0.010636101619759562,-10.721585132580149,-21.0,1.0,-0.02615454747020847,0.41034566673367684,0,0.7535420008935034
2.2999999999999967,438.5735819298598,746.919176103322,0.022686110536383874,85.0,-25.50177716668632,-0.009963655166334323,-10.43295107954809,-20.5,1.0,-0.011866145148791689,0.42496725863062496,0,0.7401249895337969
2.3166666666666633,439.98988406160316,746.9513120032414,0.021436704480465772,85.0,-25.515892111293713,-0.008714249110416222,-10.259770647728853,-21.0,1.0,-0.022044770422608384,0.43684294108305544,0,0.7247910252772272
2.33333333333333,441.40622523868944,746.9816783420785,0.01984091147486949,85.0,-25.528671797508288,-0.010067673034379403,-10.155862388637312,-20.5,1.0,-0.028153612253564858,0.45259263930050236,0,0.7349999796133488
2.3499999999999965,442.82261307075106,747.0097844558661,0.01803713620207959,85.0,-25.542934093371116,-0.008263897761589506,-10.093517433182388,-19.5,1.0,-0.03182058401880588,0.4149072903497682,0,0.7829169917386025
2.366666666666663,444.23904929571546,747.035335679968,0.018319210064058542,85.0,-25.55464114861596,-0.008545971623568457,-9.656110459909433,-21.0,1.0,0.004977732922050004,0.4321899957085588,0,0.7169170130509883
2.3833333333333298,445.65547825699764,747.0612864426841,0.015515044344904014,85.0,-25.566747794382692,-0.005741805904413928,-9.793666275945661,-20.0,1.0,-0.04944494358010345,0.43961117346830725,0,0.730041996575892
2.3999999999999964,447.0719744194922,747.0832652070391,0.015197704890304286,85.0,-25.574881974718682,-0.005424466449814201,-9.476199765567397,-18.5,1.0,-0.005600049481395371,0.402478972061372,0,0.7291670190170407
2.416666666666663,448.48847748539214,747.1047944601752,0.016456226457004588,85.0,-25.58674553498909,-0.009541790010294676,-8.885719859340439,-19.5,1.0,0.02220555364449612,0.4182229946805709,0,0.6926249770913273
2.4333333333333296,449.904952334487,747.1281063954486,0.013216318475988899,85.0,-25.600262865718893,-0.006301882029278986,-9.131431915604264,-21.0,1.0,-0.05711266781330232,0.43070199630863226,0,0.7095000182744116
2.449999999999996,451.3214952776105,747.1468289682299,0.012680518192754635,85.0,-25.609190472835387,-0.005766081746044723,-8.878859149362558,-18.5,1.0,-0.009455017354648022,0.44409046131919266,0,0.7588750158902258
2.466666666666663,452.73804804896133,747.1647925542499,0.010533983189310005,85.0,-25.617359043377757,-0.0036195467426000925,-8.927315489617534,-18.5,1.0,-0.03786192707945545,0.40885809933152395,0,0.7069999992381781
2.4833333333333294,454.15463611628684,747.1797154211123,0.008484160687428036,85.0,-25.626308514270537,-0.004343600903980836,-8.95638929377052,-18.5,1.0,-0.036157572914339936,0.4212050863763751,0,0.7049579871818423
2.499999999999996,455.57125179673,747.1917345045607,0.009808349716213804,85.0,-25.632461929535204,-0.005667789932766605,-8.373833576262312,-19.5,1.0,0.023363789584729386,0.43287807248259763,0,0.7222499989438802
2.5166666666666626,456.98785031963837,747.2056294438654,0.006650175318709553,85.0,-25.6404912556177,-0.0025096155352623533,-8.624300145757386,-18.0,1.0,-0.05567489291582902,0.4483991361415721,0,0.7440829940605909
2.533333333333329,458.404485660498,747.215050456126,0.00841595459289022,85.0,-25.644046540560634,-0.004275394809443019,-7.974580087454433,-17.5,1.0,0.03115073091716913,0.40967306867962405,0,0.9068330109585077
2.549999999999996,459.8211021574208,747.2269729177235,0.008883178364592029,85.0,-25.653648977287066,-0.007436762542248691,-7.58474805247266,-18.5,1.0,0.008244938550301433,0.4202101790962722,0,0.7083750097081065
2.5666666666666624,461.23771292926403,747.2395572548984,0.00414048205062456,85.0,-25.664184293777947,-0.0026940662282812222,-8.150848831483597,-18.5,1.0,-0.08350003686981908,0.43972529600820764,0,0.717708986485377
2.583333333333329,462.6543674525707,747.2454229210437,0.004959475036951867,85.0,-25.668000882984558,-0.0035130592146085295,-7.6905092988901576,-17.5,1.0,0.01445181121144195,0.45286618228064507,0,0.7466660172212869
2.5999999999999956,464.0710166968283,747.2524488152106,0.0026474165849062156,85.0,-25.672977706634917,-0.0012010007625628775,-7.8143055793340945,-19.0,1.0,-0.0407784132731348,0.41888335517693315,0,0.9061670280061662
2.6166666666666623,465.4876783989209,747.2561993176581,0.0005828238336616181,85.0,-25.67803332543217,-0.0017557469318433504,-7.8885833476004565,-16.5,1.0,-0.03641788129721423,0.424773642644569,0,0.732625019736588
2.633333333333329,466.9043448249783,747.257024984709,0.007542037747049615,85.0,-25.680520632307644,-0.008714960845231347,-6.333150008560274,-17.0,1.0,0.1221977712216714,0.43179785795986275,0,0.7232500065583736
2.6499999999999955,468.3209712001831,747.2677094368905,0.0025062407336851975,85.0,-25.69286667055559,-0.0036791638318669296,-6.999890005136164,-20.5,1.0,-0.08863417060033045,0.4062689564289748,0,0.7495419995393604
2.666666666666662,469.7376334176386,747.2712599408796,-0.002301212714487442,85.0,-25.698078807558584,0.0011282896163057096,-7.599934003081699,-19.0,1.0,-0.08463475236019827,0.4179289451941614,0,0.7926250109449029
2.6833333333333287,471.15429633327113,747.2679998924115,0.0018436190423353023,85.0,-25.69973134210815,-0.00556576868571328,-6.559960401849019,-15.5,1.0,0.07301406525054774,0.42532599306906993,0,0.7427910168189555
2.6999999999999953,472.5709605923622,747.2706116845752,0.006121704857532293,85.0,-25.707616140370494,-0.00984385450091027,-5.535976241109411,-19.0,1.0,0.07535268915032858,0.43641512402328386,0,0.8555829990655184
2.716666666666662,473.9876007141286,747.2792840456233,0.0039250478153122345,85.0,-25.721561375691916,-0.007647197458690211,-5.7215857446656475,-22.5,1.0,-0.03874513650980284,0.4139255549424897,0,0.8744999940972775
2.7333333333333285,475.4042564682257,747.2848445157508,-0.0012290495456694238,85.0,-25.732394799835205,-0.0024931000977085538,-6.432951446799388,-21.0,1.0,-0.09070508190588163,0.4265428842704927,0,0.751374987885356
2.749999999999995,476.8209220649105,747.2831033626661,-0.007179955220066767,85.0,-25.73916563899488,0.0009742054200434398,-7.259770868079633,-17.5,1.0,-0.1046324658101957,0.4411148299915543,0,0.7502499793190509
2.7666666666666617,478.2375522159062,747.2729318468315,-0.0026078188275578352,85.0,-25.737785514868175,-0.003597930972465492,-6.155862520847779,-16.5,1.0,0.08051035384721596,0.44454596053474477,0,0.7384580094367266
2.7833333333333283,479.65421406539963,747.2692374410133,-0.001355553005393211,85.0,-25.742882572748854,-0.004850196794630116,-5.6935175125086674,-17.5,1.0,0.022095212308329486,0.41453878406708594,0,0.7490839925594628
2.799999999999995,481.070879430487,747.2673170748437,-0.004344935669922944,85.0,-25.749753657934782,-0.0018608141301003833,-6.0161105075052,-20.5,1.0,-0.05270495594833555,0.4341379310344828,0,0.6997500022407621
2.8166666666666615,482.487532724928,747.2611617686786,-0.011139621315539054,85.0,-25.755711632589268,0.0025115914029273274,-7.009666304503121,-18.0,1.0,-0.11933647356900141,0.44806312471486043,0,0.730041996575892
2.833333333333328,483.9041114945964,747.2453809648626,-0.004841786947836956,85.0,-25.752153548509234,-0.0037862429647747696,-5.605799782701872,-17.0,1.0,0.11068403252526583,0.40439257450749283,0,0.8032500045374036
2.8499999999999948,485.32076155590744,747.2385217934865,-0.0035838304824943887,85.0,-25.757517379893713,-0.005044199430117338,-5.163479869621123,-20.0,1.0,0.022195586181826155,0.4225705329153605,0,0.7007500098552555
2.8666666666666614,486.7374191248632,747.2334447111712,-0.01324683305668043,85.0,-25.764815210475145,0.0022536902564851053,-6.698087921772673,-19.0,1.0,-0.1688989816242375,0.4399576574613157,0,0.7285409956239164
2.883333333333328,488.1539614960157,747.2146789131847,-0.009803303800858398,85.0,-25.76162248531447,-0.0011898389993369278,-5.818852753063604,-14.0,1.0,0.06069352769212407,0.4430444495479884,0,0.7674169901292771
2.8999999999999946,489.5705600890187,747.2007911219165,-0.010330425729161557,85.0,-25.76330809016585,-0.0006627170710337693,-5.691311651838163,-18.0,1.0,-0.009301883384725589,0.4196756937479104,0,0.7637500239070505
2.916666666666661,490.9871511646565,747.1861566124303,-0.007795725782201274,85.0,-25.76424693928111,-0.0031974170179940517,-5.0147869911028975,-18.5,1.0,0.044700203302497986,0.42823596610922476,0,0.7394590065814555
2.933333333333328,492.40377478375837,747.1751127794347,-0.013261061733730846,85.0,-25.76928557494349,-4.405158458249507e-05,-5.808872194661738,-19.0,1.0,-0.09614971135183452,0.4450282135614236,0,0.7120829832274467
2.9499999999999944,493.820316887755,747.1563268259263,-0.0049087485747666875,85.0,-25.769347981355004,-0.008396364743546655,-4.085323316797043,-19.0,1.0,0.14634008985556599,0.4067986239635288,0,0.7188750023487955
2.966666666666661,495.2369664865887,747.1493727933727,-0.017962919845141232,85.0,-25.781242691646522,0.004657806526827892,-6.251193990078226,-21.0,1.0,-0.22641761275332722,0.4262153590183539,0,0.7380830065812916
2.9833333333333276,496.65340460397096,747.1239266920776,-0.018732117027534304,85.0,-25.774644156259626,0.005427003709220963,-6.1507163940469365,-15.0,1.0,-0.013573234318662978,0.4439559302746599,0,0.7301669975277036
2.9999999999999942,498.0698227292578,747.0973910782088,-0.01416725512974414,85.0,-25.76792076626958,-0.0014006086118352069,-5.090429836428162,-16.0,1.0,0.0803828094088023,0.4032375447059802,0,0.7457080064341426
3.016666666666661,499.4863472279272,747.0773214714897,-0.009509802266953086,85.0,-25.76990496115432,-0.00605806147462626,-4.0542579018568965,-19.5,1.0,0.08200601897861477,0.4170711031048003,0,0.7219590188469738
3.0333333333333274,500.9029498360031,747.0638494546736,-0.021470718289766967,85.0,-25.77848716241518,0.005902854548187621,-6.032554741114138,-20.5,1.0,-0.20802155527949787,0.4388114058684766,0,0.7548340072389692
3.049999999999994,502.31928997939514,747.0334349406954,-0.019361112654820548,85.0,-25.77012483370121,0.003793248913241202,-5.419532844668483,-16.5,1.0,0.03721115016563456,0.45051083898898847,0,0.7427920063491911
3.0666666666666607,503.73569113370536,747.0060084113273,-0.019582117169717417,85.0,-25.766274698071705,0.0017968778055192265,-5.25171970680109,-17.5,1.0,-0.0039000599006192398,0.418342886920271,0,0.7495000027120113
3.0833333333333273,505.15208619203815,746.9782688515817,-0.019033427059645194,85.0,-25.76372912255043,0.0012481876954470034,-4.951031824080654,-17.5,1.0,0.009682464059628495,0.42836148347207204,0,0.7344589976128191
3.099999999999994,506.5684962575817,746.9513064579331,-0.01576686558391625,85.0,-25.761960857107734,-0.00201837378028194,-4.1706190944483925,-18.0,1.0,0.05758147843577709,0.43939566882153347,0,0.7522499945480376
3.1166666666666605,507.9849868404439,746.9289709904601,-0.018484977612739276,85.0,-25.764820218021693,0.0006997382485410855,-4.502371456669035,-20.0,1.0,-0.047929946271867085,0.41486084223235287,0,0.7284169842023402
3.133333333333327,509.40141148047087,746.9027854301447,-0.013898438776843863,85.0,-25.76601867823998,-0.006062595974565849,-3.5014228740014213,-20.0,1.0,0.08076286557021307,0.42189481694428005,0,0.7334170222748071
3.1499999999999937,510.8179413229981,746.8830966090956,-0.019070664718167193,85.0,-25.77460730325779,-0.0008903700332425178,-4.300853724400852,-21.5,1.0,-0.09102236399120542,0.4431549201781003,0,0.7287090120371431
3.1666666666666603,512.2343503835432,746.8560814716714,-0.027105064491494957,85.0,-25.775868660638245,0.007144029740085246,-5.580512234640511,-17.5,1.0,-0.14084475172805663,0.4128540305010893,0,0.7356669811997563
3.183333333333327,513.6504966805342,746.8176873319748,-0.013492058764852074,85.0,-25.765748037928276,-0.006468975986557638,-2.948307340784307,-17.5,1.0,0.2357619822964993,0.4083405005139393,0,0.7197499799076468
3.1999999999999935,515.0670344072382,746.7985741619499,-0.024303545935541286,85.0,-25.777880208103618,0.002204524810126344,-4.768984404470584,-23.5,1.0,-0.18852522728876703,0.4400375841728872,0,0.7332079985644668
3.21666666666666,516.4832827086705,746.7641475278608,-0.023614911155987548,85.0,-25.77475713381891,0.001515890030572606,-4.46139064268235,-18.5,1.0,0.012151780293406477,0.45187470238711414,0,0.7713749946560711
3.2333333333333267,517.8995543816733,746.7306961796944,-0.02464594826716554,85.0,-25.772609623764748,0.0025469271417505983,-4.4768343856094095,-18.5,1.0,-0.018192765157289473,0.41946691448243817,0,0.7363749900832772
3.2499999999999933,519.315790812326,746.6957846209124,-0.02564623254676621,85.0,-25.7698849202058,0.0014432571089949726,-4.4861006313656455,-19.5,1.0,-0.017650242427707016,0.4328615629050466,0,0.710833992343396
3.26666666666666,520.7319916129802,746.6594564407944,-0.02441780785965864,85.0,-25.767840306677837,0.00021483242188740162,-4.0916603788193875,-19.5,1.0,0.0216746878767091,0.4474925611437695,0,0.7249580230563879
3.2833333333333266,522.1482359715139,746.6248679836746,-0.025082596189709948,85.0,-25.76753596074922,0.0008796207519387102,-4.054996227291633,-20.5,1.0,-0.011731020607307926,0.4135205583116119,0,0.7185830036178231
3.299999999999993,523.5644570230967,746.589338031545,-0.022503893903325668,85.0,-25.76628983151135,-0.0016990815344455693,-3.4329977363749795,-21.0,1.0,0.045475137635615295,0.426774962368289,0,0.7184580026660115
3.3166666666666598,524.9807649870228,746.5574602059636,-0.022274487137131135,85.0,-25.770644023713146,-0.004002224636887049,-3.259798641824988,-22.0,1.0,0.004048332581369159,0.4386108918705604,0,0.7278749835677445
3.3333333333333264,526.3970802266693,746.5259072918481,-0.03130649912114263,85.0,-25.77631382681244,0.005029787347124448,-4.755879185094993,-21.5,1.0,-0.15805891711784514,0.4147989521393821,0,0.7634170178789645
3.349999999999993,527.8130527147405,746.4815636624303,-0.023974314346756762,85.0,-25.769188324781812,-0.002302397427261422,-3.2535275110569954,-19.0,1.0,0.1286765663959596,0.4186201440646209,0,0.7222499989438802
3.3666666666666596,529.2293122737519,746.447603303877,-0.03301936543905818,85.0,-25.772687609008596,0.004695249580747334,-4.752116506634198,-22.5,1.0,-0.15828331016242425,0.44339367457344986,0,0.7200840045697987
3.383333333333326,530.6452067299829,746.4008343691135,-0.02793180394499538,85.0,-25.76603602987535,-0.00039231191331546775,-3.651269903980519,-19.0,1.0,0.08954043056921206,0.4003145973154362,0,0.7296249968931079
3.399999999999993,532.0613208010608,746.3612694586558,-0.03169239236549839,85.0,-25.766591805071677,0.003368276507187542,-4.190761942388312,-22.5,1.0,-0.06626615832513937,0.42631121535449146,0,0.7057079928927124
3.4166666666666594,533.4772760717966,746.3163794183359,-0.028842523251467172,85.0,-25.76182008904259,0.0005184073931563254,-3.514457165432987,-20.5,1.0,0.05024947167158302,0.4345555717044204,0,0.7104999967850745
3.433333333333326,534.8933535230824,746.2755248420395,-0.028451043875679503,85.0,-25.762682497155463,-0.001898139710802542,-3.3086742992597924,-22.0,1.0,0.00690834966961649,0.4441908692072821,0,0.7716669933870435
3.4499999999999926,536.3094468595806,746.2352246339763,-0.031789566008760275,85.0,-25.765371526797654,0.0014403824222782304,-3.7852045795558755,-22.5,1.0,-0.05884707353156343,0.41962949693354973,0,0.758249982027337
3.4666666666666592,537.7253977615024,746.1901970003362,-0.03196245148968749,85.0,-25.76333098573831,0.0016132679032054426,-3.6711227477335253,-22.0,1.0,-0.003050910785604719,0.432333250166334,0,0.7613750058226287
3.483333333333326,539.1413408576393,746.1449245700177,-0.03457515842273705,85.0,-25.76130076245204,0.0022190936944684325,-4.0026736486401155,-21.5,1.0,-0.04607396313802954,0.44427811741060214,0,0.7659589755348861
3.4999999999999925,540.557160837539,746.095952854084,-0.02876861415805547,85.0,-25.758157048964964,-0.0035874505702131465,-2.801604189184069,-21.0,1.0,0.10211203878384897,0.40807432044959285,0,0.7785000198055059
3.516666666666659,541.9732413044818,746.0552029388997,-0.03647855105059246,85.0,-25.7632392597049,0.004122486322323843,-4.080962513510442,-24.0,1.0,-0.13522736006302397,0.4312102637501685,0,0.7363749900832772
3.5333333333333257,543.3889655073458,746.0035364519911,-0.033849113218838635,85.0,-25.757399087290548,0.001493048490570019,-3.448577508106265,-22.0,1.0,0.046368583962185655,0.43864541832669324,0,0.7323330210056156
3.5499999999999923,544.804820669753,745.9555926981806,-0.03690780585817473,85.0,-25.757215859460633,0.0025586926411570107,-3.8691465048637586,-23.5,1.0,-0.053924599622688606,0.4142031016344756,0,0.7300830038730055
3.566666666666659,546.2205225640994,745.9033185096303,-0.03470241255615061,85.0,-25.753591048840853,0.0003532993391328898,-3.321487902918255,-22.5,1.0,0.038899073559720124,0.41657775267265007,0,0.7457920000888407
3.5833333333333255,547.6363363006822,745.854166625149,-0.03801593814679876,85.0,-25.753090541454164,0.003666824929781043,-3.7928927417509533,-23.5,1.0,-0.05840747253083459,0.43842457363610665,0,0.7128749857656658
3.599999999999992,549.0519793991136,745.8003236840348,-0.04038553972054108,85.0,-25.748577739955575,0.0039032547737335443,-4.075735645050572,-24.5,1.0,-0.041792150185167416,0.4112677238903874,0,0.7232080097310245
3.6166666666666587,550.4674909369221,745.7431263871102,-0.03218735082589526,85.0,-25.743048143067067,-0.004294934120912281,-2.445441387030343,-22.5,1.0,0.1436770432222329,0.40756003681700276,0,0.7397089793812484
3.6333333333333253,551.8834238155105,745.6975355132769,-0.04289711579342736,85.0,-25.749132614365486,0.006414830846619819,-4.267264832218206,-26.0,1.0,-0.1867926073999936,0.4364341898269533,0,0.7163750124163926
3.649999999999992,553.2987872335764,745.6367832355813,-0.03767328995770149,85.0,-25.739780056252116,-0.0012533384312532411,-3.160358899330924,-21.0,1.0,0.09192535222667049,0.4418286850114914,0,0.7200000109151006
3.6666666666666585,554.71444869809,745.5834253651625,-0.044655346749197765,85.0,-25.74155561856483,0.00572871836024303,-4.296215339598555,-25.0,1.0,-0.12259487199733105,0.42409470025157364,0,0.7587909931316972
3.683333333333325,556.1297031119659,745.5201846468779,-0.04380854715071137,85.0,-25.73343997861142,0.004881918761756637,-3.977729203759133,-22.5,1.0,0.014942410134934693,0.43172132087071596,0,0.7517500198446214
3.6999999999999917,557.5450105706324,745.4581423879935,-0.033542893412407,85.0,-25.72652395450411,-0.0053837349765477336,-1.9866375222554797,-24.5,1.0,0.1792149460809609,0.4326329840345585,0,0.7299999997485429
3.7166666666666583,558.9608803479836,745.4106321993179,-0.044057926988598985,85.0,-25.736898551826442,0.0024863630216131957,-3.791982513353288,-27.5,1.0,-0.18347261568475687,0.418104631761252,0,0.7471669814549387
3.733333333333325,560.3761722905525,745.3482369932217,-0.043113526555669926,85.0,-25.733376207841626,0.0015419625886841368,-3.475189508011973,-25.0,1.0,0.016664347255812596,0.4277380227897509,0,0.7545420085079968
3.7499999999999916,561.7915225280285,745.2871784170751,-0.04611991526276828,85.0,-25.731191761706686,0.004548351295782488,-3.8851137048071838,-23.5,1.0,-0.05300422497984581,0.4415157020503504,0,0.7415419968310744
3.766666666666658,563.2066828037404,745.2218650303026,-0.04498959792882948,85.0,-25.72654732816525,0.0006964663511340243,-3.5310682228843104,-24.5,1.0,0.019944131678759178,0.4057152402927573,0,0.9250000002793968
3.7833333333333248,564.6219160002731,745.1581512651022,-0.04677731685521305,85.0,-25.725560667580854,0.002484185277517599,-3.7186409337305864,-24.5,1.0,-0.0315375209927445,0.423847160429207,0,0.7475420134142041
3.7999999999999914,566.0370330330638,745.0919075638915,-0.04376701115771266,85.0,-25.72204140872409,-0.0005261204199827964,-3.0311845602383514,-27.0,1.0,0.05307315407102004,0.43653943590609695,0,0.7309170032385737
3.816666666666658,567.4523430674963,745.0299240912613,-0.03880515111575527,85.0,-25.72361129478851,-0.008286796167118693,-2.018710736143011,-28.0,1.0,0.0873394757759453,0.401395996190835,0,0.7653339998796582
3.8333333333333246,568.8679432315131,744.9749639231386,-0.04925449939388693,85.0,-25.735350788330432,0.002162552111012968,-3.8112264416858066,-30.0,1.0,-0.1823518145344328,0.42612702235719147,0,0.7547499844804406
3.849999999999991,570.2828918248482,744.9052149255591,-0.052696543869783806,85.0,-25.732287175227697,0.0056045965869098435,-4.286735865011484,-24.5,1.0,-0.06066742205399302,0.4369223444664093,0,0.7528750284109265
3.866666666666658,571.6975919575917,744.8305960347884,-0.0496567078354766,85.0,-25.72434737162992,0.0025647605526026365,-3.5720415190068904,-25.5,1.0,0.05359279676760417,0.40278915422258627,0,0.7417079759761691
3.8833333333333244,573.1125123828427,744.7602779385974,-0.050257490809455324,85.0,-25.72461495510198,0.0002888642595649249,-3.543224911404134,-27.0,1.0,-0.010601655272770754,0.4192005680394286,0,0.7382089970633388
3.899999999999991,574.5273903068305,744.6891097950468,-0.046490341879155475,85.0,-25.72420573073999,-0.0034782846707349237,-2.7259349468424805,-27.0,1.0,0.06638142350300413,0.4233053643820119,0,0.823041977128014
3.9166666666666576,575.9425262916347,744.6232721997347,-0.06125769001473768,85.0,-25.7291332907542,0.01128906346484728,-5.235560968105489,-28.0,1.0,-0.25493022923153086,0.40749054329301243,0,0.7215419900603592
3.9333333333333242,577.3565357653031,744.5365447368365,-0.052952122423110114,85.0,-25.716131701605182,2.833869965404578e-05,-3.541336580863293,-23.5,1.0,0.14553261246108148,0.4073263627261749,0,0.7612920016981661
3.949999999999991,578.7712167808543,744.4615642814935,-0.058048262179660116,85.0,-25.71609155511397,0.0051244784562040485,-4.324801948517976,-27.5,1.0,-0.0896905991900178,0.434924855371257,0,0.7436250161845237
3.9666666666666575,580.1854973171338,744.3793754188329,-0.058250857304200904,85.0,-25.708831909074533,0.005327073580744835,-4.1948811691107855,-26.5,1.0,-0.0035751928473439776,0.443688002506004,0,0.7342080061789602
3.983333333333324,581.5997611733261,744.2969000315195,-0.050937834513458825,85.0,-25.70334666570484,-0.005020196953504863,-2.7169287014664714,-27.0,1.0,0.12834396762492697,0.40235773296522187,0,0.7882909849286079
3.9999999999999907,583.0145903510687,744.2247693012263,-0.05546690780268323,85.0,-25.710458581515987,-0.0004911236642804601,-3.4301572208798827,-30.5,1.0,-0.0797552860917105,0.42832039059704946,0,0.7920839998405427
4.016666666666658,584.4290783337439,744.146231467592,-0.059674502978994674,85.0,-25.711154340012445,0.003716471512030986,-4.058094332527929,-28.5,1.0,-0.0741156716550263,0.44605362221850425,0,0.9785830043256283
4.033333333333324,585.843223341056,744.0617427539161,-0.054873721781431996,85.0,-25.70700346909121,-0.004198258390826347,-3.0348565995167576,-28.5,1.0,0.08451784700698423,0.40498669370168544,0,0.7440830231644213
4.049999999999991,587.2577576624159,743.9840439885486,-0.05876447674209282,85.0,-25.712950984340292,-0.0003075034301655219,-3.6209139597100544,-31.0,1.0,-0.06855279179580945,0.4261065582404618,0,0.7822909974493086
4.0666666666666575,588.6719789711032,743.9008422187391,-0.0570580447440013,85.0,-25.713386614192828,-0.002013935428257042,-3.1725483758260324,-29.5,1.0,0.030104408255847637,0.43274915652201507,0,0.7689589983783662
4.083333333333324,590.0863401988415,743.8200538413898,-0.0628983839982969,85.0,-25.71639046358108,0.000632146660672607,-4.10352902549562,-32.0,1.0,-0.10270218837982478,0.4120345730526047,0,0.7511249859817326
4.099999999999991,591.5002054761779,743.7310065394261,-0.059118024586240284,85.0,-25.715494922538053,-0.0031482127513840154,-3.2621174152973715,-29.5,1.0,0.06661352030543853,0.4173811094013336,0,0.7646250014659017
4.116666666666657,592.9143972806734,743.647304779932,-0.06255326577330914,85.0,-25.71995488323518,0.0002870284356848371,-3.7572704491784226,-32.0,1.0,-0.060547804483403564,0.43811937994199995,0,0.7825000211596489
4.133333333333324,594.3282932056555,743.5587454339366,-0.05946726659676531,85.0,-25.719548259623537,-0.0027989707408589896,-3.0543622695070534,-31.5,1.0,0.054405067309957866,0.40085278889273973,0,0.8230829844251275
4.149999999999991,595.7424556917364,743.474549784368,-0.07353740052140526,85.0,-25.727326454151356,0.007995993608890304,-5.4326173617042315,-30.5,1.0,-0.24337470961402527,0.4216495170427672,0,0.7746249902993441
4.166666666666657,597.1552935952155,743.3704656696476,-0.0625536102954441,85.0,-25.71599891724568,-0.0029877966170708536,-3.259570417022539,-28.0,1.0,0.19145742423158485,0.4229040186542865,0,0.7698340050410479
4.183333333333324,598.569189489687,743.2819058365337,-0.06488641797679767,85.0,-25.720231622822354,-0.0006549889357172767,-3.555742250213523,-33.0,1.0,-0.0411439621277158,0.4041760352999546,0,0.7470000127796084
4.19999999999999,599.9828749440838,743.190047900179,-0.06662694111550388,85.0,-25.724097882673618,-0.0022711474923906155,-3.7334453501281137,-32.5,1.0,-0.030705460609962806,0.4191854065104576,0,0.9457080159336329
4.216666666666657,601.3963983763741,743.0957295519605,-0.07469595648597188,85.0,-25.727315338855142,0.005797867878077387,-5.040067210076868,-31.5,1.0,-0.14144352636597768,0.4343150663478905,0,0.7252499926835299
4.233333333333324,602.8091147444162,742.9900086556798,-0.06679049733129477,85.0,-25.719101738711792,-0.0021075912765997212,-3.424040326046121,-30.5,1.0,0.13861346751374673,0.4388269708629963,0,0.7784169865772128
4.24999999999999,604.2226227314482,742.8954591181804,-0.07549128661269681,85.0,-25.724141671163967,0.00315440944047099,-4.854424195627672,-33.0,1.0,-0.15235350282508528,0.4212669254805416,0,0.7336250273510814
4.266666666666657,605.6352545696784,742.788614679567,-0.08017320026159647,85.0,-25.71967293186751,0.007836323089370642,-5.512654517376603,-28.0,1.0,-0.0824347683617178,0.43272852837769965,0,0.7447079988196492
4.2833333333333234,607.0473706906613,742.6751576158618,-0.07800374561425598,85.0,-25.70857158777681,0.005666868442030155,-4.907592710425962,-28.5,1.0,0.0382658056496359,0.4420825567027582,0,0.7397500157821923
4.29999999999999,608.4597296283207,742.5647643386295,-0.07925428061429157,85.0,-25.701705786211456,0.003395918982765478,-4.9445556262555765,-30.0,1.0,-0.02206468327688505,0.41335348691754403,0,0.7845000072848052
4.316666666666657,609.8719494110092,742.452604943892,-0.07489731753990066,85.0,-25.6968949102326,-0.0009610440916254376,-3.966733375753346,-30.0,1.0,0.07673660670053563,0.4166553272554089,0,0.7469170086551458
4.333333333333323,611.2846444623401,742.3465995836997,-0.07803039990530801,85.0,-25.69825638915278,0.002172038273781915,-4.380040025452008,-32.5,1.0,-0.055233452646345355,0.44297565676457035,0,0.766582990763709
4.34999999999999,612.6970004570433,742.2361686610805,-0.07922999922243244,85.0,-25.6954440966167,-0.00023312527037487596,-4.4280240152712045,-33.0,1.0,-0.021166238254473852,0.41052720692501427,0,0.7436669839080423
4.3666666666666565,614.1092229627016,742.1240435570379,-0.0803338161784662,85.0,-25.695774357413406,0.0008706916856588837,-4.456814409162723,-32.0,1.0,-0.019476659619350956,0.4251975148465766,0,0.7835419964976609
4.383333333333323,615.5213208424598,742.0103596864717,-0.08248612920906509,85.0,-25.6945408776812,0.003023004716257771,-4.674088645497633,-32.5,1.0,-0.03796374577161056,0.44007135108069767,0,0.7731250079814345
4.39999999999999,616.9331707683948,741.8936368049024,-0.08088807868486964,85.0,-25.69025829418925,0.0014249541920623165,-4.20445318729858,-32.5,1.0,0.02819341920370028,0.40738862654369895,0,0.763709016609937
4.416666666666656,618.345205420546,741.7791702789284,-0.08354560093515949,85.0,-25.6928285364351,0.0003938600247225532,-4.522671912379148,-33.5,1.0,-0.04686311514444648,0.4234627492130115,0,0.7520420185755938
4.433333333333323,619.7569308895245,741.6609516480705,-0.08335563669402604,85.0,-25.692270568081202,0.00020389578358910587,-4.313603147427489,-33.0,1.0,0.00335229757999873,0.43340550245551035,0,0.7592919864691794
4.4499999999999895,621.1686787903433,741.5430011967014,-0.08579490128888254,85.0,-25.691981715723102,0.0026431603784456,-4.588161888456494,-34.0,1.0,-0.043019288118667356,0.40773633522007263,0,0.7538330100942403
4.466666666666656,622.5801347791312,741.4216074729791,-0.08547432922074048,85.0,-25.692042309943744,-0.0014504485937777561,-4.352897133073896,-33.5,1.0,0.005657093795466202,0.42089150263537184,0,0.736583024263382
4.483333333333323,623.9916296108304,741.300666228852,-0.08341288327481154,85.0,-25.694097111397838,-0.0035118945397066975,-3.811738279844338,-35.5,1.0,0.03636242294394642,0.4282093351002293,0,0.7271250069607049
4.499999999999989,625.4033707570759,741.182634959936,-0.08796819128875988,85.0,-25.699072285102215,0.001043413474241639,-4.4870429679066035,-36.5,1.0,-0.08021529623363226,0.4080176714297793,0,0.7531250012107193
4.516666666666656,626.81455958902,741.0581740221253,-0.09227820625524658,85.0,-25.700615775072556,0.001495413254736275,-5.092225780743963,-34.5,1.0,-0.07591292774017933,0.420657444157041,0,0.7508340058848262
4.533333333333323,628.225198886857,740.9276320141649,-0.08984469703879447,85.0,-25.698497273751315,-0.0009380959617158319,-4.4553354684463775,-34.5,1.0,0.04291791002255917,0.42887670136951694,0,0.7190420001279563
4.549999999999989,629.6361516826823,740.8005231930813,-0.09310858779092847,85.0,-25.699826242835464,0.0023257947904181675,-4.873201281067827,-35.5,1.0,-0.057534503986464536,0.4043371918949122,0,0.7249580230563879
4.566666666666656,631.0466820945172,740.6688098614356,-0.08889655053987806,85.0,-25.698771969334036,-0.00582978364008975,-3.923920768640696,-35.5,1.0,0.07419363094145465,0.4109385765011394,0,0.7503749802708626
4.583333333333322,632.4577547738977,740.5430388872394,-0.08658723466283683,85.0,-25.707030782709502,-0.008139099517130988,-3.3543524611844173,-38.0,1.0,0.04073009523153945,0.42026164645820036,0,0.7118339999578893
4.599999999999989,633.8691141353465,740.4205268580532,-0.09771172583431234,85.0,-25.71856104638747,0.0029853916543445273,-5.21261147671065,-41.0,1.0,-0.19384935952774301,0.4105557260633513,0,0.7231660129036754
4.616666666666656,635.2790233109215,740.2823220785634,-0.09724975660203722,85.0,-25.715795101214646,-0.0015061813892802839,-4.927566886026391,-35.5,1.0,0.008152217616687482,0.4109729210840006,0,0.7223330030683428
4.633333333333322,636.6889961824019,740.1447686484574,-0.0918156971844302,85.0,-25.71792885737608,-0.006940240806887308,-3.756540131615834,-38.5,1.0,0.09560283057001254,0.4202538894721771,0,0.7309170032385737
4.649999999999989,638.0996957062214,740.0148790879072,-0.1032541261051118,85.0,-25.727760786256447,0.004498188113794294,-5.653924078969501,-38.5,1.0,-0.1991782183246592,0.4042559912395232,0,0.7377080037258565
4.666666666666655,639.5088172446297,739.8688621901232,-0.10744362188303748,85.0,-25.72208044030499,0.004571492912463837,-6.192354447381701,-34.0,1.0,-0.0737980143281289,0.41752895510520094,0,0.7354170083999634
4.683333333333322,640.9173146813063,739.7169430823063,-0.10057171372301917,85.0,-25.715604181236415,-0.002300415247554477,-4.715412668429021,-34.0,1.0,0.12067969140312276,0.41967065805696613,0,0.7402079936582595
4.699999999999989,642.3268228272309,739.5747065503721,-0.10665169296037719,85.0,-25.718863099962856,0.0037795639898035444,-5.629247601057413,-37.0,1.0,-0.10688485182479308,0.4036105263157895,0,0.7583329861517996
4.716666666666655,643.7354401313597,739.4239029199343,-0.1064632422276934,85.0,-25.71343747839864,-0.0006121762540929471,-5.377548560634448,-35.5,1.0,0.00332558890512415,0.4058557661049298,0,0.7338750001508743
4.733333333333322,645.1440858295305,739.2733647471359,-0.10345986274013767,85.0,-25.71430472803778,-0.0036155557416486794,-4.626529136380669,-36.5,1.0,0.052951270009741216,0.41454503337755594,0,0.7639159739483148
4.7499999999999885,646.5531772970913,739.1270579445206,-0.10638215600078485,85.0,-25.719426754179036,-0.0006932624810015026,-4.975917481828402,-40.5,1.0,-0.05152423799415529,0.39991480298189563,0,0.7912919973023236
4.766666666666655,647.9618351972036,738.9766339939816,-0.10528893227226777,85.0,-25.720408875948397,-0.0017864862095185866,-4.5855504890970415,-40.0,1.0,0.019289790536840132,0.40535681801157825,0,1.0080419888254255
4.783333333333322,649.3706567025449,738.8277501112664,-0.11275346896212024,85.0,-25.728193638432618,0.0013871653553701594,-5.751330293458224,-38.5,1.0,-0.13097304234456247,0.4284018821156997,0,0.90637500397861
4.799999999999988,650.7783276199043,738.6683542742282,-0.11342679464300737,85.0,-25.726228488142777,0.0020604910362572865,-5.650798176074934,-35.0,1.0,-0.011881658740070786,0.4315949792552912,0,0.8707079978194088
4.816666666666655,652.1858908928651,738.5080106524152,-0.11651409218780254,85.0,-25.723309461240223,0.005147788581052456,-5.99047890564496,-38.5,1.0,-0.05442791191070923,0.41288546139319965,0,0.8001659880392253
4.8333333333333215,653.5929524301192,738.3433222350181,-0.11892142116393377,85.0,-25.720653258101567,0.0031761551701288276,-6.194287343386977,-36.0,1.0,-0.042456747146425625,0.4248212525947204,0,0.7865419902373105
4.849999999999988,654.9996134314343,738.1752470380866,-0.11092280775985476,85.0,-25.716153712509108,-0.00482245823395018,-4.516572406032186,-37.5,1.0,0.14022561837881145,0.4234302570585756,0,0.775332999182865
4.866666666666655,656.4075737896279,738.0184284352362,-0.11406625932298384,85.0,-25.72298550186028,-0.0016790066708211038,-4.909943443619312,-42.5,1.0,-0.0554158789727133,0.4052773370531674,0,0.7729170029051602
4.883333333333321,657.815034240726,737.8571847592701,-0.11975486388515352,85.0,-25.729396988514992,-0.0004579067808164472,-5.7459660661715874,-42.5,1.0,-0.10005194405029454,0.4237998475996952,0,0.7372920226771384
4.899999999999988,659.2215546724557,737.6879372494762,-0.11822927433680873,85.0,-25.730045689765117,-0.001983496329161241,-5.247579639702953,-40.5,1.0,0.026915666903156547,0.43529858139583905,0,0.7542909879703075
4.9166666666666545,660.6283316695332,737.5208357086755,-0.13002064292518234,85.0,-25.732855641055547,0.009807872259212369,-7.148547783821772,-40.5,1.0,-0.20515543319143933,0.4116601417839382,0,0.7663749856874347
4.933333333333321,662.0330405609569,737.3371583426245,-0.1177735278883794,85.0,-25.72240610083558,-0.006995736900306082,-4.689128670293063,-36.5,1.0,0.21285174008513638,0.4019707242887016,0,0.7640420226380229
4.949999999999988,663.4398935678684,737.1706979527756,-0.12842771374247006,85.0,-25.732316647272963,0.003658448953784574,-6.413477202175837,-42.5,1.0,-0.1858454559489181,0.441669384448676,0,0.939583987928927
4.966666666666654,664.8448932620348,736.9892584205984,-0.1288847274862548,85.0,-25.727133856149774,0.004115462697569309,-6.248086321305502,-39.0,1.0,-0.008064773569350883,0.4049515676777976,0,0.8177080017048866
4.983333333333321,666.2498098891191,736.8071768032211,-0.13188505320679922,85.0,-25.724177617547355,0.002469876810123922,-6.548851792783301,-38.0,1.0,-0.05289753080827728,0.41721491805176897,0,0.7561670208815485
4.999999999999988,667.6541738893701,736.6208808042211,-0.1309668652998611,85.0,-25.72067862895715,0.0015516889031857994,-6.129311075669981,-38.0,1.0,0.01620189818170031,0.431051048542067,0,0.7794999983161688
5.016666666666654,669.0587083523426,736.4358743536121,-0.12867567231669474,85.0,-25.71848040389313,-0.0007395040799805519,-5.477586645401988,-41.0,1.0,0.04041080557568689,0.3994241053064582,0,0.7682910072617233
5.033333333333321,670.4636630138297,736.2540864452952,-0.12768756618814173,85.0,-25.721850501453336,-0.00646334689336811,-5.086551987241193,-45.0,1.0,0.017435400012078845,0.414833618336502,0,0.7588339794892818
5.049999999999987,671.8687966151675,736.0736868698084,-0.13526040414586396,85.0,-25.731006845801108,0.0011094910643541234,-6.251931192344715,-43.5,1.0,-0.1328511766594194,0.4343495353445444,0,0.7599999953527004
5.066666666666654,673.2725238022897,735.8826517196959,-0.13936309800894078,85.0,-25.72943506711579,0.005212184927430946,-6.751158715406829,-39.0,1.0,-0.07227437266231829,0.4049266213961594,0,0.7714169914834201
5.083333333333321,674.6754554190532,735.6858591305823,-0.13914659007038818,85.0,-25.72384253541414,0.0001697294308575792,-6.450695229244098,-40.5,1.0,0.003820709735942264,0.4190069125639808,0,0.8075840014498681
5.099999999999987,676.0784296100924,735.4893702919111,-0.13731976513082217,85.0,-25.723602085388286,-0.0016570955087084338,-5.870417137546458,-42.5,1.0,0.03222692584156542,0.429010220833554,0,0.8541670104023069
5.116666666666654,677.481760410578,735.2954447679259,-0.13775782198900027,85.0,-25.725949636284547,-0.0012190386505303297,-5.722250282527876,-42.5,1.0,-0.007730261161727436,0.3983114326071138,0,0.7797910075169057
5.13333333333332,678.8850061260152,735.1009045238856,-0.1384920075009019,85.0,-25.728959213609055,-0.005401374180443563,-5.633350169516726,-42.5,1.0,-0.012955490030369905,0.4112560069437094,0,0.7557909993920475
5.149999999999987,680.2881086346421,734.9053340896952,-0.14383967133073966,85.0,-25.73661112315736,-5.3710350605806756e-05,-6.3800101017100355,-43.0,1.0,-0.0940918773515551,0.43054279771520276,0,0.7668750185985118
5.166666666666654,681.6901452407465,734.7022631671394,-0.14879785221303474,85.0,-25.736687212820666,0.00490447053168927,-7.028006061026021,-41.0,1.0,-0.08727504307759976,0.400276671911465,0,0.7418750028591603
5.18333333333332,683.0911577551217,734.4922432180671,-0.14470712425855797,85.0,-25.730536586926597,-0.004193689945535817,-6.016803636615612,-42.0,1.0,0.07206430748677352,0.4110124709363771,0,0.753250002162531
5.199999999999987,684.4930176792834,734.2879561713079,-0.1448534945184185,85.0,-25.73647763026856,-0.004047319685675288,-5.810082181969367,-46.0,1.0,-0.0025829988412692795,0.42740273194279793,0,0.7490410062018782
5.2166666666666535,685.8948476868802,734.0834639361364,-0.1554799668220579,85.0,-25.742211317502857,0.006579152617964101,-7.48604930918162,-42.5,1.0,-0.1853730493047616,0.4036375912562772,0,0.8053340134210885
5.23333333333332,687.2944255563818,733.8640870192887,-0.150468842200504,85.0,-25.73322810577337,-0.003530627926657093,-6.2916295855089714,-41.5,1.0,0.0882021704171432,0.4065044916463773,0,0.7725830073468387
5.249999999999987,688.6950851737299,733.6517262866315,-0.16010300388117688,85.0,-25.7382298182781,0.006103533754015789,-7.774977751305382,-44.0,1.0,-0.16840436441638082,0.4356644096487516,0,0.7646659796591848
5.266666666666653,690.0936339030352,733.425881436783,-0.15113941097547828,85.0,-25.729583199145722,-0.0028600591516828033,-5.864986650783229,-42.5,1.0,0.1568812146835048,0.3922634305102052,0,0.7656250090803951
5.28333333333332,691.4941508030056,733.2125815133378,-0.1571370881166556,85.0,-25.733634944086774,0.0031376179894945233,-6.718991990469938,-44.5,1.0,-0.10544877118989716,0.4154766560613908,0,0.7562089886050671
5.2999999999999865,692.8933632168576,732.9908856284707,-0.15698679431803825,85.0,-25.736446460887418,-0.002202839474965884,-6.431395194281963,-43.5,1.0,0.002652237286061662,0.42132533695007207,0,0.7476250175386667
5.316666666666653,694.2926089344232,732.7694000390553,-0.16520301659188852,85.0,-25.739567147619734,0.006013382798884387,-7.6588371165691775,-46.5,1.0,-0.14398874096169614,0.4045969841030826,0,0.7552079914603382
5.33333333333332,695.6899876689392,732.5364255409514,-0.16649096438261968,85.0,-25.731048239996618,0.007301330589615546,-7.595302269941507,-42.5,1.0,-0.022724577910351127,0.41533454580262275,0,0.747791986213997
5.349999999999986,697.0870651855557,732.3016514857212,-0.16348294031401234,85.0,-25.727685888942993,-0.0009886201210747012,-6.757181361964904,-42.5,1.0,0.05303300325378925,0.41970367397801317,0,0.7782920147292316
5.366666666666653,698.4848425865963,732.0710809290908,-0.16879756019222789,85.0,-25.729086433886376,0.004325999757140847,-7.4543088171789424,-45.5,1.0,-0.09351386471439306,0.4041100275282218,0,0.7514999888371676
5.3833333333333195,699.8813748583481,731.8330850081164,-0.16273635250036372,85.0,-25.722957953345468,-0.0017352079347233151,-6.072585290307366,-46.0,1.0,0.1065573478380308,0.40543413555574453,0,0.7498750055674464
5.399999999999986,701.2793240109845,731.6035580792221,-0.16609216241406544,85.0,-25.73215198102293,-0.0037533122002984254,-6.443551174184419,-49.5,1.0,-0.059151091297181366,0.42798537128319286,0,0.8031250035855919
5.416666666666653,702.6764950448562,731.3693411999107,-0.17885785861361975,85.0,-25.737469160822528,0.009012383999255885,-8.466130704510652,-45.0,1.0,-0.22157807144497574,0.4019060032692657,0,0.7123749819584191
5.433333333333319,704.0705623763643,731.1173080281523,-0.16847509229550509,85.0,-25.724701789659346,-0.0013703823188587763,-6.279678422706391,-44.5,1.0,0.18121524046634802,0.4029355103083457,0,0.7044580124784261
5.449999999999986,705.4671713215491,730.8797624563686,-0.17475434953324684,85.0,-25.733164293571424,-0.0005572190930970278,-7.167807053623835,-49.0,1.0,-0.11036018905352449,0.43050818644481986,0,0.7553750183433294
5.466666666666653,706.8622611333788,730.6334519584726,-0.17924359493640446,85.0,-25.733953687245837,0.0039320263100605934,-7.700684232174301,-47.0,1.0,-0.07905686343211471,0.4028717294192725,0,0.7663749856874347
5.483333333333319,708.2562311428269,730.3808810630718,-0.17602577073401285,85.0,-25.7283833309937,0.000714202107668982,-6.82041053930458,-45.0,1.0,0.05672421527406456,0.40454797087254607,0,0.7804159831721336
5.499999999999986,709.6510066627624,730.1327970179718,-0.1868539228957407,85.0,-25.73371039116533,0.005983922013902215,-8.492246323582748,-48.5,1.0,-0.18880897083556136,0.43105200654762543,0,0.7303750026039779
5.516666666666652,711.0430141762681,729.8696249700868,-0.17641812069062018,85.0,-25.725233218903337,-0.00445188019121831,-6.295347794149649,-45.0,1.0,0.1821206174986633,0.3889448960768752,0,0.721415999578312
5.533333333333319,712.437692253087,729.620993703981,-0.18378756057176493,85.0,-25.731540028341463,0.002917559689926436,-7.377208676489789,-50.0,1.0,-0.12932312950080213,0.4177454936776971,0,0.9312499896623194
5.549999999999986,713.830500201956,729.3620912860479,-0.18896941532556916,85.0,-25.73359638477041,0.0024485210621086606,-8.026325205893873,-47.5,1.0,-0.09119087770048116,0.4319828651805123,0,0.7179579988587648
5.566666666666652,715.2219478625718,729.09597504789,-0.18287207522569748,85.0,-25.73012765006508,-0.003648819037763012,-6.615795123536323,-46.5,1.0,0.10718772337971126,0.3893210297502344,0,0.7162500114645809
5.583333333333319,716.614992249112,728.8383478335406,-0.1818256648257838,85.0,-25.735296798898332,-0.004695229437676696,-6.169477074121794,-52.5,1.0,0.018463967361160037,0.4082439055988599,0,0.7056659960653633
5.599999999999985,718.0083054567252,728.5821784561065,-0.19752524357756732,85.0,-25.74802266290262,0.005260909116500484,-8.701686244473077,-49.0,1.0,-0.27027236958330403,0.43269148754691233,0,0.7314590038731694
5.616666666666652,719.3974253720883,728.3041671160746,-0.19229801401157945,85.0,-25.74056974270031,3.3679550512616396e-05,-7.421011746683846,-46.0,1.0,0.09198491158335094,0.3902389479873844,0,0.7579170051030815
5.633333333333319,720.7879795318659,728.0334207898399,-0.19295888419959845,85.0,-25.740522030003763,0.0006945497385316135,-7.252607048010308,-48.5,1.0,-0.011661886383322717,0.409394831673275,0,0.7044170051813126
5.649999999999985,722.1783544598192,727.761755547007,-0.1972796401634888,85.0,-25.7455320891336,-0.0008207281260464439,-7.751564228806185,-50.0,1.0,-0.07610138182999365,0.4292069694106155,0,0.7444999937433749
5.666666666666652,723.5675426138191,727.4840853879505,-0.2050640127167393,85.0,-25.74669478718159,0.006963644427204041,-8.85093853728371,-47.5,1.0,-0.13651682909799612,0.40659235056698056,0,0.7299999997485429
5.6833333333333185,724.9545272119569,727.1956097928422,-0.19503122244293594,85.0,-25.736829703973704,-0.0030691458465993138,-6.7105631223702265,-48.5,1.0,0.17523331920786886,0.40139216129275196,0,0.7142089889384806
5.699999999999985,726.3443361724999,726.9210638082807,-0.20724078337973584,85.0,-25.747127128262296,0.0032117813874033008,-8.626337873422136,-54.0,1.0,-0.21221850847527865,0.4370520694259012,0,0.7446249946951866
5.716666666666652,727.7306895399267,726.6295697516196,-0.21213708622726543,85.0,-25.74257711245284,0.008108084234932894,-9.17580272405328,-47.5,1.0,-0.08619127175183368,0.40531886316015686,0,0.7462079811375588
5.733333333333318,729.1155990518434,726.3312912102406,-0.20483384148080458,85.0,-25.731090785641506,0.0008048394884720422,-7.505481634431968,-46.5,1.0,0.12817423694889973,0.4030481475989748,0,0.7291670190170407
5.749999999999985,730.5026500120244,726.0431348667302,-0.20753933589010748,85.0,-25.735892247644784,-0.0025108636446223853,-7.703288980659181,-51.0,1.0,-0.04770779116399361,0.4225922688215603,0,0.7402079936582595
5.7666666666666515,731.8889162913848,725.751226923788,-0.2165527504157386,85.0,-25.73944930073708,0.006502550881008734,-9.021973388395509,-48.0,1.0,-0.15773884136506283,0.40307265549983995,0,0.7839169993530959
5.783333333333318,733.2724952081849,725.4468360148719,-0.212907385713137,85.0,-25.730237418573907,0.0028571861784071344,-8.013184033037305,-48.0,1.0,0.06424144518096238,0.4106342566904264,0,0.7397920126095414
5.799999999999985,734.6571745454413,725.1474907670068,-0.21459778410560143,85.0,-25.73216116805211,-0.0015660967855182786,-8.007910419822384,-50.0,1.0,-0.029821716224756028,0.42381761845332877,0,0.7204580178949982
5.816666666666651,736.0413458918897,724.8458052882122,-0.21962655762480643,85.0,-25.734379804258,0.0034626767336867204,-8.604746251893431,-49.5,1.0,-0.0885111964015203,0.3994396853617801,0,0.7447910029441118
5.833333333333318,737.4239826349701,724.5371629691301,-0.2190301832302384,85.0,-25.72947435535474,0.002866302339118692,-8.16284775113606,-49.0,1.0,0.010523865492421167,0.4075998218791747,0,0.7027910032775253
5.8499999999999845,738.8068031985399,724.229345274036,-0.22823648723821569,85.0,-25.731452959675842,0.005866566907498677,-9.497708650681636,-49.5,1.0,-0.16105701403788053,0.4312273984258668,0,0.7442919886671007
5.866666666666651,740.1867313380815,723.9088101368891,-0.22696166182402208,85.0,-25.723142037562653,0.004591741493305074,-8.898625190408982,-47.5,1.0,0.022493124910604928,0.39694952080801127,0,0.7297919946722686
5.883333333333318,741.5670669825358,723.5900344271914,-0.22467266905302866,85.0,-25.71663709330569,0.0023027487223116483,-8.13917511424539,-51.5,1.0,0.04037204161302965,0.41346339371851215,0,0.7433329883497208
5.899999999999984,742.9481286855237,723.2744191281568,-0.23055310418951136,85.0,-25.719520083984758,0.0018849594828977412,-8.883505068547233,-50.5,1.0,-0.10340227503218209,0.4303865823830247,0,0.7786249916534871
5.916666666666651,744.327310565759,722.9506880890594,-0.23941726289310286,85.0,-25.716849726298612,0.010749118186489243,-10.13010304112834,-46.0,1.0,-0.15516886501930938,0.40294869065360867,0,0.8835000044200569
5.933333333333318,745.7035686971778,722.6147446412172,-0.23798500470715703,85.0,-25.70162210211395,0.009316860000543409,-9.478061824677004,-45.5,1.0,0.025269764321747705,0.4115100395610958,0,0.7354159897658974
5.949999999999984,747.0803065745827,722.2807726942467,-0.23675051831809663,85.0,-25.694713197477654,0.0016921865645538048,-8.886837094806204,-48.5,1.0,0.021781608593048556,0.42590110296057837,0,0.753916974645108
5.966666666666651,748.4574556866613,721.9485005654949,-0.2433571200905554,85.0,-25.69231593432197,0.008298788337012586,-9.732102256883723,-48.5,1.0,-0.11606311817750412,0.405934591863866,0,0.7485829992219806
5.983333333333317,749.8323795708411,721.6071374785093,-0.24050842557365984,85.0,-25.680559452456922,0.005450093820117019,-8.839261354130233,-47.0,1.0,0.050228795760164216,0.4088609078222705,0,0.8067089947871864
5.999999999999984,751.2082703140684,721.2696925094465,-0.24498004347930286,85.0,-25.679312845441473,0.003439835079915521,-9.303556812478138,-50.0,1.0,-0.07874772254390133,0.4343974648007146,0,0.7350829837378114
6.016666666666651,752.5826383816614,720.9260984768657,-0.24409511967674327,85.0,-25.674439755355056,0.0025549112773559372,-8.782134087486883,-47.0,1.0,0.015615033140325807,0.39413848079865604,0,0.7650420011486858
6.033333333333317,753.9573099656255,720.5837207896752,-0.25316841481965,85.0,-25.67082030164984,0.011628206420262688,-10.06928045249213,-50.5,1.0,-0.15876931344913806,0.41878559914024716,0,0.772458006395027
6.049999999999984,755.3288185140926,720.2288845655856,-0.2474198731015188,85.0,-25.66104544074081,-0.0006935759951488818,-8.641568271495277,-47.0,1.0,0.10109899526385081,0.4194353672255853,0,0.7527080015279353
6.06666666666665,756.7023441809731,719.8819383350759,-0.24785799182525878,85.0,-25.662028006655145,-0.0002554572714089098,-8.384940962897167,-51.5,1.0,-0.007731352841689784,0.3973863053513421,0,0.7662080170121044
6.083333333333317,758.075717712396,719.534390370571,-0.25889025042189084,85.0,-25.662389904452333,0.010776801325223156,-10.030964577738299,-51.0,1.0,-0.19228164503834702,0.41630689791851905,0,0.7920410134829581
6.099999999999984,759.4451735062776,719.1717124514078,-0.2543337038378441,85.0,-25.654084251568023,-0.00044397034236798305,-8.818578746642979,-47.0,1.0,0.08023701297699179,0.4195443977561163,0,0.7377500005532056
6.11666666666665,760.8162676368985,718.8152782647458,-0.26220394050725904,85.0,-25.654713209532414,0.00742626632704696,-9.891147247985788,-48.5,1.0,-0.1380037088804718,0.40608314771988535,0,0.730416999431327
6.133333333333317,762.1845141120781,718.4480643929991,-0.26456830026491507,85.0,-25.64419276226917,0.009790626084702991,-9.934688348791472,-46.5,1.0,-0.041699808661616135,0.4126584170572597,0,0.7158340013120323
6.1499999999999835,763.5518885379838,718.0776165237605,-0.2624235090648116,85.0,-25.637586069193077,0.000891060807873989,-9.160813009274882,-51.0,1.0,0.03783119813636362,0.43508265125982987,0,0.7444999937433749
6.16666666666665,764.920054351562,717.710102236963,-0.2684786805980607,85.0,-25.6363237332156,0.006946232341123071,-9.89648780556493,-50.5,1.0,-0.1064520311181821,0.4087366496680458,0,0.7534169999416918
6.183333333333317,766.2859697347985,717.3343102595575,-0.2619631619885094,85.0,-25.62648331653305,0.0004307137315717746,-8.337892683338959,-48.0,1.0,0.11447703132909087,0.40534576300378916,0,0.8064580033533275
6.199999999999983,767.6543045875278,716.9674258428116,-0.2801755617004423,85.0,-25.633477308318575,0.011798283065822923,-11.202735610003376,-48.0,1.0,-0.3109681145358788,0.3964329617226909,0,0.7314170070458204
6.21666666666665,769.0157310377407,716.5756829869673,-0.27213139465631003,85.0,-25.61676346174146,0.003754116021690679,-9.321641366002027,-44.5,1.0,0.14101371461180595,0.39379686216789855,0,0.732958986191079
6.2333333333333165,770.3802646511608,716.1949042292994,-0.27231831625968306,85.0,-25.611445143202907,0.003941037625063704,-8.992984819601215,-49.5,1.0,-0.003298604566249537,0.4170928696245152,0,0.7343750039581209
6.249999999999983,771.7447270649673,715.8138704174742,-0.28209735145990983,85.0,-25.613844828778856,0.006785737662772073,-10.39579089176073,-48.5,1.0,-0.17088807940641657,0.3970615105168689,0,0.7069169951137155
6.26666666666665,773.1053981541739,715.419511911237,-0.28456070052406485,85.0,-25.60423177419782,0.009249086726927092,-10.437474535056438,-44.0,1.0,-0.04344351431051662,0.404267711532352,0,0.7662090065423399
6.283333333333316,774.4650936733715,715.021802797036,-0.28141122306783084,85.0,-25.591129088149348,0.006099609270693085,-9.462484721033864,-46.5,1.0,0.05552189141369011,0.41713348527125177,0,0.6977919838391244
6.299999999999983,775.8260350228417,714.6283779786187,-0.28463622834042196,85.0,-25.590887490097018,0.0023013864077262025,-9.677490832620318,-47.5,1.0,-0.05685053181845256,0.38888357917317107,0,0.7590839813929051
6.3166666666666496,777.1857005000602,714.2305661707187,-0.2841134863171235,85.0,-25.58762719556403,0.001778644384427763,-9.206494499572191,-48.0,1.0,0.009224597575595093,0.4004866543580111,0,0.9474580001551658
6.333333333333316,778.545573744448,713.8334651714218,-0.2934550920960981,85.0,-25.585107450681353,0.011120250163402345,-10.523896699743315,-47.5,1.0,-0.1633824081213095,0.42528455456877,0,0.7624579884577543
6.349999999999983,779.9016781471538,713.4236782836296,-0.29345215647222,85.0,-25.578207478908553,0.004005866949674808,-10.114338019845988,-45.5,1.0,5.1805127214275826e-05,0.3911978617597887,0,0.7377500005532056
6.366666666666649,781.2577837528339,713.0138953768515,-0.287617025097556,85.0,-25.572532515907543,-0.0018292644249892076,-8.668602811907594,-47.5,1.0,0.10261124974299513,0.3940449961867638,0,0.7186660077422857
6.383333333333316,782.6162573952505,712.6120324558153,-0.2880054481338547,85.0,-25.5751239723977,-0.0014408413886904947,-8.401161687144556,-51.5,1.0,-0.006854416820869562,0.41507494183215193,0,0.7097499910742044
6.399999999999983,783.974574842377,712.2096419026506,-0.2933641808825567,85.0,-25.58650842437812,-0.003281039115694384,-9.040697012286735,-53.0,1.0,-0.09428548342585516,0.3922792218970563,0,0.7275840034708381
6.416666666666649,785.330716493702,711.7999783016484,-0.2963274676304521,85.0,-25.59115655478561,-0.00031775236779901794,-9.224418207372041,-51.0,1.0,-0.05224570672217973,0.40649497284800257,0,0.8942919957917184
6.433333333333316,786.6856382419018,711.3862978685846,-0.2933936542640439,85.0,-25.591606703965766,-0.003251565734207207,-8.334650924423224,-50.5,1.0,0.051726992633359024,0.4068808462185142,0,0.7160000095609576
6.449999999999982,788.0417678184662,710.9765942976802,-0.3080225955366498,85.0,-25.60607962913459,0.004091763061761344,-10.600790554653935,-51.5,1.0,-0.25264172108665156,0.3978644183856886,0,0.7402909977827221
6.466666666666649,789.3917589720326,710.5470965331494,-0.3067623732982879,85.0,-25.60028298097222,0.002831540823399481,-9.96047433279236,-46.0,1.0,0.02223555068134267,0.40802629339686863,0,0.7071669970173389
6.483333333333316,790.742290316089,710.1193003980973,-0.3134423311338864,85.0,-25.59625099034961,0.002140070565737673,-10.776284599675417,-46.5,1.0,-0.11734008625786116,0.423483701578496,0,0.7068330014590174
6.499999999999982,792.0899338897708,709.6824923821927,-0.3107251750758065,85.0,-25.59321922602897,-0.0005770854923422553,-9.865770759805251,-45.5,1.0,0.047913114911949835,0.3879709607334005,0,0.7393750129267573
6.516666666666649,793.4387593627581,709.2493477321448,-0.31203931495589216,85.0,-25.594036763764443,0.0007370543877434077,-9.71946245588315,-46.0,1.0,-0.023186547719496547,0.39874262170845476,0,0.7165830174926668
6.5333333333333155,794.7870144585646,708.8144309112741,-0.3158614875978108,85.0,-25.59343908850307,-0.0028970837055504184,-10.03167747352989,-46.5,1.0,-0.06734809529836465,0.4214664159972654,0,0.7108749996405095
6.549999999999982,796.1335973829246,708.3743640160562,-0.3269270219413118,85.0,-25.59754328467812,0.008168450637950575,-11.619006484117934,-46.0,1.0,-0.19284735717901874,0.4031827984404713,0,0.7067919941619039
6.566666666666649,797.4752283902791,707.9194237072801,-0.315758220947862,85.0,-25.58597144162784,-0.003000350355499226,-9.17140389047076,-43.0,1.0,0.19460216902592206,0.39216498788728804,0,0.7292910013347864
6.583333333333315,798.821856751693,707.4794958715158,-0.31182373796098267,85.0,-25.5911664439811,-0.014475026163472349,-8.102842334282457,-50.5,1.0,0.06932080141555315,0.4116300563125994,0,0.7087080157361925
6.599999999999982,800.170205574231,707.0448697135309,-0.32813998529428684,85.0,-25.611672014952124,0.0018412211698318193,-10.661705400569474,-50.5,1.0,-0.2803504358173348,0.39693866666666666,0,0.7046250102575868
6.6166666666666485,801.511283768841,706.588302390581,-0.31666216401772485,85.0,-25.609063619768673,-0.009636600106730175,-8.197023240341684,-48.0,1.0,0.19984607184293257,0.3899625278935624,0,0.7059170166030526
6.633333333333315,802.857513910417,706.1471574593429,-0.3269467274181768,85.0,-25.624185183785137,-0.006975042592690217,-9.718213944205012,-52.5,1.0,-0.1795380235609073,0.4264547327519028,0,0.7004580111242831
6.649999999999982,804.1991359526953,705.6921907131763,-0.3375173472413896,85.0,-25.634066414001985,0.003595577230522562,-11.230928366523006,-46.0,1.0,-0.18442073080321075,0.4014300953748983,0,0.7855409930925816
6.666666666666648,805.5358738496442,705.2230678728613,-0.33166577128975866,85.0,-25.62897269056751,-0.0022559987211083765,-9.738557019913802,-42.5,1.0,0.10289839485140678,0.3957720353076628,0,1.0116249904967844
6.683333333333315,806.8753339533415,704.7617750428197,-0.34219485994113247,85.0,-25.634939890653524,0.0009812721064341723,-11.24313421194828,-46.5,1.0,-0.18371237975582252,0.42602917993588457,0,0.9021669975481927
6.6999999999999815,808.2098629069476,704.2864047488051,-0.33519985250747286,85.0,-25.633549755392522,-0.0060137353272254335,-9.545880527168968,-44.5,1.0,0.12281998881317302,0.3878917845409505,0,0.8330410055350512
6.716666666666648,809.5476844029731,703.8203810485317,-0.33605060152008076,85.0,-25.64206916242186,-0.005162986314617535,-9.32752831630138,-50.0,1.0,-0.01501209004542952,0.40625400760911384,0,0.8987089968286455
6.733333333333315,810.8851089457035,703.3532193667265,-0.3384440888711629,85.0,-25.652573166441677,-0.009269227560738336,-9.396516989780828,-49.0,1.0,-0.04221292069392426,0.42044960269888926,0,0.7887500105425715
6.749999999999981,812.2214115130203,702.8828579173847,-0.3429178419670301,85.0,-25.66570438411487,-0.004795474464871108,-9.837910193868497,-47.5,1.0,-0.07878516908302143,0.3961114890722,0,0.7503749802708626
6.766666666666648,813.5555964336969,702.4065229072464,-0.33986792224581863,85.0,-25.672497946901952,-0.0078453941860826,-8.902746116321097,-49.0,1.0,0.05377023188352069,0.40024911107799094,0,0.7405840151477605
6.783333333333315,814.8912279303664,701.9342592631357,-0.3397941343200748,85.0,-25.68640981138881,-0.01399021455600169,-8.541647669792658,-50.5,1.0,0.0013021391301123592,0.4143522251970366,0,0.7454170263372362
6.799999999999981,816.2268942707547,701.4620941737883,-0.35281926875198905,85.0,-25.706228635484898,-0.0009650801240874697,-10.524988601875595,-52.0,1.0,-0.22593096652193273,0.40013454925997904,0,0.9685000113677233
6.816666666666648,817.5562974722228,700.9725723945274,-0.35503167138178243,85.0,-25.70759583211516,0.0012473225057059167,-10.514993161125357,-44.5,1.0,-0.03902257991315948,0.40519502495981047,0,0.7457500032614917
6.833333333333314,818.8846144017722,700.4801106405638,-0.34270920468612653,85.0,-25.709140315052984,-0.017126425036888715,-7.908995896675215,-47.5,1.0,0.2141217853854375,0.4040718029238897,0,0.711666012648493
6.849999999999981,820.2188986746512,700.0040540015049,-0.3606578749942216,85.0,-25.73340156445226,0.0008222452712063344,-10.745397538005129,-50.5,1.0,-0.30674409543540404,0.39891641031645503,0,0.752166990423575
6.866666666666648,821.5444239053912,699.5041266996737,-0.35689905755198986,85.0,-25.732236717115995,-0.0029365721710253867,-9.647238522803077,-45.0,1.0,0.06623504273875755,0.39812941562774734,0,0.9484999754931778
6.883333333333314,822.8718189031994,699.009185325127,-0.354232553095031,85.0,-25.74014808090708,-0.01163888623147058,-8.788343113681847,-48.5,1.0,0.047021275643254416,0.40813483623989794,0,0.7753750251140445
6.899999999999981,824.200528943775,698.51778521064,-0.36674134337571507,85.0,-25.75663613080717,0.0008699040492134991,-10.67300586820911,-49.5,1.0,-0.21725923461404736,0.39962918367129474,0,0.7598749944008887
6.916666666666647,825.5229883735076,698.00980341849,-0.35752837799418535,85.0,-25.755403766892847,-0.008343061332316215,-8.603803520925466,-46.0,1.0,0.16117154256490496,0.39012066686564617,0,0.7687089964747429
6.933333333333314,826.850071631758,697.5140267852007,-0.3624863655751936,85.0,-25.771346454668556,-0.00940962018543351,-9.162282112555278,-51.0,1.0,-0.08727165779439014,0.4149271534463662,0,0.910999980987981
6.949999999999981,828.1746805347797,697.0116766100435,-0.3696695447525002,85.0,-25.784676553219246,-0.0022264410081269115,-10.097369267533168,-49.5,1.0,-0.1260894946766343,0.3981571804224277,0,0.7616670045536011
6.966666666666647,829.495646824035,696.4998245737133,-0.36721045622933157,85.0,-25.787830675374924,-0.004685529531295529,-9.258421560519901,-47.0,1.0,0.04336846986068612,0.39760016915107305,0,0.7267089968081564
6.983333333333314,830.8178678074735,695.9912224547643,-0.3719650484895823,85.0,-25.79890249619173,-0.005948365792629417,-9.755052936311941,-48.0,1.0,-0.08370850141692171,0.41769391238384224,0,0.747791986213997
6.9999999999999805,832.1376556591914,695.4763394866035,-0.3813255400029775,85.0,-25.807329298036713,0.003412125720765824,-11.053031761787164,-46.5,1.0,-0.16370685085015294,0.39803149606299215,0,0.734750006813556
7.016666666666647,833.4525662049432,694.9491253924111,-0.37695112263890296,85.0,-25.802495462645414,-0.0009622916433087435,-9.831819057072298,-43.5,1.0,0.07704280615657488,0.3987475231263179,0,0.7405829965136945
7.033333333333314,834.7697704170947,694.4276682916496,-0.3884385988506422,85.0,-25.808547171522363,0.004510782411417169,-11.499091434243379,-46.0,1.0,-0.20000973297272162,0.42636887456837286,0,0.7222080021165311
7.04999999999998,836.0808976253845,693.8911145775382,-0.37866716913011783,85.0,-25.802156918110196,-0.0052606473091071915,-9.299454860546028,-42.5,1.0,0.17075774354970014,0.3781384571434617,0,0.7352499815169722
7.066666666666647,837.397205053886,693.3673978620169,-0.37780481178765724,85.0,-25.8096094674238,-0.006123004651567787,-8.779672916327616,-48.5,1.0,0.015216896129820218,0.39371914136170033,0,0.7663340074941516
7.0833333333333135,838.7139636238437,692.8448164684644,-0.37577010216473905,85.0,-25.823175413382685,-0.014173136700566469,-8.06780374979657,-51.5,1.0,0.03589122101122551,0.40573513966539715,0,0.8081250125542283
7.09999999999998,840.0317827687402,692.324915376151,-0.3863281417890752,85.0,-25.843253351490706,-0.003615097076230311,-9.640682249877942,-55.0,1.0,-0.18420618405993144,0.3976288043710249,0,0.9850419883150607
7.116666666666647,841.3440394298659,691.7911299325733,-0.38478449789166247,85.0,-25.848374727860197,-0.00515874097364305,-8.984409349926764,-50.5,1.0,0.027234039564041274,0.3986879220446192,0,0.8025830029509962
7.133333333333313,842.6571185018607,691.2593707811395,-0.39009281318340683,85.0,-25.860730654137896,-0.005870878613814412,-9.59064560995606,-51.5,1.0,-0.09340357626157539,0.41480503011729897,0,0.7405409996863455
7.14999999999998,843.9673563418108,690.7206489167166,-0.39418203667649654,85.0,-25.869047684396513,-0.0017816551207247011,-9.954387365973636,-47.0,1.0,-0.07203789575694525,0.3854027733672065,0,0.780332979047671
7.1666666666666465,845.2753802790775,690.1765737160487,-0.39201176633299406,85.0,-25.87157169448215,-0.0039519254642271795,-9.172632419584183,-49.0,1.0,0.0382801792124995,0.3989653366396956,0,0.7328750216402113
7.183333333333313,846.5845819252467,689.6353385600285,-0.38919198379556125,85.0,-25.882332734977933,-0.012801173555318289,-8.30357945175051,-51.5,1.0,0.0497198575274997,0.40734699969085464,0,0.7402499904856086
7.19999999999998,847.8953045299937,689.0977972147818,-0.40156174084841606,85.0,-25.90046723555495,-0.0004314165024634775,-10.182147671050306,-52.5,1.0,-0.21491850215016672,0.39509302670937907,0,0.7188750023487955
7.216666666666646,849.1992777723237,688.5440840871321,-0.395601385739413,85.0,-25.90107840891448,-0.006391771611466535,-8.709288602630183,-48.0,1.0,0.10479739870989996,0.3902097607695789,0,0.7940409996081144
7.233333333333313,850.5065281596827,687.9981528925716,-0.4118118391304852,85.0,-25.915372530961132,0.003776241541056602,-11.22557316157811,-50.0,1.0,-0.27862556077406014,0.4216360172212339,0,0.7296249968931079
7.24999999999998,851.8047573873598,687.4311032326216,-0.4037355357447888,85.0,-25.91002286815904,-0.004300061844639768,-9.335343896946865,-46.0,1.0,0.14156958020223082,0.3778230383264912,0,0.7627500162925571
7.266666666666646,853.1075238909808,686.8745568450781,-0.40722863353747024,85.0,-25.91611460366565,-0.0008069640519583476,-9.601206338168119,-49.5,1.0,-0.06156500187866165,0.3968314201688644,0,0.7397500157821923
7.283333333333313,854.4083383796016,686.3134631714024,-0.40020581762962654,85.0,-25.922541640863244,-0.013889144784306917,-7.960723802900871,-51.0,1.0,0.1233033322061364,0.4039532832899576,0,0.7120420050341636
7.299999999999979,855.7130612154925,685.7615186398152,-0.41926976103947583,85.0,-25.942217296693737,0.005174798625542376,-10.976434281740524,-52.5,1.0,-0.3245282506763183,0.3931787840901867,0,0.731540989363566
7.316666666666646,857.007025366314,685.1848027471667,-0.41948106448626876,85.0,-25.934886364692908,0.005386102072335307,-10.585860569044314,-45.0,1.0,-0.0037288670724575576,0.39820129917830643,0,0.7289170171134174
7.333333333333313,858.3008676261933,684.6078134483101,-0.4046792155992659,85.0,-25.93255565206072,-0.015495981707899398,-7.551516341426589,-49.5,1.0,0.2555002630898588,0.39602618144845264,0,0.7476249884348363
7.349999999999979,859.6031083482009,684.0500379142557,-0.4210024683277786,85.0,-25.95450741425947,0.0008272710206133072,-10.130909804855953,-54.5,1.0,-0.2804645921460848,0.3882512819968362,0,0.7180829998105764
7.366666666666646,860.8960712772746,683.4710808273436,-0.41290384619572124,85.0,-25.95333544711394,-0.007271351111444058,-8.278545882913573,-50.5,1.0,0.14195557804568254,0.3892573365822651,0,0.7504589739255607
7.383333333333312,862.1936805087839,682.9026138302839,-0.4312649567214117,85.0,-25.968927206518007,0.004984705762599295,-11.167127529748143,-52.5,1.0,-0.31334490317259034,0.42146674270747525,0,0.729665975086391
7.399999999999979,863.4806339157956,682.3104184464572,-0.42555221890569395,85.0,-25.96186556926482,-0.0007280320531184437,-9.700276517848884,-45.5,1.0,0.10047355809644573,0.37644526964300784,0,0.7365409983322024
7.416666666666646,864.7709493613241,681.725584713269,-0.4272094515465693,85.0,-25.962896947915624,0.0009292005877569176,-9.62016591070933,-50.5,1.0,-0.029236948475465936,0.3962994882270952,0,0.7236660167109221
7.433333333333312,866.0602938298705,681.1386134312855,-0.42349613386781343,85.0,-25.966843810292282,-0.008917948930977304,-8.572099546425598,-52.5,1.0,0.06543558091472049,0.40984767977329084,0,0.7210419862531126
7.449999999999979,867.3518090150462,680.5564339306974,-0.43416014891720095,85.0,-25.979477403818372,0.0017460661184102169,-10.143259727855359,-50.0,1.0,-0.18601298478450107,0.385439198100765,0,0.7658329850528389
7.4666666666666455,868.6370425112927,679.9605150565455,-0.4305076612333897,85.0,-25.977003811407474,-0.0019064215654010506,-9.085955836713214,-48.5,1.0,0.06436662579596605,0.3919667736774631,0,0.7358329894486815
7.483333333333312,869.9244440161222,679.3692944464451,-0.4256454894141209,85.0,-25.98492461592714,-0.012935181050939881,-7.851573502027929,-54.5,1.0,0.08559339214424623,0.4015201515893462,0,0.7494160090573132
7.499999999999979,871.2147049082987,678.7843403674233,-0.44014038834873437,85.0,-26.003248944738246,0.001559717883673595,-10.110944101216758,-54.5,1.0,-0.2504227980467855,0.38824876164799776,0,0.76224998338148
7.516666666666645,872.4963517062341,678.1807461910213,-0.4365533553197016,85.0,-26.001039345298892,-0.0020273151453591987,-9.066566460730055,-49.5,1.0,0.06321623783859526,0.3862783957720667,0,0.7463329820893705
7.533333333333312,873.7801553664319,677.5817531973167,-0.44170156828230017,85.0,-26.00907613469449,-0.003082448948438676,-9.639939876438033,-52.5,1.0,-0.09060209063017616,0.4109868833973384,0,0.7594579947181046
7.5499999999999785,875.0608582837664,676.9761588760294,-0.4423756267084503,85.0,-26.01344293045627,-0.0024083905222885282,-9.38396392586282,-53.0,1.0,-0.011894587711439086,0.3830723492857373,0,0.7830839895177633
7.566666666666645,876.3411527042299,676.369701423792,-0.4457752625944685,85.0,-26.016854813731133,0.0009912453637296315,-9.630378355517692,-52.5,1.0,-0.059921752626863396,0.39321925815708364,0,0.7255829987116158
7.583333333333312,877.6193779956371,675.7588949496521,-0.43415488953774684,85.0,-26.02055334189498,-0.01687326987646487,-7.178227013310615,-55.0,1.0,0.20226136509054868,0.39847668586290175,0,0.7102080271579325
7.599999999999978,878.9046146260293,675.1629828350392,-0.45498002960034506,85.0,-26.044456006638665,0.003951870186133355,-10.506936207986369,-58.0,1.0,-0.3521813476123374,0.3935172897047426,0,0.7323340105358511
7.616666666666645,880.1771635153658,674.540436637,-0.44948597258356887,85.0,-26.038857538447132,-0.0015421868306428332,-9.10416172479182,-49.5,1.0,0.09665185809926419,0.3857981847303791,0,0.7257919933181256
7.6333333333333115,881.453113486122,673.9248912555928,-0.45792284215550066,85.0,-26.046078700320844,0.0006056683595167534,-10.262497034875093,-53.0,1.0,-0.14780021847377495,0.41514316012725344,0,0.7112080056685954
7.649999999999978,882.7238248311095,673.2986028857787,-0.4518060271529245,85.0,-26.04522067019733,-0.005511146643059406,-8.757498220925056,-52.5,1.0,0.10752745224906843,0.37362672389978535,0,0.738375005312264
7.666666666666645,883.9983432702755,672.6800988901002,-0.45869795118091783,85.0,-26.053028088419442,0.0013807773849339178,-9.654498932555033,-58.0,1.0,-0.12102777865055878,0.4041606192549589,0,0.755083019612357
7.683333333333311,885.2685687918258,672.0528257686876,-0.45934468289943103,85.0,-26.056044402914488,-0.004310502165045527,-9.392699359533019,-54.5,1.0,-0.011412417190335346,0.4065620694442961,0,0.7544169784523547
7.699999999999978,886.5383883703372,671.4247312833801,-0.4482197881993955,85.0,-26.06215092873797,-0.015435396865081054,-7.035619615719812,-58.0,1.0,0.1938562163524654,0.36767981917564085,0,0.7824579952284694
7.716666666666645,887.8151167120188,670.8108019828974,-0.4644676001524349,85.0,-26.08401687267379,0.000812415087958318,-9.621371769431887,-62.5,1.0,-0.27923485352185407,0.39995691744305023,0,0.7624579884577543
7.733333333333311,889.0817019658145,670.1762105873429,-0.46961519824391973,85.0,-26.08777889430101,-0.0004311750684152793,-10.172823061659132,-53.0,1.0,-0.09059132877977921,0.4056241965812874,0,0.7394159911200404
7.749999999999978,890.3450038317771,669.5351077563555,-0.47365425023614116,85.0,-26.088389725628986,0.003607876923806152,-10.50369383699548,-51.0,1.0,-0.07115704726786748,0.3810064118345982,0,0.7514160242862999
7.766666666666644,891.6057059524117,668.8889076267732,-0.4703921967776321,85.0,-26.083278577742067,0.0003458234652971015,-9.502216302197287,-51.0,1.0,0.05750218830594642,0.38305228550217413,0,0.7395829888992012
7.783333333333311,892.8685093011202,668.2468234057126,-0.4735577064403952,85.0,-26.08765353615351,-0.0029372751644199946,-9.701329781318371,-55.5,1.0,-0.055803937016432256,0.4054685998590677,0,0.7419169996865094
7.799999999999978,894.1292738024925,667.6007449921096,-0.4785452612823486,85.0,-26.091814669986356,0.0020502796775334065,-10.220797868791024,-54.0,1.0,-0.08778944554319301,0.38425351474412234,0,0.7429579854942858
7.816666666666644,895.3868002845353,666.9483865082943,-0.4747418787610495,85.0,-26.088910109144813,-0.0017531028437656748,-9.132478721274614,-51.5,1.0,0.06701799934075121,0.37631590163235734,0,0.7408329984173179
7.833333333333311,896.6467988339498,666.3008155856012,-0.48770253018918686,85.0,-26.096225989268014,0.004697206548376408,-11.07948723276477,-56.0,1.0,-0.22484986706221607,0.41608710095695317,0,0.7527499983552843
7.849999999999977,897.898298852488,665.636969106328,-0.4604495433884154,85.0,-26.08957163779458,-0.02255578025239502,-6.047692339658861,-55.5,1.0,0.44827966309600376,0.3458768076654975,0,0.7751250232104212
7.866666666666644,899.1674236993155,665.0074720311882,-0.48786429153960564,85.0,-26.121522950382555,0.004858967898795197,-10.428615403795316,-67.5,1.0,-0.4505954521423977,0.3996363127710169,0,0.7223749998956919
7.883333333333311,900.4188163167773,664.3434231162681,-0.4869672978381072,85.0,-26.119456652552287,-0.002614493688150532,-9.85716924227719,-53.0,1.0,0.015827978714561326,0.3982838142228896,0,0.7560419908259064
7.899999999999977,901.6708040784197,663.6804969596396,-0.47254731044351056,85.0,-26.12316051439081,-0.017034481082747188,-6.914301545366313,-62.0,1.0,0.24918162056207024,0.36419095466116425,0,0.7464999798685312
7.916666666666644,902.9322207311666,663.0356927470159,-0.49026644606132447,85.0,-26.147291528854915,0.0006846545350667199,-9.748580927219788,-66.0,1.0,-0.303058527662758,0.39646368000349913,0,0.7332499953918159
7.9333333333333105,904.1820145915763,662.3686397124476,-0.4929405043532549,85.0,-26.151149439928435,-0.0032883593265482514,-9.849148556331873,-61.0,1.0,-0.047154283264321445,0.4089068387543852,0,0.8044999849516898
7.949999999999977,905.4300202470358,661.6982470451358,-0.5032587842637096,85.0,-26.155807940578768,0.007029920583906446,-11.309489133799124,-57.5,1.0,-0.18011398662525963,0.38548515477631307,0,0.7748749922029674
7.966666666666644,906.6710422909899,661.0150130216384,-0.4961464411152989,85.0,-26.14584896844712,-8.242256450430308e-05,-9.585693480279474,-55.5,1.0,0.12485902469151108,0.38016510994673525,0,0.7374169945251197
7.98333333333331,907.9168923001193,660.3406227791255,-0.49139851138498686,85.0,-26.150835738464703,-0.01155260150468157,-8.351416088167685,-62.0,1.0,0.08359174814823983,0.3972560471651331,0,0.7483330264221877
7.999999999999977,909.1659302122306,659.6721553240064,-0.5120784100242715,85.0,-26.16720155988649,0.00912729713460303,-11.610849652900612,-60.5,1.0,-0.34992136777772287,0.38639694788119155,0,0.7362909964285791
8.016666666666644,910.400878199279,658.9780026651988,-0.49745984186877745,85.0,-26.154271401810828,-0.005491271020890975,-8.566509791740367,-56.5,1.0,0.252470096000033,0.37187652027774093,0,0.7270830101333559
8.033333333333312,911.6458413894514,658.3019767044843,-0.5116186031962738,85.0,-26.166998349483748,0.00186538865655439,-10.73990587504422,-61.5,1.0,-0.24484735906664676,0.4117203796127426,0,0.7091249863151461
8.04999999999998,912.881108422073,657.6083919565531,-0.5156338888419824,85.0,-26.164355717086238,0.0058806743022629115,-11.043943525026533,-55.5,1.0,-0.07073974877332162,0.37753774076002083,0,0.7313750102184713
8.066666666666647,914.1135805635008,656.909852863124,-0.5157204103675103,85.0,-26.15602480984194,0.005967195827790817,-10.62636611501592,-56.0,1.0,-0.0015268492639927064,0.38820898778359514,0,0.7249999907799065
8.083333333333314,915.3459922616476,656.2112071369398,-0.5155362823167,85.0,-26.15264022013982,-0.0011036727063381546,-10.175819669009552,-57.5,1.0,0.0032493071082709754,0.39693906512673843,0,0.7544579857494682
8.099999999999982,916.578532579178,655.5127883441613,-0.5218027371411775,85.0,-26.154203756156413,0.005162782118139364,-10.90549180140573,-56.5,1.0,-0.1101369990683708,0.3776676244160288,0,0.7193750061560422
8.11666666666665,917.8066721156403,654.8066596565818,-0.5177396019478963,85.0,-26.14688984731365,0.0010996469248580887,-9.743295080843438,-59.5,1.0,0.07157988389231093,0.38410448426495497,0,0.7500420033466071
8.133333333333317,919.0376706028243,654.105526881,-0.5415906260597702,85.0,-26.150571749575885,0.017974385700091355,-13.445977048506062,-55.5,1.0,-0.3983931529979467,0.4120538828959373,0,0.7328329957090318
8.149999999999984,920.2515978174533,653.3752357321919,-0.5153187956083082,85.0,-26.12510940760844,-0.00829744475137062,-8.467586229103638,-52.5,1.0,0.4341228582012317,0.0,0,0.7683330040890723
8.166666666666652,921.4842900026371,652.6770850170656,-0.5344990018489806,85.0,-26.136863986126038,0.010882761489301784,-11.480551737462182,-64.0,1.0,-0.32637020174592735,0.3993888363708312,0,0.9361249976791441
8.18333333333332,922.7033655994887,651.9554208752342,-0.5292804749385976,85.0,-26.126911575370055,-0.0014066300961633749,-10.088331042477309,-58.5,1.0,0.09183262895244335,0.3939264424699134,0,0.7552089809905738
8.199999999999987,923.9261906034722,651.2401283098615,-0.5334955819870139,85.0,-26.128904300682482,0.002808476952252836,-10.452998625486385,-62.0,1.0,-0.07424750596186713,0.3804484671135459,0,0.7271250069607049
8.216666666666654,925.1459897186219,650.5196877757961,-0.5380898003753017,85.0,-26.12492563023043,0.007402695340540721,-10.871799175291832,-63.5,1.0,-0.08089750357712047,0.39755355129650505,0,0.7241669809445739
8.233333333333322,926.3624661112344,649.7936508410189,-0.5296204172108318,85.0,-26.12019367461676,-0.008237303861644561,-8.9230795051751,-61.5,1.0,0.14836149785372774,0.0,0,0.7383339980151504
8.24999999999999,927.5850478863872,649.0779426270738,-0.5442006390818953,85.0,-26.131863056452293,0.006342918009418996,-11.153847703105061,-66.0,1.0,-0.25183551795443015,0.38099271556835507,0,0.7372920226771384
8.266666666666657,928.7970648990363,648.3444856034564,-0.5473889836945132,85.0,-26.122877316192486,0.009531262622036851,-11.292308621863036,-59.0,1.0,-0.05620564410599115,0.3848762789020598,0,0.7178749947343022
8.283333333333324,930.0067372414983,647.6071679864642,-0.5480876890547886,85.0,-26.11549050928958,0.002954281694756977,-10.975385173117822,-61.5,1.0,-0.012329469796928123,0.40333668388155236,0,0.743458018405363
8.299999999999992,931.2158941209565,646.8690053449662,-0.547209588531843,85.0,-26.11130528297662,0.0020761811718114087,-10.385231103870693,-63.0,1.0,0.01549465145517645,0.0,0,0.7470000127796084
8.31666666666666,932.4256987151664,646.131904749204,-0.5430833393828053,85.0,-26.108364028429577,-0.0020500679772262886,-9.231138662322415,-68.5,1.0,0.07268787420643927,0.0,0,0.7301250007003546
8.333333333333327,933.6385344624409,645.3998023693571,-0.5570106105501422,85.0,-26.117823721481876,0.004490971316241322,-11.33868319739345,-67.0,1.0,-0.24099860880946997,0.0,0,0.7333749963436276
8.349999999999994,934.841056726674,644.6508800446343,-0.5509648256750799,85.0,-26.111461533503576,-0.0015548135588210332,-9.803209918436071,-65.0,1.0,0.1062882513809848,0.0,0,0.7490419957321137
8.366666666666662,936.0480848096491,643.9092415536202,-0.5602458714623769,85.0,-26.11366418515779,0.007726232228476015,-11.081925951061642,-66.5,1.0,-0.162341799171409,0.0,0,0.741249998100102
8.38333333333333,937.248177825643,643.1564326818557,-0.5580501488957309,85.0,-26.109800679371155,-0.0019719094444277108,-10.249155570636985,-68.0,1.0,0.03872867049715452,0.0,0,0.7253749936353415
8.399999999999997,938.4499209067951,642.4062606940106,-0.5698401004483665,85.0,-26.11259421594039,0.009818042108207916,-11.94949334238219,-68.0,1.0,-0.20513146436837398,0.0,0,0.7294169918168336
8.416666666666664,939.642736179501,641.6419726791601,-0.5496481136403706,85.0,-26.098685546408284,-0.01037394469978803,-7.969696005429314,-68.0,1.0,0.3423021213789757,0.0,0,0.74637500802055
8.433333333333332,940.8507397401899,640.9019241389904,-0.5639058084692151,85.0,-26.12108509950098,-0.0037406743087440297,-10.181817603257588,-76.5,1.0,-0.2464899771726146,0.0,0,0.7486249960493296
8.45,942.0480694915886,640.144728054175,-0.5746874840951931,85.0,-26.126384375746603,0.0070410013172339525,-11.709090561954554,-69.5,1.0,-0.18801756963690225,0.0,0,0.7255829987116158
8.466666666666667,943.2371659677392,639.3746670079904,-0.5723450079876762,85.0,-26.116409706297866,0.0046985252097170305,-10.825454337172733,-67.0,1.0,0.04131429155119201,0.0,0,0.758666981710121
8.483333333333334,944.4280630294419,638.6073935020797,-0.5739796338566823,85.0,-26.118184260518245,-0.0014192836760249516,-10.695272602303639,-69.5,1.0,-0.028838341735951234,0.0,0,0.7440839835908264
8.500000000000002,945.6177042955426,637.8381743509694,-0.5825690136387467,85.0,-26.12019491171757,0.00717009610603947,-11.817163561382184,-70.5,1.0,-0.15043217170823772,0.0,0,0.7394579879473895
8.51666666666667,946.8006946433844,637.0587654202036,-0.5755573050959264,85.0,-26.11003736260167,0.00015838756321917558,-10.090298136829311,-71.5,1.0,0.12311028030839075,0.0,0,0.7198750099632889
8.533333333333337,947.9891208545213,636.2876703643723,-0.5820033152589787,85.0,-26.119087082992948,-0.0012822499446684121,-10.854178882097587,-75.0,1.0,-0.11326624848163208,0.0,0,0.9162919886875898
8.550000000000004,949.1725519234217,635.5089307740049,-0.5971898680110905,85.0,-26.12090360325005,0.01390430280744337,-13.112507329258552,-70.5,1.0,-0.2618449157556459,0.0,0,0.7370420207735151
8.566666666666672,950.3440206114861,634.7123094352693,-0.5852446222942272,85.0,-26.101206475626924,0.0019590570905800853,-10.46750439755513,-68.5,1.0,0.20775680054661252,0.0,0,0.7580830133520067
8.58333333333334,951.5249213340934,633.9297380789125,-0.6049070319834478,85.0,-26.108674720635463,0.013594194956874528,-13.480502638533078,-74.0,1.0,-0.3339851696720327,0.0,0,0.7580419769510627
8.600000000000007,952.69020754267,633.1241001350782,-0.5714976975882271,85.0,-26.08941687094132,-0.01981513943834612,-7.488301583119847,-72.0,1.0,0.5327198981967805,0.0,0,0.7291660003829747
8.616666666666674,953.8817542956224,632.357835963938,-0.6098518054068228,85.0,-26.117486481520647,0.0185389683802496,-13.29298094987191,-84.0,1.0,-0.5950107277485984,0.0,0,0.7090000144671649
8.633333333333342,955.0430425772878,631.5464458165297,-0.6020915275467228,85.0,-26.10257217846747,0.0026041633582020163,-11.375788569923145,-70.0,1.0,0.13609948001750777,0.0,0,0.7461670029442757
8.65000000000001,956.210592441426,630.7440919300212,-0.6138433824262772,85.0,-26.098882951213156,0.01435601823775645,-13.025473141953887,-71.0,1.0,-0.20448697865616217,0.0,0,0.7106249977368861
8.666666666666677,957.3686327542163,629.928072887108,-0.5885946096127967,85.0,-26.0793544994561,-0.019221399814224216,-8.215283885172331,-76.0,1.0,0.4191609794729696,0.0,0,0.7583750120829791
8.683333333333344,958.5469052513345,629.1415499268714,-0.62806554952183,85.0,-26.10658313912847,0.02024954009480906,-14.1291703311034,-80.5,1.0,-0.6084040789828853,0.0,0,0.7186669972725213
8.700000000000012,959.6932232797278,628.3091441230565,-0.6163096366756375,85.0,-26.077898251098325,0.008493627248616575,-11.47750219866204,-69.0,1.0,0.2045556359436024,0.0,0,0.7112919993232936
8.71666666666668,960.8492475622899,627.4902715428761,-0.6155400674695406,85.0,-26.067867006513914,-0.0007658114312161235,-10.886501319197222,-78.5,1.0,0.013579798232828282,0.0,0,0.7737079868093133
8.733333333333347,962.0059016815911,626.6722888457805,-0.636756993459167,85.0,-26.068951905935407,0.02045111455841031,-14.131900791518333,-71.5,1.0,-0.3582588710603032,0.0,0,0.7196659862529486
8.750000000000014,963.1449416958491,625.8299514487929,-0.6362109453972402,85.0,-26.039981513211472,0.019905066496483496,-13.479140474911,-66.5,1.0,0.009635844030484661,0.0,0,0.718457973562181
8.766666666666682,964.2844414969743,624.9882361479459,-0.6246578648426333,85.0,-26.01514890025505,-0.0003064694691616854,-10.8874842849466,-73.5,1.0,0.20112150641829082,0.0,0,0.8432909962721169
8.78333333333335,965.4335894406859,624.1597414600282,-0.63173453767006,85.0,-26.015583065329558,0.006770203358265059,-11.732490570967961,-79.0,1.0,-0.12423926281569231,0.0,0,0.7476669852621853
8.800000000000017,966.576845673346,623.3231354410874,-0.6203630224226373,85.0,-26.005992017174414,-0.004601311889157689,-9.239494342580777,-84.5,1.0,0.1980433589772515,0.0,0,0.754000007873401
8.816666666666684,967.7295412618626,622.499583788391,-0.6494936799169507,85.0,-26.017427302537367,0.015694674664333164,-13.743696605548468,-84.0,1.0,-0.47484048461364936,0.0,0,0.7727089978288859
8.833333333333352,968.8577605907732,621.6428075105232,-0.6350588133833132,85.0,-25.995194092880237,0.0012598081306955944,-10.64621796332908,-74.5,1.0,0.24942820923181055,0.0,0,0.7828750240150839
8.85000000000002,969.998229402538,620.8024056222363,-0.6483426680318994,85.0,-25.99340936516713,0.014543662779281874,-12.587730777997448,-80.5,1.0,-0.23026315779424691,0.0,0,0.7697090040892363
8.866666666666687,971.1274341435611,619.946928505479,-0.6497783405118075,85.0,-25.979473452290186,0.006960538770280134,-12.352638466798469,-79.0,1.0,-0.025329978009881578,0.0,0,0.7541250088252127
8.883333333333354,972.2554095363193,619.0898311027433,-0.6527914306851315,85.0,-25.969612768656276,0.009973628943604096,-12.411583080079081,-80.5,1.0,-0.0531221534725955,0.0,0,0.7081249787006527
8.900000000000022,973.3807973009452,618.2293389042461,-0.6457025600053156,85.0,-25.9554836952331,0.0028847582637882008,-10.646949848047448,-85.0,1.0,0.12445120791644257,0.0,0,0.731542007997632
8.91666666666669,974.5122566559747,617.3768459879349,-0.6637456510431272,85.0,-25.960033853917558,0.011716724143425172,-13.38816990882847,-83.5,1.0,-0.308257691916801,0.0,0,0.7264580053742975
8.933333333333357,975.6281510682078,616.5040779172589,-0.6512305226137547,85.0,-25.94343554116098,-0.0007984042859473517,-10.632901945297082,-85.0,1.0,0.2173658848499193,0.0,0,0.7140840170904994
8.950000000000024,976.7548806105401,615.6453433931596,-0.6769290385100544,85.0,-25.944566613779315,0.024900111610352327,-14.57974116717825,-83.5,1.0,-0.4257633857567152,0.0,0,0.7354169792961329
8.966666666666692,977.8591723456494,614.7579403234027,-0.6676761672644262,85.0,-25.920134293443464,0.006235277552968045,-12.347844700306949,-79.0,1.0,0.16185755187930448,0.0,0,0.7150410092435777
8.98333333333336,978.9716277179643,613.8807929646014,-0.6820443481955957,85.0,-25.911301040814575,0.02060345848413747,-14.408706820184168,-79.5,1.0,-0.24832280220575056,0.0,0,0.7099159993231297
9.000000000000027,980.0713656837179,612.9877527353145,-0.6798436135900184,85.0,-25.882114872997846,0.018402723878560234,-13.445224092110502,-79.5,1.0,0.03881698534321602,0.0,0,0.7357499853242189
9.016666666666694,981.1730663292793,612.0971348980723,-0.6828867795936326,85.0,-25.869343955773026,0.011824261798948132,-13.4671344552663,-82.0,1.0,-0.0536513921274036,0.0,0,0.7227500027511269
9.033333333333362,982.2720515797562,611.2031685319943,-0.6984103578470008,85.0,-25.852593308557744,0.027347840052316275,-15.680280673159782,-76.5,1.0,-0.26738558527644224,0.0,0,0.780041009420529
9.05000000000003,983.357027415871,610.2922503800776,-0.682200077860516,85.0,-25.81594914612338,0.0012971077687159438,-12.20816840389587,-79.0,1.0,0.27862273216746797,0.0,0,0.7215829973574728
9.066666666666697,984.4566262954341,609.3990388997954,-0.7016906156946887,85.0,-25.814111577299613,0.020787645602888705,-15.124901042337523,-83.5,1.0,-0.33127552736618604,0.0,0,0.7267079781740904
9.083333333333364,985.5386082532768,608.4845666545373,-0.7035877816966705,85.0,-25.78466453360904,0.02268481160487046,-14.874940625402514,-76.0,1.0,-0.0334668997530448,0.0,0,0.7334999972954392
9.100000000000032,986.6188533593515,607.5680433568268,-0.7015630030255642,85.0,-25.757337368192395,0.010591253652510235,-13.924964375241508,-79.0,1.0,0.03571619348150656,0.0,0,0.7356249843724072
9.1166666666667,987.7009520066279,606.65370919362,-0.6947747556393457,85.0,-25.742333372699672,0.0038030062662917086,-12.154978625144905,-86.0,1.0,0.11922446608890389,0.0,0,0.9474160033278167
9.133333333333367,988.7892324011091,605.7467415936296,-0.7107432087774694,85.0,-25.736945793475765,0.019771459404415492,-14.492987175086942,-86.5,1.0,-0.27467357034665757,0.0,0,0.7848330133128911
9.150000000000034,989.8628917932912,604.8225122097516,-0.7127991112303889,85.0,-25.71677117274179,0.011520396808484601,-14.295792305052164,-83.0,1.0,-0.03626472554132784,0.0,0,0.7483749941457063
9.166666666666702,990.9346487923185,603.8960774416862,-0.716358016735291,85.0,-25.700450971603647,0.015079302313386722,-14.377475383031298,-84.5,1.0,-0.06272183532479672,0.0,0,0.7873750000726432
9.183333333333369,992.0031019171827,602.9658342668052,-0.727629691653979,85.0,-25.679089436231195,0.02635097723207469,-15.826485229818779,-82.5,1.0,-0.19634910119487814,0.0,0,0.7810410170350224
9.200000000000037,993.0610019922959,602.0236071840276,-0.7134784046563079,85.0,-25.652953579766184,0.0016443129094665387,-12.695891137891266,-84.5,1.0,0.2447232059497399,0.0,0,0.7455419981852174
9.216666666666704,994.1321294230486,601.0964445922814,-0.7318891045657778,85.0,-25.650624137527473,0.020055012818936513,-15.417534682734761,-89.5,1.0,-0.31413665976348965,0.0,0,0.7745419861748815
9.233333333333372,995.1860065795814,600.1497200371005,-0.7354186174127567,85.0,-25.62221477384781,0.0235845256659154,-15.450520809640857,-81.5,1.0,-0.06220516252476036,0.0,0,0.7689170015510172
9.250000000000039,996.236535702262,599.1992817135653,-0.7411070542759398,85.0,-25.60371631759739,0.018458567640573523,-15.870312485784513,-81.5,1.0,-0.10004901418152262,0.0,0,0.736166985007003
9.266666666666707,997.2816413490746,598.2428829309202,-0.7404132869316556,85.0,-25.57756816502643,0.01776480029628935,-15.122187491470708,-81.5,1.0,0.012242341491086092,0.0,0,0.7404169882647693
9.283333333333374,998.3274102625659,597.2872094385498,-0.7501484317552843,85.0,-25.555719327656924,0.016415538422113962,-16.273312494882425,-83.5,1.0,-0.17013584510534827,0.0,0,0.7410830003209412
9.300000000000042,999.363826148199,596.3214006808488,-0.730202987973798,85.0,-25.532465025980827,-0.003529905359372365,-12.163987496929455,-87.5,1.0,0.33843624293679125,0.0,0,0.7576250063721091
9.316666666666709,1000.4192980938757,595.3764544303489,-0.7647451407157496,85.0,-25.53746571485495,0.03101224738257924,-17.29839249815767,-89.0,1.0,-0.547424670904592,0.0,0,0.7403750205412507
9.333333333333377,1001.4415064413204,594.3956208364815,-0.7474296048152491,85.0,-25.50097964125075,0.002330900721537188,-13.579035498894601,-81.5,1.0,0.29655744745724494,0.0,0,0.7339169969782233
9.350000000000044,1002.4805443599867,593.4326334803765,-0.7713916967838257,85.0,-25.49767753488532,0.02629299269011376,-17.147421299336763,-85.5,1.0,-0.4000570315256535,0.0,0,0.72245899355039
9.366666666666712,1003.4962110111389,592.4450274363581,-0.7670355645428513,85.0,-25.46043342019651,0.02193686044913934,-15.688452779602057,-78.0,1.0,0.0767220310846081,0.0,0,0.7630420150235295
9.383333333333379,1004.5161701546416,591.4618551269283,-0.7611617003079709,85.0,-25.441357651208158,0.004403983506429454,-14.013071667761235,-86.0,1.0,0.10328755198409825,0.0,0,0.7356670103035867
9.400000000000047,1005.541886690193,590.4846908453763,-0.7854061866741558,85.0,-25.435118694741625,0.02864846987261438,-17.607843000656743,-84.5,1.0,-0.4042769688095412,0.0,0,0.7579590019304305
9.416666666666714,1006.5436132596477,589.4829482015338,-0.7790080490489578,85.0,-25.394613527527284,0.010285908223667262,-15.764705800394047,-77.0,1.0,0.11243215204760852,0.0,0,0.7453750004060566
9.433333333333382,1007.5517285693221,588.4876352020987,-0.7763168859467192,85.0,-25.380042081156517,0.007594745121428659,-14.658823480236428,-85.0,1.0,0.04745545789523194,0.0,0,0.7661669806111604
9.450000000000049,1008.5625187748184,587.4950388063178,-0.7836120122520714,85.0,-25.36928296233311,0.014889871426780889,-15.395294088141856,-86.5,1.0,-0.1280333085961939,0.0,0,0.7645409787073731
9.466666666666717,1009.5660410320285,586.4950950460351,-0.7962290396256878,85.0,-25.353340650035637,0.015224438923821082,-17.037176452885113,-83.5,1.0,-0.2190798184910498,0.0,0,0.7270830101333559
9.483333333333384,1010.5568674321878,585.4825697430466,-0.7876188950972689,85.0,-25.331773528066744,0.006614294395402176,-14.822305871731068,-83.5,1.0,0.15079035890537004,0.0,0,0.8160410216078162
9.500000000000052,1011.5563749868005,584.4786130244992,-0.8112632875186871,85.0,-25.322403345996143,0.030258686816820424,-18.293383523038642,-84.5,1.0,-0.39529145132344484,0.0,0,0.7412910053972155
9.516666666666719,1012.5318674285581,583.4513063806395,-0.7941952495342177,85.0,-25.290280236167096,0.0005771123386476562,-14.576030113823185,-80.0,1.0,0.29255796253926675,0.0,0,0.7404580246657133
9.533333333333387,1013.5247510420484,582.4407983032314,-0.8133511915188372,85.0,-25.28946266039935,0.019733054323267107,-17.34561806829391,-85.5,1.0,-0.3259859724764399,0.0,0,0.7434170111082494
9.550000000000054,1014.4980964414609,581.4114571654706,-0.813031866758621,85.0,-25.261509314332045,0.019413729563050985,-16.607370840976344,-81.0,1.0,0.005635083180802761,0.0,0,0.7924580131657422
9.566666666666721,1015.4717704853547,580.3824268934708,-0.8242768298895328,85.0,-25.25088838468649,0.017700624680536015,-17.964422504585805,-79.5,1.0,-0.19589561675818504,0.0,0,0.7385829812847078
9.583333333333389,1016.4338118061423,579.3425129828312,-0.8126167248476558,85.0,-25.225813809131616,0.006040519638659036,-15.178653502751484,-83.0,1.0,0.2029341299450886,0.0,0,0.7281250145751983
9.600000000000056,1017.4079129597145,578.313887012396,-0.8245332327096538,85.0,-25.22238254459859,0.004889272439984271,-16.70719210165089,-87.5,1.0,-0.2072711886996132,0.0,0,0.8329580014105886
9.616666666666724,1018.3696876120223,577.2737264658347,-0.8367237775852556,85.0,-25.215456102904838,0.017079817315586058,-18.224315260990537,-77.0,1.0,-0.21189779655310154,0.0,0,0.7666669844184071
9.633333333333391,1019.3187109910867,576.2219189404606,-0.822189521650176,85.0,-25.191260871453878,0.0025455613805064337,-14.934589156594322,-81.5,1.0,0.2510745720681392,0.0,0,0.8885409915819764
9.650000000000059,1020.2829208354352,575.184015370515,-0.8482052173085493,85.0,-25.199222499265804,0.015838636830276417,-18.760753493956592,-86.5,1.0,-0.4303960900924496,0.0,0,0.7509999850299209
9.666666666666726,1021.2198056640326,574.1213812555025,-0.8288922900107033,85.0,-25.17678536855577,-0.0034742904675695296,-14.656452096373956,-81.5,1.0,0.32847009594453014,0.0,0,0.7574999763164669
9.683333333333394,1022.1770370737661,573.0770381736255,-0.8454458648488509,85.0,-25.181707270149708,0.013079284370578037,-16.993871257824374,-89.0,1.0,-0.28421360909994864,0.0,0,0.7326669874601066
9.700000000000061,1023.1168505139711,572.016993296248,-0.8469380445319569,85.0,-25.180383989282113,0.0021955627379047775,-16.596322754694626,-83.0,1.0,-0.02632649879330265,0.0,0,0.742750009521842
9.716666666666729,1024.0550811310397,570.9555472290173,-0.8503334282195635,85.0,-25.177273611235627,0.0055909464255113886,-16.557793652816777,-85.0,1.0,-0.05984698260931491,0.0,0,0.7250419876072556
9.733333333333396,1024.9897023301196,569.890921633479,-0.8560312050188045,85.0,-25.175271138684323,-0.0009514886529399247,-16.934676191690066,-86.0,1.0,-0.10021218956558876,0.0,0,0.7413330022245646
9.750000000000064,1025.918242391964,568.8209880850778,-0.8654631797689963,85.0,-25.176619080739204,0.008480486097251936,-17.96080571501404,-82.0,1.0,-0.16493456373935322,0.0,0,0.729666993720457
9.766666666666731,1026.8366497150703,567.7423442915532,-0.8628132449809944,85.0,-25.164605202773018,0.005830551309250032,-16.776483429008422,-83.5,1.0,0.04672951175638812,0.0,0,0.7027499959804118
9.783333333333399,1027.7579121459464,566.6661380018946,-0.8795707248745886,85.0,-25.168359316609692,0.010477965586970674,-19.065890057405053,-81.0,1.0,-0.2875257929461672,0.0,0,0.7191249751485884
9.800000000000066,1028.6610115673373,565.5746455009913,-0.8620311497559887,85.0,-25.153515803637685,-0.007061609531629265,-15.239534034443032,-84.5,1.0,0.3001694408989663,0.0,0,0.7096669869497418
9.816666666666734,1029.5831154121722,564.4991600553506,-0.8860039562065871,85.0,-25.164511563479238,0.004925736092711741,-18.74372042066582,-87.5,1.0,-0.40021741879395356,0.0,0,0.7929170096758753
9.833333333333401,1030.4791743702601,563.4018803334588,-0.8884252384213386,85.0,-25.157533465566082,0.0073470183074632045,-18.446232252399493,-79.0,1.0,-0.042702534609705564,0.0,0,0.764834025176242
9.850000000000069,1031.3725738804492,562.3024342185271,-0.8803353677083069,85.0,-25.14712528326782,-0.0007428524055684838,-16.267739351439698,-81.5,1.0,0.1418042292341765,0.0,0,0.7382080075331032
9.866666666666736,1032.274838435991,561.2102514882765,-0.8922947146084745,85.0,-25.155169444207868,-0.0006498979804989702,-17.760643610863816,-85.0,1.0,-0.20799504579282682,0.0,0,0.7139169902075082
9.883333333333404,1033.1639769878773,560.1073566247497,-0.8966882177889516,85.0,-25.156090132948812,0.003743605199978073,-17.85638616651829,-81.0,1.0,-0.07737761080903004,0.0,0,0.710541004082188
9.900000000000071,1034.0482614018126,559.000565985236,-0.8975671825935211,85.0,-25.15078670463641,0.004622570004547576,-17.313831699910974,-83.5,1.0,-0.01550989981875088,0.0,0,0.8929579926189035
9.916666666666739,1034.9315726442653,557.8929985184868,-0.902860561142234,85.0,-25.15710647711045,-0.001836904394557859,-17.588299019946586,-84.0,1.0,-0.09314227322458417,0.0,0,0.8959170081652701
9.933333333333406,1035.809008765129,556.7807708896948,-0.9155308575576321,85.0,-25.15970875687256,0.010833392020840216,-19.15297941196795,-80.5,1.0,-0.2199752806014172,0.0,0,0.7384589989669621
9.950000000000074,1036.672282580024,555.6575154579425,-0.9116048283298575,85.0,-25.146495861606876,-0.004737469953367102,-17.69178764718077,-80.5,1.0,0.06917233163914993,0.0,0,0.760875002015382
9.966666666666741,1037.53995966413,554.5376579124654,-0.921760932647677,85.0,-25.15320725226954,0.005418634364452446,-18.815072588308464,-81.5,1.0,-0.177342517683177,0.0,0,0.7675829983782023
9.983333333333409,1038.3962188051796,553.4090460536702,-0.9047738907931832,85.0,-25.145530891151658,-0.011568407490041399,-15.089043552985078,-82.5,1.0,0.291246989390094,0.0,0,0.7336249982472509
10.000000000000076,1039.271525263169,552.2951416371934,-0.9359597881799592,85.0,-25.169857125927685,0.00807516875704195,-19.65342613179105,-87.0,1.0,-0.5031037230326106,0.0,0,0.7404590141959488
10.016666666666744,1040.1116736332565,551.1544860534681,-0.9253972044398182,85.0,-25.158417427850083,-0.0024874149830990126,-16.99205567907463,-76.5,1.0,0.18428368284710045,0.0,0,0.7557090139016509
10.033333333333411,1040.9638231829585,550.0227680720844,-0.9453491210098126,85.0,-25.161941262109007,0.017464501586895387,-19.79523340744478,-80.0,1.0,-0.3385378736250729,0.0,0,0.7535000040661544
10.050000000000079,1041.7932246822024,548.8742744510763,-0.9367693239283659,85.0,-25.15084238110674,-0.002560602262300926,-17.477140044466868,-77.0,1.0,0.15026685915828952,0.0,0,0.7187500013969839
10.066666666666746,1042.6324493756244,547.732939111049,-0.9417376835947882,85.0,-25.154469897014316,0.0024077574041213583,-17.68628402668012,-81.0,1.0,-0.08745330117169274,0.0,0,0.7116250053513795
10.083333333333414,1043.4659931699657,546.5874483047306,-0.945175228764999,85.0,-25.15423432612188,-0.005508475630549015,-17.61177041600807,-83.0,1.0,-0.060588314036349,0.0,0,0.7456249732058495
10.100000000000081,1044.2955943708025,545.4390989275747,-0.9521071053754279,85.0,-25.162037960466982,0.0014234009798798075,-18.167062249604843,-81.0,1.0,-0.12172248842180972,0.0,0,0.7382089970633388
10.116666666666749,1045.1172154877324,544.2850264928206,-0.9601595167712075,85.0,-25.160021476426337,0.00947581237565942,-18.900237349762904,-81.5,1.0,-0.14115632638641862,0.0,0,0.72095898212865
10.133333333333416,1045.9295170017074,543.1243755139133,-0.9545207613462144,85.0,-25.15543535415645,-0.007430667533234625,-17.140142409857745,-80.5,1.0,0.09918095416814807,0.0,0,0.7164579874370247
10.150000000000084,1046.7483501942468,541.9683233320286,-0.9693147461120679,85.0,-25.165962036289713,0.007363317232618848,-19.084085445914646,-82.5,1.0,-0.25537034416577714,0.0,0,0.7750829972792417
10.166666666666751,1047.5499917881693,540.8002842918687,-0.9529495937573482,85.0,-25.15553076447193,-0.009001835122100843,-15.450451267548788,-83.5,1.0,0.2811472101672,0.0,0,0.7543749816250056
10.183333333333419,1048.3706403210083,539.6455200605237,-0.9764381070743314,85.0,-25.182707540554595,0.003299542610801787,-18.870270760529273,-87.0,1.0,-0.39294625723301324,0.0,0,0.7117910136003047
10.200000000000086,1049.1639412831237,538.4718003205725,-0.9752992420783656,85.0,-25.178033197004194,0.0021606776148359597,-17.922162456317565,-79.0,1.0,0.02009491232685859,0.0,0,0.7360000163316727
10.216666666666754,1049.9585784388162,537.298984804288,-0.9771604600286713,85.0,-25.17917818943053,-0.007090107321278016,-17.55329747379054,-85.0,1.0,-0.032833219270551356,0.0,0,0.7732090016361326
10.233333333333421,1050.7510313541138,536.1246923273128,-0.9797600474811874,85.0,-25.189222423981867,-0.004490519868761922,-17.331978484274323,-83.5,1.0,-0.04584293156233091,0.0,0,0.7186250004451722
10.250000000000089,1051.5404289192215,534.9483437698493,-0.9895253123904382,85.0,-25.195583972415967,0.00527474504048886,-18.399187090564595,-82.5,1.0,-0.17065209227073186,0.0,0,0.7369999948423356
10.266666666666756,1052.3183016732783,533.7643427466484,-0.9746350223068542,85.0,-25.197886742297115,-0.020657864641640322,-15.039512254338756,-89.5,1.0,0.256960744637561,0.0,0,0.7480419881176203
10.283333333333424,1053.1137176608754,532.5920553027511,-1.0045318376872596,85.0,-25.22714996910156,0.009238950738765128,-19.42370735260325,-88.5,1.0,-0.4854758865507967,0.0,0,0.7446670206263661
10.300000000000091,1053.873735755293,531.3965148640364,-0.9812015634583315,85.0,-25.214061641756153,-0.014091323490162955,-14.65422441156195,-85.5,1.0,0.3905608847361887,0.0,0,0.743458018405363
10.316666666666759,1054.6614367755762,530.2190295999719,-1.0135393339037493,85.0,-25.24931172407907,0.007268365803425825,-19.39253464693717,-90.0,1.0,-0.5185714691582872,0.0,0,0.9206249960698187
10.333333333333426,1055.4106553578154,529.0166918934717,-0.9889810777337068,85.0,-25.23901496318637,-0.017289890366616656,-14.435520788162304,-83.5,1.0,0.4089479518383612,0.0,0,0.729666993720457
10.350000000000094,1056.189172371031,527.8331143909066,-1.0190097706217511,85.0,-25.268801202852654,0.0018195169471524328,-18.86131247289738,-88.0,1.0,-0.48729464556364993,0.0,0,0.7446249946951866
10.366666666666761,1056.931802463329,526.6266961423469,-1.0178928934252875,85.0,-25.266223555266482,0.0007026397506888494,-17.916787483738428,-79.5,1.0,0.019707045995143557,0.0,0,0.7749999931547791
10.383333333333429,1057.6757795131941,525.421108072682,-1.010892943786649,85.0,-25.26522814903487,-0.0062973098879497424,-15.950072490243056,-85.5,1.0,0.12290589426375287,0.0,0,0.7502920052502304
10.400000000000096,1058.428177322813,524.220757298731,-1.0345132171286868,85.0,-25.284967729647875,0.006457029614409748,-19.370043494145833,-84.0,1.0,-0.3949288801084151,0.0,0,0.7260830025188625
10.416666666666764,1059.15201527725,523.0029711680163,-1.030163033471763,85.0,-25.275820334591913,0.0021068459574860032,-17.822026096487498,-77.5,1.0,0.07661767193495105,0.0,0,0.7394590065814555
10.433333333333431,1059.8811439593223,521.7883453781436,-1.0311240305709894,85.0,-25.27383133587987,-0.007750187140190379,-17.2932156578925,-83.5,1.0,-0.016957146839029658,0.0,0,0.7171249890234321
10.450000000000099,1060.6091050530329,520.5730194586931,-1.0364724468194308,85.0,-25.28481065774817,-0.0024017708917489777,-17.5759293947355,-83.5,1.0,-0.09410503810341755,0.0,0,0.7677089888602495
10.466666666666766,1061.330555696997,519.3538175013587,-1.0423668911609805,85.0,-25.288213163240176,0.003492673449800643,-17.9455576368413,-83.5,1.0,-0.1036468561953841,0.0,0,0.8073339995462447
10.483333333333434,1062.0448073313223,518.1303841981877,-1.0375456843412556,85.0,-25.28981317351512,-0.012104115851567345,-16.36733458210478,-85.0,1.0,0.08487571961610282,0.0,0,0.7366670179180801
10.500000000000101,1062.764949066753,516.9104086552626,-1.0601964740711876,85.0,-25.306960252262257,0.01054667387836461,-19.62040074926287,-84.0,1.0,-0.3802648182303382,0.0,0,0.7323329919017851
10.516666666666769,1063.4572750261093,515.6744356739861,-1.059777249687448,85.0,-25.29201940792231,0.010127449494625074,-18.77224044955772,-77.5,1.0,0.007397942395130627,0.0,0,0.704749982105568
10.533333333333436,1064.1501190746242,514.4387530412353,-1.0544066418616103,85.0,-25.28976353708069,-0.0059817607420118435,-17.063344269734635,-82.0,1.0,0.0944931821037446,0.0,0,0.7319579890463501
10.550000000000104,1064.8495894660794,513.2068092048847,-1.0624646329178982,85.0,-25.298237647595723,0.002076230314276062,-17.838006561840782,-84.5,1.0,-0.1412528407377531,0.0,0,0.7316250121220946
10.566666666666771,1065.5391102639376,511.96926909896274,-1.0533751663555884,85.0,-25.29776921076374,-0.017720342110919773,-15.502803937104469,-87.5,1.0,0.15904754555734843,0.0,0,0.7418339955620468
10.583333333333439,1066.2398510029616,510.7380474044184,-1.0646424990652015,85.0,-25.3228717149644,-0.006453009401306664,-16.901682362262683,-92.0,1.0,-0.1962753893322579,0.0,0,0.9287080029025674
10.600000000000106,1066.926674971015,509.4990085505677,-1.0741640551664964,85.0,-25.33201341483717,0.0030685466999882394,-17.941009417357613,-85.5,1.0,-0.1664724002660215,0.0,0,0.9999580215662718
10.616666666666774,1067.6016704058648,508.2534863278127,-1.0838238529182613,85.0,-25.33573827789926,0.0020472313056578706,-18.96460565041457,-81.0,1.0,-0.16884402349294628,0.0,0,0.7953340245876461
10.633333333333441,1068.2646030428211,507.00150199751846,-1.0814009924186845,85.0,-25.332838035575385,-0.0003756291939189804,-17.77876339024874,-80.5,1.0,0.0427303359042325,0.0,0,0.9250419971067458
10.650000000000109,1068.9305671143995,505.7511275336833,-1.0824538554605476,85.0,-25.333370176920877,0.0006772338479441586,-17.267258034149243,-85.0,1.0,-0.018577798457460423,0.0,0,0.7401250186376274
10.666666666666776,1069.5952143440425,504.50005259405236,-1.103050020541681,85.0,-25.34610339075762,0.010612749674671518,-20.160354820489545,-83.0,1.0,-0.3486167624078096,0.0,0,0.78112498158589
10.683333333333444,1070.233955082057,503.235554783044,-1.0891312066748577,85.0,-25.331068944278265,-0.0033060641921518474,-16.896212892293725,-80.0,1.0,0.24085785922198105,0.0,0,0.7490419957321137
10.700000000000111,1070.890233689747,501.9800696841547,-1.1021133867139195,85.0,-25.34001639304108,-0.0009696282675097923,-18.537727735376237,-88.5,1.0,-0.22521086780014513,0.0,0,0.7544999825768173
10.716666666666779,1071.5301585188352,500.7161706939024,-1.1060782986852895,85.0,-25.341390032871427,0.002995283703860263,-18.52263664122574,-80.0,1.0,-0.06985518734675336,0.0,0,0.7662500138394535
10.733333333333446,1072.165067082845,499.44974439924835,-1.1067523585111125,85.0,-25.33714672063599,0.003669343529683289,-17.913581984735444,-82.5,1.0,-0.011894612408052271,0.0,0,0.7605410064570606
10.750000000000114,1072.7991218555946,498.1828904259752,-1.0997683058775076,85.0,-25.341925076075697,-0.013951141927549536,-15.948149190841267,-91.0,1.0,0.12262956588850199,0.0,0,0.7598340162076056
10.766666666666781,1073.4420088676657,496.9204955851449,-1.1260427056634963,85.0,-25.361688552683283,0.012323257858439131,-19.76888951450476,-87.0,1.0,-0.4341601771335653,0.0,0,0.7513329910580069
10.783333333333449,1074.0515091353109,495.64164693570086,-1.1141118355799458,85.0,-25.344904712917128,-0.010240368105038701,-16.86133370870286,-81.0,1.0,0.20751389371986034,0.0,0,0.8084999863058329
10.800000000000116,1074.6762234387274,494.3701610004458,-1.1271700379473426,85.0,-25.35941164751762,0.002817834262358154,-18.516800225221715,-87.5,1.0,-0.22648516376808336,0.0,0,0.7309170032385737
10.816666666666784,1075.2842816320092,493.0906260544489,-1.1311795107886056,85.0,-25.355419720928783,0.006827307103621116,-18.51008013513303,-83.0,1.0,-0.07063768159418368,0.0,0,0.7222499989438802
10.833333333333451,1075.8872046908946,491.8086634069787,-1.1307761473726365,85.0,-25.352242835517195,-0.004210815718405092,-17.706048081079818,-85.5,1.0,0.007118057710156861,0.0,0,0.7595000206492841
10.850000000000119,1076.4906447975502,490.5269440608955,-1.1455617736684724,85.0,-25.35820814015648,0.010574810577430815,-19.62362884864789,-87.0,1.0,-0.25523224870723926,0.0,0,0.7259999983943999
10.866666666666786,1077.0750686121755,489.23644289881037,-1.1339358428137738,85.0,-25.3432274377156,-0.0010511202772678363,-16.774177309188733,-81.5,1.0,0.2023554841089897,0.0,0,0.8075840014498681
10.883333333333454,1077.6744558705227,487.95282326707536,-1.1507284430038909,85.0,-25.357101015253754,0.005098984545717888,-19.06450638551324,-87.5,1.0,-0.2880956262012728,0.0,0,0.766957993619144
10.900000000000121,1078.252204321606,486.65931981840765,-1.1514294005988683,85.0,-25.349877485115705,0.0057999421406953475,-18.438703831307944,-84.0,1.0,-0.012369209054096955,0.0,0,0.7179999956861138
10.916666666666789,1078.8290459397613,485.3654117103843,-1.158949498717613,85.0,-25.344921092707253,0.0026640184773065734,-19.063222298784765,-84.5,1.0,-0.1319366920991249,0.0,0,0.7784579938743263
10.933333333333456,1079.3961410230377,484.0672023239723,-1.1552285178223478,85.0,-25.34114707099519,-0.0010569624179586068,-17.63793337927086,-86.0,1.0,0.06557023474052516,0.0,0,0.7462499779649079
10.950000000000124,1079.9680627815824,482.77111206995926,-1.1725516177052868,85.0,-25.34264443414185,0.0162661374649804,-19.982760027562513,-84.0,1.0,-0.29667952582235163,0.0,0,0.7495000027120113
10.966666666666791,1080.5174475503395,481.465309320574,-1.1566568321454338,85.0,-25.328901429007985,-0.010304051025988858,-16.389656016537508,-85.5,1.0,0.27346878450658896,0.0,0,0.7434579893015325
10.983333333333459,1081.0875175018564,480.16840350486416,-1.163846099309881,85.0,-25.343498576320027,-0.0031147838615417363,-17.033793609922505,-94.0,1.0,-0.12619522929604665,0.0,0,0.7110000005923212
11.000000000000126,1081.648248999165,478.8674328547837,-1.1901782087058583,85.0,-25.34819277131658,0.012516615977294254,-20.8202761659535,-86.0,1.0,-0.4349980542442943,0.0,0,0.7565830019302666
11.016666666666794,1082.174532764979,477.55214967528013,-1.174862618111918,85.0,-25.330461361674413,-0.0027989746166461327,-17.292165699572102,-80.5,1.0,0.26396825078675623,0.0,0,0.7230420014820993
11.033333333333461,1082.7208983586822,476.24508078556477,-1.1917360127130958,85.0,-25.334426570537264,0.014074419984531739,-19.57529941974326,-87.0,1.0,-0.28940579952794593,0.0,0,0.7320420118048787
11.050000000000129,1083.245132533337,474.92897935536706,-1.190315255361879,85.0,-25.320980993496846,0.001921643571050069,-18.545179651845956,-78.5,1.0,0.025066936949898977,0.0,0,0.7557079952675849
11.066666666666796,1083.7712360390478,473.61362406278516,-1.1898478677961484,85.0,-25.318258666779954,0.0014542560053194542,-17.727107791107574,-89.0,1.0,0.008247828836605908,0.0,0,0.7342500030063093
11.083333333333464,1084.2979542679807,472.2985148081016,-1.1988239931405618,85.0,-25.31619847149865,0.010430381349732842,-18.636264674664545,-89.5,1.0,-0.15709696936470297,0.0,0,0.7390000100713223
11.100000000000131,1084.8128468509997,470.9787307074259,-1.201492517847438,85.0,-25.314251678252838,0.0023294903581294597,-18.38175880479873,-87.5,1.0,-0.047056848285488714,0.0,0,0.7476249884348363
11.116666666666799,1085.324215728438,469.6575773039061,-1.1878373398444355,85.0,-25.310951569896815,-0.011325687644873073,-15.229055282879237,-98.5,1.0,0.23646547436204027,0.0,0,0.7330419903155416
11.133333333333466,1085.8535769549499,468.34352968821236,-1.2231419300736655,85.0,-25.33097961025227,0.013165911831325205,-20.337433169727543,-94.5,1.0,-0.557175798716109,0.0,0,0.738041999284178
11.150000000000134,1086.3362260381216,467.01161591211496,-1.2028166456489218,85.0,-25.31232844067161,-0.007159372593418478,-16.002459901836524,-87.5,1.0,0.34438785410366796,0.0,0,0.7415000000037253
11.166666666666801,1086.8458450918245,465.68978654924416,-1.2200931664177794,85.0,-25.322470798534656,0.010117148175439183,-18.401475941101914,-93.5,1.0,-0.2959276208711328,0.0,0,0.9540419850964099
11.183333333333469,1087.3325526159188,464.3593504438883,-1.2028349780930567,85.0,-25.318675227237915,-0.018003882874217947,-14.640885564661147,-98.0,1.0,0.29563159414398715,0.0,0,0.7796249992679805
11.200000000000136,1087.842147437173,463.03751173867676,-1.2323677506481907,85.0,-25.344179350107442,0.011528889680916032,-18.98453133879669,-98.5,1.0,-0.4804371268469411,0.0,0,0.793792016338557
11.216666666666804,1088.3124881567646,461.70120187493313,-1.21977511179074,85.0,-25.32962720709893,-0.011982826671095292,-15.990718803278014,-93.0,1.0,0.2186697238918352,0.0,0,0.7327500206883997
11.233333333333471,1088.7996188075936,460.3709206364473,-1.2370790241473206,85.0,-25.346602471968342,0.005321085685485283,-18.39443128196681,-98.5,1.0,-0.29636983233156555,0.0,0,0.7811250106897205
11.250000000000139,1089.263658609373,459.0324097075382,-1.2424584114608046,85.0,-25.33906430281992,0.010700472998969257,-18.636658769180087,-88.0,1.0,-0.09464673273227274,0.0,0,0.7706659962423146
11.266666666666806,1089.7204913630383,457.69142190758515,-1.2384918230702289,85.0,-25.33248611984027,-0.004247923874582948,-17.18199526150805,-95.5,1.0,0.06988462702730351,0.0,0,0.7702090078964829
11.283333333333474,1090.1826396555361,456.35225671979623,-1.2544129886848372,85.0,-25.338503993897238,0.011673241740025375,-19.30919715690483,-90.5,1.0,-0.2739003071169515,0.0,0,0.7783750188536942
11.300000000000141,1090.6234092057898,455.00590362791667,-1.2502076454631452,85.0,-25.321967276999658,0.007467898518333405,-17.785518294142896,-92.0,1.0,0.07407614906316248,0.0,0,0.7462080102413893
11.316666666666809,1091.0698367187247,453.66141602286433,-1.255701084868599,85.0,-25.326954813240057,0.0019101811252835166,-18.071310976485737,-98.0,1.0,-0.09664106056210249,0.0,0,0.7797089929226786
11.333333333333476,1091.5088716715177,452.31449629449503,-1.2617346226068387,85.0,-25.324248724958256,0.007943718863523186,-18.442786585891444,-96.5,1.0,-0.10607455300392843,0.0,0,0.7571669993922114
11.350000000000144,1091.9397719914086,450.96495216451547,-1.2614789067843184,85.0,-25.319989478913378,-0.0034392483287104536,-17.665671951534865,-97.5,1.0,0.004512601530976615,0.0,0,0.7407079974655062
11.366666666666811,1092.3710173969946,449.6155182666881,-1.2811987299698457,85.0,-25.324861737773826,0.016280574856816887,-20.39940317092092,-96.0,1.0,-0.3348891890814141,0.0,0,0.7934999885037541
11.383333333333479,1092.775570082574,448.2578432065081,-1.2679624222696602,85.0,-25.30179860893251,0.0030442671566313084,-17.23964190255255,-93.0,1.0,0.22946765321781823,0.0,0,0.7487080001737922
11.400000000000146,1093.1980574100044,446.9056417042884,-1.2861719488236178,85.0,-25.311774264784944,0.010043564649545589,-19.74378514153153,-94.0,1.0,-0.3109221580693091,0.0,0,0.7322499877773225
11.416666666666814,1093.5958531053386,445.54597151294865,-1.2754592973532157,85.0,-25.297546120740652,-0.0006690868208565348,-17.046271084918917,-98.5,1.0,0.18684178849174773,0.0,0,0.7548750145360827
11.433333333333481,1094.008191369476,444.1906407044843,-1.2813311736525115,85.0,-25.30430102089044,-0.006097445288446801,-17.42776265095135,-108.0,1.0,-0.10325284357161793,0.0,0,0.9148329845629632
11.450000000000149,1094.412564236023,442.83291207576457,-1.3028429005956037,85.0,-25.312939014857108,0.015414281654645423,-20.45665759057081,-98.0,1.0,-0.36281378947630394,0.0,0,0.726083992049098
11.466666666666816,1094.7876387085591,441.4667994945707,-1.2894882219007067,85.0,-25.291102980577612,0.0020596029597483856,-17.273994554342487,-100.5,1.0,0.2314475596475506,0.0,0,0.7381250034086406
11.483333333333483,1095.1809231870986,440.1058175830875,-1.3152541777412736,85.0,-25.301632285099124,0.016428137318956097,-20.964396732605493,-99.0,1.0,-0.4267500475448029,0.0,0,0.714166002580896
11.500000000000151,1095.5390140052425,438.735155184681,-1.3019962614644172,85.0,-25.278360137392507,0.0031702210420996306,-17.778638039563297,-97.5,1.0,0.22982922147311818,0.0,0,0.7297919946722686
11.516666666666818,1095.915244947583,437.369360645788,-1.3108782831688974,85.0,-25.278924679090853,0.0005502924078726323,-18.667182823737978,-105.5,1.0,-0.15547655044946224,0.0,0,0.7228750037029386
11.533333333333486,1096.2793301922977,436.00027833305967,-1.3202071482912816,85.0,-25.278145098219053,0.00987915753025681,-19.60030969424279,-104.0,1.0,-0.16316351360301085,0.0,0,0.7324169855564833
11.550000000000153,1096.6306277953872,434.62785914108224,-1.3231723187611701,85.0,-25.264149852704527,0.012844328000145344,-19.360185816545673,-102.5,1.0,-0.052278858161806524,0.0,0,0.7730410143267363
11.566666666666821,1096.9778544032351,433.25440432666466,-1.3266191299894992,85.0,-25.25904052417349,0.004677148610994886,-19.216111489927403,-104.0,1.0,-0.06075123156375033,0.0,0,0.7404999923892319
11.583333333333488,1097.3203449183686,431.87976084870826,-1.3382440523299044,85.0,-25.252414587799066,0.01630207095140013,-20.529666893956442,-102.5,1.0,-0.20233840560491698,0.0,0,0.778957997681573
11.600000000000156,1097.646832528124,430.50122891758707,-1.3460300153777467,85.0,-25.23411268829938,0.01235431429522782,-21.117800136373866,-93.0,1.0,-0.13654437669628378,0.0,0,0.7668329926673323
11.616666666666823,1097.9625771516576,429.1201967756171,-1.3437519770879567,85.0,-25.216611188262103,0.010076276005437812,-19.870680081824318,-98.0,1.0,0.0401790406488968,0.0,0,0.708332983776927
11.633333333333491,1098.2814669972975,427.7398874947702,-1.3551675561752785,85.0,-25.202336705475123,0.021491855092759637,-21.12240804909459,-100.5,1.0,-0.19879074227732857,0.0,0,0.7132919854484499
11.650000000000158,1098.584579377495,426.35602791756753,-1.3484310204235097,85.0,-25.185151291282445,0.002893996334049076,-19.073444829456754,-104.5,1.0,0.11832472130026939,0.0,0,0.731542007997632
11.666666666666826,1098.8970072289674,424.97424165259423,-1.3712558705594768,85.0,-25.181051468865384,0.02571884647001621,-22.244066897674053,-101.0,1.0,-0.38291050055317155,0.0,0,0.8317500178236514
11.683333333333493,1099.177817374628,423.5856848094875,-1.3465359813231546,85.0,-25.149688510630593,-0.010998036580165847,-17.14644013860443,-103.5,1.0,0.41134678300143046,0.0,0,0.7396250148303807
11.700000000000161,1099.4928632025424,422.20449308827057,-1.3781849023528607,85.0,-25.165268748358713,0.02065088444954033,-21.68786408316266,-107.0,1.0,-0.5093535968658089,0.0,0,0.7248329930007458
11.716666666666828,1099.7640453296506,420.8140238515086,-1.3758759839913544,85.0,-25.13601540805046,0.018341966088033956,-20.412718449897596,-98.0,1.0,0.04072309188051501,0.0,0,0.7476249884348363
11.733333333333496,1100.0384372110084,419.42418445794925,-1.3805464610669929,85.0,-25.1240606726453,0.01087151008247944,-20.44763106993856,-102.0,1.0,-0.08223431153835808,0.0,0,0.8837500063236803
11.750000000000163,1100.3063349102404,418.03307868656066,-1.386261413921414,85.0,-25.108659670072615,0.01658646293690058,-20.668578641963137,-105.5,1.0,-0.10051225358968129,0.0,0,0.7757499988656491
11.766666666666831,1100.566278174,416.64046461795783,-1.3971732265560453,85.0,-25.0911154628243,0.015204926424364107,-21.801147185177882,-98.5,1.0,-0.19023293548714176,0.0,0,0.7259999983943999
11.783333333333498,1100.8110103202625,415.2450970602763,-1.3957459738393638,85.0,-25.06957598036362,0.01377767370768268,-20.680688311106728,-102.5,1.0,0.025181488707714597,0.0,0,0.713040994014591
11.800000000000166,1101.0577337587206,413.8500802183135,-1.4009925457647043,85.0,-25.050058226782077,0.019024245633023185,-20.808412986664038,-106.0,1.0,-0.09232335677537132,0.0,0,0.7273329829331487
11.816666666666833,1101.2971347788475,412.4537881299571,-1.410476681127609,85.0,-25.038573975659745,0.016053923642206813,-21.68504779199842,-101.5,1.0,-0.16583009739855553,0.0,0,0.7630829932168126
11.833333333333501,1101.5232826074885,411.05528836090264,-1.4114932470803292,85.0,-25.015831894076296,0.01707048959492696,-21.01102867519905,-100.5,1.0,-0.017937475105800016,0.0,0,0.8148750057443976
11.850000000000168,1101.7480086522728,409.65655942031407,-1.4194329192766224,85.0,-24.99916652234588,0.012385682226397465,-21.606617205119427,-104.0,1.0,-0.13920565173014685,0.0,0,0.8073750068433583
11.866666666666836,1101.961622281308,408.2560903339238,-1.417291013084583,85.0,-24.98162058780597,0.01024377603435811,-20.363970323071655,-106.0,1.0,0.03778035896191195,0.0,0,0.8190000080503523
11.883333333333503,1102.1782350914536,406.8560820000467,-1.4347289846519518,85.0,-24.967108825559016,0.027681747601726814,-22.618382193842994,-101.0,1.0,-0.2985323679561863,0.0,0,0.9322910045739263
11.90000000000017,1102.3704029000519,405.4525094234469,-1.4371997184973373,85.0,-24.94554430706294,0.01734883788050623,-22.171029316305795,-97.0,1.0,-0.04357358744037848,0.0,0,0.7522910018451512
11.916666666666838,1102.5591022713627,404.04846633589176,-1.4427910425856303,85.0,-24.92096801961301,0.022940161968799222,-22.302617589783477,-96.5,1.0,-0.09835206913089387,0.0,0,0.7840419712010771
11.933333333333506,1102.739948274004,402.64339012166954,-1.4381466068616269,85.0,-24.898313843114362,0.005303543915963438,-20.581570553870087,-103.5,1.0,0.08177784185479699,0.0,0,0.7401659968309104
11.950000000000173,1102.9273180888572,401.2391689863328,-1.4575499365008917,85.0,-24.890800524455443,0.02470687355522827,-23.14894233232205,-103.5,1.0,-0.329898711553788,0.0,0,0.7297499978449196
11.96666666666684,1103.0874077775263,399.83157680959044,-1.4556456722006423,85.0,-24.857779714083712,0.009612276143470488,-21.889365399393228,-97.5,1.0,0.0335920230677272,0.0,0,0.7374169945251197
11.983333333333508,1103.2501776018466,398.42429203786327,-1.4640545806431315,85.0,-24.844162532577876,0.01802118458595969,-22.533619239635936,-100.0,1.0,-0.1473174528260307,0.0,0,0.7411669939756393
12.000000000000176,1103.4011080821563,397.0156883197942,-1.4611686801546022,85.0,-24.81863390292616,0.015135284097430368,-21.120171543781563,-103.0,1.0,0.050883694971048124,0.0,0,0.7644159777555615
12.016666666666843,1103.5561030184756,395.6075260371862,-1.4746132446897275,85.0,-24.810217682778028,0.015181512237949724,-22.672102926268938,-100.0,1.0,-0.232949783017371,0.0,0,0.7495829777326435
12.03333333333351,1103.6921523885098,394.19740724312743,-1.4848226696400908,85.0,-24.788711366586448,0.02539093718831298,-23.603261755761363,-92.5,1.0,-0.17825403647708943,0.0,0,0.7401659968309104
12.050000000000178,1103.8137984163288,392.7859729767302,-1.4775547833079536,85.0,-24.758065952623685,0.004506616250864236,-21.361957053456816,-99.5,1.0,0.12756041144708,0.0,0,0.7348330109380186
12.066666666666846,1103.9456992848625,391.3754600894,-1.4928391848420202,85.0,-24.751681601212315,0.019791017784930753,-23.21717423207409,-101.5,1.0,-0.2634552531317523,0.0,0,0.7183339912444353
12.083333333333513,1104.0560267408773,389.96309600854346,-1.4919079582451098,85.0,-24.723646156275027,0.01885979118802039,-22.130304539244456,-98.0,1.0,0.01643193145428215,0.0,0,0.7388750091195107
12.10000000000018,1104.1676693798615,388.55083527992247,-1.494254689712114,85.0,-24.714091874201824,0.007361652036162347,-21.678182723546673,-102.5,1.0,-0.04138925779409747,0.0,0,0.7245409942697734
12.116666666666848,1104.27599751778,387.138316445011,-1.503099519022719,85.0,-24.703662961348414,0.016206481346767276,-22.406909634128006,-99.5,1.0,-0.1548358880097919,0.0,0,0.9294170013163239
12.133333333333516,1104.3718280933197,385.72489472972705,-1.5093384828502083,85.0,-24.690355771371003,0.008361559169769217,-22.644145780476805,-97.0,1.0,-0.10965769947254171,0.0,0,0.7314580143429339
12.150000000000183,1104.458838574032,384.3109026432249,-1.5219094422589958,85.0,-24.67851036724486,0.02093251857855671,-23.986487468286082,-94.0,1.0,-0.21830511968352523,0.0,0,0.7413749990519136
12.16666666666685,1104.528067410784,382.89592850473105,-1.52275934949321,85.0,-24.650283986548356,0.007034440762221372,-23.19189248097165,-94.5,1.0,-0.014997238476781319,0.0,0,0.7549580186605453
12.183333333333518,1104.5960936259207,381.48089603920295,-1.5240921737973727,85.0,-24.64031861098905,0.008367265066384189,-22.515135488582988,-97.5,1.0,-0.023516093086069112,0.0,0,0.733000022592023
12.200000000000186,1104.662233791533,380.06577416355503,-1.5301146331258548,85.0,-24.628465123792044,0.014389724394866299,-22.709081293149794,-99.0,1.0,-0.10588123918497494,0.0,0,0.7244169828481972
12.216666666666853,1104.7198502952742,378.65027962702686,-1.5402538926723115,85.0,-24.62328596227342,0.008990338765519024,-23.625448775889875,-98.0,1.0,-0.1770544935109845,0.0,0,0.7512089796364307
12.23333333333352,1104.7631120168364,377.2342736708629,-1.5407220849937346,85.0,-24.6105498205929,0.009458531086942168,-22.775269265533925,-95.0,1.0,-0.008262029439924434,0.0,0,0.773124978877604
12.250000000000188,1104.8057107705654,375.8182476150909,-1.5462212056957423,85.0,-24.604051039911692,-0.0006242912545790791,-22.865161559320356,-96.0,1.0,-0.09674038433062113,0.0,0,0.7418750028591603
12.266666666666856,1104.8405220212444,374.4020087153037,-1.5583337441334761,85.0,-24.60493545246494,0.011488247183154776,-24.119096935592214,-91.5,1.0,-0.21058173059837268,0.0,0,0.7281670114025474
12.283333333333523,1104.8581768896593,372.98545206268943,-1.5578175034150452,85.0,-24.588660793615375,0.010972006464723847,-23.071458161355327,-92.5,1.0,0.009109878307643038,0.0,0,0.7740420114714652
12.30000000000019,1104.8765630399132,371.5689047129961,-1.5493880598765,85.0,-24.592266990214817,-0.012651343606820742,-20.642874896813197,-99.0,1.0,0.14767201031791904,0.0,0,0.7097499910742044
12.316666666666858,1104.9068891014479,370.15256267293785,-1.5764087963886328,85.0,-24.610189248886577,0.014369392905312141,-24.385724938087918,-98.0,1.0,-0.44494571047591513,0.0,0,0.7240410195663571
12.333333333333526,1104.8989381445992,368.7359183185815,-1.5720379407785354,85.0,-24.599424289671926,-0.004829553301581857,-22.63143496285275,-93.0,1.0,0.07698032371445099,0.0,0,0.7012910209596157
12.350000000000193,1104.8971791919078,367.3192527438851,-1.571180360699356,85.0,-24.606266130251978,-0.005687133380761322,-21.57886097771165,-98.0,1.0,0.015132610895337267,0.0,0,0.716709007974714
12.36666666666686,1104.8966351438899,365.90258618168485,-1.5860112743634236,85.0,-24.614599941101478,-0.0053398551538261785,-23.347316586626988,-96.5,1.0,-0.2559803501294642,0.0,0,0.7312080124393106
12.383333333333528,1104.8750814664504,364.4860834872175,-1.5948454468243638,85.0,-24.62216469995237,0.003494317307114026,-24.00838995197619,-91.5,1.0,-0.15465229341101205,0.0,0,0.7372079999186099
12.400000000000196,1104.841015163729,363.06982647259645,-1.5978720130508555,85.0,-24.617214427174634,0.006520883533605692,-23.605033971185716,-89.0,1.0,-0.05335929271327375,0.0,0,0.9302920079790056
12.416666666666863,1104.8026626279284,361.65367904826445,-1.5994923934882022,85.0,-24.619220281577917,-0.006018446900250218,-22.963020382711427,-90.5,1.0,-0.02858715896129746,0.0,0,0.7614160131197423
12.43333333333353,1104.7620154458991,360.2375956287451,-1.6001853128146295,85.0,-24.627746363214957,-0.005325527573822875,-22.177812229626856,-94.0,1.0,-0.012227378710112188,0.0,0,0.8762500074226409
12.450000000000198,1104.7203870421372,358.8215407143987,-1.6091508977912157,85.0,-24.63720998015961,-0.010215462439469025,-22.906687337776113,-95.0,1.0,-0.1569155105594004,0.0,0,0.7847080123610795
12.466666666666866,1104.666064720863,357.4059159301229,-1.61663038635212,85.0,-24.651681633579287,-0.0027359738785646126,-23.34401240266567,-91.0,1.0,-0.13123238966897374,0.0,0,0.7110409787856042
12.483333333333533,1104.6011558683927,355.9907370420259,-1.612134443458132,85.0,-24.655557591738344,-0.007231916772552749,-21.6064074415994,-93.0,1.0,0.07917431619861566,0.0,0,0.7473750156350434
12.5000000000002,1104.5426102139695,354.57528063125494,-1.6317398041170463,85.0,-24.677823805237296,-0.0011968570763962738,-24.16384446495964,-93.5,1.0,-0.33308632694749707,0.0,0,0.7442909991368651
12.516666666666868,1104.4563270550693,353.16124397651976,-1.6267085838267887,85.0,-24.67951935235737,-0.006228077366653872,-22.298306678975784,-89.0,1.0,0.08855403716483512,0.0,0,0.7565840205643326
12.533333333333536,1104.3771592881114,351.746791110879,-1.6287333086461182,85.0,-24.691045939170824,-0.017506682817713504,-21.77898400738547,-95.0,1.0,-0.03571524436776581,0.0,0,0.7510420109611005
12.550000000000203,1104.295127807562,350.3325014373526,-1.6431442173735702,85.0,-24.71584580632385,-0.003095774090261516,-23.467390404431285,-95.0,1.0,-0.2490311466206594,0.0,0,0.7610419997945428
12.56666666666687,1104.192724350815,348.91954072434936,-1.6361689808753561,85.0,-24.72023147927979,-0.010071010588475593,-21.28043424265877,-93.5,1.0,0.12247631202760437,0.0,0,0.7571659807581455
12.583333333333538,1104.1001790404391,347.5059001017115,-1.646986222783014,85.0,-24.746560313747437,-0.012307691023327294,-22.368260545595263,-96.0,1.0,-0.18862321278343758,0.0,0,0.7415419968310744
12.600000000000206,1103.9923477501327,346.09334325072274,-1.6499802397819534,85.0,-24.76399576917097,-0.009313674024387986,-22.020956327357155,-94.0,1.0,-0.05278651100339511,0.0,0,0.7037079776637256
12.616666666666873,1103.880287730228,344.6811155791402,-1.662713826741689,85.0,-24.77995304285236,-0.009401517968123052,-23.412573796414293,-93.5,1.0,-0.22103873993537088,0.0,0,0.7957090274430811
12.63333333333354,1103.7502545572427,343.2704292857469,-1.6625151286407154,85.0,-24.79327166376964,-0.009600216069096668,-22.447544277848575,-91.0,1.0,0.003506422705443879,0.0,0,0.7148750009946525
12.650000000000208,1103.62050168751,341.8597171828568,-1.6709357956351818,85.0,-24.806871760958355,-0.0011795490746302482,-23.068526566709146,-90.0,1.0,-0.14752047971006688,0.0,0,0.7630000181961805
12.666666666666876,1103.4788744215273,340.45014768759427,-1.6669990685996503,85.0,-24.820033941380164,-0.017721525139213545,-21.441115940025487,-91.0,1.0,0.06936021217396014,0.0,0,0.7246249879244715
12.683333333333543,1103.3427973290075,339.04003156849774,-1.676348409119701,85.0,-24.845138121274303,-0.008372184619162892,-22.264669564015293,-95.0,1.0,-0.16351528936229098,0.0,0,0.7663340074941516
12.70000000000021,1103.1935427199983,337.63124929073655,-1.6784456977467732,85.0,-24.85922226925979,-0.01867970503094818,-21.758801738409176,-91.0,1.0,-0.03699409028404091,0.0,0,0.7359170122072101
12.716666666666878,1103.041333818363,336.2227831410874,-1.6894223168305005,85.0,-24.885683645790202,-0.007703085947220911,-22.85528104304551,-92.5,1.0,-0.1913354541704252,0.0,0,0.7280000136233866
12.733333333333546,1102.873674200207,334.8160725465143,-1.6870235184479665,85.0,-24.896596242960317,-0.010101884329754895,-21.513168625827305,-91.0,1.0,0.04230647749774538,0.0,0,0.7409579993691295
12.750000000000213,1102.7093894762897,333.40896381797484,-1.7008315099230538,85.0,-24.9213214505475,-0.008513475007504878,-23.107901175496384,-91.0,1.0,-0.23901261350135278,0.0,0,0.7352920074481517
12.76666666666688,1102.5256916855058,332.00425759740574,-1.6923429153480993,85.0,-24.933382061116134,-0.01700206958245931,-20.66474070529783,-93.0,1.0,0.14869309856585478,0.0,0,0.9114590066019446
12.783333333333548,1102.3539243513724,330.5980426681118,-1.7103660490828096,85.0,-24.958648919150278,-0.011028013822484528,-22.9988444231787,-94.5,1.0,-0.3079378908604869,0.0,0,0.7744589820504189
12.800000000000216,1102.156841886728,329.195151743423,-1.713211412018504,85.0,-24.974271622063043,-0.008182650886790155,-22.59930665390722,-86.5,1.0,-0.05017015118295873,0.0,0,0.7531659794040024
12.816666666666883,1101.955768491428,327.7928272680797,-1.7202031652957677,85.0,-24.985863581460126,-0.001190897609526509,-22.95958399234433,-88.5,1.0,-0.12276342404310879,0.0,0,0.7880000048317015
12.83333333333355,1101.7448953839425,326.39194291275845,-1.7220212571092541,85.0,-24.996479878871924,-0.01126564965080834,-22.375750395406598,-88.0,1.0,-0.03207297109253161,0.0,0,0.7704170129727572
12.850000000000218,1101.5314756899982,324.99144425917785,-1.7305950165861927,85.0,-25.01243921162623,-0.0026918901738697265,-23.02545023724396,-87.5,1.0,-0.15016269932218607,0.0,0,0.747833022614941
12.866666666666886,1101.3060564486843,323.59282686686146,-1.727859850006177,85.0,-25.016252718100347,-0.00542705675388544,-21.615270142346375,-86.0,1.0,0.04823021374002211,0.0,0,0.7722919981461018
12.883333333333553,1101.0844634973457,322.19359814775885,-1.7334875464308568,85.0,-25.04032469068169,-0.011549824501380757,-21.769162085407828,-92.5,1.0,-0.09898770508932049,0.0,0,0.9039159922394902
12.90000000000022,1100.8549996621348,320.79563863733847,-1.7421720301537913,85.0,-25.05668657827794,-0.0028653407784462463,-22.461497251244698,-90.0,1.0,-0.15207237305359217,0.0,0,0.7545840053353459
12.916666666666888,1100.6134040759734,319.3997245937127,-1.7449893642950065,85.0,-25.067864451495502,-0.01166956621319204,-22.076898350746816,-87.0,1.0,-0.04967675716548832,0.0,0,0.7754170219413936
12.933333333333556,1100.3678766975377,318.0044967446203,-1.7474697101271863,85.0,-25.084395961751373,-0.00918922038101222,-21.64613901044809,-88.5,1.0,-0.04374288763262621,0.0,0,0.7486670219805092
12.950000000000223,1100.118889430326,316.6098821795125,-1.7575436053479743,85.0,-25.097413840747233,0.0008846748397757231,-22.58768340626885,-87.0,1.0,-0.1759365659129094,0.0,0,0.757208006689325
12.96666666666689,1099.8558658336633,315.21784660811244,-1.7601098844704708,85.0,-25.11042173743403,-0.008054832248124866,-22.15261004376131,-88.0,1.0,-0.045256356214412055,0.0,0,0.717417016858235
12.983333333333558,1099.5892707552057,313.82649061175977,-1.7624402949687572,85.0,-25.121832626394312,-0.005724421749838449,-21.691566026256787,-89.0,1.0,-0.04110173039531431,0.0,0,0.7070419960655272
13.000000000000226,1099.3194339729757,312.43575966890984,-1.7690353858906294,85.0,-25.13498908746525,-0.010532165776736102,-22.014939615754074,-89.0,1.0,-0.11586270490385522,0.0,0,0.74637500802055
13.016666666666893,1099.0404311285038,311.04683855623966,-1.7738621427190546,85.0,-25.14990937980267,-0.005705408948310842,-22.008963769452443,-88.0,1.0,-0.08497295627564594,0.0,0,0.7602919940836728
13.03333333333356,1098.7547275756376,309.6592802964451,-1.7742697213717395,85.0,-25.157991998628766,-0.005297830295625916,-21.205378261671463,-87.5,1.0,-0.007192440432054498,0.0,0,0.7466670067515224
13.050000000000228,1098.4684585073917,308.2718385985673,-1.77961371693455,85.0,-25.177441137072694,-0.011266265387953165,-21.323226957002877,-92.5,1.0,-0.09402771425923284,0.0,0,0.9261670056730509
13.066666666666896,1098.174779079827,306.8859465254715,-1.7903581292386654,85.0,-25.193401342065815,-0.0005218530838377866,-22.393936174201727,-88.5,1.0,-0.18738287855553942,0.0,0,0.7209170144051313
13.083333333333563,1097.8662262942846,305.5032897991007,-1.7844519852480594,85.0,-25.196910995737255,-0.017662328563262886,-20.436361704521033,-86.0,1.0,0.10385110620000965,0.0,0,0.7194999780040234
13.10000000000023,1097.565845012518,304.1188348413615,-1.7947438252384067,85.0,-25.22193132693962,-0.007370488572915557,-21.461817022712623,-91.5,1.0,-0.17966233627999473,0.0,0,0.7496670004911721
13.116666666666898,1097.2512313017392,302.73754462658604,-1.7929312048854351,85.0,-25.232372757880523,-0.00918310892588714,-20.277090213627574,-90.5,1.0,0.03197651489867004,0.0,0,0.739833019906655
13.133333333333566,1096.939121861192,301.35568640608517,-1.8070265815527424,85.0,-25.254860125676455,-0.006256060521868445,-21.966254128176544,-89.5,1.0,-0.24379425772746433,0.0,0,0.7058750197757035
13.150000000000233,1096.6075662578767,299.97836461131294,-1.8097350537831836,85.0,-25.263722820270406,-0.003547588291427317,-21.579752476905927,-85.5,1.0,-0.04776022130314575,0.0,0,0.7133749895729125
13.1666666666669,1096.2722814374044,298.6019458764777,-1.811004210121745,85.0,-25.26908112861137,-0.013392675822926803,-20.947851486143556,-92.5,1.0,-0.022393132781886815,0.0,0,0.7187499722931534
13.183333333333568,1095.9352499968707,297.22595377892185,-1.8202465609186094,85.0,-25.288053518855456,-0.004150325026062385,-21.768710891686133,-90.0,1.0,-0.16167671300246567,0.0,0,0.731165986508131
13.200000000000236,1095.5855157304193,295.8531353687473,-1.8222449044312168,85.0,-25.293933129096008,-0.0021519815134549702,-21.26122653501168,-86.5,1.0,-0.035250277801479504,0.0,0,0.7145419949665666
13.216666666666903,1095.23303880134,294.48101858839976,-1.8163959378181171,85.0,-25.303893042815282,-0.019072880900371736,-19.356735921007008,-95.0,1.0,0.10285283331911219,0.0,0,0.7442919886671007
13.23333333333357,1094.8885933209122,293.10686366428916,-1.8373567934461181,85.0,-25.33091131925991,0.0018879747276292491,-22.214041552604208,-94.0,1.0,-0.3542897166751994,0.0,0,0.7642499986104667
13.250000000000238,1094.5154221512096,291.7402299450552,-1.8362561031958293,85.0,-25.328236689984713,0.0007872844773404442,-21.128424931562527,-84.0,1.0,0.019421503328213435,0.0,0,0.9444169991184026
13.266666666666906,1094.1437554476656,290.3731863078873,-1.846266824667376,85.0,-25.340542138017547,-0.00024327463663542662,-22.077054958937516,-85.0,1.0,-0.17485568133640483,0.0,0,0.7838750025257468
13.283333333333573,1093.7584225026528,289.0099317586808,-1.8543348214694917,85.0,-25.34088677708269,0.007824722165480358,-22.64623297536251,-80.5,1.0,-0.14142590880184297,0.0,0,0.7437090098392218
13.30000000000024,1093.3621034847072,287.64983040934726,-1.8567940893258135,85.0,-25.334082713233816,-0.0007382136963529629,-22.187739785217502,-81.0,1.0,-0.043371628614438884,0.0,0,0.7367079961113632
13.316666666666908,1092.9624408150712,286.29070782659625,-1.8513111193496643,85.0,-25.335128515875425,-0.0062211836725021286,-20.3126438711305,-87.5,1.0,0.09645802283133648,0.0,0,0.738000002456829
13.333333333333576,1092.5702361439182,284.92941434597924,-1.8518011435095787,85.0,-25.343941802560863,-0.005731159512587736,-19.5875863226783,-94.0,1.0,-0.008647269634531177,0.0,0,0.7303330057766289
13.350000000000243,1092.1773644531866,283.56831321855844,-1.8722433545631871,85.0,-25.362819692183745,0.003696402414274935,-22.352551793606978,-88.0,1.0,-0.3462148617807189,0.0,0,0.7581659883726388
13.36666666666691,1091.7567528683007,282.2155270791024,-1.8584515923067029,85.0,-25.357583134021688,-0.010095359842209328,-19.011531076164186,-94.5,1.0,0.23874224959823542,0.0,0,0.7283329905476421
13.383333333333578,1091.3548379989636,280.8570688050836,-1.8671340235354712,85.0,-25.373514732383224,-0.012431522749153821,-19.80691864569851,-100.0,1.0,-0.15203698357439216,0.0,0,0.7417089946102351
13.400000000000245,1090.9411437062777,279.50215128853745,-1.8846325825289731,85.0,-25.391125602664218,0.005067036244348122,-22.084151187419106,-91.5,1.0,-0.29950877347796867,0.0,0,0.7307079795282334
13.416666666666913,1090.503804854322,278.1546798888356,-1.8815835245121475,85.0,-25.383947332034904,0.0020179782275224767,-20.650490712451465,-89.5,1.0,0.053755069246552045,0.0,0,0.7223749998956919
13.43333333333358,1090.0705765473886,276.80588128321796,-1.8880596117312232,85.0,-25.389210169229766,-0.0025399809088357816,-20.99029442747088,-94.0,1.0,-0.11379020845206861,0.0,0,0.7468340045306832
13.450000000000248,1089.6286224488028,275.4599165663001,-1.889409702518739,85.0,-25.392808471648134,-0.0011898901213198696,-20.39417665648253,-93.5,1.0,-0.02382062507124144,0.0,0,0.8203749894164503
13.466666666666915,1089.1848515789893,274.1145497540331,-1.8964060026330736,85.0,-25.394494148922142,0.0058064099930146265,-20.836505993889517,-94.0,1.0,-0.12284245837607818,0.0,0,0.721791002433747
13.483333333333583,1088.7316790568332,272.77232059714254,-1.8958539748674752,85.0,-25.400928361295723,-0.005806661459620832,-19.90190359633371,-95.0,1.0,0.009741358307686646,0.0,0,0.7687079778406769
13.50000000000025,1088.2792475514505,271.4298414809617,-1.9004946365410498,85.0,-25.409154418803205,-0.0011659997860462568,-19.941142157800225,-97.0,1.0,-0.08171168501538797,0.0,0,0.747416983358562
13.516666666666918,1087.820590948762,270.08947639440703,-1.8984160979634206,85.0,-25.416353843599758,-0.014344192778473541,-18.764685294680135,-105.5,1.0,0.03666365565743378,0.0,0,0.7632909982930869
13.533333333333585,1087.36472133538,268.7481608685,-1.9169947568636534,85.0,-25.436674086517762,0.004234466121759262,-21.25881117680808,-100.5,1.0,-0.3168153066055396,0.0,0,0.7294999959412962
13.550000000000253,1086.884011985134,267.415545783402,-1.9200239831118584,85.0,-25.430675277439043,0.00726369236996427,-20.95528670608485,-94.0,1.0,-0.05340610062999085,0.0,0,0.7423329807352275
13.56666666666692,1086.3992680540111,266.0843929876329,-1.9181313825610182,85.0,-25.43257490818074,-0.005778885567638837,-19.773172023650908,-99.0,1.0,0.03338642295533942,0.0,0,0.7969159923959523
13.583333333333588,1085.9170443300595,264.7523251498323,-1.9298126209564084,85.0,-25.440761617168135,0.0059023528277513115,-21.063903214190546,-99.5,1.0,-0.20329189622679694,0.0,0,0.757208006689325
13.600000000000255,1085.419293657662,263.42598103438854,-1.9104219113777752,85.0,-25.43546641630747,-0.024700499029957745,-16.83834192851433,-110.0,1.0,0.32969936226392205,0.0,0,0.7556669879704714
13.616666666666923,1084.947353701231,262.0902351296715,-1.957970890477821,85.0,-25.47045523181512,0.022848480070088106,-23.503005157108596,-103.5,1.0,-0.6981317007977318,0.0,0,0.6971659895498306
13.63333333333359,1084.4124577262273,260.77843074624786,-1.9288889286867692,85.0,-25.43808936800353,-0.006233481720963718,-17.70180309426516,-94.5,1.0,0.4741605370816786,0.0,0,0.7412089908029884
13.650000000000258,1083.9159323998042,259.4516274282445,-1.956390819218857,85.0,-25.456780175957352,0.009982098869546485,-21.621081856559094,-99.5,1.0,-0.45184084441765926,0.0,0,0.8148339984472841
13.666666666666925,1083.383109836059,258.13897950895745,-1.9487052196292036,85.0,-25.442639104069602,0.0022964992798930606,-19.372649113935456,-100.0,1.0,0.1348056600160708,0.0,0,0.7617090013809502
13.683333333333593,1082.8603913957272,256.8222753369501,-1.9683978298317337,85.0,-25.440098574783065,0.010616436661251337,-22.023589468361273,-94.5,1.0,-0.33446077065702384,0.0,0,0.7478339830413461
13.70000000000026,1082.3118466407884,255.5161194900951,-1.935991903215407,85.0,-25.425058905367088,-0.02178948995507546,-15.814153681016762,-109.0,1.0,0.5194782876057854,0.0,0,0.7214579964056611
13.716666666666928,1081.805909668795,254.19287641914605,-1.9835408823154528,85.0,-25.45592490689844,0.02575948914497039,-22.888492208610057,-105.0,1.0,-0.6981317007977318,0.0,0,0.7372079999186099
13.733333333333595,1081.237649375997,252.89517665260774,-1.9559963752135066,85.0,-25.42716034602929,-0.013256473412833314,-17.333095325166035,-100.0,1.0,0.4524493502047495,0.0,0,0.7101669907569885
13.750000000000263,1080.7053446197913,251.58231866677485,-1.9636000569350547,85.0,-25.44593979998774,-0.005652791691285187,-17.999857195099622,-118.5,1.0,-0.1333858898771505,0.0,0,0.7659590046387166
13.76666666666693,1080.1630727932925,250.27354606978554,-2.007207563745013,85.0,-25.453947878901733,0.03795471511867321,-23.999914317059776,-97.5,1.0,-0.6558925339262904,0.0,0,0.7193750061560422
13.783333333333598,1079.5642622577195,248.98965729464527,-1.9754285294508283,85.0,-25.415135038822086,-0.005407234208242961,-17.799948590235864,-96.0,1.0,0.5111020629775596,0.0,0,0.9204589878208935
13.800000000000265,1079.0065479464508,247.6873903514073,-2.0054689291882566,85.0,-25.422795249955282,0.024633165529185375,-22.07996915414152,-101.5,1.0,-0.48745592888013145,0.0,0,0.7176670187618583
13.816666666666933,1078.4099705282017,246.4024624046026,-1.9812156786666375,85.0,-25.39373300760215,-0.011327426993337442,-17.04798149248491,-108.0,1.0,0.40440769267192156,0.0,0,0.7438329921569675
13.8333333333336,1077.8447291850864,245.10344482640068,-2.0177357467307706,85.0,-25.409779852674227,0.025192641070795666,-22.228788895490947,-106.5,1.0,-0.572479134396847,0.0,0,0.7144580013118684
13.850000000000268,1077.232435069827,243.825931475839,-2.0121854004870343,85.0,-25.374094052882825,0.01964229482705937,-20.33727333729457,-90.5,1.0,0.09763585269522487,0.0,0,0.7577920041512698
13.866666666666935,1076.6272409908354,242.54503937609056,-2.0014662454433148,85.0,-25.359657320711335,-0.0029219209430908495,-17.602364002376742,-112.0,1.0,0.18695259495046818,0.0,0,0.7173749909270555
13.883333333333603,1076.0358114980781,241.2577338181357,-2.0349322956574913,85.0,-25.36379670282387,0.03054412927108574,-22.361418401426043,-105.0,1.0,-0.533462276363052,0.0,0,0.7136659987736493
13.90000000000027,1075.4016401767133,239.99093818362994,-2.017571565749414,85.0,-25.324785861403292,0.0011869691865591392,-18.416851040855626,-104.5,1.0,0.29728671751550184,0.0,0,0.726041995221749
13.916666666666938,1074.789555813101,238.71332432323794,-2.0420168528996054,85.0,-25.323104322117278,0.02563225633675037,-21.850110624513377,-103.0,1.0,-0.4072683861573656,0.0,0,0.7175000209826976
13.933333333333605,1074.1464257953885,237.45105326488263,-2.033872526812009,85.0,-25.286795935122793,0.017487930249153738,-19.510066374708025,-99.5,1.0,0.1427458849722476,0.0,0,0.738375005312264
13.950000000000273,1073.5135973404415,236.18358626686893,-2.041554859652055,85.0,-25.27424350269513,0.013008418476043282,-20.106039824824816,-103.0,1.0,-0.13474905234998527,0.0,0,0.7443749927915633
13.96666666666694,1072.8710505520478,234.92101822150687,-2.0502786297264928,85.0,-25.25581542959421,0.02173218855048109,-20.86362389489489,-102.5,1.0,-0.1527496814099908,0.0,0,0.9128339879680425
13.983333333333608,1072.217514000117,233.66410357852797,-2.055224163994591,85.0,-25.228100473036143,0.014335988542592213,-20.918174336936936,-100.5,1.0,-0.08705355884599485,0.0,0,0.7530829752795398
14.000000000000275,1071.5577693512698,232.41043638075902,-2.057840576611501,85.0,-25.20779185159079,0.016952401159501914,-20.550904602162163,-105.0,1.0,-0.046139218640929874,0.0,0,0.7195000071078539
14.016666666666943,1070.894746853669,231.15849963630285,-2.0645351346404155,85.0,-25.18377710022893,0.023646959188416528,-20.930542761297296,-106.5,1.0,-0.11759419785122473,0.0,0,0.7965840050019324
14.03333333333361,1070.2233581128066,229.91102955526378,-2.062705309550009,85.0,-25.16181075828649,0.009280568073296802,-19.75832565677838,-112.5,1.0,0.03227981462259845,0.0,0,0.7461670029442757
14.050000000000278,1069.5542531467158,228.66233303937324,-2.071011846629619,85.0,-25.14866347557808,0.017587105152906624,-20.454995394067026,-117.0,1.0,-0.1455493612264409,0.0,0,0.7293749949894845
14.066666666666945,1068.8747990395,227.41923748366082,-2.089539432810046,85.0,-25.12611721526688,0.02336784742261289,-22.872997236440217,-103.5,1.0,-0.31600128340253103,0.0,0,0.7587500149384141
14.083333333333613,1068.1724313051643,226.18894320577093,-2.082693688290007,85.0,-25.09301577748486,0.016522102902574165,-20.723798341864132,-108.0,1.0,0.12022464662514784,0.0,0,0.7297919946722686
14.10000000000028,1067.4785022432488,224.95386956364527,-2.0924234533732986,85.0,-25.0696105299338,0.026251867985865648,-21.63427900511848,-112.5,1.0,-0.1700436286915778,0.0,0,0.7224580040201545
14.116666666666948,1066.7725892408316,223.7256060424648,-2.102557104722671,85.0,-25.04383421396638,0.0234124096989774,-22.580567403071086,-109.0,1.0,-0.17695859388161356,0.0,0,0.7304160099010915
14.133333333333615,1066.05426590226,222.50455894029878,-2.0985332993803887,85.0,-25.010669663561128,0.019388604356695094,-20.948340441842653,-107.5,1.0,0.07088934367103206,0.0,0,0.7240000122692436
14.150000000000283,1065.3408616214651,221.2806313376245,-2.0966714071103336,85.0,-24.9854436318784,0.004310769234606937,-19.769004265105593,-126.0,1.0,0.03284510620261891,0.0,0,0.7627079903613776
14.16666666666695,1064.6297373972548,220.05537757526113,-2.1231924280126764,85.0,-24.979336727709956,0.0308317901369497,-23.46140255906336,-115.0,1.0,-0.4377362696117619,0.0,0,0.7507079862989485
14.183333333333618,1063.8863720766974,218.84941221728553,-2.1128859640062836,85.0,-24.935665278124745,0.02052532613055691,-20.676841535438015,-109.5,1.0,0.17991215489960966,0.0,0,0.7642919954378158
14.200000000000285,1063.1554752556228,217.63584957720983,-2.1285233646444572,85.0,-24.91856532048292,0.022686765532544673,-22.606104921262812,-119.0,1.0,-0.2692530403935679,0.0,0,0.7119170040823519
14.216666666666953,1062.4056916033944,216.43386416993758,-2.1288778518084723,85.0,-24.88642849289108,0.023041252696559766,-21.763662952757688,-111.5,1.0,-0.006255574236140565,0.0,0,0.9019580029416829
14.23333333333362,1061.655481909886,215.2321446268617,-2.125386181547948,85.0,-24.85660595326469,0.0057957621532658266,-20.25819777165461,-126.0,1.0,0.061539905458316085,0.0,0,0.7496670004911721
14.250000000000288,1060.9094727894255,214.02781292976394,-2.1494137990908535,85.0,-24.848395336181262,0.02982337969617133,-23.55491866299277,-126.0,1.0,-0.4010375567250109,0.0,0,0.7249159971252084
14.266666666666955,1060.134744566864,212.8417519593197,-2.1423127406778812,85.0,-24.806151811065895,0.02272232128319906,-21.332951197795662,-122.0,1.0,0.12466296596499374,0.0,0,0.7462500070687383
14.283333333333623,1059.3684580945178,211.6502195482021,-2.1553820267044665,85.0,-24.787327119314448,0.02174139459343172,-22.799770718677397,-125.0,1.0,-0.22667088708767058,0.0,0,0.7244169828481972
14.30000000000029,1058.5866650299126,210.46880342820887,-2.152033350893429,85.0,-24.756529236740306,0.018392718782394013,-21.27986243120644,-125.5,1.0,0.05902563441406444,0.0,0,0.7054170127958059
14.316666666666958,1057.8088325208623,209.28477596555905,-2.1775815782949124,85.0,-24.73471445556234,0.0295750787512441,-24.767917458723865,-122.5,1.0,-0.42356145268489476,0.0,0,0.704749982105568
14.333333333333625,1057.001007336043,208.12100497639662,-2.1702662994240436,85.0,-24.692822534995656,0.022259799880375297,-22.46075047523432,-117.5,1.0,0.12838312838906302,0.0,0,0.750708015402779
14.350000000000293,1056.2017169992234,206.9513557119111,-2.1821344824614655,85.0,-24.661290422669037,0.03412798291779717,-23.676450285140593,-123.5,1.0,-0.2064543729665618,0.0,0,0.7377919973805547
14.36666666666696,1055.388601667588,205.7912747225384,-2.192628332471103,85.0,-24.62867326588295,0.029920285081846295,-24.605870171084355,-113.0,1.0,-0.1831112071132705,0.0,0,0.7462080102413893
14.383333333333628,1054.5633576135604,204.63979016088052,-2.1945193853176654,85.0,-24.586292519383846,0.03181133792840862,-23.963522102650614,-114.0,1.0,-0.03335914093462938,0.0,0,0.7242500141728669
14.400000000000295,1053.7359375182418,203.48986823731033,-2.197696707057043,85.0,-24.547897017337412,0.019930610166536855,-23.578113261590367,-116.5,1.0,-0.05601173456077686,0.0,0,0.7592090114485472
14.416666666666963,1052.9048679336984,202.34258109361392,-2.200538484728732,85.0,-24.519663855527668,0.022772387838226216,-23.146867956954218,-122.0,1.0,-0.050107040736466185,0.0,0,0.7245420129038393
14.43333333333363,1052.0705413742874,201.1976602942982,-2.2075909278939068,85.0,-24.487405761001554,0.029824831003400828,-23.48812077417253,-126.0,1.0,-0.12381822444187983,0.0,0,0.7234590011648834
14.450000000000298,1051.2281611412889,200.05865195916724,-2.2255430695449947,85.0,-24.464418117410982,0.03234077585971962,-25.692872464503516,-121.0,1.0,-0.30679976799846154,0.0,0,0.9269169822800905
14.466666666666965,1050.3654701048556,198.93494887556275,-2.226370042857524,85.0,-24.418610004565252,0.03316774917224886,-24.81572347870211,-117.5,1.0,-0.014592610799076935,0.0,0,0.7378750015050173
14.483333333333633,1049.5018500910576,197.81195959858277,-2.2267396318651533,85.0,-24.38194335159094,0.01770049958306341,-23.889434087221268,-124.5,1.0,-0.006522066479445948,0.0,0,0.7326659979298711
14.5000000000003,1048.63781509176,196.68928958275734,-2.2462561053328867,85.0,-24.356868953229757,0.03721697305079674,-26.333660452332758,-118.5,1.0,-0.33168473988766756,0.0,0,0.7140829984564334
14.516666666666968,1047.752035470893,195.58369521423847,-2.2480154011338858,85.0,-24.305303006318532,0.022715426283578918,-25.600196271399653,-113.0,1.0,-0.031036427265933766,0.0,0,0.7168749871198088
14.533333333333635,1046.8643121542964,194.47966090425746,-2.250135804863458,85.0,-24.273125586457738,0.024835830013151042,-24.960117762839793,-118.5,1.0,-0.037401439692894084,0.0,0,0.7169590098783374
14.550000000000303,1045.9742498366365,193.37751140662726,-2.260270412536046,85.0,-24.237945110860455,0.03497043768573915,-25.776070657703876,-123.0,1.0,-0.17697494714906956,0.0,0,0.7273750088643283
14.56666666666697,1045.073063566311,192.28443878752958,-2.2553977339112756,85.0,-24.2038153551582,0.013388671153494514,-23.865642394622327,-125.0,1.0,0.08577744837722505,0.0,0,0.7509580173064023
14.583333333333638,1044.1772141649055,191.18698797111648,-2.2749707274574145,85.0,-24.18484863768724,0.032961664699633346,-26.319385436773395,-124.5,1.0,-0.3325761143069983,0.0,0,0.8832080056890845
14.600000000000305,1043.2600573326622,190.1072807008279,-2.2789776273081173,85.0,-24.14456540174656,0.019786108313421646,-25.99163126206404,-117.5,1.0,-0.07059250191753257,0.0,0,0.8828330028336495
14.616666666666973,1042.3385815956751,189.03125704375137,-2.2904148098538823,85.0,-24.11653691053223,0.031223290859186736,-26.99497875723842,-115.5,1.0,-0.19915708448385228,0.0,0,0.7732920057605952
14.63333333333364,1041.4048597160704,187.9658426192235,-2.285318104552769,85.0,-24.072311101877514,0.026126585558073234,-24.996987254343054,-113.0,1.0,0.08970049930968792,0.0,0,0.7553750183433294
14.650000000000308,1040.4765800436446,186.89568314783358,-2.3060827309801666,85.0,-24.057497909050554,0.029209391686359165,-27.598192352605835,-117.0,1.0,-0.35124020041418735,0.0,0,0.7319169817492366
14.666666666666975,1039.5262806222618,185.8450283738169,-2.303108320923301,85.0,-24.016123821396864,0.02623498162949378,-25.958915411563503,-116.5,1.0,0.0524414630848212,0.0,0,0.7178749947343022
14.683333333333643,1038.5791104780983,184.79155167144052,-2.3169368353155755,85.0,-23.99229809244229,0.021768345374464815,-27.3753492469381,-116.5,1.0,-0.2393544554824404,0.0,0,0.7122920069377869
14.70000000000031,1037.6174633416845,183.7512732330061,-2.3177266029313865,85.0,-23.96146203862959,0.02255811299027588,-26.425209548162858,-114.0,1.0,-0.013936173289464074,0.0,0,0.7173329940997064
14.716666666666978,1036.6549949270395,182.7117545966868,-2.324872372042122,85.0,-23.93394417841027,0.010987258926674404,-26.655125728897715,-119.5,1.0,-0.12543970397367893,0.0,0,0.7065000245347619
14.733333333333645,1035.6851229881333,181.6791400187504,-2.336085005916681,85.0,-23.918379208102074,0.022199892801233467,-27.59307543733863,-114.5,1.0,-0.19534665571754042,0.0,0,0.6943750195205212
14.750000000000313,1034.7037339296833,180.65746494300515,-2.3353366739917063,85.0,-23.88693194316886,0.021451560876258657,-26.35584526240318,-115.0,1.0,0.01320508990280915,0.0,0,0.7099589856807142
14.76666666666698,1033.7231096980272,179.63505574863456,-2.3460244904749703,85.0,-23.878241176097795,0.013468978424821643,-27.213507157441907,-117.0,1.0,-0.1864186127249814,0.0,0,0.7187500013969839
14.783333333333648,1032.7316143601029,178.6231854806068,-2.352696251549494,85.0,-23.859160700250513,0.020140739499345365,-27.328104294465142,-117.0,1.0,-0.11719741763498837,0.0,0,0.7424160139635205
14.800000000000315,1031.7333901824297,177.61795270380662,-2.3580197513492203,85.0,-23.84288073823599,0.007017134156388939,-27.196862576679084,-115.5,1.0,-0.09366920058099351,0.0,0,0.9071659878827631
14.816666666666983,1030.729828818175,176.61804819205565,-2.365849746547028,85.0,-23.832939879763124,0.014847129354196744,-27.518117546007453,-116.5,1.0,-0.13730693701526292,0.0,0,0.7110000005923212
14.83333333333365,1029.718469049822,175.62603213200353,-2.367464833969221,85.0,-23.815055093196463,-0.0017468467905117357,-26.71087052760447,-116.0,1.0,-0.02849382887582398,0.0,0,0.7343750039581209
14.850000000000318,1028.7055084085737,174.63565079952275,-2.3751593721463458,85.0,-23.81752979155771,0.005947691386613219,-27.02652231656268,-117.5,1.0,-0.13496054732549428,0.0,0,0.720667012501508
14.866666666666985,1027.6849573020336,173.65309297253035,-2.3777590673122817,85.0,-23.80910394510436,0.008547386552549163,-26.415913389937607,-118.0,1.0,-0.04584482839529666,0.0,0,0.7113339961506426
14.883333333333653,1026.6618552961895,172.6731915845926,-2.3849301787604897,85.0,-23.816820524722395,-0.0022387849518543668,-26.649548033962564,-118.5,1.0,-0.12587989703717822,0.0,0,0.7794580014888197
14.90000000000032,1025.6317526748264,171.70065210780746,-2.3916282555369657,85.0,-23.819992134088046,0.00445929182462157,-26.78972882037754,-118.5,1.0,-0.11765543822230684,0.0,0,0.7208329916466027
14.916666666666988,1024.5951590653838,170.73503410191336,-2.3969263731448884,85.0,-23.824698220166148,-0.007935389462905729,-26.673837292226526,-120.5,1.0,-0.09322517960005101,0.0,0,0.7179169915616512
14.933333333333655,1023.553464070699,169.77492161762154,-2.4058284344026517,85.0,-23.835939903922203,0.0009666717948575432,-27.204302375335914,-117.5,1.0,-0.15582169109336358,0.0,0,0.8282919880002737
14.950000000000323,1022.5032634839208,168.82412028612518,-2.4147776887302914,85.0,-23.837107190558854,-0.007500737273504755,-27.722581425201547,-115.5,1.0,-0.1566343479893515,0.0,0,0.7635000220034271
14.96666666666699,1021.444596102348,167.88275541550485,-2.4204276364811528,85.0,-23.847733135391202,-0.0018507895226433924,-27.633548855120928,-109.5,1.0,-0.09937652546027752,0.0,0,0.7564169936813414
14.983333333333658,1020.3806269840358,166.9473869534951,-2.407220765494968,85.0,-23.850355085718043,-0.015057660508828176,-24.18012931307256,-120.0,1.0,0.22897500139049978,0.0,0,0.7103329990059137
15.000000000000325,1019.3291035853807,165.9980487700613,-2.442414875665521,85.0,-23.890313836305737,0.0030065147568190116,-28.908077587843536,-119.5,1.0,-0.5557700824990335,0.0,0,0.7263750012498349
15.016666666666993,1018.244827125565,165.0862982542215,-2.43231509820119,85.0,-23.886054613483516,-0.0070932627075119825,-25.944846552706117,-111.5,1.0,0.17637928383391413,0.0,0,0.7270829810295254
15.03333333333366,1017.1698142871244,164.16364347499356,-2.454724506654235,85.0,-23.906450164594446,-0.001517523248472319,-28.76690793162367,-111.5,1.0,-0.37658659636631875,0.0,0,0.7179999956861138
15.050000000000328,1016.0743969458924,163.2653087417383,-2.4560632529710684,85.0,-23.908599988371314,-0.00017877693163903532,-27.860144758974204,-104.0,1.0,-0.023620541153124883,0.0,0,0.6980419857427478
15.066666666666995,1014.9777779443305,162.3684412989923,-2.4592169045175605,85.0,-23.911225376840907,-0.013554035147560928,-27.316086855384523,-106.0,1.0,-0.05559532469187475,0.0,0,0.7290419889613986
15.083333333333663,1013.8783359932766,161.475036664626,-2.4668147582982445,85.0,-23.930426338713247,-0.005956181366876922,-27.589652113230713,-105.0,1.0,-0.13328486148179147,0.0,0,0.7290829962585121
15.10000000000033,1012.7721378835522,160.59001113590568,-2.47385770831946,85.0,-23.938864212425653,0.0010867686543387658,-27.753791267938425,-107.0,1.0,-0.12365325022240797,0.0,0,0.7346249767579138
15.116666666666998,1011.6597340701317,159.71279839071113,-2.4805686280696597,85.0,-23.954997054114273,-0.008418993653394937,-27.852274760763052,-103.5,1.0,-0.11787895013344485,0.0,0,0.7176249928306788
15.133333333333665,1010.5414684458236,158.84307059540077,-2.4870808168949496,85.0,-23.966923820894976,-0.0019068048281050132,-27.91136485645783,-105.5,1.0,-0.11441903674673348,0.0,0,0.7055409951135516
15.150000000000333,1009.4175627418762,157.98064354742579,-2.4957232888463263,85.0,-23.97947394012955,-0.00916231744585616,-28.3468189138747,-99.0,1.0,-0.15134792204804037,0.0,0,0.7341669988818467
15.166666666667,1008.2862456024445,157.12796191019382,-2.5012378274724214,85.0,-23.992453708238358,-0.003647778819761083,-28.20809134832482,-99.5,1.0,-0.09700991989549113,0.0,0,0.8931659976951778
15.183333333333668,1007.1502435427312,156.28153189845528,-2.4970602424053197,85.0,-23.99993858741749,-0.023399147703686562,-26.324854808994893,-103.0,1.0,0.07358896472937249,0.0,0,0.7299580029211938
15.200000000000335,1006.017787418973,155.43036354130922,-2.5089788419829326,85.0,-24.03308435514209,-0.011480548126073575,-27.394912885396934,-107.5,1.0,-0.2073065378290435,0.0,0,0.7169159944169223
15.216666666667003,1004.8752672340244,154.592752610489,-2.522133382588827,85.0,-24.04934810771334,0.0016739924798208072,-28.63694773123816,-96.5,1.0,-0.22809892269742565,0.3510381226030609,0,0.7054580200929195
15.23333333333367,1003.7218278303739,153.77024304425237,-2.5170954404101646,85.0,-24.06364143828243,-0.01860895875066504,-26.582168638742893,-97.0,1.0,0.08867172971487776,0.30895522388059704,0,0.7174579950515181
15.250000000000338,1002.5725468024426,152.9419329795533,-2.5355772442322206,85.0,-24.09000260833478,-0.0001271549286090412,-28.749301183245734,-97.0,1.0,-0.3152712121710731,0.35666118421052634,0,0.7116670021787286
15.266666666667005,1001.4081542603291,152.13500395397867,-2.531427002727578,85.0,-24.099415417492327,-0.019189944478751553,-26.849580709947443,-91.5,1.0,0.07310902269735547,0.3511404061916263,0,0.6953749980311841
15.283333333333672,1000.2471206869627,151.32324938148736,-2.535506501485174,85.0,-24.126599503657612,-0.015110445721155497,-26.509748425968468,-99.0,1.0,-0.07186716971491988,0.3441284918201019,0,0.7180419925134629
15.30000000000034,999.0827852321387,150.5162379856049,-2.5402695804805155,85.0,-24.150082715839492,-0.02492461046819061,-26.305849055581078,-99.5,1.0,-0.08385721849561834,0.35821778429795087,0,0.7252080249600112
15.316666666667007,997.9146191403887,149.71478154478606,-2.5476812415592405,85.0,-24.185388924821897,-0.017512949389465682,-26.583509433348645,-99.5,1.0,-0.13005574776403753,0.35040688760467037,0,0.7575000054202974
15.333333333333675,996.7405450646379,148.92200508884508,-2.554530132079628,85.0,-24.21019766825729,-0.010664058869078286,-26.750105660009186,-99.5,1.0,-0.12027936532508925,0.36713583978839975,0,0.7271249778568745
15.350000000000342,995.561068928397,148.13728826827688,-2.567883074758414,85.0,-24.240670365625384,-0.011551007920879819,-28.050063396005513,-92.0,1.0,-0.23141853586172068,0.35948850054538284,0,0.7925419777166098
15.36666666666701,994.3712199741817,147.36839041381438,-2.5673507440416206,85.0,-24.257033929620768,-0.01208333863767308,-26.830038037603305,-89.0,1.0,0.009393795149634773,0.3600955655264845,0,0.8157090051099658
15.383333333333677,993.1817804964803,146.59885927517874,-2.5793769140250253,85.0,-24.282433370083545,-0.013958407129252224,-27.898022822561984,-95.0,1.0,-0.20912372291021936,0.3566177747421308,0,0.7398329908028245
15.400000000000345,991.983172742119,145.84368784058296,-2.5846901020557707,85.0,-24.302207138057994,-0.008645219098506907,-27.73881369353719,-89.0,1.0,-0.09348881707946498,0.3741433705839526,0,0.738792004995048
15.416666666667012,990.7805695570974,145.0948954636051,-2.5769997193090544,85.0,-24.31592810257805,-0.029897582094797315,-25.24328821612231,-88.5,1.0,0.1348885430856549,0.3655418223627479,0,0.913583004148677
15.43333333333368,989.5837603772867,144.33687684142927,-2.5900343296337436,85.0,-24.358276700896468,-0.016862971770108093,-26.545972929673383,-92.5,1.0,-0.22608979081527403,0.3698354240994361,0,0.7469159900210798
15.450000000000347,988.3771726680371,143.59452211198231,-2.5947302990472982,85.0,-24.382164778731674,-0.012167002356553434,-26.327583757804028,-89.5,1.0,-0.08268112448916441,0.38548129050079993,0,0.7112080056685954
15.466666666667015,987.1671122003859,142.85784164592386,-2.6066538823157797,85.0,-24.4130592464119,-0.013466181788923226,-27.396550254682417,-86.0,1.0,-0.20739075802683227,0.3691219261710504,0,0.716707989340648
15.483333333333682,985.9483540872316,142.1356414617193,-2.6118660321842166,85.0,-24.43213576071766,-0.008254031920486238,-27.23793015280945,-82.5,1.0,-0.0917210381494327,0.3882100847998541,0,0.744916993426159
15.50000000000035,984.7258483301881,141.41980340849776,-2.6063133246089305,85.0,-24.450738002377996,-0.026690920467959515,-25.14275809168567,-85.5,1.0,0.0976771271103402,0.3864978423801953,0,0.7780830201227218
15.516666666667017,983.5073362385432,140.69718820871321,-2.621916327675819,85.0,-24.48854565027342,-0.011087917401070957,-26.885654855011403,-86.5,1.0,-0.2686888904004622,0.38117924635313866,0,0.7241250132210553
15.533333333333685,982.2776979598353,139.99367264528843,-2.619294324470513,85.0,-24.504678922621537,-0.026256700922806964,-25.331392913006844,-83.0,1.0,0.04623766575972248,0.38701645578215893,0,0.7307500054594129
15.550000000000352,981.0499085258944,139.2869353883482,-2.6287045397038797,85.0,-24.541871641719425,-0.016846485689440357,-25.998835747804108,-86.0,1.0,-0.16456090054416683,0.3818163239818799,0,0.7099170179571956
15.56666666666702,979.8155230017014,138.59178301504613,-2.634507209378492,85.0,-24.565736367590958,-0.011043816014828067,-25.999301448682466,-81.5,1.0,-0.10204437365983324,0.3961596077897317,0,0.710833992343396
15.583333333333687,978.5771245419734,137.90380503619247,-2.6369759534787143,85.0,-24.592887147746936,-0.020786129041888035,-25.39958086920948,-80.5,1.0,-0.04353854086256648,0.3746244720019878,0,0.728292012354359
15.600000000000355,977.3370314162242,137.2188864396322,-2.642872828498856,85.0,-24.622332043440288,-0.014889254021746456,-25.439748521525686,-81.0,1.0,-0.10368929118420607,0.38892222687696015,0,0.7198340026661754
15.616666666667022,976.09292099542,136.54129238321602,-2.6509326300953333,85.0,-24.648506967486966,-0.018706912747326943,-25.86384911291541,-77.0,1.0,-0.14128415804385744,0.40621503066111636,0,0.7369579980149865
15.63333333333369,974.8433897688232,135.87374750966518,-2.6459241752650122,85.0,-24.675006881548008,-0.023715367577648024,-23.918309467749246,-77.5,1.0,0.08815542184035213,0.37369157570668904,0,0.9455420076847076
15.650000000000357,973.59721756857,135.19995281410817,-2.6629846545251703,85.0,-24.708600503129787,-0.006654888317489949,-25.95098568064955,-80.0,1.0,-0.29243566356245515,0.4088294314381271,0,0.7340000011026859
15.666666666667025,972.3397320165267,134.54751543715417,-2.6589143301432423,85.0,-24.733309854041146,-0.022271605710488362,-24.170591408389726,-73.5,1.0,0.07170610186252709,0.37435611550897535,0,0.9090419916901737
15.683333333333692,971.0849125056207,133.88996510486479,-2.659512894384437,85.0,-24.764858687148138,-0.021673041469293608,-23.302354845033836,-79.0,1.0,-0.01056250554915085,0.39239713073936056,0,0.7164170092437416
15.70000000000036,969.8296996334102,133.23316598041222,-2.6791558414327645,85.0,-24.80448284562273,-0.013248308815960286,-25.781412907020304,-77.5,1.0,-0.3336785866628239,0.3861213499017812,0,0.7319590076804161
15.716666666667027,968.5618282716733,132.60114805777707,-2.6754275789072848,85.0,-24.823250734084667,-0.01697657134144004,-24.06884774421218,-71.5,1.0,0.06569818133563941,0.38744393620691575,0,0.7055829919409007
15.733333333333695,967.2963220448728,131.9644075813085,-2.686306910417165,85.0,-24.850138139160148,-0.01699048166741557,-25.04130864652731,-75.0,1.0,-0.18968017453194974,0.41677501083441676,0,0.7429170073010027
15.750000000000362,966.0239635358222,131.34147237690033,-2.68073061093996,85.0,-24.874206830139194,-0.022566781144620407,-23.024785187916386,-70.5,1.0,0.09808947861416302,0.3827388795995881,0,0.7448329997714609
15.76666666666703,964.7550984640403,130.71145184226958,-2.691482073796639,85.0,-24.906173723358265,-0.011815318287941246,-24.01487111274983,-73.5,1.0,-0.1875029794981682,0.4049802389093654,0,0.7016670133452863
15.783333333333697,963.479533216238,130.09510961343608,-2.694608269205403,85.0,-24.93490689404459,-0.019260875931415015,-23.6089226676499,-69.0,1.0,-0.055112287698901335,0.3837398012494164,0,0.738375005312264
15.800000000000365,962.202047398435,129.48275805611252,-2.697440081605435,85.0,-24.962191447864324,-0.016429063531382848,-23.16535360058994,-70.5,1.0,-0.04993162261934053,0.4010988403586155,0,0.7432920101564378
15.816666666667032,960.9228326403954,128.87402654940502,-2.7011614460145026,85.0,-24.99145844144134,-0.022961687517881302,-22.89921216035396,-71.5,1.0,-0.06557697357160457,0.41615358350497295,0,0.7380839961115271
15.8333333333337,959.6413614334473,128.27005967100257,-2.7087698750935654,85.0,-25.023984640401917,-0.01535325843881852,-23.339527296212378,-67.0,1.0,-0.13346818414296255,0.39722820385401136,0,0.7130000158213079
15.850000000000367,958.355332122521,127.67586016251846,-2.709929238133325,85.0,-25.045996791650097,-0.024134048568824173,-22.603716377727427,-67.0,1.0,-0.020456493819111105,0.40896535912748233,0,0.7290409994311631
15.866666666667035,957.068614783091,127.08315202788995,-2.717015357104759,85.0,-25.080183374888044,-0.017047929597389988,-22.962229826636456,-64.5,1.0,-0.12440339629146666,0.3921950040112976,0,0.7397499866783619
15.883333333333702,955.7777297833393,126.49957652989454,-2.7178243308627508,85.0,-25.104333438648155,-0.016238955839398272,-22.17733789598187,-65.5,1.0,-0.01427503777487965,0.4014816611361607,0,0.7228750037029386
15.90000000000037,954.4863731087778,125.91704551483174,-2.7224216399734744,85.0,-25.135778783623948,-0.02127206668941861,-22.10640273758912,-65.5,1.0,-0.08095168933159448,0.38624590982197327,0,0.6980829930398613
15.916666666667037,953.1923520150569,125.3404574006204,-2.7249427683267755,85.0,-25.165911938767763,-0.01875093833611752,-21.66384164255347,-64.5,1.0,-0.04446118026562322,0.39566363069790833,0,0.7001670019235462
15.933333333333705,951.896881382687,124.76713350864367,-2.7328168748929036,85.0,-25.195287711218384,-0.020201762718195404,-22.198304985532083,-65.0,1.0,-0.1380707081593745,0.4149905185737304,0,0.6922080065123737
15.950000000000372,950.5969365439335,124.2040279584646,-2.7362630477796572,85.0,-25.223904928475264,-0.016755589831441767,-21.918982991319247,-60.5,1.0,-0.06074000822895739,0.39292159286034584,0,0.728667015209794
15.96666666666704,949.2950588690762,123.64540557782367,-2.735843414277903,85.0,-25.247640903388415,-0.017175223333195877,-20.95138979479155,-61.5,1.0,0.0074051617292916205,0.4018323317899714,0,0.731917010853067
15.983333333333707,947.9934157255033,123.08623693489577,-2.741798837651713,85.0,-25.28221206065614,-0.020243600136374162,-21.17083387687493,-62.0,1.0,-0.10471131962909125,0.3899312307842733,0,0.7258749974425882
16.000000000000373,946.6884655982734,122.53482999815377,-2.7461984462305176,85.0,-25.310888535469804,-0.01584399155756966,-21.102500326124957,-62.0,1.0,-0.07748470844412148,0.40912199941372535,0,0.7226250017993152
16.01666666666704,945.3811021338302,121.98916964932552,-2.7496254038816734,85.0,-25.338070389626836,-0.021144149674689583,-20.861500195674974,-60.0,1.0,-0.060402158399806366,0.4166240158552123,0,0.7572920003440231
16.033333333333704,944.0718763949958,121.44799277508015,-2.7524273552229475,85.0,-25.368022369752342,-0.01834219833341555,-20.516900117404987,-60.0,1.0,-0.04940596170655065,0.39891751791431623,0,0.7616670045536011
16.05000000000037,942.7611394461942,120.91048640721955,-2.7548122464567357,85.0,-25.394005693712195,-0.015957307099627283,-20.110140070442995,-60.5,1.0,-0.042061493690597376,0.41573462402162775,0,0.738792004995048
16.066666666667036,941.4491243319245,120.37610753004311,-2.758012097910105,85.0,-25.42806769026026,-0.021192397702196608,-19.866084042265797,-60.0,1.0,-0.05640806288102451,0.39111579548324055,0,0.7422909839078784
16.0833333333337,940.135406004434,119.84592963493607,-2.7583815133922536,85.0,-25.45808800644462,-0.02082298222004786,-19.119650425359477,-58.5,1.0,-0.006519004395281441,0.4031431910269432,0,0.7266659813467413
16.100000000000367,938.8214919106654,119.31623708388345,-2.770361239548392,85.0,-25.49367978752461,-0.01699057770052148,-20.471790255215687,-59.0,1.0,-0.20833931930383562,0.42845733773662287,0,0.7361659954767674
16.116666666667033,937.5013266782668,118.80232249602814,-2.77283828507964,85.0,-25.517748614530912,-0.014513532169273535,-20.083074153129413,-55.0,1.0,-0.04368475824896796,0.4027088772845953,0,0.8171249937731773
16.1333333333337,936.1798925074396,118.29167959084424,-2.7760942598860567,85.0,-25.53932421504403,-0.019121834687148898,-19.849844491877647,-54.0,1.0,-0.05739527161604735,0.41474231698895025,0,0.8187499770428985
16.150000000000365,934.8568027036172,117.78534194118201,-2.776497992896583,85.0,-25.566411830040572,-0.018718101676622467,-19.10990669512659,-54.0,1.0,-0.007124579636295453,0.3975297894335927,0,0.7545840053353459
16.16666666666703,933.5335085824087,117.27953850780158,-2.7805973235488333,85.0,-25.59292759230969,-0.01461877102437237,-19.065944017075953,-55.5,1.0,-0.07221533111511022,0.41315525660511593,0,0.7272090006154031
16.183333333333696,932.2081521301292,116.77916392926508,-2.788136827065428,85.0,-25.620596158338213,-0.014665081511590294,-19.63956641024557,-52.5,1.0,-0.1322731986690661,0.43025569862630564,0,0.7059580239001662
16.20000000000036,930.8790608068742,116.28879600729938,-2.791174860980749,85.0,-25.641370945807328,-0.01162704759626898,-19.383739846147343,-50.0,1.0,-0.05356108586810655,0.4091633466135458,0,0.7508329872507602
16.216666666667027,929.5484858650523,115.80246816659944,-2.7880883816735444,85.0,-25.65989145500563,-0.02202544728319511,-18.030243907688405,-52.5,1.0,0.05441351514580285,0.4169231100303428,0,0.8008749864529818
16.233333333333693,928.2194182994232,115.3120358568592,-2.7932481769580306,85.0,-25.69109164920598,-0.016865651998708927,-18.218146344613043,-54.0,1.0,-0.09080480757918483,0.4026110281869903,0,0.857166014611721
16.25000000000036,926.887837906871,114.82846776174223,-2.79691899747788,85.0,-25.714983523491757,-0.01319483147885947,-18.130887806767827,-52.0,1.0,-0.06468880121417797,0.4107876581692152,0,0.7150829769670963
16.266666666667025,925.5544913980808,114.34979090629436,-2.7974444228871267,85.0,-25.74107112056793,-0.01971197668790392,-17.478532684060696,-52.0,1.0,-0.00927194739517298,0.4252309810375055,0,0.73291698936373
16.28333333333369,924.2208935643692,113.8718146910239,-2.790397281965787,85.0,-25.768994612459064,-0.026759117609243432,-15.487119610436418,-57.0,1.0,0.12372608156289598,0.40066638448431174,0,0.9312499896623194
16.300000000000356,922.8906971830846,113.3844523702996,-2.810218150935373,85.0,-25.80956783531437,-0.013715974522329423,-18.292271766261848,-55.0,1.0,-0.33647885106226205,0.42088699682060676,0,0.7317090057767928
16.31666666666702,921.5511027760743,112.9235497025365,-2.8026427263015967,85.0,-25.82899818997549,-0.021291399156105673,-16.17536305975711,-50.0,1.0,0.13289602269597556,0.3929401635815756,0,0.8174579998012632
16.333333333333687,920.2150383065999,112.45251236022452,-2.8138486266360814,85.0,-25.859158726578567,-0.010085498821621021,-17.505217835854268,-55.0,1.0,-0.1952323030490812,0.42255826132495417,0,0.7165839779190719
16.350000000000353,918.8737794354842,111.99647608414818,-2.8044920973968406,85.0,-25.880908867532376,-0.025959363823562676,-15.103130701512562,-50.5,1.0,0.16363878483721797,0.41536245592914267,0,0.7073749729897827
16.36666666666702,917.5368461284461,111.52791042495343,-2.8239361774987994,85.0,-25.917680502626943,-0.006515283721603815,-17.861878420907537,-51.5,1.0,-0.3305422290976692,0.4108894913503744,0,0.7260420243255794
16.383333333333685,916.1910552880087,111.08542713912314,-2.8205777714123395,85.0,-25.929855353700024,-0.016135029409151347,-16.517127052544524,-45.5,1.0,0.059196745874731685,0.41731246947918216,0,0.7021249912213534
16.40000000000035,914.8467580728453,110.63842664499757,-2.825446753995083,85.0,-25.952712320238906,-0.011266046826407639,-16.710276231526713,-48.0,1.0,-0.08571270247516061,0.4034175979168927,0,0.7627920131199062
16.416666666667016,913.5003003632509,110.19797678324485,-2.828817350857033,85.0,-25.968672215622874,-0.00789544996445768,-16.62616573891603,-48.5,1.0,-0.059411121485096766,0.4224997024421385,0,0.7342080061789602
16.43333333333368,912.1523657260396,109.76206778098567,-2.824609642361422,85.0,-25.98708848111131,-0.01811282617938037,-15.175699443349618,-47.0,1.0,0.07411766044227555,0.4226910879554721,0,0.7202499837148935
16.450000000000347,910.8062771938745,109.32049093827558,-2.831070093146201,85.0,-26.012746915165536,-0.011652375394601401,-15.705419666009771,-50.5,1.0,-0.11351782040130137,0.41284003878375874,0,0.7453339931089431
16.466666666667013,909.4573639871303,108.88761958889381,-2.8342383173902155,85.0,-26.032194492018377,-0.014246393697674444,-15.623251799605864,-48.5,1.0,-0.05585169224078104,0.42522022522667874,0,0.7316670089494437
16.48333333333368,908.107086119127,108.45902406438975,-2.840913378025636,85.0,-26.05237620039489,-0.007571333062253771,-16.17395107976352,-45.5,1.0,-0.11725484867780193,0.40618094371506563,0,0.700709002558142
16.500000000000345,906.7539774529267,108.03945120790561,-2.8431443247205674,85.0,-26.063102153088035,-0.0053403863673224805,-15.904370647858112,-45.0,1.0,-0.03934932587334773,0.4207506702412869,0,0.8831250015646219
16.51666666666701,905.3999361101183,107.62289810635659,-2.833671127731819,85.0,-26.077428380785307,-0.02033256301554731,-13.542622388714866,-49.0,1.0,0.16564232114265817,0.42589186805622775,0,0.7617090013809502
16.533333333333676,904.0499015542462,107.19353678719138,-2.8423291074875556,85.0,-26.1062308604078,-0.011674583259810856,-14.525573433228919,-52.5,1.0,-0.15161535731440517,0.4141732623554437,0,0.7654160144738853
16.55000000000034,902.6962002426008,106.775879986344,-2.843432672451626,85.0,-26.125482031110586,-0.015850807021882574,-14.115344059937351,-50.5,1.0,-0.019472214388643064,0.4289171659370328,0,0.7785839843563735
16.566666666667007,901.3420388439429,106.35971733685555,-2.8509240729561967,85.0,-26.147936400761143,-0.008359406517311818,-14.869206435962411,-48.0,1.0,-0.13143899529985267,0.40849873594750147,0,0.7458330073859543
16.583333333333673,899.9847978316868,105.95371083555959,-2.8480242392494106,85.0,-26.159778755402897,-0.011259240224097855,-13.721523861577447,-46.5,1.0,0.051128936153421865,0.40729323871603035,0,0.7435420120600611
16.60000000000034,898.6287398756583,105.54377027360441,-2.85631825116899,85.0,-26.181834114599333,-0.00800980268233431,-14.632914316946469,-50.5,1.0,-0.14533297164128023,0.43929925874849163,0,0.7447910029441118
16.616666666667005,897.2693285484801,105.14509084350543,-2.860531370203538,85.0,-26.19318121373253,-0.003796683647786292,-14.77974859016788,-44.5,1.0,-0.07421261631810143,0.4050272425391981,0,0.7302089943550527
16.63333333333367,895.908249607386,104.75214229654983,-2.856702959452233,85.0,-26.200876987747684,-0.012438331393701763,-13.46784915410073,-46.0,1.0,0.06745768020913886,0.41542089435995067,0,0.721792021067813
16.650000000000336,894.5486850055293,104.35398587273822,-2.8610346071557466,85.0,-26.218497502862792,-0.008106683690188188,-13.680709492460437,-48.5,1.0,-0.07629247520784962,0.43727907578239505,0,0.7175419887062162
16.666666666667002,893.1874084905592,103.96172232072836,-2.86716676421994,85.0,-26.2299818456343,-0.001974526625994954,-14.208425695476262,-45.5,1.0,-0.10779506845804318,0.40935943597593843,0,0.7172920159064233
16.683333333333668,891.8237521631515,103.5778136529889,-2.8711227846813734,85.0,-26.238100398165788,-0.0026041795857669747,-14.325055417285757,-44.0,1.0,-0.06969904107482602,0.4263225530092097,0,0.7232920033857226
16.700000000000333,890.458587759824,103.19930262761208,-2.871524761598082,85.0,-26.241789648409036,-0.0022022026690584617,-13.795033250371453,-42.5,1.0,-0.007093591311562182,0.39930429198330303,0,0.7545409898739308
16.716666666667,889.093271314101,102.82134039737909,-2.8740925292992965,85.0,-26.24671651533624,-0.00399621258180094,-13.677019950222872,-44.5,1.0,-0.04528257145360412,0.4138562654886327,0,0.7516659970860928
16.733333333333665,887.7269888512948,102.44688522479805,-2.872474135809422,85.0,-26.252377801425563,-0.005614606071675522,-12.806211970133724,-44.5,1.0,0.02855212379450435,0.4234512376211181,0,0.7143749971874058
16.75000000000033,886.361314193319,102.07021936092505,-2.8826482087625265,85.0,-26.26033178490365,0.004559466881429053,-14.083727182080235,-44.5,1.0,-0.17764972572329754,0.4056466479091879,0,0.7254160009324551
16.766666666666996,884.9918780565627,101.707467225452,-2.8768837223659016,85.0,-26.25833029751165,-0.005346460739709791,-12.45023630924814,-43.0,1.0,0.10137749789935502,0.4101254615733443,0,0.7407919911202043
16.783333333333662,883.6245557406172,101.33682706470043,-2.8832690252044006,85.0,-26.265904414142227,0.0010388420987892388,-13.070141785548884,-45.5,1.0,-0.11220850126038709,0.4328850737094113,0,0.7182499975897372
16.800000000000328,882.2548946652846,100.97492516754728,-2.885075160206193,85.0,-26.265663080643293,-0.0010795770241278644,-12.842085071329329,-43.0,1.0,-0.031862184089565614,0.4049980594247272,0,0.710916006937623
16.816666666666993,880.884582180625,100.61549765214212,-2.8873377284374864,85.0,-26.267192481130397,0.0011829912071656956,-12.705251042797597,-45.0,1.0,-0.03990647712040586,0.4221165917357855,0,0.7321250159293413
16.83333333333366,879.513459974842,100.25917147957938,-2.8932086048697023,85.0,-26.26551657731115,0.00705386763938165,-13.223150625678558,-44.0,1.0,-0.10323538627224382,0.43784917695913694,0,0.7295839895959944
16.850000000000325,878.1402694634446,99.91090109058196,-2.8847013048179235,85.0,-26.259083138851402,-0.005164437289684631,-11.133890375407134,-43.0,1.0,0.14901593490332066,0.3964191094778224,0,0.7277080148924142
16.86666666666699,876.770091448458,99.55096130160094,-2.8937668291070446,85.0,-26.266399392489205,0.003901086999436476,-12.280334225244282,-46.5,1.0,-0.15863560572467464,0.4248117867851673,0,0.7152920006774366
16.883333333333656,875.3967067380512,99.20345751505268,-2.8971554811740234,85.0,-26.261503719222446,0.0037890579095685157,-12.368200535146569,-43.5,1.0,-0.05972861343480457,0.44073398799432767,0,0.7161250105127692
16.900000000000322,874.0221523457287,98.86060963771992,-2.8992608461322478,85.0,-26.256135900028163,0.005894422867792847,-12.220920321087942,-43.0,1.0,-0.03713641806088281,0.40705576329052184,0,0.7711249927524477
16.916666666666988,872.64687918043,98.52065645674689,-2.901661155875825,85.0,-26.24778551598691,0.008294732611370037,-12.132552192652765,-44.0,1.0,-0.04233310083652965,0.4279962000993156,0,0.7139579975046217
16.933333333333653,871.2707939847894,98.18400533350018,-2.9064582518741497,85.0,-26.238702873550018,0.009798358484859548,-12.47953131559166,-43.0,1.0,-0.08445327716858436,0.4414634928439347,0,0.8153340022545308
16.95000000000032,869.8931096808819,97.85395927124314,-2.8983412530458867,85.0,-26.224822087809642,0.0016813596565965483,-10.487718789354995,-41.5,1.0,0.1422733670321828,0.40001287871470426,0,0.7863329956308007
16.966666666666985,868.5181497156349,97.51274154249462,-2.9122051232817823,85.0,-26.22244016275174,0.015545229892492074,-12.492631273612997,-44.0,1.0,-0.23994322978069055,0.4309972673237849,0,0.8054999925661832
16.98333333333365,867.1385914398935,97.19061826131521,-2.914063049244677,85.0,-26.204843599176787,0.014313897092531834,-12.295578764167798,-40.0,1.0,-0.03277518786841421,0.3984633812087924,0,0.7369999948423356
17.000000000000316,865.7584370643293,96.87105865176575,-2.916315394795376,85.0,-26.18456627074128,0.016566242643230922,-12.17734725850068,-39.5,1.0,-0.039726362721048576,0.41553113082229937,0,0.7227500027511269
17.016666666666982,864.3775664315108,96.5546084347273,-2.9176982783315606,85.0,-26.16291960423263,0.01506119201162015,-11.906408355100407,-40.5,1.0,-0.024398984299295663,0.43327100806667024,0,0.7420839974656701
17.033333333333648,862.9962595054019,96.24006810292835,-2.9196231049584007,85.0,-26.141583722207656,0.016986018638460276,-11.743845013060245,-40.0,1.0,-0.03395447391291102,0.40646028174421206,0,0.7294579991139472
17.050000000000313,861.614349702902,95.92818712851793,-2.920767337824172,85.0,-26.11752135294062,0.01813025150423142,-11.446307007836147,-40.0,1.0,-0.020189601014413097,0.4161947904869762,0,0.7181669934652746
17.06666666666698,860.2320839406646,95.61788758454404,-2.9180839915878654,85.0,-26.09516831881042,0.012757521455803555,-10.467784204701688,-40.5,1.0,0.04731782272468541,0.4257628983789732,0,0.9146659867838025
17.083333333333645,858.8506557949348,95.30388006452212,-2.924008960132406,85.0,-26.077095653658148,0.018682490000344387,-11.080670522821013,-43.0,1.0,-0.10417972303185527,0.4088532477947073,0,0.7434590079355985
17.10000000000031,857.4673914230325,94.99806292656181,-2.9264800628058594,85.0,-26.049348562914155,0.0170955654196816,-11.048402313692609,-40.5,1.0,-0.04358008381911342,0.4189321801770713,0,0.7324159960262477
17.116666666666976,856.0833755696971,94.69566490712276,-2.931235442508059,85.0,-26.025131024906138,0.02185094512188135,-11.429041388215566,-39.5,1.0,-0.08372230029146796,0.43229077345223804,0,0.7095829932950437
17.133333333333642,854.6979373531638,94.3998518029278,-2.928587702214054,85.0,-25.994177982613568,0.019203204827876075,-10.45742483292934,-39.5,1.0,0.046690869825119406,0.4040408345943181,0,0.7189999741967767
17.150000000000308,853.3132872283151,94.10037145933069,-2.9367793163435523,85.0,-25.970156171236113,0.020473246228330133,-11.474454899757603,-40.0,1.0,-0.14356339477159508,0.4216203540860593,0,0.7310840010177344
17.166666666666973,851.9262303600003,93.81224355629912,-2.935147859558221,85.0,-25.941154431876654,0.01884178944299908,-10.684672939854561,-36.5,1.0,0.028782463137042996,0.4290621999359863,0,0.7112919993232936
17.18333333333364,850.5396454056299,93.52185311437987,-2.9395233675669687,85.0,-25.91446347617067,0.02321729745174661,-11.010803763912737,-38.5,1.0,-0.0770619387844411,0.40827889043590015,0,0.741249998100102
17.200000000000305,849.1518031227216,93.23753244644267,-2.937713390285717,85.0,-25.891922270292035,0.013267106104844828,-10.206482258347641,-37.5,1.0,0.031929920062668836,0.4162000549369282,0,0.7287079934030771
17.21666666666697,847.7644777267792,92.95070028259464,-2.941938713565295,85.0,-25.873127754677725,0.017492429384422525,-10.523889355008585,-36.5,1.0,-0.07442679796239864,0.43431805895633924,0,0.7357079884968698
17.233333333333636,846.3759527600131,92.66973256005069,-2.9466381988310366,85.0,-25.849979745949646,0.014369974587664203,-10.914333613005152,-36.0,1.0,-0.08274274544410604,0.405907416923604,0,0.738000002456829
17.250000000000302,844.986122727306,92.39529326871339,-2.945021843471386,85.0,-25.829622982566285,0.012753619228013768,-10.14860016780309,-37.0,1.0,0.028516186066869884,0.4197342766122932,0,0.736583024263382
17.266666666666968,843.5967381013629,92.11860787763251,-2.95159498114168,85.0,-25.811555845120324,0.01932675689830754,-10.889160100681856,-36.5,1.0,-0.11548045502654501,0.4378774714446163,0,0.6965830107219517
17.283333333333633,842.2055648122138,91.85106101444309,-2.9522398816747177,85.0,-25.788143659908716,0.012448755619485219,-10.533496060409114,-35.0,1.0,-0.011380106349260108,0.40682843944140606,0,0.7263340230565518
17.3000000000003,840.8142192712542,91.58441137522313,-2.9580355383265164,85.0,-25.770508378283747,0.018244412271283927,-11.120097636245468,-34.5,1.0,-0.10192189714288938,0.4261298778167674,0,0.7385829812847078
17.316666666666965,839.4213516965207,91.32582993021914,-2.9560087547854956,85.0,-25.744663561399964,0.01621762873026311,-10.272058581747281,-34.5,1.0,0.03575152838093293,0.43715370462932435,0,0.7395830180030316
17.33333333333363,838.0290110708906,91.06442597717955,-2.957887720987716,85.0,-25.727563118591824,0.010854889228640639,-10.163235149048369,-36.0,1.0,-0.03314608297144019,0.40863903817150626,0,0.7543750107288361
17.350000000000296,836.6361817341951,90.80563864502312,-2.9555622893100786,85.0,-25.71218566083952,0.008529457551003095,-9.29794108942902,-35.0,1.0,0.04101401688380262,0.4130627031058548,0,0.7650000043213367
17.366666666666962,835.24395795517,90.54361308603784,-2.9593926303839106,85.0,-25.70010240915624,0.012359798624835161,-9.578764653657412,-37.5,1.0,-0.0674915898697185,0.43700151009209437,0,0.7646250014659017
17.383333333333628,833.8507407443401,90.28692212809086,-2.963770120167978,85.0,-25.689998318626305,0.009760209983212143,-9.947258792194447,-35.5,1.0,-0.07709670392183103,0.4098409458195118,0,0.7474170124623924
17.400000000000293,832.4564132237359,90.03633240417899,-2.962983036935906,85.0,-25.6761715740124,0.008973126751139926,-9.368355275316668,-34.5,1.0,0.013888810980234575,0.41567596566523607,0,0.7292079972103238
17.41666666666696,831.0622833699741,89.78464530618912,-2.9666727925691707,85.0,-25.663459815035345,0.012662882384404828,-9.62101316519,-36.0,1.0,-0.0650215467451924,0.4363110229891217,0,0.7499170023947954
17.433333333333625,829.6672343444698,89.53810390827815,-2.968748816819101,85.0,-25.654122676371713,0.008011051023761873,-9.572607899114,-34.0,1.0,-0.03661934471378229,0.40550975908099773,0,0.7318749849218875
17.45000000000029,828.271676499656,89.29445919517494,-2.973139592933309,85.0,-25.642773808811558,0.012401827137969779,-9.9435647394684,-34.0,1.0,-0.07732977349493594,0.42443924736898053,0,0.7185830036178231
17.466666666666956,826.8750623212918,89.05694439303296,-2.9690386974155225,85.0,-25.62550826704706,0.0018079600023641618,-8.76613884368104,-34.5,1.0,0.07224280256970514,0.43270422776044115,0,0.9208749979734421
17.483333333333622,825.4794339072391,88.81370423530132,-2.973939227596831,85.0,-25.622946991772384,0.0067084901836724775,-9.259683306208624,-34.5,1.0,-0.08626531845817698,0.40839965583996557,0,0.6999170000199229
17.500000000000288,824.0826302503347,88.57730629008425,-2.971209830115314,85.0,-25.613443368629138,0.003979092702155462,-8.355809983725175,-34.0,1.0,0.048128642258427036,0.41496102137742097,0,0.7200420077424496
17.516666666666953,822.6864770194039,88.33709679775315,-2.9803103030530576,85.0,-25.609062288009433,0.0068081153041204,-9.613485990235105,-35.5,1.0,-0.15923689797827703,0.435629393242226,0,0.7338330033235252
17.53333333333362,821.2881956119969,88.10960273157957,-2.980191735744624,85.0,-25.599417532502102,0.006689547995686774,-9.168091594141064,-30.5,1.0,0.002092361213033793,0.40043941042213266,0,0.7502919761464
17.550000000000285,819.8899411877776,87.88194287654255,-2.980963101712825,85.0,-25.58994074352305,0.007460913963887705,-8.90085495648464,-33.0,1.0,-0.01361149993884652,0.4201534319172579,0,0.694624992320314
17.56666666666695,818.4915115704956,87.65536165500573,-2.9833748910097952,85.0,-25.581331260889616,0.0038103063537726634,-8.940512973890783,-32.5,1.0,-0.04253531662997437,0.43555071575074533,0,0.7504169770982116
17.583333333333616,817.0925395547185,87.43215380676304,-2.9857075366062342,85.0,-25.575933339950026,0.006142951950211639,-8.96430778433447,-33.5,1.0,-0.04114110664465126,0.40919842591512245,0,0.7515829929616302
17.600000000000282,815.6930506806757,87.21220986873605,-2.9902110027369013,85.0,-25.567230879419927,0.010646418080878739,-9.37858467060068,-31.0,1.0,-0.07930624732012409,0.4227852900290661,0,0.7184160058386624
17.616666666666948,814.2925854915434,86.9985706905102,-2.988352042606521,85.0,-25.554594074168882,0.0029224676666785854,-8.627150802360408,-30.0,1.0,0.032793418274592125,0.42865760731521463,0,0.7460420019924641
17.633333333333614,812.892519868713,86.78232847397308,-2.987994926379795,85.0,-25.550453917534476,0.002565351439952845,-8.176290481416245,-34.5,1.0,0.00630196763142192,0.45129687284164444,0,0.724665995221585
17.65000000000028,811.4925315587619,86.56558628508309,-2.990750774048699,85.0,-25.546819673647395,0.005321199108856867,-8.305774288849747,-33.0,1.0,-0.048594319421146885,0.41751322126988555,0,0.9322499972768128
17.666666666666945,810.0919512573506,86.35270306887502,-2.9899309348255394,85.0,-25.542019738717357,-0.0011771166429803692,-7.783464573309848,-32.5,1.0,0.014466741680645274,0.4297090936047189,0,0.711291009793058
17.68333333333361,808.6915459566208,86.13867167367256,-2.999072774005444,85.0,-25.54368732024314,0.007964722536924373,-9.07007874398591,-32.5,1.0,-0.15994845499161292,0.44997884940778343,0,0.7428329845424742
17.700000000000276,807.2892425603353,85.93745132378005,-2.996725361227459,85.0,-25.53240408261212,0.0056173097589393714,-8.242047246391547,-29.0,1.0,0.04140126033836562,0.4135697667106835,0,0.7245000160764903
17.716666666666942,805.8874153744239,85.73293974639633,-2.99382091676708,85.0,-25.5273081622373,-0.002789297487460818,-7.3452283478349285,-31.0,1.0,0.05121008953635261,0.4251616270276603,0,0.6973750132601708
17.733333333333608,804.4861880929564,85.52435750814104,-3.002727894572973,85.0,-25.531259661887294,0.006117680318432406,-8.607137008700956,-33.0,1.0,-0.15590636294485483,0.4469608447173299,0,0.7232500065583736
17.750000000000274,803.0831585809797,85.32826407896233,-3.0013068161761987,85.0,-25.52259300216283,0.004696601921657884,-7.964282205220574,-29.5,1.0,0.02507259889975355,0.4153516276908127,0,0.7675419910810888
17.76666666666694,801.6804091497286,85.13017703352695,-3.003381252347202,85.0,-25.518776802435262,0.0014356262385093466,-7.978569323132344,-30.0,1.0,-0.03659135732681442,0.4263108373962877,0,0.7918750052340329
17.783333333333605,800.2772518180547,84.93500032637597,-3.00100500240647,85.0,-25.516742999295985,-0.0009406237022226982,-7.1871415938794065,-31.0,1.0,0.04190926893724459,0.43910046999810315,0,0.7272920047398657
17.80000000000027,798.8745622360899,84.73648992087521,-3.0113747053240956,85.0,-25.5180755493443,0.009429079215403036,-8.712284956327643,-30.0,1.0,-0.18099218863765307,0.4144147965893183,0,0.7263339939527214
17.816666666666936,797.4698896125334,84.55253540183517,-3.006417039654976,85.0,-25.50740125704416,-0.0007062237504951163,-7.427370973796586,-29.0,1.0,0.08726602015074128,0.4227397143101531,0,0.7054170127958059
17.833333333333602,796.0661462325465,84.36161927473364,-3.011789784284475,85.0,-25.50840174060754,0.004666520879003766,-8.056422584277952,-30.0,1.0,-0.09453055457622177,0.43965416146949393,0,0.731540989363566
17.850000000000268,794.6613973743476,84.17824782157592,-3.011470161972861,85.0,-25.501790860022574,0.00434689856738979,-7.633853550566771,-28.0,1.0,0.00564033392093348,0.41124087436107243,0,0.9482500026933849
17.866666666666934,793.256707197509,83.99442738871502,-3.0153157001603246,85.0,-25.498050267488043,0.003164137716470616,-7.980312130340063,-28.0,1.0,-0.06775854964743981,0.42745251408458146,0,0.7916249742265791
17.8833333333336,791.8513205202997,83.81601009143864,-3.018466735368391,85.0,-25.493567746536044,0.006315172924537205,-8.188187278204037,-27.5,1.0,-0.05554929645513049,0.4429902233027004,0,0.7176660001277924
17.900000000000265,790.4453786218879,83.64202209548876,-3.0156722087752716,85.0,-25.484621311025972,0.003520646331417687,-7.312912366922422,-26.0,1.0,0.049275255460254984,0.4051489221829903,0,0.7577919750474393
17.91666666666693,789.0399284266878,83.46410584199779,-3.021276661586413,85.0,-25.481688529640515,0.004238199748713978,-7.987747420153454,-28.0,1.0,-0.0985815133905138,0.42415985467756584,0,0.7242079882416874
17.933333333333596,787.6335031859217,83.29406912072729,-3.0199899177869405,85.0,-25.47568443130448,0.0029514559492413994,-7.392648452092072,-26.5,1.0,0.022703341965691813,0.43748492570337977,0,0.7135000196285546
17.950000000000262,786.2272979031077,83.12222283176389,-3.0221032597994135,85.0,-25.471503208113567,0.00506479796171444,-7.435589071255243,-28.5,1.0,-0.037276994820584906,0.4113337734523074,0,0.7266250031534582
17.966666666666928,784.8207325907879,82.95334871704176,-3.0230251017073173,85.0,-25.465937312783318,0.0012336603820370937,-7.261353442753146,-27.0,1.0,-0.016266363559017616,0.42166929267080483,0,0.7218749960884452
17.983333333333594,783.4140122008984,82.78577130474108,-3.0242952796173967,85.0,-25.464189627685403,0.0025038382921165336,-7.156812065651888,-27.5,1.0,-0.022411151468743923,0.4384622680282002,0,0.7202499837148935
18.00000000000026,782.007080092706,82.61998081230547,-3.0302156539172826,85.0,-25.46064252714449,0.008424212592002434,-7.894087239391133,-27.0,1.0,-0.10409952421457977,0.40982327386224643,0,0.7330829976126552
18.016666666666925,780.5991911054755,82.46252274144413,-3.022438784619686,85.0,-25.449801321522415,-0.003978772728402636,-6.13645234363468,-25.5,1.0,0.1363868688045856,0.41182244174265453,0,0.6980419857427478
18.03333333333359,779.1925692108731,82.29412057379244,-3.033841527478312,85.0,-25.455437901349175,0.007423970130223445,-7.881871406180808,-27.0,1.0,-0.1985730453839154,0.43439175691304804,0,0.9302080143243074
18.050000000000257,777.7841185565568,82.14176835424756,-3.029443887712695,85.0,-25.444920706941762,0.003026330364606533,-6.729122843708485,-24.5,1.0,0.0774501727696508,0.44261896712027726,0,0.7359579904004931
18.066666666666922,776.3763515094174,81.98322376924676,-3.02846270907941,85.0,-25.441150551274653,-0.0024607666340976664,-6.2374737062250905,-27.5,1.0,0.01731318699512384,0.4180239565667232,0,0.7364579942077398
18.083333333333588,774.9687407004491,81.82329798983665,-3.0362472938340805,85.0,-25.44463663382136,0.00532381812057281,-7.342484223735054,-26.5,1.0,-0.13652050446959235,0.43501586264321174,0,0.7180410029832274
18.100000000000254,773.5599275984935,81.67433461110632,-3.0318223828530697,85.0,-25.437094593778053,0.0008989071395619773,-6.205490534241032,-25.0,1.0,0.07792853065157798,0.43921006529702183,0,0.7268750050570816
18.11666666666692,772.1517874362203,81.51913883849095,-3.036317127236146,85.0,-25.4358211421685,0.005393651522638265,-6.723294320544619,-27.0,1.0,-0.07915329827572001,0.41683018385018983,0,0.7110419974196702
18.133333333333585,770.7429639350804,81.37027384233555,-3.0375585229088555,85.0,-25.43429393215071,0.0022430212846096254,-6.633976592326771,-26.5,1.0,-0.02190347896543193,0.42985592485243407,0,0.7346670026890934
18.15000000000025,769.3339567191688,81.22315786783405,-3.03566256641992,85.0,-25.43111632132868,0.00034706479567425674,-5.980385955396063,-26.0,1.0,0.0334455792874075,0.4425712375699841,0,0.7439589826390147
18.166666666666917,767.9252309610204,81.07337074297426,-3.041726007758198,85.0,-25.430624646211342,0.006410506133951888,-6.788231573237638,-26.5,1.0,-0.10659631909422229,0.4195478932834959,0,0.7337910064961761
18.183333333333582,766.5156228790403,80.93212804524836,-3.0428380945118922,85.0,-25.42683793613115,0.003238487182466443,-6.672938943942583,-25.0,1.0,-0.019622541456533308,0.4281107257655219,0,0.7791249954607338
18.200000000000248,765.1058585946165,80.79245304101524,-3.044180742644674,85.0,-25.422250087308743,0.004581135315248286,-6.60376336636555,-23.0,1.0,-0.02368935820725332,0.44058025503650095,0,0.7342500030063093
18.216666666666914,763.6959080465591,80.65467097949389,-3.045661809876724,85.0,-25.415760168312634,0.006062202547298057,-6.56225801981933,-24.5,1.0,-0.02613053159101864,0.4152744880206259,0,0.7257079996634275
18.23333333333358,762.2857549804852,80.51897729988121,-3.03721890392739,85.0,-25.411623218535052,-0.0065625536997040435,-4.737354811891598,-25.0,1.0,0.14790443104538883,0.41461340612041364,0,0.7518750207964331
18.250000000000245,760.8767978092083,80.37138280827763,-3.0515631767843168,85.0,-25.420920102877638,0.0077817191572227,-7.042412887134959,-28.0,1.0,-0.2479263413727667,0.4383889992746081,0,0.7143340189941227
18.26666666666691,759.4658685246086,80.24401327383706,-3.046630719494221,85.0,-25.40989611199893,0.002849261867126973,-5.825447732280976,-23.0,1.0,0.08682452850967325,0.40809498337581157,0,0.7322079909499735
18.283333333333577,758.0555846455599,80.10968596857212,-3.047456743745845,85.0,-25.409449154831016,-0.0004096896796950134,-5.695268639368585,-25.5,1.0,-0.014575866227529231,0.42404512044865533,0,0.7121249800547957
18.300000000000242,756.6451902900416,79.97652363768732,-3.0507566067576493,85.0,-25.410029548527675,0.0028901733321093914,-6.017161183621151,-25.0,1.0,-0.05816718640318434,0.43940364996480313,0,0.7281659927684814
18.316666666666908,755.2343641968232,79.84801613152989,-3.052305294280706,85.0,-25.405935142007355,0.0044388608551662045,-6.010296710172691,-24.5,1.0,-0.02732297850857726,0.41173120728929385,0,0.7758749998174608
18.333333333333574,753.8233407775987,79.72169370737512,-3.0505518765465944,85.0,-25.402363089760872,-0.00130777700442275,-5.406178026103614,-25.0,1.0,0.03093279622818707,0.41949278438030563,0,0.7802500040270388
18.35000000000024,752.4125410233161,79.59289736518905,-3.054431929824075,85.0,-25.404215773322367,0.002572276273058005,-5.843706815662168,-25.5,1.0,-0.06836482226308782,0.4372862390744416,0,0.6925419729668647
18.366666666666905,751.001252153268,79.46957595697972,-3.054117099430653,85.0,-25.400571719287424,0.002257445879635611,-5.506224089397301,-25.0,1.0,0.0055557733088140646,0.4524421593830334,0,0.7543750107288361
18.38333333333357,749.5900021784888,79.34581023825926,-3.062267059000402,85.0,-25.399210548131137,0.00650106402865136,-6.703734453638381,-24.0,1.0,-0.14284328601471177,0.42003833383956346,0,0.7248749898280948
18.400000000000237,748.1777903979237,79.23355013280059,-3.053536486376286,85.0,-25.390000772297604,-0.0022295085954646687,-4.822240672183028,-23.0,1.0,0.1528669450578398,0.4257505519918797,0,0.7565830019302666
18.416666666666902,746.7666125210068,79.10896504482925,-3.0608272840895983,85.0,-25.393159240191206,0.005061289117847423,-5.893344403309817,-26.5,1.0,-0.12795816629862955,0.4523038553030065,0,0.7308339991141111
18.433333333333568,745.3545638333924,78.99467178933753,-3.0604138405188808,85.0,-25.3869450431969,0.0008237289264334535,-5.53600664198589,-23.5,1.0,0.0072959335541556425,0.42033171140061737,0,0.7377910078503191
18.450000000000234,743.942562520273,78.8797947411794,-3.0629259653042222,85.0,-25.38577809401643,0.0033358537117749165,-5.721603985191534,-23.5,1.0,-0.044302606534173256,0.4311260660698792,0,0.8007090073078871
18.4666666666669,742.5302770773833,78.76846517526722,-3.061750670722925,85.0,-25.38105231002278,0.002160559130477857,-5.232962391114921,-22.5,1.0,0.020737519412829305,0.4453069198773161,0,0.7348329818341881
18.483333333333565,741.118123454906,78.65547583519962,-3.063762577015972,85.0,-25.378069779516455,0.00042612525636176457,-5.339777434668953,-24.5,1.0,-0.03548932168563581,0.4185653210642969,0,0.7256669923663139
18.50000000000023,739.7057453666513,78.54532784265233,-3.0677771086802674,85.0,-25.37746610208821,0.004440656920657205,-5.8038664608013715,-22.0,1.0,-0.07072650967804803,0.42809555534405636,0,0.6949999951757491
18.516666666666897,738.2929364682358,78.44085075902905,-3.064223393870122,85.0,-25.371175192126188,0.0008869421105117681,-4.882319876480823,-22.0,1.0,0.06263059419317113,0.44108376646419106,0,0.7312919769901782
18.533333333333562,736.8805077718921,78.33135362578129,-3.0691576610119293,85.0,-25.3699186909677,0.005821209252319103,-5.529391925888493,-24.0,1.0,-0.08685622681743066,0.4172689035966394,0,0.7365829951595515
18.550000000000228,735.4675559837946,78.22882709772006,-3.0661542913419972,85.0,-25.3660827732803,-0.0008549832635749156,-4.717635155533096,-24.0,1.0,0.05295109724287494,0.42437226930567984,0,0.830708013381809
18.566666666666894,734.0549184928686,78.12205742189916,-3.0691982548349714,85.0,-25.367293999422795,0.0021889802293992844,-5.030581093319858,-23.5,1.0,-0.05366542498760838,0.44362557527597524,0,0.8867080032359809
18.58333333333356,732.6419625439914,78.01958825103723,-3.0760676845803183,85.0,-25.364192946574327,0.009058409974746164,-6.018348655991915,-22.5,1.0,-0.1206365883258983,0.41322869719604566,0,1.073583000106737
18.600000000000225,731.2283360337841,77.92682762316448,-3.0720842686054017,85.0,-25.35481266512182,0.0014716032571198137,-5.011009193595148,-20.5,1.0,0.07018013033779431,0.4221867602299628,0,0.7766670023556799
18.61666666666689,729.8150902421836,77.82843668370373,-3.07232967015245,85.0,-25.35272789459337,0.001717004804167921,-4.806605516157089,-23.0,1.0,-0.004330588463990051,0.44079685452162515,0,0.7680409762542695
18.633333333333557,728.4018203478488,77.73039255990577,-3.079653887054023,85.0,-25.35029547231597,0.009041221705741176,-5.883963309694254,-23.0,1.0,-0.12853826974506077,0.4098608558676818,0,0.7443329959642142
18.650000000000222,726.9878702701695,77.64270206854391,-3.075940514898838,85.0,-25.340000524528335,0.0017899652445589886,-4.930377985816552,-19.5,1.0,0.06543653815296357,0.4196948974224093,0,0.7103749958332628
18.666666666666888,725.5742555677323,77.54976167098867,-3.0774527069624233,85.0,-25.337464741785983,0.0033021573081444267,-4.958226791489931,-22.5,1.0,-0.02667941044155522,0.44069751591221284,0,0.709417014149949
18.683333333333554,724.1605019378907,77.45895903581726,-3.07669897580538,85.0,-25.33278669410122,0.0025484261511010686,-4.574936074893959,-22.5,1.0,0.01330035373506689,0.45579333633027713,0,0.7381250034086406
18.70000000000022,722.7468171504021,77.36709083638053,-3.074499902508975,85.0,-25.3307729671104,-0.0031268046547761053,-3.944961644936375,-24.0,1.0,0.038787712241040155,0.41759442087131876,0,0.7182499975897372
18.716666666666885,721.3333378058891,77.27211406511744,-3.0813281873760747,85.0,-25.335202599819972,0.003701480212323638,-4.966976986961825,-24.0,1.0,-0.11992095598870928,0.43752552275844736,0,0.7657499809283763
18.73333333333355,719.9192428899102,77.18679107263047,-3.0772352311244187,85.0,-25.329958848159933,-0.0003914760393324279,-3.980186192177095,-22.0,1.0,0.07210342640677447,0.4445567275100528,0,0.738000002456829
18.750000000000217,718.5055090408798,77.09568098235339,-3.079541856484756,85.0,-25.331217691297866,-0.0015029277845024502,-4.188111715306257,-24.5,1.0,-0.04068269415593535,0.4229125348662092,0,0.7545000116806477
18.766666666666882,717.0915687960893,77.00783208591004,-3.0836491593364688,85.0,-25.333346838191016,0.0026043750672104515,-4.712867029183754,-23.0,1.0,-0.07235528316022789,0.43668026126796744,0,0.7205829897429794
18.783333333333548,715.6772796568149,76.92579139493927,-3.0822809273331595,85.0,-25.32965731101667,0.001236143063901185,-4.227720217510252,-23.0,1.0,0.0241405801038633,0.4489359901848796,0,0.7349170045927167
18.800000000000214,714.2631040920205,76.84181570570244,-3.086308917270366,85.0,-25.327906108788806,0.00526413300110784,-4.736632130506152,-21.5,1.0,-0.07096281860434878,0.4199501141455991,0,0.7442919886671007
18.81666666666688,712.8486017471832,76.76353696724604,-3.0859986938926776,85.0,-25.32505221848448,0.0015903876594700606,-4.441979278303691,-20.5,1.0,0.005474475504057486,0.4317572941521202,0,0.7285419851541519
18.833333333333545,711.434123754305,76.68481942086822,-3.087382423043931,85.0,-25.32279917025002,0.0029741168107233484,-4.465187566982214,-21.5,1.0,-0.02441389803089885,0.45117722402140975,0,0.7566670246887952
18.85000000000021,710.0195381918527,76.60805920365885,-3.089826142377037,85.0,-25.318585844312896,0.005417836143829292,-4.679112540189328,-21.5,1.0,-0.04309775548520593,0.41859039404701504,0,0.7518340134993196
18.866666666666877,708.6047692729439,76.53475606229304,-3.0896311366826503,85.0,-25.314604877584145,0.001910447959003747,-4.4074675241135965,-21.5,1.0,0.0034412633755430896,0.43282831457848747,0,0.7410000253003091
18.883333333333542,707.1900146754649,76.4611770343273,-3.091084165945043,85.0,-25.311898411288567,0.003363477221396405,-4.444480514468158,-21.0,1.0,-0.02563607530800756,0.44948565128301143,0,0.7102910021785647
18.900000000000208,705.775154659024,76.38965376314091,-3.0913580463047357,85.0,-25.307133494209175,0.0036373575810890735,-4.266688308680894,-22.0,1.0,-0.0048331451848044465,0.4172499340195302,0,0.7389169768430293
18.916666666666874,704.3602751068287,76.3185179970024,-3.0953085583064417,85.0,-25.304800889318987,0.004323309463180713,-4.760012985208537,-21.0,1.0,-0.06960230377754939,0.43153930644908206,0,0.7208749884739518
18.93333333333354,702.9451255733429,76.25297227006807,-3.091632218976132,85.0,-25.298676219992224,0.000646970132871072,-3.856007791125122,-21.0,1.0,0.06478578440013705,0.4398040596650934,0,0.7124999829102308
18.950000000000205,701.5302265708435,76.18222442790488,-3.0952969732272786,85.0,-25.297759679034595,0.004311724384017611,-4.313604674675073,-22.0,1.0,-0.06458219602658444,0.41858993958691365,0,0.7123750110622495
18.96666666666687,700.1150777968052,76.11666230635558,-3.101380919874763,85.0,-25.293634720983416,0.007175704152302842,-5.188162804805044,-20.5,1.0,-0.10695406761595075,0.42861186831620884,0,0.7355830166488886
18.983333333333537,698.6995563391433,76.05971103469989,-3.100169647355495,85.0,-25.283469227339626,0.005964431633035172,-4.7128976828830265,-18.0,1.0,0.02137214276376295,0.4437977029686475,0,0.7323749887291342
19.000000000000203,697.2841049033879,76.00104522300028,-3.0954773060358365,85.0,-25.275019665957775,0.001272090313376495,-3.627738609729816,-19.5,1.0,0.08261753565825777,0.41135629483575953,0,0.7553330215159804
19.01666666666687,695.8689443293582,75.93573830026857,-3.0996006036000927,85.0,-25.27440226833726,0.0022168628557981407,-4.1766431658378895,-22.0,1.0,-0.07263606193837867,0.42949242090697526,0,0.7328749925363809
19.033333333333534,694.4535265061841,75.87626704431014,-3.1015160409318145,85.0,-25.271261715197248,0.004132300187519977,-4.305985899502733,-21.5,1.0,-0.033788970496360524,0.44566868510310675,0,0.7547079876530915
19.0500000000002,693.0379973661283,75.8195070399294,-3.0965296516811387,85.0,-25.265407639925566,-0.0008540890631558717,-3.18359153970164,-21.5,1.0,0.08776903436885032,0.41003008606501523,0,0.7110419974196702
19.066666666666865,691.6227688502521,75.75568939115178,-3.103782375707657,85.0,-25.26704391654858,0.0032584682411980204,-4.310154923820985,-23.0,1.0,-0.1272971627120232,0.4305316069431817,0,0.9350829932373017
19.08333333333353,690.2071147084054,75.70213759270851,-3.1065378482008907,85.0,-25.26242776137565,0.006013940734431955,-4.586092954292591,-19.5,1.0,-0.04858771429388049,0.4455538027233477,0,0.8315829909406602
19.100000000000197,688.7913183805024,75.65248678867614,-3.102101016301575,85.0,-25.2539080633581,0.0015771088351161922,-3.551655772575554,-19.0,1.0,0.07813762142367173,0.41216870004206985,0,0.7069589919410646
19.116666666666863,687.3757562794383,75.59655484364183,-3.10526788964904,85.0,-25.251673826767874,0.004743982182581431,-3.9309934635453327,-22.0,1.0,-0.05582792714579705,0.43113878817641343,0,0.6996250012889504
19.13333333333353,685.9600241476759,75.54510607747675,-3.1065690672267268,85.0,-25.24906097670421,0.002940325923014075,-3.9585960781272,-21.5,1.0,-0.02295792295414492,0.44190602584763167,0,0.7526249974034727
19.150000000000194,684.5442262704132,75.49549947325072,-3.110029274284354,85.0,-25.24489552098203,0.006400532980641138,-4.375157646876319,-20.0,1.0,-0.060986753772486836,0.414875580501469,0,0.7150839956011623
19.16666666666686,683.1282652200598,75.45079211002633,-3.108232597224219,85.0,-25.23582816116991,0.004603855920506383,-3.8250945881257916,-19.0,1.0,0.03169544773650784,0.4286369463930206,0,0.7135830237530172
19.183333333333525,681.7123867797519,75.40354079559218,-3.113072093589168,85.0,-25.232693846180727,0.006370874556137718,-4.495056752875476,-20.0,1.0,-0.08519614802476208,0.4460201043600942,0,0.716332986485213
19.20000000000019,680.2962962481897,75.36314214630508,-3.1110358421473823,85.0,-25.223668501613332,0.004334623114352176,-3.8970340517252855,-18.5,1.0,0.035918394518476185,0.41304210659151136,0,0.7531669980380684
19.216666666666857,678.8802909141597,75.31986006637689,-3.114619886868908,85.0,-25.217527804764252,0.007918667835877802,-4.338220431035172,-18.0,1.0,-0.06316371328891435,0.4287343692774551,0,0.7127499848138541
19.233333333333523,677.4641395501028,75.28165328001369,-3.114002964304661,85.0,-25.209026071951893,0.004258686121365152,-4.002932258621103,-19.0,1.0,0.010886438693318172,0.44666307076323053,0,0.7855000148992985
19.25000000000019,676.0480120261619,75.24257284524565,-3.1107372716793362,85.0,-25.202992951516524,0.0009929934960402065,-3.201759355172662,-18.5,1.0,0.05756619654932413,0.41167116523340236,0,0.756499997805804
19.266666666666854,674.6320196779969,75.19886798987757,-3.1157183928642525,85.0,-25.20158621096165,0.005974114680956433,-3.921055613103597,-21.5,1.0,-0.0876767820704055,0.43249184734478696,0,0.6688339926768094
19.28333333333352,673.2158271980104,75.16221687701758,-3.1192546320239485,85.0,-25.195217809121957,0.006493805652462825,-4.352633367862158,-19.5,1.0,-0.062323402575576545,0.44756985500031116,0,0.7373749976977706
19.300000000000185,671.7995139659187,75.13057397818613,-3.1175037480727084,85.0,-25.186018315770966,0.004742921701222702,-3.8115800207172947,-17.5,1.0,0.03088812512132067,0.4156287412572725,0,0.7237500103656203
19.31666666666685,670.383258307763,75.09645132901584,-3.1190446464418145,85.0,-25.179299201885716,0.006283820070328794,-3.886948012430377,-19.5,1.0,-0.027185624927207615,0.43243893509074743,0,0.7061249925754964
19.333333333333517,668.9669517514492,75.06451102552568,-3.1204349893567507,85.0,-25.17192209966197,0.004681238708439395,-3.9321688074582264,-18.5,1.0,-0.024530541622991238,0.4488831925911379,0,0.726416998077184
19.350000000000183,667.550602156073,75.0345399040582,-3.119524730603051,85.0,-25.165290369046353,0.0037709799547398504,-3.559301284474936,-20.0,1.0,0.016062008359538558,0.4188287464665889,0,0.6991669943090528
19.36666666666685,666.1342804289417,75.00327955056788,-3.1215703290691654,85.0,-25.159948160105113,0.005816578420854147,-3.7355807706849617,-18.0,1.0,-0.036083128317610194,0.4334513274336283,0,0.6902909954078496
19.383333333333514,664.7178977190028,74.97491648601357,-3.1177321350499096,85.0,-25.15271629015926,-0.0009937918680149593,-2.841348462410977,-19.0,1.0,0.0676295396761006,0.4373450294834663,0,0.737291993573308
19.40000000000018,663.3016343046149,74.9411172920791,-3.1223261313250346,85.0,-25.154124161740533,0.0036002044071099526,-3.5048090774465863,-20.5,1.0,-0.080893609527673,0.42089906273287364,0,0.7502500084228814
19.416666666666845,661.8852305623551,74.91382474077123,-3.1255885293639234,85.0,-25.14902388318166,0.006862602445998788,-3.902885446467952,-18.5,1.0,-0.05750824904993715,0.43313158718564126,0,0.721040996722877
19.43333333333351,660.4687453186439,74.89115319929802,-3.1247371921778426,85.0,-25.139848462909065,0.003056962679127473,-3.5417312678807713,-15.5,1.0,0.015022467236704393,0.4399592274008508,0,0.720290991012007
19.450000000000177,659.0522798893732,74.86727575962485,-3.124607402787062,85.0,-25.135517772525375,0.002927173288346907,-3.325038760728463,-19.0,1.0,0.002290397008689247,0.4208824208824209,0,0.73291698936373
19.466666666666843,657.6358175710711,74.84321447796817,-3.1293415192161227,85.0,-25.131370949622127,0.007661289717407539,-3.9950232564370776,-17.5,1.0,-0.08334967846145304,0.43700177723271355,0,0.7326669874601066
19.48333333333351,656.2192572170326,74.8258591384244,-3.1294114633193324,85.0,-25.120659254569766,0.00479192242376314,-3.7970139538622467,-16.0,1.0,-0.001234307076871874,0.4459540020708481,0,0.7343750039581209
19.500000000000174,654.8026956525554,74.80860287896662,-3.12655959956042,85.0,-25.11387072378313,0.0019400586648505858,-3.0782083723173477,-17.5,1.0,0.050284582420543594,0.417695687483081,0,0.7182910048868507
19.51666666666684,653.386189061046,74.78730685457055,-3.12735607842421,85.0,-25.111122309065358,0.002736537528640781,-3.0469250233904086,-19.5,1.0,-0.014054583881007245,0.4348852621986579,0,0.7265830063261092
19.533333333333506,651.9696659570059,74.76713905437062,-3.1315376442695895,85.0,-25.10724555240505,0.0069181033740202125,-3.6281550140342453,-19.0,1.0,-0.07365883366193768,0.44987480487370485,0,0.7411660044454038
19.55000000000017,650.5530709045113,74.75289469786152,-3.130130423780111,85.0,-25.101387855760457,0.002583661921833791,-3.176893008420547,-18.0,1.0,0.024828199802837434,0.42313856913886055,0,0.7212090131361037
19.566666666666837,649.1364972995802,74.73665689453102,-3.1307299840248586,85.0,-25.097727672110008,0.0031832221665815115,-3.1061358050523284,-18.0,1.0,-0.010580080118297589,0.43329211033788884,0,0.7241250132210553
19.583333333333503,647.719914213718,74.72126841528544,-3.1336836116374385,85.0,-25.09321811498985,0.006136849779161402,-3.4636814830313973,-17.5,1.0,-0.052075714737645204,0.45316805840084023,0,0.7447910029441118
19.60000000000017,646.3032918551561,74.71006405599806,-3.12928160702929,85.0,-25.088170039191404,-0.0011832147766908108,-2.478208889818838,-17.0,1.0,0.07752673782407957,0.4221115454999168,0,0.7319999858736992
19.616666666666834,644.8867325434562,74.69262384725691,-3.13238507218879,85.0,-25.089846259733925,0.0019202503828088526,-2.886925333891303,-18.5,1.0,-0.05471237397221891,0.43986024227461973,0,0.7117919740267098
19.6333333333335,643.4701259285503,74.6795799579165,-3.1257996565981117,85.0,-25.087125906696766,-0.004665165207869304,-1.5321552003347816,-19.5,1.0,0.11569424228333529,0.4463611636829967,0,0.7472920115105808
19.650000000000166,642.0536359298289,74.65720747555812,-3.1364372592549805,85.0,-25.09715181526232,0.003060569550895842,-3.3192931202008693,-22.0,1.0,-0.18556278796333217,0.433531756302086,0,0.7174590136855841
19.66666666666683,640.6369880892682,74.6499040326025,-3.140072740956136,85.0,-25.092816015167525,0.006696051252051305,-3.7915758721205215,-15.5,1.0,-0.06406775611133265,0.4452064683800173,0,0.712707987986505
19.683333333333497,639.2203230589465,74.6477508238672,-3.1316486644960677,85.0,-25.08333001344829,-0.001728025208016959,-2.0749455232723126,-16.0,1.0,0.14757934633320047,0.4091724102192051,0,0.737666996428743
19.700000000000163,637.8037264337704,74.63366373814912,-3.1322398737258683,85.0,-25.089037498300502,-0.00404551176202439,-2.0449673139633875,-20.5,1.0,-0.010432725533413081,0.4304612121912041,0,0.7165000133682042
19.71666666666683,636.38712172775,74.62041415984389,-3.1362124939862266,85.0,-25.09476862433058,-7.289150166611691e-05,-2.6269803883780325,-20.0,1.0,-0.06999055198671451,0.44449987528061863,0,0.7407910015899688
19.733333333333494,634.9704755645337,74.61279230384282,-3.1345956669988357,85.0,-25.09487188729118,-0.0016897184890569683,-2.17618823302682,-19.0,1.0,0.028524502141304572,0.419560911363,0,0.7487080001737922
19.75000000000016,633.5538435761823,74.60287998705367,-3.1394163836675664,85.0,-25.100442515731018,0.0002223915310781699,-2.905712939816092,-19.5,1.0,-0.08486713204855055,0.43261507609070304,0,0.7421660120598972
19.766666666666826,632.1371802642877,74.5997969404308,-3.1372422850743593,85.0,-25.100127461064595,-0.0019517070621288823,-2.3434277638896552,-18.0,1.0,0.03834763743753632,0.4410110623570855,0,0.787291006417945
19.78333333333349,630.7205270033085,74.59363393780718,-3.138402635871799,85.0,-25.10289237764727,-0.0007913562646892913,-2.4060566583337932,-19.5,1.0,-0.020473917537478216,0.42356559703572205,0,0.7782499887980521
19.800000000000157,629.3038675447866,74.58911475370473,-3.137227603199428,85.0,-25.107186467372028,-0.004878065312015312,-2.0436339950002758,-19.0,1.0,0.02073289947751311,0.43053992078382325,0,0.742375006666407
19.816666666666823,627.8872143744445,74.58293095195577,-3.138987296033309,85.0,-25.114097032490555,-0.003118372478133647,-2.2261803970001655,-19.0,1.0,-0.031043426980158814,0.44852448194411493,0,0.765124976169318
19.83333333333349,626.4705525158624,74.57924003292635,3.1372438426635356,85.0,-25.11851471967479,0.003835796004608039,-3.335708238200099,-20.0,1.0,-0.1221100561880953,0.430874789141976,0,0.7820419850759208
19.850000000000154,625.0538992452855,74.58540082898618,-3.135043322781433,85.0,-25.116332883556016,-0.009980340306673408,-1.2014249429200594,-18.0,1.0,0.19000029962047615,0.4265102675537064,0,0.810040975920856
19.86666666666682,623.6372629615719,74.57612267667044,-3.1373812310702043,85.0,-25.130471464270354,-0.007642432017902291,-1.5208549657520356,-24.5,1.0,-0.041233820227714324,0.4155070002004579,0,0.7327920175157487
19.883333333333486,622.220608857943,74.57015651240378,3.13854110689519,85.0,-25.141298137569834,-0.00037946280371015106,-2.7125129794512213,-21.5,1.0,-0.1274750421366286,0.4290384091528194,0,0.7156250067055225
19.90000000000015,620.8039487872268,74.57447953017852,3.1370124206246044,85.0,-25.145254927540364,-0.0017784421675082207,-2.827507787670733,-18.5,1.0,-0.026970275281977138,0.44112759150774855,0,0.6926250061951578
19.916666666666817,619.3872969803291,74.5809681708588,-3.138586691250818,85.0,-25.147774385949546,-0.009364637471671844,-1.2965046726024396,-20.0,1.0,0.13308275149748036,0.4068916563149159,0,0.7219580002129078
19.933333333333483,617.9706367140227,74.576709730625,3.139119764525567,85.0,-25.161040761796787,-0.0038857860684706758,-2.177902803561464,-23.5,1.0,-0.09638601576817847,0.43153191891013204,0,0.76149997767061
19.95000000000015,616.5539743789399,74.58021298656215,-3.140025028259413,85.0,-25.17022560772787,-0.010867110355592648,-1.3067416821368785,-22.5,1.0,0.07118272387242625,0.4360370112095255,0,0.8048750169109553
19.966666666666814,615.1373094529661,74.57799218492036,3.1388152902402746,85.0,-25.185620377722223,-0.0065221216756934375,-1.9840450092821271,-22.5,1.0,-0.0765265323432109,0.4166788649338157,0,0.7635839865542948
19.98333333333348,613.7206482502002,74.58192677794044,-3.139607464171996,85.0,-25.19485998458995,-0.011284674443009091,-0.9904270055692763,-23.5,1.0,0.08384799726074013,0.42175490698428303,0,0.726416998077184
20.000000000000146,612.303984375058,74.57911442811246,3.1306572275739044,85.0,-25.21488663604673,-0.0013216240480846686,-3.194256203341566,-24.5,1.0,-0.22417836831022264,0.4476431672524292,0,0.7706670148763806
20.01666666666681,610.8874024125563,74.59460597287503,3.1311958828855255,85.0,-25.216758936236463,-0.0018602793597057854,-2.91655372200494,-18.5,1.0,0.009505395680533112,0.4179647207143378,0,0.7106249977368861
20.033333333333477,609.4708123109624,74.60933446602861,-3.138498974140815,85.0,-25.219683990248882,-0.018328817204365213,-0.34993223320296374,-21.0,1.0,0.2337162374083199,0.414011685021457,0,0.7292089867405593
20.050000000000143,608.0541524236442,74.60495176046695,3.1315819874638873,85.0,-25.245648360795666,-0.005224471629480476,-2.6099593399217786,-25.5,1.0,-0.22725825755500811,0.4557681242807825,0,0.7356659916695207
20.06666666666681,606.637556740902,74.6191333006124,3.1398513625164832,85.0,-25.253049661934103,-0.013493846682076427,-0.9659756039530671,-21.0,1.0,0.14490729546699518,0.409106193388395,0,0.7304579776246101
20.083333333333474,605.2208922219685,74.62160012838632,3.1314582832048656,85.0,-25.273002903088663,-0.008103322594543716,-2.37958536237184,-24.5,1.0,-0.14704412271980288,0.4380178111521395,0,0.6867500196676701
20.10000000000014,603.8042983043822,74.63595690734208,-3.1370289118325627,85.0,-25.284482484464416,-0.0228014347367014,0.3722487825768961,-24.5,1.0,0.2537857763681183,0.43456769436997317,0,0.7571660098619759
20.116666666666806,602.3876463906716,74.62949162896224,3.132695823104912,85.0,-25.316781718080506,-0.009340862494589876,-1.9766507304538625,-29.0,1.0,-0.23321720084579575,0.42753856541837637,0,0.7259169942699373
20.13333333333347,600.9710357907633,74.64209530587657,3.1363320591124797,85.0,-25.332378378350235,-0.015435861952171058,-1.1859904382723174,-24.0,1.0,0.0640810128258559,0.4286112602751043,0,0.752124993596226
20.150000000000137,599.5543887263648,74.6495477803462,3.1238213726114332,85.0,-25.354244981080956,-0.002925175451124584,-3.3115942629633905,-26.0,1.0,-0.21729114230448646,0.41714351229375773,0,0.7006250089034438
20.166666666666803,598.1379457585302,74.67472243657998,3.127916150039819,85.0,-25.35838897372693,-0.007019952879510516,-2.386956557778034,-20.0,1.0,0.07213539795064147,0.4191892805556409,0,0.7263750012498349
20.18333333333347,596.7214115812459,74.69409687927485,3.1323759992816926,85.0,-25.370432733756733,-0.012846579691848437,-1.4321739346668203,-23.0,1.0,0.07854132210371821,0.43036169970968974,0,0.74562500230968
20.200000000000134,595.3048050847442,74.70715362135493,3.128282348260442,85.0,-25.38863155440467,-0.008752928670597626,-2.0593043608000925,-26.5,1.0,-0.07211562340443578,0.4187059139896159,0,0.7192910125013441
20.2166666666668,593.888263907553,74.72600933046715,3.134311061932579,85.0,-25.401031378353743,-0.014781642342734713,-0.8355826164800554,-26.5,1.0,0.10599037595733857,0.4224704131233541,0,0.7517080230172724
20.233333333333466,592.4716347976708,74.73632482749032,3.1245169252418203,85.0,-25.422810394968465,-0.005897063758380394,-2.501349569888033,-28.0,1.0,-0.17114685775893015,0.44362324533294745,0,0.8085419831331819
20.25000000000013,591.0551746621722,74.76051426708182,3.1303211130024358,85.0,-25.431164520206355,-0.011701251518995814,-1.3008097419328197,-24.5,1.0,0.10207088534464186,0.4068227522323987,0,0.7798750011716038
20.266666666666797,589.6385979866221,74.77648194479963,3.1226099145150408,85.0,-25.447740914914203,-0.0039900530316008265,-2.580485845159692,-26.0,1.0,-0.1352492187932149,0.4313650107542523,0,0.7485410023946315
20.283333333333463,588.2221865562287,74.8033725434416,3.1252387826484553,85.0,-25.454706703305035,-0.007672475951803649,-1.9482915070958153,-24.0,1.0,0.04635855205740437,0.44089140285504896,0,0.7196250080596656
20.30000000000013,586.8057093284486,74.82653949457959,3.127709490593026,85.0,-25.465575937596356,-0.010143183896374364,-1.368974904257489,-26.5,1.0,0.043573131234442675,0.4120538643393495,0,0.7208749884739518
20.316666666666794,585.3891791853246,74.84620667702809,3.120136785607715,85.0,-25.48011704978248,-0.0037683011476623567,-2.6213849425544935,-26.0,1.0,-0.13284887125933442,0.4326622664542426,0,0.7179999956861138
20.33333333333346,583.9728385904237,74.876600157916,-3.137858245738224,85.0,-25.48545546377398,-0.028958576981310345,1.8271690344673044,-28.5,1.0,0.418299343911066,0.41575358371862264,0,0.777457986259833
20.350000000000126,582.556181802022,74.87130975908944,3.11861395524521,85.0,-25.526474380864837,-0.002245470785157355,-2.7036985793196178,-37.5,1.0,-0.4405133103200271,0.4222480467331417,0,0.7696250104345381
20.36666666666679,581.1398891334742,74.90386005036386,3.1270739448414027,85.0,-25.530257573523713,-0.012047937833381539,-1.0222191475917706,-26.5,1.0,0.1481993471413171,0.42000950177641905,0,0.7371660030912608
20.383333333333457,579.7233717758248,74.9244274984943,3.1187949328830573,85.0,-25.547325072548112,-0.0037689258750361887,-2.4133314885550625,-30.5,1.0,-0.14507380838187645,0.41356545757001917,0,0.7027090177871287
20.400000000000123,578.307073239596,74.95672147193541,3.1396382206040667,85.0,-25.552664371563772,-0.024612213596045596,1.3520011068669628,-30.0,1.0,0.35246346497087416,0.39716274710113636,0,0.7319579890463501
20.41666666666679,576.890409278626,74.95949025023582,3.1070977098736483,85.0,-25.58863939259426,0.0064406600711235384,-3.988799335879823,-37.0,1.0,-0.5212661710174756,0.43205470999588647,0,0.6970000104047358
20.433333333333454,575.4745853750295,75.00834839642776,3.113671738215592,85.0,-25.579515187242343,-0.0001333682708200001,-2.5932796015278936,-20.5,1.0,0.1154959640561814,0.39724549051852615,0,0.7828749949112535
20.45000000000012,574.0584708732302,75.04789788742482,-3.121964589863949,85.0,-25.579704125625444,-0.04768234737086565,5.6440322390832645,-32.0,1.0,0.6981317007977318,0.3710748694762904,0,0.7464170048478991
20.466666666666786,572.6420770909298,75.02009324923338,3.113671738215592,85.0,-25.64892543337055,-0.0017667857453043112,-3.413580656550042,-50.0,1.0,-0.6981317007977318,0.42865341846617405,0,0.7394159911200404
20.48333333333345,571.2259625891305,75.05964274023044,3.117970724180252,85.0,-25.651428378540892,-0.006065771709964363,-2.448148393930025,-29.5,1.0,0.0757194149028019,0.4068698698175354,0,0.7080830109771341
20.500000000000117,569.8096911509326,75.09310402814975,3.114804684127098,85.0,-25.660021502434468,-0.002899731656810456,-2.868889036358015,-30.0,1.0,-0.05581326772498559,0.4220247303231969,0,0.7493750017601997
20.516666666666783,568.3935327505471,75.1310491129728,3.1202338421432083,85.0,-25.666492930170325,-0.010108824671647199,-1.721333421814809,-31.5,1.0,0.09551712269834198,0.42649962972105654,0,0.7400420145131648
20.53333333333345,566.9771892124313,75.16130512860656,3.1407626627177025,85.0,-25.680813521219346,-0.03063764524614143,1.9671999469111145,-38.0,1.0,0.3475666069523385,0.3885246958689765,0,0.7325829938054085
20.550000000000114,565.5605230337247,75.16248094887368,3.1080569628338734,85.0,-25.72458730015487,0.0001407486508750999,-3.419680031853332,-42.5,1.0,-0.5234556191619304,0.4307030984872636,0,0.7148750009946525
20.56666666666678,564.1446529142107,75.20998093952441,3.11348119362432,85.0,-25.72438790623346,-0.005283482139571305,-2.251808019111999,-29.0,1.0,0.09543096183617525,0.4294580996370835,0,0.7804580091033131
20.583333333333446,562.7285459740606,75.24980026276081,3.106577184968053,85.0,-25.73187280444069,0.0016205265166955307,-3.3510848114671994,-31.5,1.0,-0.12123792289829485,0.4162894988165926,0,0.7399170135613531
20.60000000000011,561.312747694151,75.29939537390428,3.1074278341992843,85.0,-25.7305692388541,-0.0013057696650529136,-3.0106508868803195,-29.5,1.0,0.015010329594356414,0.4210345830908637,0,0.9185829840134829
20.616666666666777,559.896907738442,75.34778611953098,3.115385060207007,85.0,-25.732419078687254,-0.009262995672775443,-1.4063905321281918,-32.5,1.0,0.13950944775661384,0.42332482187718795,0,0.7515829929616302
20.633333333333443,558.480727554145,75.38490929354859,3.1056262191205115,85.0,-25.745541468231544,0.0004958454137198309,-3.043834319276915,-36.0,1.0,-0.1705419980126984,0.4194003048589505,0,0.7994579791557044
20.65000000000011,557.0649770776638,75.435850757875,3.1136509395093377,85.0,-25.746525503846925,-0.009753949654614402,-1.4263005915661489,-32.5,1.0,0.140677301192381,0.4110508383856059,0,0.7299169956240803
20.666666666666774,555.648863398749,75.47542970221305,3.102791469272297,85.0,-25.760343380084155,0.0011055205824264112,-3.2557803549396898,-35.0,1.0,-0.18934211928457145,0.402372739625797,0,0.7270830101333559
20.68333333333344,554.2332630167274,75.53038425493502,3.1101219109210345,85.0,-25.758777226244742,-0.006224921066311229,-1.7534682129638137,-33.0,1.0,0.1286463117625905,0.399508417577671,0,0.936041004024446
20.700000000000106,552.8172978309098,75.57496044809838,3.1055611324608745,85.0,-25.77005735454133,-0.004039848957841485,-2.4520809277782885,-37.0,1.0,-0.08031121294244573,0.43010069002897705,0,0.7262080034706742
20.71666666666677,551.401550673037,75.62599405878622,3.0945344464712834,85.0,-25.77578045833104,0.0069868370317496264,-4.271248556666974,-32.0,1.0,-0.19218689443213416,0.4068392790242684,0,0.733750028302893
20.733333333333437,549.9864523032827,75.69263524997443,3.106224313002826,85.0,-25.765882519732628,-0.0047030294997929545,-1.962749134000184,-32.0,1.0,0.20343794667405293,0.3993909652994249,0,0.7437080203089863
20.750000000000103,548.5706716122437,75.74272995354116,3.1076164784550793,85.0,-25.77586450553334,-0.008622854588541616,-1.5776494804001104,-40.0,1.0,0.024562684671098397,0.4266740453790813,0,0.7400840113405138
20.76666666666677,547.154822553091,75.79085360823365,3.0993409681235504,85.0,-25.788080064820623,-0.00034734425701277155,-2.946589688240066,-39.5,1.0,-0.1450133058640076,0.40924890591955104,0,0.7493330049328506
20.783333333333434,545.7394202184715,75.85069235486448,3.108296437222763,85.0,-25.789036177236444,-0.011983866146857203,-1.1679538129440397,-36.0,1.0,0.15674134981492874,0.39955625404455947,0,0.7382500043604523
20.8000000000001,544.3235387645251,75.89785327952482,3.0922188312989007,85.0,-25.806012914590855,0.004093739777005112,-3.900772287766424,-40.0,1.0,-0.2764571901110428,0.4396082586644995,0,0.72245899355039
20.816666666666766,542.9085985039154,75.96777111237262,3.0963841368838607,85.0,-25.80021346610533,-7.156580795486533e-05,-2.9404633726598544,-33.5,1.0,0.07337343593337436,0.396784605579655,0,0.7677910034544766
20.83333333333343,541.4933792894349,76.03179469716446,3.1008428689302194,85.0,-25.801589583080762,-0.0073663026000025935,-1.9642780235959125,-37.5,1.0,0.07852172822669128,0.40400024910736526,0,0.7207079906947911
20.850000000000097,540.0778886793529,76.08950758319705,3.0955924902702345,85.0,-25.812025084054262,-0.0021159239400176943,-2.7785668141575472,-41.0,1.0,-0.09238996306398518,0.3943537807629742,0,0.9323749982286245
20.866666666666763,538.6627205923832,76.15465150130862,3.098616417554373,85.0,-25.81502264073254,-0.005139851224156278,-2.0671400884945283,-39.0,1.0,0.05331285549494215,0.3941683991683992,0,0.7292079972103238
20.88333333333343,537.2473619854823,76.21551576271,3.1002167910369387,85.0,-25.824477796315684,-0.00973285989358752,-1.640284053096717,-41.5,1.0,0.02823437996363196,0.407163201218558,0,0.7430420082528144
20.900000000000095,535.8319077855774,76.27411484475286,3.095427684473344,85.0,-25.83826579680962,-0.004943753329992973,-2.3841704318580303,-46.0,1.0,-0.08431328868848748,0.3932476763258611,0,0.7191250042524189
20.91666666666676,534.4167504539216,76.33949198988299,3.1032346636849737,85.0,-25.845269418831467,-0.012750732541622511,-0.8305022591148181,-44.5,1.0,0.13690836012024088,0.39360215278067506,0,0.7053340086713433
20.933333333333426,533.0011258553772,76.39381915104848,3.0979288879283495,85.0,-25.866496019648178,-0.010596021407017986,-1.698301355468891,-48.0,1.0,-0.09335915059452218,0.4171844487839517,0,0.7338330033235252
20.95000000000009,531.5858094289737,76.45565649896172,3.092141910150821,85.0,-25.88150676908078,-0.00480904362948964,-2.6189808132813344,-45.0,1.0,-0.10177032369004657,0.39550402469032825,0,0.7500420033466071
20.966666666666757,530.1708745507099,76.52568317043186,3.090423390363631,85.0,-25.888319554629383,-0.003090523842299575,-2.7713884879688004,-45.0,1.0,-0.030317527547361337,0.4065505968855421,0,0.7367910002358258
20.983333333333423,528.7560621039778,76.5981413308858,3.0823252729302926,85.0,-25.89694626082811,0.0016961791508340873,-4.062833092781281,-43.5,1.0,-0.14194684986175016,0.4252849589638235,0,0.7159580127336085
21.00000000000009,527.3418828166218,76.68205430758019,3.087929375360116,85.0,-25.894543341516638,-0.003907923278989145,-2.8376998556687685,-42.0,1.0,0.09857539008294994,0.38641164536841444,0,0.770999991800636
21.016666666666755,525.9272554815846,76.75804080249664,3.0877530461093845,85.0,-25.900591028991684,-0.007205400986844079,-2.7026199134012607,-46.0,1.0,-0.0031116826168966945,0.4012136150479911,0,0.7690829806961119
21.03333333333342,524.5126415671807,76.83427673640857,3.088411867748981,85.0,-25.910798592063465,-0.007864222626440487,-2.4215719480407563,-46.5,1.0,0.011625740429861973,0.4110234745692167,0,0.7606250001117587
21.050000000000086,523.0979777339012,76.90958067558448,3.0829675300729096,85.0,-25.921939459280424,-0.0024198849503691555,-3.2529431688244537,-48.0,1.0,-0.09578255574208283,0.3969710345987304,0,0.753250002162531
21.06666666666675,521.6837448445107,76.99258536828626,3.0847260150976745,85.0,-25.926933446008825,-0.007816735431697808,-2.7517659012946725,-46.0,1.0,0.031022133221416913,0.3992861737668859,0,0.8159169810824096
21.083333333333417,520.2693681792804,77.07310302657581,3.066063757789114,85.0,-25.938007041767637,0.01084552187686283,-5.851059540776804,-45.0,1.0,-0.3181468034004832,0.39589237349284195,0,0.7993750041350722
21.100000000000083,518.8567403603818,77.18000059304997,3.0897288588849814,85.0,-25.9226428536492,-0.012819579219004673,-1.5106357244660824,-43.5,1.0,0.3956026679597101,0.3761345180089806,0,0.7500420033466071
21.11666666666675,517.4419785793533,77.25344136772958,3.08244150401013,85.0,-25.94352799110364,-0.009337438540071297,-2.7063814346796495,-55.0,1.0,-0.12789839922417393,0.41294781141184767,0,0.734792003640905
21.133333333333415,516.027789548254,77.33718997227187,3.0786818519815062,85.0,-25.956755836815752,-0.00557778651144769,-3.2238288608077896,-51.0,1.0,-0.06624970620117104,0.3798623373053215,0,0.7447080279234797
21.15000000000008,514.6139253767813,77.42625483105631,3.0669580778149443,85.0,-25.964657660066962,0.0061459876551142045,-5.134297316484674,-46.5,1.0,-0.20401182372070262,0.39878862819478356,0,0.7415419968310744
21.166666666666746,513.2012025221767,77.53188901360261,3.0736087685297186,85.0,-25.959944829600996,-0.004479181485037564,-3.6805783898908047,-47.0,1.0,0.11683065576757842,0.40469695544476847,0,0.7083330128807575
21.18333333333341,511.7878083759165,77.6281253464604,3.077330640579355,85.0,-25.966290315486436,-0.008201053534673708,-2.8083470339344827,-51.0,1.0,0.06558589346054705,0.3745357584991906,0,0.7597079966217279
21.200000000000077,510.3740658405567,77.71910055274702,3.0837521347573333,85.0,-25.977908344426705,-0.014622547712652256,-1.4850082203606896,-57.0,1.0,0.1128391194096616,0.38555049338198777,0,0.7287499902304262
21.216666666666743,508.95976826060615,77.80099560626374,3.084187960354734,85.0,-26.004001157311624,-0.019204657678118412,-1.2910049322164139,-62.0,1.0,0.0076908883124635966,0.40479201186012037,0,0.7564589905086905
21.23333333333341,507.5454351230148,77.88227426493455,3.073045831170707,85.0,-26.031206083335288,-0.008062528494091392,-3.1746029593298486,-61.5,1.0,-0.19414905034585522,0.39543012211668926,0,0.7782909960951656
21.250000000000075,506.13209537573005,77.97930623486968,3.0540936878551697,85.0,-26.043390010828713,0.006568855631389869,-6.3047617755979095,-52.5,1.0,-0.3227548468741797,0.40993514150943394,0,0.7475420134142041
21.26666666666674,504.72084829888814,78.10310499314154,3.0654085191704126,85.0,-26.034084198942,-0.004745975683853043,-3.9828570653587456,-48.5,1.0,0.1970815918754921,0.3973705816719648,0,0.7558329962193966
21.283333333333406,503.3082908266454,78.2109281449027,3.0630970918095053,85.0,-26.040807639253938,-0.002434548322945762,-4.189714239215247,-55.5,1.0,-0.04076729487470465,0.39387591177492187,0,0.8026670257095248
21.30000000000007,501.8959863529951,78.32201602971364,3.063410053076782,85.0,-26.046401308109687,-0.007245540538161511,-3.9138285435291484,-55.5,1.0,0.0055227897418437776,0.3976287895872934,0,0.9189170086756349
21.316666666666737,500.4836471823041,78.43266191249371,3.054253331706673,85.0,-26.056665734061465,0.001911180831947412,-5.3482971261174885,-53.5,1.0,-0.16020440948822695,0.37507182226383773,0,0.7718749984633178
21.333333333333403,499.07238035973535,78.55623537227018,3.067035782210921,85.0,-26.05395822953112,-0.010871269672300787,-2.8089782756704933,-57.0,1.0,0.22185943764039703,0.37869262191295155,0,0.7305839972104877
21.35000000000007,497.65964930115535,78.66175977972158,3.047267352772264,85.0,-26.073016350852807,0.004218931253051839,-6.0853869654022965,-59.5,1.0,-0.33565408741576175,0.4179612384676879,0,0.7615000067744404
21.366666666666735,496.2492801906751,78.79518922417671,3.0458411369337597,85.0,-26.06703954930825,0.005645147091556168,-6.051232179241378,-49.5,1.0,-0.025163202449457075,0.3735170671120819,0,0.7143749971874058
21.3833333333334,494.8391028137271,78.93063002300958,3.0649116142837594,85.0,-26.059042300071017,-0.0134253302584435,-2.4307393075448265,-58.5,1.0,0.32463182853032585,0.37632002159268546,0,0.7469580159522593
21.400000000000066,493.4265990937236,79.03915506814093,3.0404512130326027,85.0,-26.083368348511193,0.0061735895210812694,-6.458443584526896,-63.5,1.0,-0.40749323621513794,0.41590573421446975,0,0.9409170015715063
21.416666666666732,492.01717221251886,79.18219461156133,3.039770087979633,85.0,-26.07462248557873,0.006854714574050735,-6.275066150716138,-50.0,1.0,-0.012019275062416044,0.3752381767967629,0,0.7501249783672392
21.433333333333398,490.6078430860618,79.32619411768636,3.087319067079679,85.0,-26.06486370416912,-0.04574218451901535,2.034960309570318,-64.0,1.0,0.6981317007977318,0.0,0,0.7154580089263618
21.450000000000063,489.19326238966613,79.40304395717394,3.039770087979633,85.0,-26.12964253675134,0.0018067945810305017,-9.979023814257811,-73.5,1.0,-0.6981317007977318,0.40166162978368486,0,0.7264580053742975
21.46666666666673,487.78393326320906,79.54704346329896,3.0565306077592522,85.0,-26.127082912487538,-0.014953725198588508,-6.587414288554687,-59.5,1.0,0.28757512325318485,0.0,0,0.7620000105816871
21.483333333333395,486.3723886894064,79.66740276128942,3.0377843773965,85.0,-26.14988962047061,-0.0014451695075816673,-9.552448573132812,-66.0,1.0,-0.3194830927147557,0.3976097727849568,0,0.7118749781511724
21.50000000000006,484.963348282629,79.81420050143858,3.0310969588749894,85.0,-26.151936943227035,0.005242249013929001,-10.331469143879687,-55.5,1.0,-0.11746993896218683,0.3668641645401877,0,0.755041983211413
21.516666666666726,483.55532107359045,79.97041773176747,3.041583541190283,85.0,-26.144510457805502,-0.005244333301364534,-7.998881486327812,-60.0,1.0,0.18298720328935478,0.37064411544652776,0,0.7348330109380186
21.533333333333392,482.1457331282779,80.11186125008486,3.037340370053336,85.0,-26.155397572607612,-0.006432038495983505,-8.399328891796687,-64.5,1.0,-0.07474001135972064,0.3898101172438058,0,0.7535839977208525
21.550000000000058,480.7367580396638,80.25928460003084,3.033900576822282,85.0,-26.164509564314407,-0.0029922452649295828,-8.639597335078012,-63.5,1.0,-0.060627840149165696,0.36519925273062775,0,0.729375024093315
21.566666666666723,479.32829839150435,80.411553651223,3.0342597470113084,85.0,-26.168748572114037,-0.003351415453956008,-8.183758401046806,-66.0,1.0,0.006338212577167386,0.0,0,0.7634999928995967
21.58333333333339,477.9197841436901,80.56331681588638,3.021335795957085,85.0,-26.178953538979087,0.003944879806962565,-10.110255040628083,-63.5,1.0,-0.22423432245369962,0.40011453981943135,0,0.7197920058388263
21.600000000000055,476.5133488503685,80.73327036878813,3.031364967909978,85.0,-26.173364973747532,-0.006084292145930537,-7.86615302437685,-64.5,1.0,0.17517140652778013,0.0,0,0.9402499999850988
21.61666666666672,475.1052798242698,80.88911022949755,3.0079765451947074,85.0,-26.18198433444125,0.017304130569339993,-11.51969181462611,-63.0,1.0,-0.39143798941666524,0.39918508866853647,0,0.9079999872483313
21.633333333333386,473.70124041663775,81.07783697974952,3.0373588496034483,85.0,-26.16510102321499,-0.01790631744027671,-6.111815088775666,-63.5,1.0,0.47834670635000087,0.0,0,0.7362090109381825
21.650000000000052,472.29226260394705,81.22523429244458,3.0163016213034943,85.0,-26.190466950665552,0.003150910859677225,-9.4670890532654,-75.0,1.0,-0.35578489285666626,0.0,0,0.7567920256406069
21.666666666666718,470.886700704427,81.40226590279164,3.007184927685081,85.0,-26.187443054215734,0.006235134776160667,-10.68025343195924,-63.5,1.0,-0.15951593571399975,0.393968628697251,0,0.7426670053973794
21.683333333333383,469.48281113610585,81.59210405597324,3.0094098979308757,85.0,-26.178610003850036,0.004010164530365845,-9.808152059175544,-60.0,1.0,0.039244021904933604,0.0,0,0.7158330117817968
21.70000000000005,468.07850265886185,81.77881812931818,3.009891495714748,85.0,-26.1729289526586,0.003528566746493489,-9.284891235505327,-67.0,1.0,0.008498579809626754,0.0,0,0.7229170005302876
21.716666666666715,466.6741044233925,81.96485586918585,3.007115429525497,85.0,-26.171626113957966,6.386985715378656e-05,-9.370934741303197,-68.0,1.0,-0.048950268780890586,0.0,0,0.7871660054661334
21.73333333333338,465.27022805186397,82.15479158965016,2.992015262268852,85.0,-26.171535631660404,0.0151640371137991,-11.622560844781919,-63.5,1.0,-0.26042207793520117,0.37090623470351863,0,0.9072500106412917
21.750000000000046,463.86937968192035,82.36590361884497,3.0075424145897585,85.0,-26.150054069045076,-0.0003631152071075227,-8.37353650686915,-63.5,1.0,0.2674442532388796,0.0,0,0.745291996281594
21.766666666666712,462.4654223386532,82.5552398877706,2.998450604475344,85.0,-26.15671906095905,0.0022755435835981608,-9.624121904121491,-72.5,1.0,-0.15908786472333913,0.0,0,0.7534160104114562
21.783333333333378,461.0632444069425,82.75733266910626,2.9963524857611503,85.0,-26.15349537699771,0.004373662297791903,-9.574473142472895,-69.5,1.0,-0.03700871883400341,0.0,0,0.9466249903198332
21.800000000000043,459.66149357583134,82.96236693922626,2.997471085691977,85.0,-26.147299375163023,0.0032550623669651557,-8.944683885483737,-72.0,1.0,0.019737435366264558,0.0,0,0.7507090049330145
21.81666666666671,458.259514270429,83.16583308301436,2.9838158038979192,85.0,-26.151504059861587,0.010240584003312847,-10.966810331290244,-70.0,1.0,-0.23646720544690808,0.0,0,0.7464590016752481
21.833333333333375,456.8604439754211,83.3884240847889,2.992195268358427,85.0,-26.136996819421313,0.001861119542804879,-8.980086198774146,-70.5,1.0,0.14680901006518876,0.0,0,0.7595419883728027
21.85000000000004,455.45955762672213,83.59928394932766,2.9876963253896514,85.0,-26.136300579111648,-0.0005306503692339426,-9.388051719264487,-74.0,1.0,-0.0792269272942202,0.0,0,0.7514999888371676
21.866666666666706,454.05963409861556,83.81644416644434,3.0019938667808512,85.0,-26.137052333766118,-0.014828191760433816,-6.432831031558692,-82.0,1.0,0.24715117695680125,0.0,0,0.7400419854093343
21.883333333333372,452.65674890262676,84.01356740535827,2.9544448876808054,85.0,-26.15805816896303,0.032720787339612034,-13.659698618935217,-76.0,1.0,-0.6981317007977318,0.3737821376476745,0,0.7118339999578893
21.900000000000038,451.26481878048304,84.27714847355807,2.9822538628455315,85.0,-26.116446423783362,-0.002204317580091431,-8.39581917136113,-63.5,1.0,0.45621754037111517,0.0,0,0.7465000089723617
21.916666666666703,449.86609786598484,84.50192446824988,2.9697700750577654,85.0,-26.119569204492883,0.010279470207674724,-10.237491502816678,-76.5,1.0,-0.21683847577733095,0.0,0,0.7035830058157444
21.93333333333337,448.47029192480505,84.74414382959743,2.9666830091970926,85.0,-26.10500687816262,0.013366536068347479,-10.342494901690007,-71.0,1.0,-0.05442383546639857,0.0,0,0.7452080026268959
21.950000000000035,447.0752403805518,84.99067097479872,2.9638060223389187,85.0,-26.093844067048458,0.008897395616599635,-10.405496941014004,-71.0,1.0,-0.050726801279839015,0.0,0,0.7403749914374202
21.9666666666667,445.68090386413115,85.24121063916411,2.9710410801869434,85.0,-26.08123958956254,0.0016623377685749396,-8.643298164608403,-77.5,1.0,0.1269904192320964,0.0,0,0.8986250031739473
21.983333333333366,444.2847911884136,85.48165572883164,2.942850340372355,85.0,-26.07920818611354,0.022272260016009238,-12.985978898765042,-74.0,1.0,-0.46163249846074217,0.0,0,0.7220830011647195
22.000000000000032,442.8960106609513,85.76135751821795,2.96900665370097,85.0,-26.047658426303624,-0.0038840533126056616,-7.991587339259025,-73.0,1.0,0.43244366759022146,0.0,0,0.7335839909501374
22.016666666666698,441.5003900419333,86.00464239694324,2.9556719967654024,85.0,-26.053160821328383,0.009450603622962017,-9.994952403555416,-84.0,1.0,-0.2311127994458672,0.0,0,0.7312499801628292
22.033333333333363,440.10813752512917,86.26651521702397,2.9587350922203703,85.0,-26.043309325040248,-0.001432799007739849,-8.99697144213325,-81.0,1.0,0.054002070332479786,0.0,0,0.7190830074250698
22.05000000000003,438.71508939957135,86.52412221290015,2.9327683626191567,85.0,-26.045339122940057,0.02453393059347375,-12.99818286527995,-78.0,1.0,-0.42968217446717893,0.0,0,0.7373329717665911
22.066666666666695,437.32919935314067,86.8178112042648,2.9329868342141587,85.0,-26.01058620788704,0.02431545899847176,-12.398909719167971,-67.5,1.0,0.0038553619863592042,0.0,0,0.7325420156121254
22.08333333333336,435.94324517708225,87.11119741101405,2.9353243109310094,85.0,-25.983161526098247,0.013913285827985789,-11.439345831500782,-71.5,1.0,0.04122621719181578,0.0,0,0.7045000093057752
22.100000000000026,434.55660900450573,87.40134318359522,2.934638439659024,85.0,-25.963451673760257,0.014599157099971283,-11.06360749890047,-75.5,1.0,-0.012103019684910635,0.0,0,0.7248329930007458
22.116666666666692,433.17017216071395,87.6924399417722,2.9276415487002883,85.0,-25.942770269210097,0.021596048058706963,-11.838164499340282,-76.5,1.0,-0.1228527284776131,0.0,0,0.7369579980149865
22.133333333333358,431.7858060099762,87.99323024270645,2.9310709967443005,85.0,-25.922967984156344,0.009852521686548155,-10.70289869960417,-77.0,1.0,0.06044594624676561,0.0,0,0.7461670029442757
22.150000000000023,430.40041645738734,88.28927117234629,2.91526121441878,85.0,-25.909010470917337,0.025662304012068482,-13.021739219762502,-74.0,1.0,-0.2720775989186075,0.0,0,0.7566669955849648
22.16666666666669,429.01988018739405,88.6071769000039,2.925582018871184,85.0,-25.87538259104273,0.006772962390490189,-10.613043531857501,-75.0,1.0,0.18015710731550222,0.0,0,0.7812079857103527
22.183333333333355,427.63613645882185,88.91081770437907,2.919910463494429,85.0,-25.8657876343482,0.012444517767245422,-11.167826119114501,-81.0,1.0,-0.09975406894403192,0.0,0,0.7799580052960664
22.20000000000002,426.2541370917185,89.2223015623404,2.910870072922264,85.0,-25.848158355882198,0.021484908339410413,-12.300695671468702,-78.0,1.0,-0.158203108033086,0.0,0,0.80825001350604
22.216666666666686,424.8750100960859,89.54626633567501,2.9119029780096013,85.0,-25.824466453393995,0.01162385574284519,-11.58041740288122,-78.5,1.0,0.018225718513481988,0.0,0,0.7288750202860683
22.233333333333352,423.4955492113406,89.8688064291552,2.904830335244925,85.0,-25.807999695245805,0.018696498507521305,-12.348250441728734,-80.0,1.0,-0.1241692355585778,0.0,0,0.7258749974425882
22.250000000000018,422.11840402017776,90.20109480828029,2.90595769965894,85.0,-25.781514532111185,0.017569134093506467,-11.60895026503724,-79.0,1.0,0.01989204199818679,0.0,0,0.7188330055214465
22.266666666666683,420.7408850941421,90.53183043209178,2.9011765837910297,85.0,-25.7677103640932,0.013257277317063831,-11.965370159022344,-80.5,1.0,-0.08417327480108777,0.0,0,0.7174579950515181
22.28333333333335,419.3649631917911,90.86914832825997,2.8892101287562744,85.0,-25.748929771370406,0.025223732351819187,-13.579222095413407,-78.5,1.0,-0.20811513154731937,0.0,0,0.7272499788086861
22.300000000000015,417.99317620465513,91.22290658804887,2.8928001069879032,85.0,-25.715698254882675,0.012270691009491852,-12.347533257248045,-77.0,1.0,0.06326800440494154,0.0,0,0.7028749969322234
22.31666666666668,416.6201280755424,91.57173789338788,2.888390831264226,85.0,-25.698315212187264,0.01667996673316896,-12.608519954348827,-78.5,1.0,-0.07765428069036832,0.0,0,0.7867910026106983
22.333333333333346,415.2486313820339,91.9266199359594,2.883393542263849,85.0,-25.67468635502604,0.021677255733546286,-12.965111972609296,-81.0,1.0,-0.08795990174755426,0.0,0,0.7152920006774366
22.350000000000012,413.8789252543593,92.28835128413789,2.8779999246058785,85.0,-25.651118179817967,0.017432418359299096,-13.379067183565578,-78.5,1.0,-0.09489560771519936,0.0,0,0.7364159973803908
22.366666666666678,412.51119008090046,92.65746500608292,2.8845277556167743,85.0,-25.626423504594193,0.010904587348403274,-11.627440310139345,-81.0,1.0,0.11469146870421397,0.0,0,0.7386670040432364
22.383333333333344,411.14107455381077,93.01764258294212,2.8621528721254905,85.0,-25.61097564533909,0.033279470839687075,-14.976464186083607,-81.0,1.0,-0.37605961877747174,0.0,0,0.7356249843724072
22.40000000000001,409.77936023549233,93.40838362216242,2.8663246940983123,85.0,-25.575975185684666,0.01918848053104938,-13.585878511650165,-74.0,1.0,0.07348781206685019,0.0,0,0.7288749911822379
22.416666666666675,408.41602766953713,93.79344044790427,2.864395248211623,85.0,-25.548793173063476,0.021117926417738797,-13.351527106990098,-80.5,1.0,-0.03403589609322306,0.0,0,0.6887079798616469
22.43333333333334,407.05344058710966,94.18112703168848,2.8586636781302417,85.0,-25.521936701731846,0.016644291667435862,-13.81091626419406,-78.0,1.0,-0.10080253765593405,0.0,0,0.7068330014590174
22.450000000000006,405.69309792638245,94.57661696815973,2.8582888449943424,85.0,-25.498358377231654,0.017019124803335117,-13.286549758516434,-79.0,1.0,-0.006614605926893578,0.0,0,0.8028330048546195
22.466666666666672,404.33290360394886,94.97261677834132,2.855759606681911,85.0,-25.47424911434337,0.019548363115766687,-13.17192985510986,-82.0,1.0,-0.044604013556136204,0.0,0,0.8440420206170529
22.483333333333338,402.97371520894984,95.37205557383373,2.8541073199855083,85.0,-25.4549723280378,0.010704103654091135,-12.903157913065916,-82.0,1.0,-0.029149741467015128,0.0,0,0.9620420169085264
22.500000000000004,401.615188656385,95.77373959196319,2.8440805769474053,85.0,-25.439808470772018,0.02073084669219405,-14.141894747839551,-79.5,1.0,-0.17512984488020922,0.0,0,0.727875012671575
22.51666666666667,400.2607579083194,96.1890247869064,2.8354599793683226,85.0,-25.410441874867438,0.029351444271276787,-15.08513684870373,-77.5,1.0,-0.15097065692812534,0.0,0,0.7274999807123095
22.533333333333335,398.90995744920644,96.6159704088592,2.8454658902065635,85.0,-25.38303497187862,0.008552381841387293,-12.651082109222237,-78.5,1.0,0.1747733558431248,0.0,0,0.7496670004911721
22.55,397.554952700877,97.02937889504328,2.829077030826828,85.0,-25.370919245301813,0.024941241221122734,-14.990649265533342,-83.0,1.0,-0.28153331982745844,0.0,0,0.7266250031534582
22.566666666666666,396.20690491227856,97.46493785098303,2.8321644853984007,85.0,-25.340212057837626,0.010758830922449114,-13.794389559320006,-77.5,1.0,0.05443067477019148,0.0,0,0.7688750047236681
22.583333333333332,394.8575187823708,97.89633270127337,2.821692169885298,85.0,-25.324970674739358,0.021231146435551906,-15.076633735592004,-80.0,1.0,-0.1827437618045518,0.0,0,0.7063329976517707
22.599999999999998,393.512724265373,98.34183483538389,2.8194214079783158,85.0,-25.294895476865094,0.023501908342534072,-14.845980241355203,-79.0,1.0,-0.040050840416064416,0.0,0,0.7679169939365238
22.616666666666664,392.16894484390195,98.79038952644788,2.8133527259401676,85.0,-25.272388756521572,0.018168724348270437,-15.307588144813122,-76.5,1.0,-0.10668775424963862,0.0,0,0.7784590125083923
22.63333333333333,390.82791228640303,99.24709087763088,2.821545209917316,85.0,-25.246651146424494,0.009976240371122103,-13.184552886887873,-81.0,1.0,0.1435784307835503,0.0,0,0.7360829913523048
22.649999999999995,389.48318325490624,99.69279063788905,2.803906501915742,85.0,-25.233310496253605,0.01590118808328489,-15.710731732132725,-81.0,1.0,-0.3017651081965368,0.0,0,0.7504579843953252
22.66666666666666,388.146524567017,100.16213911880143,2.8062184575438573,85.0,-25.210784762427267,0.013589232455169409,-14.626439039279635,-78.0,1.0,0.040776601748744805,0.0,0,0.7117080094758421
22.683333333333326,386.80878433954405,100.62839605252466,2.8119069438337636,85.0,-25.19153394229451,0.007900746165263152,-12.97586342356778,-83.5,1.0,0.10004987771591367,0.0,0,0.7390420068986714
22.699999999999992,385.4684134740271,101.08703576658984,2.79134138635646,85.0,-25.18773328839629,0.016435819709031737,-15.98551805414067,-82.5,1.0,-0.3481395733704522,0.0,0,0.7493750017601997
22.716666666666658,384.13775756472796,101.5731420260556,2.7975394683086305,85.0,-25.164450258772945,0.010237737756860987,-14.191310832484401,-79.0,1.0,0.10894483931106244,0.0,0,0.7299590215552598
22.733333333333324,382.80411430758926,102.05099148679909,2.7844321773139704,85.0,-25.149947050303783,0.023345028751521113,-15.91478649949064,-81.0,1.0,-0.22730759641336273,0.0,0,0.7342500030063093
22.74999999999999,381.476848742079,102.54627985033618,2.7816213824989,85.0,-25.131320994705174,0.013803976256072215,-15.748871899694382,-76.0,1.0,-0.04956164118135084,0.0,0,0.7613339985255152
22.766666666666655,380.150980571772,103.04529692360234,2.785115552333262,85.0,-25.111765982723362,0.0103098064217102,-14.449323139816629,-83.5,1.0,0.06158384862452272,0.0,0,0.7249579939525574
22.78333333333332,378.8233768485105,103.5396781514284,2.7725489437331703,85.0,-25.101165417364204,0.010198792148528923,-16.06959388388998,-77.0,1.0,-0.21823194082528646,0.0,0,0.718458992196247
22.799999999999986,377.5020904831012,104.05070338077412,2.77668593862266,85.0,-25.08671737895981,0.006061797259039103,-14.641756330333987,-80.0,1.0,0.07287650217149501,0.0,0,0.7319579890463501
22.816666666666652,376.17870132167144,104.5562580977482,2.7690779134826466,85.0,-25.07812988543487,0.013669822399052567,-15.385053798200392,-82.5,1.0,-0.1334611820304365,0.0,0,0.7338339928537607
22.833333333333318,374.85919669618494,105.07186646440276,2.7618557436195976,85.0,-25.07029828067399,0.00788444991453252,-16.031032278920236,-76.0,1.0,-0.12676662588492865,0.0,0,0.7295830000657588
22.849999999999984,373.54345026189105,105.59699098781347,2.7581670685267965,85.0,-25.059128759020613,0.011573125007333653,-16.01861936735214,-76.5,1.0,-0.06500255886429028,0.0,0,0.7349160150624812
22.86666666666665,372.2296497881806,106.12696528881561,2.761091036577807,85.0,-25.04438849252137,-0.0041168225454026874,-14.811171620411283,-78.5,1.0,0.05155371468142581,0.0,0,0.7399999885819852
22.883333333333315,370.91430530497746,106.65309581915145,2.7616002179689993,85.0,-25.050220641319893,-0.004626003936595069,-14.08670297224677,-84.5,1.0,0.008985312142188735,0.0,0,0.7153750048018992
22.89999999999998,369.5986930964223,107.17855653237856,2.7539865846623894,85.0,-25.0567741235227,0.0029876293700148437,-14.85202178334806,-85.0,1.0,-0.1335583960480201,0.0,0,0.7531250012107193
22.916666666666647,368.28711964553685,107.7140185080377,2.7490391292912233,85.0,-25.06155187473541,-0.0038352704599220466,-15.111213070008837,-81.0,1.0,-0.08708720429547881,0.0,0,0.7477500184904784
22.933333333333312,366.97821140993676,108.25596285501685,2.7446125910688024,85.0,-25.066985161233625,0.0005912677624988482,-15.266727842005302,-81.0,1.0,-0.07795707257728729,0.0,0,0.7281669822987169
22.949999999999978,365.6717149273793,108.80369580592395,2.736020327992435,85.0,-25.06614753195222,0.00918353083886636,-16.160036705203183,-78.5,1.0,-0.15048191021303903,0.0,0,0.896625017048791
22.966666666666644,364.36997287957485,109.36263416157897,2.7414485747096635,85.0,-25.067874617742728,-0.007367591235020399,-14.49602202312191,-82.5,1.0,0.09550118720550985,0.0,0,0.7472090073861182
22.98333333333331,363.0652159698053,109.91449814015797,2.7278115835971213,85.0,-25.078311944232944,0.006269399877521842,-16.297613213873145,-84.0,1.0,-0.23616212101002726,0.0,0,0.7364160264842212
22.999999999999975,361.7681059102787,110.48410321204491,2.726867281866196,85.0,-25.07545320279221,-0.003786412157983588,-15.778567928323886,-76.5,1.0,-0.01666260593934958,0.0,0,0.9301249810960144
23.01666666666664,360.4715343080477,111.05493289306419,2.7259908442222165,85.0,-25.080817273865286,-0.002909974514003988,-15.267140756994332,-81.0,1.0,-0.015465313563609862,0.0,0,0.7532910094596446
23.033333333333307,359.1754635003495,111.62689871885891,2.710460274071832,85.0,-25.084939731941994,0.012620595636380294,-17.360284454196602,-79.0,1.0,-0.267500354804833,0.0,0,0.7440420158673078
23.049999999999972,357.8884315930404,112.218923476798,2.7228810042660783,85.0,-25.07997569059854,-0.010681113055699408,-14.41617067251796,-76.5,1.0,0.2157769537837672,0.0,0,0.7187909795902669
23.066666666666638,356.5941457718669,112.79491710311139,2.709073180024274,85.0,-25.095106979711794,0.0031267111861046355,-16.249702403510778,-83.0,1.0,-0.2390098277297398,0.0,0,0.7218329992610961
23.083333333333304,355.307936296456,113.38872652523908,2.703594402164014,85.0,-25.095089912561065,-0.0021600014481921725,-16.549821442106467,-78.5,1.0,-0.0963847299711772,0.0,0,0.7277919794432819
23.09999999999997,354.0249994587153,113.98957385594166,2.7053622951422844,85.0,-25.09814991223321,-0.003927894426462686,-15.529892865263879,-80.0,1.0,0.031187995350627204,0.0,0,0.7105830009095371
23.116666666666635,352.7410023926251,114.58815215384112,2.703986680473112,85.0,-25.10371441502882,-0.002552279757290332,-15.117935719158327,-81.0,1.0,-0.024270786122957036,0.0,0,0.7259580015670508
23.1333333333333,351.45782995422616,115.18849617003333,2.69280628384011,85.0,-25.1185147826114,-0.002025550170186463,-16.470761431494996,-83.0,1.0,-0.194799138340441,0.0,0,0.7927080150693655
23.149999999999967,350.18144965846494,115.80314874266033,2.692204537741816,85.0,-25.121384310056964,-0.0014238040718921319,-15.882456858896997,-75.5,1.0,-0.010618649670931346,0.0,0,0.7298339914996177
23.166666666666632,348.90543945855643,116.41856926082154,2.6803121455164107,85.0,-25.126286447963906,-7.693409694109475e-05,-17.3294741153382,-78.0,1.0,-0.20686360646922564,0.0,0,0.7358330185525119
23.183333333333298,347.6368381396743,117.04912071643399,2.6973851358642293,85.0,-25.12639543793447,-0.017149924444759712,-13.597684469202921,-81.0,1.0,0.29263808611846476,0.0,0,0.7245409942697734
23.199999999999964,346.3576568307696,117.6579225096256,2.663346920128337,85.0,-25.150689973272605,0.016888291291132784,-18.558610681521753,-80.5,1.0,-0.5409152316622543,0.0,0,0.731917010853067
23.21666666666663,345.0999350056254,118.30990430001584,2.6782972216347196,85.0,-25.136311905430745,-0.008503077672918913,-15.13516640891305,-70.5,1.0,0.25795111100264745,0.0,0,0.7392080151475966
23.233333333333295,343.8326067742781,118.94301060899919,2.6783407794173884,85.0,-25.14835778697528,-0.00854663545558765,-14.481099845347831,-81.5,1.0,0.0007686666015882249,0.0,0,0.7595829956699163
23.24999999999996,342.565250967426,119.5760617153743,2.67039602847257,85.0,-25.161905771874643,-0.010942196198331365,-15.2886599072087,-82.0,1.0,-0.139293550039047,0.0,0,0.7131670136004686
23.266666666666627,341.3029645379887,120.21916156337846,2.6629683459672586,85.0,-25.177406907155184,-0.003514513693020138,-15.973195944325221,-80.5,1.0,-0.13033371335676155,0.0,0,0.7260830025188625
23.283333333333292,340.0454896264253,120.87161944802166,2.654681404634723,85.0,-25.182385791303915,0.004772427639515353,-16.783917566595132,-76.5,1.0,-0.14521081134739022,0.0,0,0.7699580164626241
23.299999999999958,338.79346471047893,121.53447543109327,2.655806981710338,85.0,-25.183633583630275,-0.006596411465767726,-15.87035053995708,-75.5,1.0,0.019860513191565718,0.0,0,0.731125008314848
23.316666666666624,337.54069449230104,122.19592174402501,2.6438858137282013,85.0,-25.19297843210326,0.005324756516368989,-17.322210323974247,-77.5,1.0,-0.2073499420850603,0.0,0,0.7064999954309314
23.33333333333329,336.29589831715856,122.87225518752395,2.6483046246890822,85.0,-25.18552569642883,-0.00924397846646796,-15.793326194384548,-72.5,1.0,0.07782153474896385,0.0,0,0.7235829834826291
23.349999999999955,335.0481257149656,123.54308152694493,2.641898093174849,85.0,-25.198621146084275,-0.0028374469522347567,-16.27599571663073,-79.5,1.0,-0.11257841248395545,0.0,0,0.7574590272270143
23.36666666666662,333.804676359939,124.22188793964915,2.6364658418238096,85.0,-25.202640857206077,0.002594804398804662,-16.56559742997844,-76.5,1.0,-0.0955712141570396,0.0,0,0.7425420044455677
23.383333333333287,332.56493278047816,124.90743903302594,2.627124954679745,85.0,-25.205544455116883,0.0018753895323406766,-17.539358457987063,-74.0,1.0,-0.1633700618275573,0.0,0,0.7040839991532266
23.399999999999952,331.33164684805746,125.60454035517193,2.6342136721707172,85.0,-25.20288765483678,-0.005213327958631719,-15.523615074792238,-75.0,1.0,0.12444854623679909,0.0,0,0.7490419957321137
23.416666666666618,330.0934503888141,126.29288182040685,2.6238661528203178,85.0,-25.210273169323195,0.0051341913917677395,-16.71416904487534,-76.5,1.0,-0.18061337225792023,0.0,0,0.7524170214310288
23.433333333333284,328.8624427160701,126.99399846839768,2.627062545906424,85.0,-25.21597311010749,-0.008036601185602787,-15.428501426925205,-78.0,1.0,0.05634722664524744,0.0,0,0.704332982422784
23.44999999999995,327.6292002912895,127.69117675704827,2.6106769659441103,85.0,-25.227358172565086,0.008348978776711036,-17.657100856155125,-74.5,1.0,-0.28147991401285166,0.0,0,0.7222080021165311
23.466666666666615,326.4075465771452,128.40846794419733,2.6057956244554776,85.0,-25.22079689989097,0.0033381008310517934,-17.794260513693075,-70.5,1.0,-0.08592919840771066,0.0,0,0.7372920226771384
23.48333333333328,325.1894087467722,129.13171387101522,2.611160846315768,85.0,-25.216067932496077,-0.002027121029238632,-16.076556308215846,-71.5,1.0,0.09439898095537337,0.0,0,0.7113330066204071
23.499999999999947,323.9674080925343,129.84841383996076,2.6019487154655656,85.0,-25.218939685320716,0.007185009820963817,-17.04593378492951,-73.0,1.0,-0.16115719476010942,0.0,0,0.7416660082526505
23.516666666666612,322.7520615299792,130.576340469045,2.601382399213205,85.0,-25.220369255246126,-0.0020624385191041483,-16.427560270957706,-71.0,1.0,-0.009993483522732105,0.0,0,0.7272920047398657
23.533333333333278,321.537127398972,131.3049552518749,2.6028958955075825,85.0,-25.223291041076806,-0.00357593481348184,-15.456536162574622,-77.0,1.0,0.026702409886360995,0.0,0,0.7472080178558826
23.549999999999944,320.32109190411893,132.0317304025934,2.6024690521488822,85.0,-25.232436986238614,-0.012888129249488678,-14.873921697544773,-79.0,1.0,-0.00753238740151712,0.0,0,0.7272500079125166
23.56666666666661,319.10536673918074,132.7590245437636,2.582419057250955,85.0,-25.25069466388709,0.007161865648438681,-17.724353018526863,-76.0,1.0,-0.34007693244090986,0.0,0,0.7545410189777613
23.583333333333275,317.9044671950334,133.5105461531077,2.579889678168263,85.0,-25.24054877428668,0.00969124473113059,-17.43461181111612,-69.5,1.0,-0.044606492797879885,0.0,0,0.7389590027742088
23.59999999999994,316.7054723734287,134.2651028853747,2.5834173863018477,85.0,-25.23720259694104,-0.003504505628431076,-16.06076708666967,-70.5,1.0,0.06217343765460584,0.0,0,0.7252499926835299
23.616666666666607,315.50382316199574,135.01542522750975,2.5786597779597065,85.0,-25.242167303085576,0.0012531027137101525,-16.2364602520018,-73.0,1.0,-0.08376135407390303,0.0,0,0.7402079936582595
23.633333333333272,314.30575727647175,135.77145603269435,2.582002765632084,85.0,-25.243418080521046,-0.011690666652452107,-14.941876151201082,-76.0,1.0,0.05892560422232436,0.0,0,0.7097499910742044
23.649999999999938,313.10517068851993,136.52347750132049,2.5621031875315112,85.0,-25.25997948102691,0.008208911448120748,-17.76512569072065,-74.5,1.0,-0.33771588746660525,0.0,0,0.712707987986505
23.666666666666604,311.91978572709206,137.29923966697768,2.5741988827759963,85.0,-25.248350320417313,-0.003886783796364313,-14.85907541443239,-70.0,1.0,0.21029746752003706,0.0,0,0.7194170029833913
23.68333333333327,310.7251043250479,138.06060737843794,2.565886673441164,85.0,-25.26316349136024,-0.0051118353451089504,-15.715445248659433,-79.0,1.0,-0.1456473528213112,0.0,0,0.7523749954998493
23.699999999999935,309.53679276964334,138.8318791150759,2.5659735674022355,85.0,-25.27040522656025,-0.005198729306180372,-15.029267149195661,-78.5,1.0,0.0015334216405464979,0.0,0,0.7892079884186387
23.7166666666666,308.34841419986884,139.60304759170418,2.563583054127249,85.0,-25.279883905707635,-0.012285701634536128,-14.817560289517397,-77.0,1.0,-0.04216053034900533,0.0,0,0.7349590014200658
23.733333333333267,307.16188251234416,140.37705469693276,2.548257613482891,85.0,-25.297288211852305,0.003039739009821574,-16.890536173710437,-76.0,1.0,-0.26413023487606974,0.0,0,0.7086249825078994
23.749999999999932,305.9873516975441,141.16915431789567,2.549585869787141,85.0,-25.292981921553412,0.0017114827055717539,-15.934321704226262,-73.0,1.0,0.023435525741024782,0.0,0,0.7317920099012554
23.766666666666598,304.8117698078298,141.95969316262136,2.5545410779760718,85.0,-25.298944108909893,-0.012665188502135829,-14.360593022535758,-78.0,1.0,0.08722298211128149,0.0,0,0.7765409827698022
23.783333333333264,303.6322850822305,142.74439707271893,2.5429209305491236,85.0,-25.31688597961201,-0.0010450410751876582,-15.816355813521454,-78.5,1.0,-0.2022575440665645,0.0,0,0.7694159867241979
23.79999999999993,302.461998157282,143.54275348293862,2.534301596723531,85.0,-25.31971784410277,-0.001794909129586575,-16.689813488112872,-73.5,1.0,-0.150948859773272,0.0,0,0.8134999952744693
23.816666666666595,301.29863591928466,144.35116720600763,2.529692035672008,85.0,-25.322260630670982,0.0028146519219367505,-16.81388809286772,-70.5,1.0,-0.08116648253062969,0.0,0,0.7613339985255152
23.83333333333326,300.13901246007157,145.16493491075332,2.5319712982287177,85.0,-25.318273212379808,0.0005353893652269015,-15.688332855720631,-72.5,1.0,0.040200610481622254,0.0,0,0.7340830052271485
23.849999999999927,298.97753722434766,145.97605741768095,2.542050028956249,85.0,-25.325148470903926,-0.01886405410313463,-13.21299971343238,-81.5,1.0,0.1760192829556395,0.0,0,0.7708339835517108
23.866666666666593,297.80794603299404,146.77543272975436,2.514168883189695,85.0,-25.351870962606498,0.009017091663419574,-17.327799828059426,-79.5,1.0,-0.4572434302266159,0.0,0,0.7364579942077398
23.88333333333326,296.66109402004463,147.60710267921644,2.5336608308897333,85.0,-25.339848536257882,-0.019750864208397,-13.196679896835656,-75.0,1.0,0.3312977751973636,0.0,0,0.7298749987967312
23.899999999999924,295.4982500247323,148.41626167904928,2.5110385414520766,85.0,-25.367827108079194,0.00287142522925965,-16.51800793810139,-81.5,1.0,-0.3798310848815815,0.0,0,0.7484579982701689
23.91666666666659,294.3540070377052,149.25151758659126,2.5094083028110985,85.0,-25.363759261261034,0.00450166387023776,-16.110804762860834,-74.0,1.0,-0.028760984262282366,0.0,0,0.9549999958835542
23.933333333333255,293.2111272370449,150.0886377725187,2.5102798336101624,85.0,-25.36443900505915,-0.005604969896439993,-15.2664828577165,-74.0,1.0,0.015378742775963627,0.0,0,0.7426250085700303
23.94999999999992,292.06751829449865,150.92476158570236,2.5072515268268183,85.0,-25.372379337503787,-0.0025766631130959,-15.1598897146299,-77.0,1.0,-0.053389921001088234,0.0,0,0.7335829723160714
23.966666666666587,290.9264466313076,151.7643447584178,2.5084330117809226,85.0,-25.37635703114004,-0.012956162417737005,-14.29593382877794,-80.5,1.0,0.020846714066013537,0.0,0,0.7104160031303763
23.983333333333253,289.7843838098758,152.60257918645544,2.4895526696962693,85.0,-25.3947110810634,0.005924179666916274,-16.977560297266763,-78.0,1.0,-0.321614804893725,0.0,0,0.7913750014267862
23.99999999999992,288.6583497489466,153.46222547305925,2.4899440036618996,85.0,-25.38631854229275,0.005532845701285982,-16.186536178360058,-72.0,1.0,0.006905783730431478,0.0,0,0.7486660033464432
24.016666666666584,287.5319793654573,154.3214310384757,2.496519195305635,85.0,-25.385158290601424,-0.010207108112234575,-14.311921707016033,-75.5,1.0,0.11551622023825911,0.0,0,0.7477500184904784
24.03333333333325,286.3999839296005,155.1732119831111,2.4847919527313165,85.0,-25.399618109341198,0.0015201344620838775,-15.78715302420962,-79.5,1.0,-0.20407051785704464,0.0,0,0.7495000027120113
24.049999999999915,285.27805514630643,156.0382092372458,2.491678001403805,85.0,-25.397560330874022,-0.014501283309310331,-13.872291814525772,-81.0,1.0,0.12092560595243976,0.0,0,0.7422920025419444
24.06666666666658,284.1501965964091,156.89546038823244,2.4766895828697066,85.0,-25.418103095564412,0.00048713522478793797,-15.923375088715463,-81.0,1.0,-0.25857988642853613,0.0,0,0.7518749916926026
24.083333333333247,283.0353130903262,157.7695194321813,2.4637028910778627,85.0,-25.417412987356606,0.013473827016631912,-17.554025053229278,-72.5,1.0,-0.22528651519045506,0.0,0,0.7336249982472509
24.099999999999913,281.93187441413966,158.65798301181758,2.470805357227143,85.0,-25.4048341809724,-0.002738499963899077,-15.532415031937566,-69.5,1.0,0.12468742421906052,0.0,0,0.7375830027740449
24.11666666666658,280.8221533398865,159.53858711230927,2.4604597161592774,85.0,-25.408713717738905,0.0076071411039664305,-16.71944901916254,-74.5,1.0,-0.18058129546856394,0.0,0,0.7553329924121499
24.133333333333244,279.7216019045264,160.43062465780346,2.457013243588525,85.0,-25.39800994920281,0.0019653474000973503,-16.631669411497523,-72.0,1.0,-0.06074527728113817,0.0,0,0.7248749898280948
24.14999999999991,278.6241313822764,161.32644991824031,2.4622501508191963,85.0,-25.39522570884506,-0.0032715598305741445,-14.979001646898514,-72.5,1.0,0.0921542502979837,0.0,0,0.7191249751485884
24.166666666666575,277.52198457682454,162.21651556956988,2.450756811318108,85.0,-25.399860410337432,0.008221779670514184,-16.387400988139106,-77.5,1.0,-0.2001091164878764,0.0,0,0.7397080189548433
24.18333333333324,276.4301401671227,163.1191895026417,2.4532818820182363,85.0,-25.394786089604096,-0.0033739087758162256,-15.232440592883464,-76.0,1.0,0.04453061344060753,0.0,0,0.7610839966218919
24.199999999999907,275.3360199251312,164.01910357660034,2.461285533323519,85.0,-25.39956578463508,-0.011377560081098803,-13.139464355730079,-82.5,1.0,0.14031278473103087,0.0,0,0.7767920033074915
24.216666666666573,274.23473220521237,164.9102319637592,2.4447161222856293,85.0,-25.4159656744742,-0.0038651002114344912,-15.483678613438048,-82.0,1.0,-0.2844710791613813,0.0,0,0.7073330052662641
24.23333333333324,273.1483604554753,165.81948488006893,2.4421164799816286,85.0,-25.42144121947387,-0.0012654579074338201,-15.290207168062828,-76.0,1.0,-0.04584389749682874,0.0,0,0.7773750112392008
24.249999999999904,272.06435610634634,166.73155889872854,2.4324084756573305,85.0,-25.423233951030927,0.00844254641686426,-16.374124300837696,-75.5,1.0,-0.16967058849809719,0.0,0,0.7931670115794986
24.26666666666657,270.9892571174363,167.65411329196996,2.446217629747412,85.0,-25.41816050056896,-0.014413913938519762,-13.224474580502617,-81.0,1.0,0.23903198023447503,0.0,0,0.7551249873358756
24.283333333333236,269.90152134279947,168.56173398863774,2.418353587897049,85.0,-25.43857950491958,0.01345012791184308,-17.33468474830157,-81.0,1.0,-0.4570003951926484,0.0,0,0.7137499924283475
24.2999999999999,268.83949451115586,169.4993071608827,2.423889183417987,85.0,-25.420263380509805,-0.0011271943734936232,-15.600810848980942,-70.0,1.0,0.09737801288441097,0.0,0,0.7423330098390579
24.316666666666567,267.77229395187135,170.4309870472746,2.447000626830039,85.0,-25.421860238867417,-0.02423863778554569,-10.960486509388565,-84.5,1.0,0.38725439106397985,0.0,0,0.7238750113174319
24.333333333333233,266.68384784638647,171.33775577186717,2.405307641303539,85.0,-25.456194946826834,0.017454347740954557,-16.97629190563314,-87.5,1.0,-0.6343241153616123,0.0,0,0.6884159811306745
24.3499999999999,265.63414257277856,172.28910391161634,2.4264902600342526,85.0,-25.438934384499426,-0.012768531587555199,-12.585775143379884,-77.0,1.0,0.3577277807830328,0.0,0,0.7430829864460975
24.366666666666564,264.56452225558405,173.21800477903395,2.3984116597750633,85.0,-25.457022646067973,0.015310068671634092,-16.75146508602793,-81.0,1.0,-0.46004491486351357,0.0,0,0.7420830079354346
24.38333333333323,263.5214023682163,174.17656898920578,2.4050025444131995,85.0,-25.436794030600407,-0.0003237760765046893,-14.85087905161676,-71.5,1.0,0.11578946774855839,0.0,0,0.7219590188469738
24.399999999999896,262.4719873968184,175.12823734648703,2.4251298770978953,85.0,-25.437252713367428,-0.020451108761200487,-10.710527430970057,-86.5,1.0,0.3412893473158017,0.0,0,0.7479589839931577
24.41666666666656,261.4036317298656,176.0585924471525,2.3922192146811065,85.0,-25.46622309788041,0.012459553655588262,-15.626316458582036,-88.5,1.0,-0.5261645582771857,0.0,0,0.7170829921960831
24.433333333333227,260.3664676606719,177.0235976999973,2.3910069684364155,85.0,-25.4569141518531,0.004621917630836858,-15.175789875149222,-73.0,1.0,-0.021389318299644716,0.0,0,0.7500829815398902
24.449999999999893,259.330474177263,177.9898595417249,2.3833230223413944,85.0,-25.450366458521586,0.012305863725857957,-15.905473925089535,-77.0,1.0,-0.13477700764645362,0.0,0,0.7382500043604523
24.46666666666656,258.30193590864246,178.96405329782658,2.3961399880638186,85.0,-25.4354176892369,-0.009572190881652176,-12.94328435505372,-75.0,1.0,0.22243896207879485,0.0,0,0.7542500097770244
24.483333333333224,257.26099625410643,179.92498465856931,2.3741946453403884,85.0,-25.448978085900997,0.012373151841778007,-16.165970613032233,-81.5,1.0,-0.3694849560860567,0.0,0,0.738417002139613
24.49999999999989,256.2413935222056,180.90852658118615,2.388731002275176,85.0,-25.43144990137905,-0.0021632050930096014,-12.899582367819338,-78.5,1.0,0.25110935968169956,0.0,0,0.7293329981621355
24.516666666666556,255.2076018993861,181.87714380436188,2.371633338425301,85.0,-25.444063395482544,0.005857811927671985,-15.339749420691604,-84.0,1.0,-0.2930372175243139,0.0,0,0.7288340129889548
24.53333333333322,254.19052166190315,182.86329401349133,2.375377232377498,85.0,-25.435764876044367,0.0021139179754752213,-14.003849652414962,-82.0,1.0,0.06597283615207856,0.0,0,0.9359999967273325
24.549999999999887,253.1697565193086,183.8456294796679,2.364148263257014,85.0,-25.4366133944779,0.0042462588296618975,-15.402309791448976,-82.0,1.0,-0.19562404830875288,0.0,0,0.7820420141797513
24.566666666666553,252.16008611285662,184.83936491467037,2.3702443574099914,85.0,-25.43059787921326,-0.0018498353233153964,-13.641385874869385,-84.0,1.0,0.1071659876814149,0.0,0,0.8985419990494847
24.58333333333322,251.1443765999621,185.8269268772125,2.3605513926358586,85.0,-25.433218477760043,0.007843129450817443,-14.784831524921632,-84.5,1.0,-0.16941274072448445,0.0,0,0.719542003935203
24.599999999999884,250.13828705488177,186.82428752999786,2.3780735616877307,85.0,-25.43322654022542,-0.018800150490301704,-11.07089891495298,-93.0,1.0,0.2998891055653092,0.0,0,0.7516669866163284
24.61666666666655,249.11487692616362,187.80386710965516,2.3581538038864656,85.0,-25.459858517862507,0.0011196073109633886,-14.04253934897179,-100.5,1.0,-0.33803286999414783,0.0,0,0.7522910018451512
24.633333333333216,248.11118153118966,188.80363708247518,2.349282682126832,85.0,-25.463838628686922,0.0008405509079127961,-15.025523609383075,-88.5,1.0,-0.1552888053298221,0.0,0,0.7110000005923212
24.64999999999988,247.11639459459815,189.8122715034778,2.3614114913382447,85.0,-25.462647848374267,-0.011288258303499887,-12.215314165629845,-93.5,1.0,0.21085630013544035,0.0,0,0.7661659910809249
24.666666666666547,246.1094475931576,190.80876645114904,2.337772508796631,85.0,-25.47870832713376,0.003166804663905509,-15.729188499377907,-95.5,1.0,-0.3952101365854025,0.0,0,0.8229169761762023
24.683333333333213,245.12633585322695,191.82878397612347,2.337865876737219,85.0,-25.474222028025146,0.003073436723317169,-15.037513099626743,-85.5,1.0,0.0016476680487585715,0.0,0,0.7317079871427268
24.69999999999988,244.14312888064595,192.84870970553348,2.339893156128422,85.0,-25.46986799952181,0.001046157332114106,-14.022507859776045,-90.0,1.0,0.03576026749592169,0.0,0,0.7367500220425427
24.716666666666544,243.1578562554911,193.86664010519985,2.321614620530703,85.0,-25.476075071542567,0.01010226203590392,-16.613504715865627,-89.0,1.0,-0.3120255895024471,0.0,0,0.7407920202240348
24.73333333333321,242.19135345893076,194.90240879978637,2.3245810290436686,85.0,-25.46176377708612,0.00713585352293844,-15.368102829519376,-84.5,1.0,0.05230064629853183,0.0,0,0.7599579985253513
24.749999999999876,241.22178240620943,195.93530589929304,2.316155378191108,85.0,-25.454007415183717,0.006295689933156989,-16.220861697711626,-86.5,1.0,-0.14760652888754758,0.0,0,0.7297919946722686
24.76666666666654,240.26094849633705,196.97633550602083,2.3105811276636303,85.0,-25.44508858002942,0.01186994046063461,-16.532517018626976,-84.0,1.0,-0.09805366733252853,0.0,0,0.713415996870026
24.783333333333207,239.30593244385346,198.0227048404067,2.332003000854538,85.0,-25.42827322591793,-0.009551932730273105,-12.119510211176184,-94.0,1.0,0.3614271329338164,0.0,0,0.7186669972725213
24.799999999999873,238.32872203296898,199.04837742817702,2.31797722634644,85.0,-25.452066197239304,-0.0048403375890311295,-14.07170612670571,-107.0,1.0,-0.24263722023971035,0.0,0,0.7303750026039779
24.81666666666654,237.36599312084334,200.08765481473068,2.299804760355038,85.0,-25.458923315381284,0.01333212840237108,-16.643023676023425,-94.5,1.0,-0.31032924881049284,0.0,0,0.7262910075951368
24.833333333333204,236.42230836291503,201.14425479679497,2.3072883555093124,85.0,-25.44513328070316,-0.0035191086788550763,-14.585814205614057,-94.0,1.0,0.13130361738037083,0.0,0,0.7582920079585165
24.84999999999987,235.47074293731646,202.19376310321746,2.303985541903884,85.0,-25.450118674374895,-0.0002162950734265756,-14.551488523368434,-99.5,1.0,-0.05821907957177749,0.0,0,0.7315830152947456
24.866666666666536,234.5226490258372,203.24640852284384,2.280630368992246,85.0,-25.45042509239319,0.023138877838211336,-17.93089311402106,-95.0,1.0,-0.3909365310763997,0.0,0,0.7475830207113177
24.8833333333332,233.59939615903906,204.32090774964368,2.2862405001598356,85.0,-25.430981026278722,0.008102420882636796,-16.158535868412635,-88.5,1.0,0.09868074802082685,0.0,0,0.8894169877748936
24.899999999999867,232.67012977125447,205.39021052480993,2.28165175001762,85.0,-25.419502722286243,0.012691171024852288,-16.29512152104758,-95.5,1.0,-0.08080163452083712,0.0,0,0.7342500030063093
24.916666666666533,231.7457799131026,206.4637661983449,2.282870645432102,85.0,-25.4098785783399,0.00198191328702535,-15.377072912628549,-96.5,1.0,0.021506602620830803,0.0,0,0.7150830060709268
24.9333333333332,230.82012218984312,207.5361943888614,2.267531117738027,85.0,-25.407070869688063,0.017321440981100444,-17.426243747577132,-96.5,1.0,-0.2643618717608351,0.0,0,0.7665410230401903
24.949999999999864,229.9110232653905,208.62269500552182,2.2632653879926545,85.0,-25.385959145817424,0.012027279801982706,-17.455746248546276,-89.0,1.0,-0.07513587305650035,0.0,0,0.7998330111149698
24.96666666666653,229.00656731605497,209.7130636955327,2.2645914727971848,85.0,-25.368920910217184,0.010701194997452479,-16.473447749127764,-93.0,1.0,0.02339722616609942,0.0,0,0.7456660096067935
24.983333333333196,228.10066624103524,210.80223204189727,2.2550254139372625,85.0,-25.353761173312336,0.020267253857374712,-17.484068649476658,-95.5,1.0,-0.16723608096700693,0.0,0,0.7081249787006527
24.99999999999986,227.205225504572,211.90001632486303,2.2530912638378013,85.0,-25.337243893420002,0.012566344638454297,-17.090441189685993,-96.5,1.0,-0.03411881524687084,0.0,0,0.7156670035328716
25.016666666666527,226.31190972125802,212.99953047016837,2.244787490062133,85.0,-25.319442040381553,0.02087011841412245,-17.854264713811595,-94.0,1.0,-0.14550162248145587,0.0,0,0.7360419840551913
25.033333333333193,225.42775474781814,214.10642451540755,2.2491261989819957,85.0,-25.297349169799745,0.006815385602913171,-16.312558828286956,-96.5,1.0,0.07641635984445995,0.0,0,0.7440829940605909
25.04999999999986,224.53880562020638,215.2094720633232,2.2357721957179137,85.0,-25.28769411494139,0.020169388866995153,-17.987535296972176,-101.0,1.0,-0.23143626742665785,0.0,0,0.7287079934030771
25.066666666666524,223.66466541705793,216.32429193652428,2.2326296035063127,85.0,-25.261923306730637,0.013509031060471077,-17.792521178183307,-94.5,1.0,-0.0554007604559945,0.0,0,0.7374169945251197
25.08333333333319,222.79403294884463,217.44185336648562,2.225751776707375,85.0,-25.242786094811507,0.020386857859408636,-18.275512706909986,-95.0,1.0,-0.12078262294026351,0.0,0,0.7160420063883066
25.099999999999856,221.93110740632002,218.56537637581965,2.2187311668604894,85.0,-25.213906713434888,0.02740746770629432,-18.76530762414599,-94.0,1.0,-0.12326499043082441,0.0,0,0.751083018258214
25.11666666666652,221.0760908819661,219.69492991041915,2.224903354210775,85.0,-25.187277298530113,0.011339267961180788,-16.859184574487593,-95.0,1.0,0.1084932557415053,0.0,0,0.7345419726334512
25.133333333333187,220.21411887209953,220.81918464074099,2.205543888305938,85.0,-25.171213679830927,0.0306987338660174,-19.515510744692556,-97.0,1.0,-0.32920571322176345,0.0,0,0.7381250034086406
25.149999999999853,219.37407199756794,221.95991497391975,2.2121136970449586,85.0,-25.13548721377637,0.01413352975348614,-17.509306446815536,-95.5,1.0,0.11542248873360819,0.0,0,0.7467499817721546
25.16666666666652,218.5265489259859,223.09510178126936,2.1929692072513087,85.0,-25.11546537989024,0.03327801954713605,-20.105583868089322,-94.5,1.0,-0.3258045900931681,0.0,0,0.7229999755509198
25.183333333333184,217.70091240786385,224.24630497114842,2.2124554392851326,85.0,-25.071702762095306,0.003690494216895601,-15.863350320853593,-95.5,1.0,0.33120757927743233,0.0,0,0.720290991012007
25.19999999999985,216.85300144449695,225.3812020777826,2.184250068160248,85.0,-25.066474573822504,0.031895865341780016,-19.918010192512156,-100.5,1.0,-0.46183945243354063,0.0,0,0.8132089860737324
25.216666666666516,216.03743368357243,226.53956025718352,2.187175505734078,85.0,-25.021296425800685,0.028970427767950113,-18.550806115507292,-91.0,1.0,0.051579578539875895,0.0,0,0.7786659989506006
25.23333333333318,215.21848071282687,227.6955275906975,2.1873669404660205,85.0,-24.993768974090386,0.018565082209420325,-17.730483669304377,-98.0,1.0,0.003378247123925135,0.0,0,0.739416980650276
25.249999999999847,214.39930646479223,228.8513381269885,2.1662282969343556,85.0,-24.967469951734614,0.039703725741085265,-20.638290201582628,-94.0,1.0,-0.3570467183923115,0.0,0,0.890374998562038
25.266666666666513,213.6047456781707,230.02420538324893,2.177358478638136,85.0,-24.920633833872166,0.018240080765816295,-17.782974120949575,-88.0,1.0,0.19394605229794668,0.0,0,0.7298749987967312
25.28333333333318,212.7971801503616,231.18815656896888,2.162422666833254,85.0,-24.894795152266777,0.03317589257069864,-19.669784472569745,-97.5,1.0,-0.25771203528789877,0.0,0,0.7244160224217921
25.299999999999844,212.00708860563478,232.36403912917444,2.1637426879849064,85.0,-24.853153001873707,0.021395694523720366,-18.601870683541847,-92.5,1.0,0.02329027882726059,0.0,0,0.7309170032385737
25.31666666666651,211.2154455598571,233.53887772767055,2.1551284045547967,85.0,-24.822844747152573,0.03000997795383009,-19.36112241012511,-93.5,1.0,-0.15086174937031022,0.0,0,0.7845000072848052
25.333333333333176,210.43395215368892,234.72049208970247,2.155830778541916,85.0,-24.779741824880464,0.017396786860770508,-18.416673446075066,-95.0,1.0,0.012394200377813719,0.0,0,0.7670839841011912
25.34999999999984,209.65162900516503,235.9015572596775,2.1468367217304105,85.0,-24.755097619958953,0.026390843672276176,-19.25000406764504,-96.0,1.0,-0.1574056464399784,0.0,0,0.7336249982472509
25.366666666666507,208.87995992270584,237.08961082396704,2.1439988299564257,85.0,-24.71771493113737,0.029228735446261034,-18.950002440587024,-93.0,1.0,-0.05003863786398684,0.0,0,0.8110830094665289
25.383333333333173,208.1116655105247,238.2798495145899,2.1405593964112466,85.0,-24.690459638987797,0.018160929938297876,-18.770001464352212,-93.5,1.0,-0.06062151605172539,0.0,0,0.7758749998174608
25.39999999999984,207.34746938149445,239.4727236574984,2.138973780400732,85.0,-24.664733069149825,0.019746545948812422,-18.262000878611325,-96.5,1.0,-0.027974159631035028,0.0,0,0.7447910029441118
25.416666666666504,206.58516565267357,240.66680802196777,2.1238755854955937,85.0,-24.646613661250193,0.019300842154657882,-20.157200527166793,-92.0,1.0,-0.2603895791119547,0.0,0,0.7994589977897704
25.43333333333317,205.84097664138775,241.87226526298707,2.130616945571949,85.0,-24.619272499137935,0.012559482078302597,-18.094320316300077,-95.0,1.0,0.11840866919949385,0.0,0,0.7416249718517065
25.449999999999836,205.0886781804545,243.07267830445318,2.1186681981719317,85.0,-24.603652251370825,0.00929050563625955,-19.456592189780046,-98.0,1.0,-0.20781596514697043,0.0,0,0.732250016881153
25.4666666666665,204.35077651357506,244.28199446429764,2.115133067753965,85.0,-24.590490891055204,0.012825636054226484,-19.27395531386803,-94.0,1.0,-0.062303912421515714,0.0,0,0.9083749901037663
25.483333333333167,203.61715453896085,245.49391164084378,2.116762715720569,85.0,-24.57232173811629,0.011195988087622233,-18.164373188320816,-97.5,1.0,0.028750569213757488,0.0,0,0.7076670008245856
25.499999999999833,202.88155854101734,246.70463166308423,2.099055261063362,85.0,-24.572422153387894,0.014009752306102909,-20.498623912992493,-95.0,1.0,-0.302870741805079,0.0,0,0.7136249914765358
25.5166666666665,202.1675155141215,247.9281867293505,2.092044310162687,85.0,-24.55257565352499,0.021020703206777736,-20.899174347795494,-88.5,1.0,-0.12309711174971405,0.0,0,0.7558749930467457
25.533333333333164,201.46206825020533,249.15671780436554,2.0936038341375593,85.0,-24.531348985544774,0.004888887134507858,-19.739504608677297,-88.0,1.0,0.02751406628350503,0.0,0,0.7000000041443855
25.54999999999983,200.7547059212647,250.3841472239413,2.0850468770237356,85.0,-24.52442308969386,0.013445844248331618,-20.44370276520638,-90.0,1.0,-0.149872810229897,0.0,0,0.7331249944400042
25.566666666666496,200.05787242196578,251.61758450191667,2.0890167503652948,85.0,-24.506869693825784,-0.004778000628718804,-18.866221659123827,-91.0,1.0,0.06994231386206166,0.0,0,0.7244580192491412
25.58333333333316,199.3561478367641,252.84824572701802,2.076364476303103,85.0,-24.513638502295212,0.007874273433472911,-20.319732995474297,-92.5,1.0,-0.21967236168276305,0.0,0,0.7262089930009097
25.599999999999827,198.67004966453828,254.08768662617894,2.070109053341662,85.0,-24.502483396875817,0.014129696394913792,-20.591839797284578,-87.5,1.0,-0.10994466700965774,0.0,0,0.7268750050570816
25.616666666666493,197.99171809238365,255.3313950818319,2.07437497267048,85.0,-24.496989568590557,-0.004075345661402441,-18.955103878370746,-90.0,1.0,0.07513919979420543,0.0,0,0.7442499918397516
25.63333333333316,197.30808714853302,256.5721985219683,2.060743844830825,85.0,-24.502762958963018,0.009555782178252592,-20.57306232702245,-91.0,1.0,-0.23606431345680995,0.0,0,0.7525410037487745
25.649999999999824,196.64143274217068,257.82220506072,2.0504884148205,85.0,-24.496916077993077,0.006183118936829768,-21.54383739621347,-84.5,1.0,-0.17904025474075297,0.0,0,0.7086659898050129
25.66666666666649,195.98763252266625,259.0789825738147,2.062339886788722,85.0,-24.488156715312606,-0.00566835303139257,-18.52630243772808,-87.5,1.0,0.20617184715554843,0.0,0,0.8859579975251108
25.683333333333156,195.31898390336826,260.3279235125125,2.039198635574806,85.0,-24.497365368619974,0.004151711404702052,-21.715781462636848,-90.5,1.0,-0.3877053083733377,0.0,0,0.7463749789167196
25.69999999999982,194.67941378909174,261.59200203593133,2.0549253055465484,85.0,-24.49148379435983,-0.011574958567040383,-18.029468877582108,-84.0,1.0,0.2707163149759976,0.0,0,0.7333329995162785
25.716666666666487,194.02004383873495,262.8458663479727,2.0344497858563564,85.0,-24.50788128616902,0.008900561123151629,-20.817681326549263,-89.5,1.0,-0.3467348776810682,0.0,0,0.7549579895567149
25.733333333333153,193.38648383247866,264.1129678288798,2.047094318998641,85.0,-24.50869216853334,-0.01676263766354502,-17.690608795929556,-86.5,1.0,0.21954224005802586,0.0,0,0.7285409956239164
25.74999999999982,192.73695299393904,265.37195715934706,2.034291879903817,85.0,-24.532438126473195,-0.003960198568721207,-19.214365277557732,-95.5,1.0,-0.22219507263185118,0.0,0,0.7588750158902258
25.766666666666485,192.1035930784469,266.6391586673529,2.020034100735028,85.0,-24.545143039739408,-0.002423172882040081,-20.928619166534638,-87.0,1.0,-0.24649137691244416,0.0,0,0.7421659829560667
25.78333333333315,191.48836440504792,267.91526137633525,2.0216454457864375,85.0,-24.548575864629512,-0.004034517933449333,-19.757171499920783,-83.5,1.0,0.028427840519200193,0.0,0,0.7373749976977706
25.799999999999816,190.87108028945335,269.1903710834111,2.0131173846394192,85.0,-24.555360550611027,-0.007934094629814314,-20.45430289995247,-85.0,1.0,-0.14937421235514667,0.0,0,0.8899160020519048
25.81666666666648,190.26469270233082,270.4706985956626,2.008242912813954,85.0,-24.566600400077917,-0.003059622804348905,-20.47258173997148,-84.0,1.0,-0.08580886074642113,0.3866568773771123,0,0.8807920094113797
25.833333333333147,189.66455321489408,271.7539667048524,2.0067310946760393,85.0,-24.570934858954725,-0.0015478046664343381,-19.88354904398289,-83.5,1.0,-0.026672816447852882,0.0,0,0.7265830063261092
25.849999999999813,189.0663544805591,273.0381406489443,2.002931899282227,85.0,-24.585658874316806,-0.009888082079974938,-19.730129426389734,-83.5,1.0,-0.06694443986871167,0.0,0,0.7213340140879154
25.86666666666648,188.4730388793815,274.32457799364624,1.986215341578496,85.0,-24.599666762325896,0.006828475623756213,-21.838077655833843,-79.0,1.0,-0.2868615805878938,0.3649512088306963,0,0.7301250007003546
25.883333333333145,187.90130997786537,275.62075333194565,1.9841140132352557,85.0,-24.596669421300156,-0.0029265775652744797,-21.302846593500306,-73.5,1.0,-0.037065281686069707,0.3767781099936577,0,0.7156249776016921
25.89999999999981,187.33230602657807,276.9181271978239,1.9909215381202607,85.0,-24.60081540026601,-0.009734102450279503,-19.181707956100183,-78.0,1.0,0.1195598309883585,0.36910461094440755,0,0.7135420164559036
25.916666666666476,186.75448342308079,278.21159752347194,1.9754081014820863,85.0,-24.615708628398757,-0.005799124546383093,-21.10902477366011,-81.5,1.0,-0.26721910140698507,0.3717194442882052,0,0.7257499964907765
25.93333333333314,186.1967957145968,279.51387585940876,1.9762700937893143,85.0,-24.62392400879227,-0.006661116853611038,-20.065414864196065,-76.0,1.0,0.015210455822475974,0.3813548802094501,0,0.717791001079604
25.949999999999807,185.63798565953388,280.81567298907413,1.9783629147553168,85.0,-24.633360521217448,-0.008753937819613533,-18.83924891851764,-81.0,1.0,0.03691535682681846,0.3570283948767019,0,0.7417090237140656
25.966666666666473,185.07645240189885,282.11629777932467,1.9735737179875619,85.0,-24.65758149396574,-0.01527051412686875,-18.903549351110584,-84.0,1.0,-0.0843148692372422,0.3765623221400114,0,0.7320420118048787
25.98333333333314,184.52115450825875,283.4195969367568,1.9632880679345255,85.0,-24.67921388155156,-0.004984864073832363,-19.94212961066635,-82.0,1.0,-0.17955658820901166,0.3730103022755576,0,0.7367090147454292
25.999999999999805,183.97929103079946,284.7285386528925,1.958490876296115,85.0,-24.692679828725645,-0.01122604188064602,-19.965277766399808,-79.0,1.0,-0.08445495292540706,0.3833795263525541,0,0.7226249726954848
26.01666666666647,183.44371300846495,286.0400647206612,1.9469657518835248,85.0,-24.70858305402026,0.00029908253194421697,-21.179166659839886,-77.0,1.0,-0.20064780508857782,0.3787624208570252,0,0.7268750050570816
26.033333333333136,182.92328572222286,287.35767615207,1.951288347028349,85.0,-24.709414712619775,-0.014799783747256434,-19.507499995903935,-74.0,1.0,0.07613365028018645,0.3739902163181043,0,0.7113329775165766
26.0499999999998,182.39716781498095,288.67302568437077,1.9456141164565417,85.0,-24.730380307547208,-0.009125553175449053,-19.70449999754236,-74.5,1.0,-0.09980080983188777,0.39555208739758096,0,0.7407499942928553
26.066666666666467,181.87852193387528,289.9913393399386,1.943666023956841,85.0,-24.743307995116936,-0.007177460675748427,-19.222699998525414,-75.0,1.0,-0.03436456923246595,0.3737651423718207,0,0.707957980921492
26.083333333333133,181.3624452322368,291.31066086347647,1.9340346583217471,85.0,-24.764741782772546,-0.008065576920767814,-20.133619999115247,-76.5,1.0,-0.1683564082061464,0.39638477871777483,0,0.6974159914534539
26.0999999999998,180.85909913840686,292.63489164180424,1.9340485693319065,85.0,-24.7761678928579,-0.008079487930927165,-19.280171999469147,-71.5,1.0,0.0002454884096457499,0.37067927389500915,0,0.7352499815169722
26.116666666666465,180.35573462323782,293.95911541795124,1.9301410898134002,85.0,-24.793883263814603,-0.014439996206122796,-19.16810319968149,-74.0,1.0,-0.0688465402875463,0.38678698752228163,0,0.7225000008475035
26.13333333333313,179.85754831496413,295.28529596625265,1.9260081726075329,85.0,-24.814339214199045,-0.010307079000255515,-19.100861919808892,-75.0,1.0,-0.07280492417252736,0.3736981780067349,0,0.7549160218331963
26.149999999999796,179.3648472402484,296.6135241452258,1.9103139884808307,85.0,-24.830464744206292,-0.0046346540329904595,-21.060517151885335,-72.5,1.0,-0.2701839545035168,0.39742461897116715,0,0.7135409978218377
26.166666666666462,178.89305144413316,297.94932097529113,1.918871717437634,85.0,-24.837030480580946,-0.01319238298979375,-18.636310291131203,-68.0,1.0,0.14988612729789005,0.390308457491977,0,0.7714590174145997
26.183333333333128,178.4098416761457,299.28103144103284,1.902172760313765,85.0,-24.855719147712733,0.0035065741340751795,-20.78178617467872,-69.5,1.0,-0.2865758236212661,0.3931427944484064,0,0.7452080026268959
26.199999999999793,177.94893642180824,300.62062495810005,1.9090368906368957,85.0,-24.86163290847166,-0.01313830829752316,-18.669071704807234,-68.5,1.0,0.12054442249390708,0.39685058459232814,0,0.7432089769281447
26.21666666666646,177.47884695322534,301.95702322806744,1.9016609025125537,85.0,-24.88024497642824,-0.0057623201731811236,-19.20144302288434,-70.5,1.0,-0.12943676317032246,0.39091773761861576,0,0.7267500041052699
26.233333333333125,177.01862744062834,303.29685248758875,1.900914083775371,85.0,-24.894696202694593,-0.014560411604654933,-18.5208658137306,-69.5,1.0,-0.013178391235526513,0.3944491632929964,0,0.7380830065812916
26.24999999999979,176.55940866587494,304.63702507399637,1.8909722321336,85.0,-24.915322723626893,-0.00461855996288385,-19.51251948823836,-69.5,1.0,-0.17367686807464933,0.3853440670489634,0,0.784707983257249
26.266666666666456,176.1135361631628,305.98169683906383,1.89527418444798,85.0,-24.923800334621472,-0.018234677970449864,-17.907511692943018,-68.0,1.0,0.07577146248854333,0.3868113045960605,0,0.709834013832733
26.283333333333122,175.66188309031043,307.32443804504044,1.8874727236438587,85.0,-24.949631363539567,-0.01043321716632861,-18.54450701576581,-71.0,1.0,-0.13681278917354026,0.3832808270843502,0,0.8453750051558018
26.299999999999788,175.22071899845062,308.6706619077386,1.883193855111924,85.0,-24.964411486380765,-0.0061543486343940135,-18.526704209459485,-68.0,1.0,-0.07536642350412429,0.39344478517492665,0,1.012416003504768
26.316666666666453,174.7853192425044,310.01876112403033,1.881096144847139,85.0,-24.983818516884675,-0.013145079541391656,-18.11602252567569,-67.5,1.0,-0.0370015207691409,0.3749379679970004,0,0.7872080022934824
26.33333333333312,174.35274836401183,311.3677707161106,1.8837054989484856,85.0,-25.002440176608395,-0.015754433642738208,-16.869613515405412,-71.5,1.0,0.046014920871848455,0.38272779572509624,0,0.7546250126324594
26.349999999999785,173.91665891842996,312.7156469863582,1.8782814300527153,85.0,-25.031239065028515,-0.019198015175849736,-17.12176810924325,-69.0,1.0,-0.09542813081022443,0.3974710958949061,0,0.7489580020774156
26.36666666666645,173.4878868257263,314.06586879664087,1.866585098341828,85.0,-25.058434582575316,-0.007501683464962383,-18.47306086554595,-67.5,1.0,-0.2035473784861345,0.39083812113503796,0,0.7217079983092844
26.383333333333116,173.07493634369015,315.42101319626425,1.8588061857360696,85.0,-25.071563791738768,-0.008374470572920734,-19.08383651932757,-63.0,1.0,-0.13642226042501393,0.40934591703940243,0,0.7868749962653965
26.399999999999782,172.67253979925275,316.77932886851033,1.862244408463379,85.0,-25.083427486378973,-0.011812693300230048,-17.650301911596543,-62.0,1.0,0.060600227078324756,0.3785737071952655,0,0.7700840069446713
26.416666666666448,172.26547545063949,318.1362529859659,1.8504953431532098,85.0,-25.10016174603231,-6.362799006098818e-05,-18.990181146957926,-64.5,1.0,-0.20443978041967192,0.40899252262888625,0,0.7417500019073486
26.433333333333113,171.87438142068558,319.4978659648181,1.8493212287557654,85.0,-25.110956496295657,-0.007330002280307779,-18.394108688174754,-59.5,1.0,-0.020716701585135944,0.3866034276429191,0,0.7457500032614917
26.44999999999978,171.48488634933685,320.85993719417417,1.8502713049091293,85.0,-25.121340573204606,-0.008280078433671623,-17.436465212904853,-61.5,1.0,0.01676447904891802,0.39442797606676805,0,0.7089579885359854
26.466666666666445,171.09409738257642,322.2216377588736,1.8448717287543173,85.0,-25.139946014236024,-0.011114413593090067,-17.66187912774291,-62.5,1.0,-0.09499981257064896,0.3835798297200035,0,0.763332995120436
26.48333333333311,170.71066668278203,323.58542855767655,1.8476755679679209,85.0,-25.155691109322476,-0.013918252806693676,-16.397127476645746,-61.0,1.0,0.04943919579094386,0.38200520861710124,0,0.7677089888602495
26.499999999999776,170.323413645049,324.9481389191294,1.8344581925699281,85.0,-25.178671609541027,-0.008732734065421521,-18.03827648598745,-62.5,1.0,-0.22915081585876734,0.3821997532293111,0,0.7885410159360617
26.516666666666442,169.95420536316522,326.3158485699811,1.8424838258230298,85.0,-25.191042825559496,-0.016758367318523204,-15.82296589159247,-59.5,1.0,0.14069309381807332,0.3752126499454744,0,0.7462920038960874
26.533333333333108,169.57403235349787,327.6805510749854,1.8393979359738,85.0,-25.214782734693603,-0.013672477469293343,-15.693779534955482,-64.5,1.0,-0.05440314370915611,0.394764683426951,0,0.8116249809972942
26.549999999999773,169.19807246889246,329.04642025232704,1.836052795126564,85.0,-25.245112431761978,-0.018161546212093205,-15.61626772097329,-64.5,1.0,-0.05896346955882731,0.37944776544264164,0,0.7703749870415777
26.56666666666644,168.82668370403042,330.41353942408153,1.8391895606707058,85.0,-25.270839874510504,-0.02129831175623509,-14.369760632583974,-65.5,1.0,0.05529825159803725,0.3870176981422447,0,0.7582920079585165
26.583333333333105,168.45100844098891,331.7794869125243,1.8240149693700267,85.0,-25.308500745765873,-0.013764571886471844,-16.421856379550384,-66.0,1.0,-0.26164796570784427,0.3897682829845413,0,0.7465420057997108
26.59999999999977,168.09610332955094,333.15097763663425,1.8310020607005055,85.0,-25.327999940194015,-0.020751663216950655,-14.453113827730231,-63.0,1.0,0.12268238724195996,0.38454039607430773,0,0.7244169828481972
26.616666666666436,167.7316242282352,334.5199551489216,1.8183468047285387,85.0,-25.361624127450707,-0.015548067737283457,-16.071868296638137,-66.0,1.0,-0.2197224843214905,0.38753108464883934,0,0.7437089807353914
26.633333333333102,167.3844986115959,335.8934354912335,1.822395850214738,85.0,-25.38364966930224,-0.019597113223482676,-14.643120977982882,-62.5,1.0,0.07133250940710555,0.3856772606470601,0,0.7493330049328506
26.649999999999768,167.03181457129045,337.26549905104343,1.8089759514428172,85.0,-25.412578391740155,-0.013443727018192186,-16.38587258678973,-66.0,1.0,-0.23253766102240359,0.39068883714800334,0,0.7415839936584234
26.666666666666433,166.69757469000245,338.64217190477484,1.8170128745513368,85.0,-25.43162309800015,-0.021480650126711746,-14.231523552073838,-58.0,1.0,0.14088840338655803,0.3724297081650647,0,0.7650420011486858
26.6833333333331,166.35228150852856,340.01611406632026,1.8050497445966522,85.0,-25.462051678836193,-0.009517520172027227,-15.738914131244304,-65.0,1.0,-0.20805895796806517,0.3868054946019486,0,0.7439169858116657
26.699999999999765,166.02344929190443,341.394088600829,1.805110394493341,85.0,-25.483876262113398,-0.016663451411399244,-15.043348478746584,-59.5,1.0,0.0010702918858274818,0.3854068712139436,0,0.7405000214930624
26.71666666666643,165.69453350187197,342.77204318916336,1.8048863101938746,85.0,-25.50748172582024,-0.016439367111932723,-14.42600908724795,-63.0,1.0,-0.0039544082018368315,0.37142825706646715,0,0.7059999916236848
26.733333333333096,165.3659264980836,344.15007144776536,1.8089607832971013,85.0,-25.53618913539144,-0.027421678975567243,-13.05560545234877,-67.5,1.0,0.07177893841223126,0.38316712132731096,0,0.9358749957755208
26.749999999999762,165.0317074984085,345.5267493711376,1.7909316333162295,85.0,-25.575031645585334,-0.009392528994695448,-15.633363271409262,-67.0,1.0,-0.3080343036193278,0.38332838659323504,0,0.7481659995391965
26.766666666666428,164.7223618043817,346.9092289138548,1.7907800732984496,85.0,-25.59102587037014,-0.01597502428450359,-14.980017962845558,-61.5,1.0,-0.002674582171596801,0.39226221277813866,0,0.7320840086322278
26.783333333333093,164.41322564253107,348.2917553251326,1.7926387922846783,85.0,-25.613656192196235,-0.017833743270732286,-13.988010777707334,-61.0,1.0,0.032789167363708724,0.3909006091872016,0,0.8385419787373394
26.79999999999976,164.10152028807778,349.6737047512874,1.7790003896636715,85.0,-25.639065835029978,-0.010759140911982046,-15.7928064666244,-62.0,1.0,-0.23618566624844156,0.3954755198000811,0,0.716707989340648
26.816666666666425,163.80869092109947,351.05977668530795,1.784710491975526,85.0,-25.654307657254694,-0.01646924322383647,-14.07568387997464,-59.0,1.0,0.10042751691760171,0.39171257432668766,0,0.7110409787856042
26.83333333333309,163.507951758453,352.4441539462073,1.7836559883544127,85.0,-25.67763803044902,-0.015414739602723326,-13.645410327984784,-62.5,1.0,-0.018606739849438864,0.3779460816151297,0,0.9571250120643526
26.849999999999756,163.20867259357823,353.8288475678855,1.7739124308892178,85.0,-25.706324493614943,-0.012068124021623383,-14.787246196790871,-64.0,1.0,-0.17028004390966345,0.4064138346193838,0,0.730792002286762
26.866666666666422,162.9228992633075,355.21639145841664,1.7809445089909142,85.0,-25.72342058766044,-0.019100202123319754,-12.872347718074522,-62.5,1.0,0.12346430698753541,0.372219322308726,0,0.9763750131241977
26.883333333333088,162.62737576217955,356.601891478166,1.7684486328910138,85.0,-25.754915296133472,-0.01283767358119392,-14.523408630844713,-65.5,1.0,-0.21704191580747897,0.4061527977754086,0,0.7317079871427268
26.899999999999753,162.3491879193174,357.9909760574945,1.7749455295180716,85.0,-25.77310150083169,-0.01933457020825169,-12.714045178506828,-62.0,1.0,0.11415268384884615,0.3735500389624847,0,0.8084170112852007
26.91666666666642,162.06198127211277,359.37822397558483,1.7644210812074836,85.0,-25.80269445442061,-0.014883005788520975,-14.028427107104097,-66.0,1.0,-0.18363322302402585,0.4056823577478164,0,0.7688750047236681
26.933333333333085,161.7893902803249,360.76841770152396,1.7755658550297306,85.0,-25.823777934255546,-0.026027779610767965,-11.417056264262458,-66.0,1.0,0.19419398285225142,0.3683027476767202,0,0.7547919813077897
26.94999999999975,161.50132314316,362.15548719110626,1.7525793206709879,85.0,-25.86078886514339,-0.008956662020778383,-14.850233758557476,-69.5,1.0,-0.38536302695531616,0.4106412155120399,0,0.7018749893177301
26.966666666666416,161.24521321995687,363.5488113284416,1.7631341452265294,85.0,-25.873477300023072,-0.01951148657631996,-12.310140255134485,-60.0,1.0,0.1841513504934772,0.3652002162710892,0,0.715583999408409
26.983333333333082,160.9744115437347,364.9393547102171,1.776468583527848,85.0,-25.90111681887622,-0.03284592487763848,-9.386084153080692,-75.0,1.0,0.2311091436294196,0.38097757331799886,0,0.9259159851353616
26.999999999999748,160.68509237695838,366.32616358824623,1.751300699510622,85.0,-25.954047953945377,-0.01343885222867569,-13.231650491848416,-76.0,1.0,-0.41796934715568174,0.38375203987610873,0,0.7342500030063093
27.016666666666413,160.43076419634852,367.71981405410634,1.7540842375473975,85.0,-25.9730857548774,-0.016222390265451248,-12.13899029510905,-67.5,1.0,0.04908180837325791,0.394225745127903,0,0.7873750000726432
27.03333333333308,160.1725577269439,369.11275118965915,1.7446519463061096,85.0,-26.00053194423136,-0.012399031155517548,-13.283394177065428,-69.5,1.0,-0.1649399983093786,0.3881921451902389,0,0.731458974769339
27.049999999999745,159.9275011374509,370.5080618046802,1.743115610657235,85.0,-26.018096788302195,-0.010862695506642872,-12.970036506239257,-65.0,1.0,-0.02710516565229397,0.3915456827253729,0,0.7770420052111149
27.06666666666641,159.68458850176052,371.9037472620331,1.737621282441568,85.0,-26.03617333990074,-0.010828009991642684,-13.382021903743555,-66.0,1.0,-0.0966565993913764,0.38360796581045953,0,0.7064999954309314
27.083333333333076,159.44934784794782,373.3007462882454,1.7462935194355746,85.0,-26.051512720971797,-0.019500246985649342,-11.229213142246131,-69.5,1.0,0.1518612070318411,0.37997193888913633,0,0.7285000174306333
27.099999999999742,159.2020010852552,374.69565274511984,1.7215611682376908,85.0,-26.08020563401546,-8.070160457029908e-05,-14.93752788534768,-69.0,1.0,-0.41153152578089586,0.3874077901518233,0,0.7353750115726143
27.116666666666408,158.98922576772168,376.0962494424931,1.735770169095212,85.0,-26.080319961288485,-0.014289702462091602,-11.762516731208608,-63.0,1.0,0.24568166786479623,0.37199575089629533,0,0.7455830054823309
27.133333333333074,158.7565715190145,377.4936815320785,1.7244163585743237,85.0,-26.10056301750287,-0.00293589194120325,-13.257510038725165,-71.0,1.0,-0.19774299928112238,0.3824861036399498,0,0.7357919821515679
27.14999999999974,158.53979810404195,378.8936650073401,1.7374128730450735,85.0,-26.111650717609507,-0.021100689590213717,-10.3545060232351,-71.0,1.0,0.22545120043132647,0.36939319873662124,0,0.7559170189779252
27.166666666666405,158.30484860305987,380.2907130295758,1.719517747236101,85.0,-26.141541143016077,-0.00320556378124115,-13.01270361394106,-74.5,1.0,-0.3058851130745373,0.40787453752277875,0,0.7194580102805048
27.18333333333307,158.09493573646967,381.6917415920556,1.7129900397246298,85.0,-26.15149639883195,-0.0017037915336548526,-13.607622168364635,-69.0,1.0,-0.11468931784472239,0.39203717910232033,0,0.7408329984173179
27.199999999999736,157.89417278187994,383.09411054511645,1.7302882265760324,85.0,-26.15391010233683,-0.01900197838505746,-9.964573301018781,-73.0,1.0,0.29627740929316654,0.3793833605951287,0,0.7911249995231628
27.216666666666402,157.66918263301153,384.49279702798407,1.7010998326268125,85.0,-26.18487674805248,0.00530079444704179,-14.378743980611269,-72.5,1.0,-0.4756460544241001,0.3885580299644434,0,0.7354580156970769
27.233333333333068,157.4851079342739,385.8974539076985,1.7129676752063001,85.0,-26.177367324419784,-0.0065670481324457955,-11.62724638836676,-66.5,1.0,0.20644861734553996,0.38591681155543667,0,0.7112919993232936
27.249999999999734,157.28437634304055,387.2998273503754,1.7047480871931955,85.0,-26.189499680299882,-0.003094658210545109,-12.576347833020057,-71.5,1.0,-0.14404691292600935,0.38082832331329325,0,0.7465829839929938
27.2666666666664,157.09517833478884,388.7038033324057,1.6973340687871794,85.0,-26.193883772433814,0.004319360195470967,-13.345808699812034,-69.5,1.0,-0.13009664775560567,0.4010874157753119,0,0.7277500117197633
27.283333333333065,156.916394534812,390.1091434326342,1.7025634138069294,85.0,-26.189514358664663,-0.005520506378275947,-11.807485219887221,-72.0,1.0,0.0920219280133032,0.37442688626752724,0,0.8051669865380973
27.29999999999973,156.73026420458507,391.5135293997437,1.69244433283128,85.0,-26.19733503630994,0.004598574597373562,-13.084491131932332,-72.0,1.0,-0.17670942652535124,0.40023864502657136,0,0.758249982027337
27.316666666666396,156.55835425655624,392.9197269015951,1.690505558589129,85.0,-26.191625836721354,0.0020619042892822126,-12.8506946791594,-68.0,1.0,-0.034200322581877586,0.3743599929378531,0,0.7512079901061952
27.333333333333062,156.3891709294068,394.3262550549781,1.6992179711959383,85.0,-26.188704807714654,-0.006650508317527004,-10.71041680749564,-72.5,1.0,0.15255388978420692,0.37099824245255736,0,0.779999973019585
27.349999999999728,156.2077399246557,395.7312558503371,1.6820980973286122,85.0,-26.19812629171326,0.01046936554979916,-13.226250084497384,-76.5,1.0,-0.2933964161294759,0.38424285508002975,0,0.7760000007692724
27.366666666666394,156.05038776851586,397.1391566790188,1.6793351809456942,85.0,-26.189437195725414,0.008890464513940932,-13.13575005069843,-70.0,1.0,-0.048718766344352085,0.3928654646324549,0,0.7900000200606883
27.38333333333306,155.89692612028176,398.54748688424974,1.6719316505114539,85.0,-26.176842536913263,0.01629399494818129,-13.881450030419057,-68.0,1.0,-0.12991467647327787,0.4124637617013743,0,0.7928749837446958
27.399999999999725,155.75389519810366,399.9569146403782,1.677123518335033,85.0,-26.159026324832187,0.006892639762795304,-12.328870018251434,-69.0,1.0,0.0913661107826997,0.3805597671510309,0,0.7752079982310534
27.41666666666639,155.60354867391362,401.3655808063339,1.6725595248349487,85.0,-26.149261829151396,0.0114566332628796,-12.597322010950862,-74.5,1.0,-0.08036758353038026,0.4027742300900681,0,0.948667002376169
27.433333333333056,155.45963283648803,402.77491847920817,1.6640583455730718,85.0,-26.13754460689781,0.015879514562866955,-13.558393206570518,-72.5,1.0,-0.1489103001182281,0.3914182625589786,0,0.7495839963667095
27.449999999999722,155.32770308731992,404.185428665534,1.6663808380992968,85.0,-26.115049573349026,0.013557022036641886,-12.53503592394231,-69.5,1.0,0.04096223659572994,0.3938883726015416,0,0.7570000016130507
27.466666666666388,155.1924977975434,405.5956286421547,1.6611175123644075,85.0,-26.09972021786476,0.014872259129173004,-12.921021554365385,-71.5,1.0,-0.09261649137589542,0.3846255827827739,0,0.7382089970633388
27.483333333333054,155.0647166880901,407.00652071191456,1.6532754305490522,85.0,-26.078651960779037,0.02271434094452829,-13.75261293261923,-71.5,1.0,-0.13751622815887046,0.4077304261645193,0,0.7433340069837868
27.49999999999972,154.94800372541167,408.41837145784604,1.647119566260648,85.0,-26.049826177527404,0.025051511167099694,-14.251567759571538,-68.5,1.0,-0.10820857022865565,0.391206041181894,0,0.8053749916143715
27.516666666666385,154.83998408082167,409.8309139176776,1.651940690599382,85.0,-26.014340248678437,0.020230386828365532,-12.750940655742923,-68.5,1.0,0.08487427452947305,0.3888258556305835,0,0.7765830087009817
27.53333333333305,154.7251556751411,411.2429191873892,1.6414809785017876,85.0,-25.98861243953949,0.027000155462109095,-14.050564393445754,-69.5,1.0,-0.18252868528231608,0.3856206274475294,0,0.7490420248359442
27.549999999999716,154.62510245013533,412.6560482673427,1.6370392857560192,85.0,-25.950366866587395,0.03144184820787754,-14.230338636067453,-68.0,1.0,-0.07822287783605622,0.40283907515973916,0,0.7563330000266433
27.566666666666382,154.53132687662958,414.06960781198813,1.638490757437753,85.0,-25.908440336944484,0.026428716635675368,-13.338203181640472,-68.5,1.0,0.025608606631699553,0.3796552105204995,0,0.7431659905705601
27.583333333333048,154.43549966097652,415.48302975506977,1.6414773438598995,85.0,-25.871004013467974,0.023442130213528815,-12.202921908984283,-74.0,1.0,0.05265574731235299,0.39194957425633087,0,0.7602919940836728
27.599999999999714,154.33545157218956,416.8961591986716,1.632165650264666,85.0,-25.838635440018994,0.027369053485965415,-13.32175314539057,-74.0,1.0,-0.16286846827925472,0.4148191109846578,0,0.7307080086320639
27.61666666666638,154.2485662590691,418.3101589818429,1.627369578504065,85.0,-25.799867454627606,0.032165125246566444,-13.593051887234342,-70.5,1.0,-0.08443533096755299,0.39892777266149193,0,0.7744999893475324
27.633333333333045,154.1684635636586,419.7245592090178,1.616361041647587,85.0,-25.75646892052074,0.03404621661640683,-14.955831132340606,-69.0,1.0,-0.19187828191386525,0.3895376809692516,0,0.7353749824687839
27.64999999999971,154.10393588447755,421.13975552863707,1.6203714455860034,85.0,-25.7082460977804,0.030035812677990492,-13.573498679404363,-67.5,1.0,0.0706540308516811,0.39506537556759125,0,0.7453750004060566
27.666666666666377,154.03373323052577,422.5546816863649,1.6160804670300024,85.0,-25.66940293485326,0.023476217719736736,-13.744099207642616,-68.5,1.0,-0.07557891482232468,0.41155530318748157,0,0.855666003189981
27.683333333333042,153.96960262204556,423.96989605510925,1.609903811419161,85.0,-25.636148014592926,0.02965287333057809,-14.24645952458557,-66.0,1.0,-0.10857118222672804,0.39596397342876216,0,0.7541250088252127
27.699999999999708,153.914214473077,425.385479538129,1.6013760353682092,85.0,-25.595543685502346,0.02756159467391983,-15.147875714751343,-65.0,1.0,-0.14936929266937066,0.4168190924135528,0,0.7164590060710907
27.716666666666374,153.87089997070066,426.8014838807524,1.6002368540478105,85.0,-25.55650303630195,0.028700775994318528,-14.688725428850805,-63.0,1.0,-0.020100492268288722,0.39681341994182356,0,0.7508749840781093
27.73333333333304,153.8291985817775,428.2175366476387,1.6003903429638304,85.0,-25.51584918550997,0.028547287078298567,-14.013235257310484,-65.5,1.0,0.0027086213056934233,0.4106580329016451,0,0.7279580167960376
27.749999999999705,153.7872798449422,429.6335829971438,1.5913844918316018,85.0,-25.489360086400886,0.027162956132003258,-15.007941154386291,-65.5,1.0,-0.15760866054991735,0.40358205038488454,0,0.7164579874370247
27.76666666666637,153.75811533824768,431.0499494313668,1.5943877406383031,85.0,-25.450883963736327,0.024159707325301927,-13.804764692631775,-64.5,1.0,0.05294897033671627,0.40895525663250754,0,0.7283749873749912
27.783333333333037,153.72469726866868,432.4662218899955,1.5779720811939406,85.0,-25.428261360589833,0.030411317158237194,-16.082858815579065,-62.5,1.0,-0.2819697011313037,0.4035019539262042,0,0.7695000094827265
27.799999999999702,153.71453170384385,433.8828520837074,1.5853705736827557,85.0,-25.38518530180147,0.023012824669422116,-14.04971528934744,-61.5,1.0,0.12982726265455127,0.408272775659617,0,0.7204159919638187
27.816666666666368,153.6938855850066,435.29936829689433,1.5809218054485557,85.0,-25.361971062239636,0.01752085767911793,-14.229829173608463,-64.5,1.0,-0.07834697574060256,0.40056582339319263,0,0.7270410133060068
27.833333333333034,153.67954140202383,436.71596234208124,1.5823669192066923,85.0,-25.337151117112708,0.016075743920981322,-13.337897504165078,-65.5,1.0,0.025496481222305203,0.40952662010470975,0,0.7200839754659683
27.8499999999997,153.66315009518706,438.13253417912466,1.5696683526470954,85.0,-25.32167978001919,0.019054008714267434,-15.002738502499046,-64.0,1.0,-0.22045036126661705,0.40602710998001157,0,0.738041999284178
27.866666666666365,153.66474805822426,439.5491999445607,1.5748809975013625,85.0,-25.294688234313544,0.013841363860000344,-13.401643101499428,-62.5,1.0,0.09172969990669655,0.4040531844111648,0,0.6984999927226454
27.88333333333303,153.65896145748127,440.96585479303167,1.569125832771182,85.0,-25.280421107390232,0.010093730602219075,-13.840985860899657,-66.0,1.0,-0.10121468005598219,0.402627070245574,0,0.7305000035557896
27.899999999999697,153.66132798958088,442.382519483059,1.5631404730545813,85.0,-25.266121898515294,0.01607909031881971,-14.304591516539794,-64.5,1.0,-0.10523380803358934,0.4200754469411186,0,0.7510420109611005
27.916666666666362,153.67217367643087,443.7991446330268,1.5535941100649058,85.0,-25.246843527620353,0.01633719382301413,-15.382754909923877,-62.0,1.0,-0.16689811815348682,0.4082920038284173,0,0.7496670004911721
27.933333333333028,153.69654228157913,445.21560169751115,1.556236758703159,85.0,-25.223700199243904,0.013694545184760987,-14.229652945954326,-58.5,1.0,0.046601212441241296,0.4148211336767392,0,0.7184160058386624
27.949999999999694,153.71716760766145,446.6321182136056,1.546535670169671,85.0,-25.206072071408098,0.014318924110649833,-15.337791767572597,-59.5,1.0,-0.1695520225352555,0.4041936639208153,0,0.7353329856414348
27.96666666666636,153.751533499806,448.04836799026987,1.549087617280883,85.0,-25.18578762209339,0.011766976999437961,-14.202675060543557,-58.0,1.0,0.04500395314551368,0.4107599501672021,0,0.770584010751918
27.983333333333025,153.78228508944431,449.464700855164,1.5404644364978797,85.0,-25.169274746940392,0.011521997456862332,-15.121605036326134,-60.0,1.0,-0.15101521144602517,0.4073494067621502,0,0.7327089842874557
27.99999999999969,153.82524867873877,450.88071588843144,1.5359425483220577,85.0,-25.15295227836753,0.01604388563268433,-15.272963021795679,-58.0,1.0,-0.07962929353428165,0.4227158405966784,0,0.7196670048870146
28.016666666666357,153.87461486860025,452.29652216887484,1.5450699817148952,85.0,-25.13022441546622,0.006916452239846826,-12.963777813077408,-59.0,1.0,0.15970067387943065,0.3943763834403559,0,0.7156250067055225
28.033333333333022,153.91105650403517,453.712720054642,1.5268115262585384,85.0,-25.131347609737613,0.016512294633865165,-15.578266687846446,-61.0,1.0,-0.31170459567234143,0.41480250817299963,0,0.7468749827239662
28.049999999999688,153.97334821468593,455.12801655616687,1.5243137292005442,85.0,-25.10795625533849,0.01901009169185941,-15.346960012707868,-53.0,1.0,-0.044050257403405055,0.40774266636166573,0,0.738417002139613
28.066666666666354,154.03917485077986,456.5431530507938,1.526881933607126,85.0,-25.09025857637872,0.007981827806414987,-14.20817600762472,-54.5,1.0,0.04529026222462393,0.4174245319067635,0,0.7350000087171793
28.08333333333302,154.10136691400217,457.95845393460496,1.52274600172384,85.0,-25.078951107052863,0.01211775968970108,-14.324905604574832,-57.0,1.0,-0.07285784266522571,0.4093837550281796,0,0.7531250012107193
28.099999999999685,154.16941201665992,459.3734854920088,1.4947586820610117,85.0,-25.069435311764266,0.03184459713589294,-18.3949433627449,-53.5,1.0,-0.45875078893246896,0.40151443544745163,0,0.8182500023394823
28.11666666666635,154.27702824216504,460.78605874407486,1.5057574131451223,85.0,-25.024329756818357,0.020845866051782295,-15.636966017646941,-42.5,1.0,0.19171152664051871,0.4061774973438279,0,0.7715419924352318
28.133333333333017,154.36910175836562,462.1997301740963,1.5000423698223107,85.0,-25.000966967276018,0.01849705377935784,-15.982179610588165,-49.0,1.0,-0.10051383401568884,0.41951015953519727,0,0.7333749963436276
28.149999999999682,154.46925292041738,463.61285231644075,1.4786252998368656,85.0,-24.974764301982574,0.039914123764802856,-18.9893077663529,-46.5,1.0,-0.36135296707608,0.39252454064938336,0,0.7270420028362423
28.166666666666348,154.5996437362997,465.0235055975761,1.4818383916044977,85.0,-24.923018003307597,0.0288308857322348,-17.59358465981174,-35.5,1.0,0.056640969754352344,0.4215669791097474,0,0.7575000054202974
28.183333333333014,154.7255013284623,466.4345705538908,1.482259701783327,85.0,-24.88217990664255,0.02840957555340551,-16.756150795887045,-39.0,1.0,0.007434748519277598,0.40823628082766233,0,0.7690830097999424
28.19999999999968,154.85076441344336,467.845688410055,1.4821128506820196,85.0,-24.845441786679963,0.020877112840488543,-16.05369047753223,-40.5,1.0,-0.002591484221766513,0.42432841468028754,0,0.8248329977504909
28.216666666666345,154.97623472128427,469.25678785598177,1.4645613866885296,85.0,-24.81586802523811,0.03842857683397849,-18.43221428651934,-40.5,1.0,-0.3003608905330602,0.3979392376634989,0,0.7364589837379754
28.23333333333301,155.12645129336124,470.6654678856258,1.463341427429798,85.0,-24.763760739937087,0.03215722475982208,-17.859328571911604,-32.0,1.0,-0.02152536765316916,0.41529034018173805,0,0.7753339887131006
28.249999999999677,155.27838628547298,472.0739636089478,1.46761500673554,85.0,-24.71821252261187,0.027883645454080064,-16.315597143146963,-33.0,1.0,0.07527361274143177,0.41131385317997293,0,0.71779201971367
28.266666666666342,155.42430059030283,473.48309577453426,1.4610321368958143,85.0,-24.67994822843424,0.027160429362649282,-16.789358285888177,-36.0,1.0,-0.11564991568847409,0.4157993875553778,0,0.7693329825997353
28.283333333333008,155.57948780024364,474.8912368805017,1.450898562220114,85.0,-24.641475684039253,0.03729400403834959,-17.87361497153291,-30.5,1.0,-0.1769572827464183,0.40167307910507805,0,0.7302919984795153
28.299999999999674,155.74893630104842,476.2977331122846,1.4496661823132608,85.0,-24.58889131719049,0.03140280472942325,-17.324168982919744,-29.0,1.0,-0.0217444529811837,0.4155994735412706,0,0.7654170040041208
28.31666666666634,155.92011801043375,477.7040194511276,1.4506511903788009,85.0,-24.54441132188681,0.030417796663883223,-16.394501389751845,-26.5,1.0,0.017380744877956253,0.40956414696738924,0,0.7343750039581209
28.333333333333005,156.08991443361313,479.1104737230895,1.4442263711138228,85.0,-24.501326088044088,0.03684261592886129,-16.836700833851104,-29.0,1.0,-0.11289705307322595,0.420213809843516,0,0.7502920052502304
28.34999999999967,156.26874350468583,480.51580806330315,1.4497794824665533,85.0,-24.458308008545817,0.02434577685178274,-15.102020500310662,-26.0,1.0,0.09768418482273077,0.41115273444429373,0,0.7577090000268072
28.366666666666337,156.439765880515,481.9221137880338,1.4395866702840698,85.0,-24.423821565024085,0.03453858903426621,-16.261212300186397,-27.5,1.0,-0.17797007243969476,0.41653900298111957,0,0.7439999899361283
28.383333333333002,156.62511333429094,483.32660329166964,1.4328908857853144,85.0,-24.383000574191254,0.03446791021437101,-16.75672738011184,-24.5,1.0,-0.11761554346381718,0.4027434643732104,0,0.7527080015279353
28.399999999999668,156.81986072196906,484.72982027397745,1.4327404169539049,85.0,-24.334180702695164,0.03461837904578058,-16.054036428067104,-23.5,1.0,-0.0026553260782901517,0.42437888358768794,0,0.7801660103723407
28.416666666666334,157.0148192478613,486.13300793698846,1.4289703971829792,85.0,-24.29226741759727,0.03179668527823809,-16.032421856840262,-22.5,1.0,-0.06643186231364066,0.4115630548798637,0,0.7615409849677235
28.433333333333,157.21506642097825,487.5354506324677,1.4251566290470956,85.0,-24.247229703422327,0.03561045341412172,-16.01945311410416,-21.5,1.0,-0.06720045072151791,0.4199905131166474,0,0.7544580148532987
28.449999999999665,157.42066071611538,488.93711943437904,1.4168434211223695,85.0,-24.203019165166154,0.03750425942180735,-16.811671868462497,-18.5,1.0,-0.14566460376624413,0.4093415800859206,0,0.735542009351775
28.46666666666633,157.63790013701922,490.3370306738688,1.4090169345888957,85.0,-24.149900585524446,0.0453307459552812,-17.4870031210775,-13.5,1.0,-0.13724617892641322,0.3993569326291174,0,0.7359999872278422
28.483333333332997,157.86608917918775,491.7351988345271,1.4263012544872962,85.0,-24.091116942808213,0.02179697779737744,-13.6922018726465,-14.0,1.0,0.2960535426441524,0.4180492970907656,0,0.7198329840321094
28.499999999999662,158.07007895422436,493.1371020466373,1.4154783598553562,85.0,-24.06024033601917,0.032619872429317416,-15.015321123587901,-20.5,1.0,-0.1887194577468422,0.4195168350857096,0,0.7693330117035657
28.516666666666328,158.2892291367439,494.5367154368084,1.4151618444448626,85.0,-24.01872541636735,0.026854618954469167,-14.40919267415274,-15.0,1.0,-0.0055855079814383715,0.4194263190678961,0,0.7313329842872918
28.533333333332994,158.5088223074853,495.93625939246255,1.4000291236199287,85.0,-23.98068594539099,0.041987339779403055,-16.445515604491646,-13.0,1.0,-0.2609583881221968,0.3960113674020666,0,0.7716659747529775
28.54999999999966,158.74956843501872,497.33232018860366,1.408148590818384,85.0,-23.925258977366664,0.02795159574474515,-14.267309362694988,-8.5,1.0,0.14231605046001555,0.42395062230537706,0,0.7537500059697777
28.566666666666325,158.9789714816175,498.73028967562965,1.4074418385026775,85.0,-23.885666039470564,0.028658348060451644,-13.760385617616993,-12.5,1.0,-0.012471453057323903,0.4058225649931049,0,0.7757499988656491
28.58333333333299,159.20936248901296,500.12809668239265,1.39560958600031,85.0,-23.84853821179663,0.034737718512666944,-15.256231370570196,-10.5,1.0,-0.20584687183439454,0.41442948009675395,0,0.7408750243484974
28.599999999999657,159.45627618850818,501.52307986130415,1.4024352936807805,85.0,-23.799336340687788,0.02791201083219641,-13.353738822342116,-7.0,1.0,0.11987612689936361,0.4176039070257564,0,0.7519579958170652
28.616666666666323,159.6936624626741,502.9197158916578,1.4010074360328861,85.0,-23.762764746531058,0.023748376976664654,-13.01224329340527,-10.0,1.0,-0.02519215719371541,0.4239625748956765,0,0.7760419975966215
28.63333333333299,159.9330426916108,504.3160115446048,1.403318740079264,85.0,-23.72912437480199,0.02143707293028685,-12.007345976043162,-8.0,1.0,0.040765122350437444,0.4173724300913858,0,0.9724999836180359
28.649999999999654,160.1691950202289,505.71285674795865,1.3947159832866685,85.0,-23.701295647769737,0.02460782040249465,-13.004407585625898,-8.5,1.0,-0.15066292658973768,0.4239394272357683,0,0.8140829741023481
28.66666666666632,160.4173551817289,507.1076187271826,1.4014613752928375,85.0,-23.66643808708399,0.01786242839632557,-11.202644551375538,-5.5,1.0,0.118478827379491,0.4206039941548953,0,0.7739579887129366
28.683333333332985,160.65610155260856,508.5040229003489,1.393473583737732,85.0,-23.643312251682083,0.020575883098565173,-12.121586730825324,-7.0,1.0,-0.14003837023897237,0.4292082275571192,0,0.8244170167017728
28.69999999999965,160.90599437379203,509.8984754891325,1.3973243172611005,85.0,-23.614165140714682,0.016725149575196552,-10.872952038495194,-5.5,1.0,0.06784981118995015,0.4226323978097028,0,0.7765829795971513
28.716666666666317,161.1505156901938,511.2938800076395,1.376852930598415,85.0,-23.59235462205954,0.032078163508561186,-13.923771223097116,-0.5,1.0,-0.34667036328603007,0.4265609436176613,0,0.741625000955537
28.733333333332983,161.4235496419445,512.6839868041252,1.3936006072165719,85.0,-23.546918350410188,0.015330486890404282,-10.354262733858269,2.5,1.0,0.2873666986950489,0.42986771289170567,0,0.7994580082595348
28.74999999999965,161.67326533289352,514.0784711239145,1.3815839262793042,85.0,-23.526847010957663,0.022383154953340423,-12.012557640314963,0.5,1.0,-0.208963480782971,0.43530331673809547,0,0.7823749911040068
28.766666666666314,161.93971966436632,515.4698540811494,1.3919533494293748,85.0,-23.49514018914454,0.012013731803269811,-9.607534584188977,3.5,1.0,0.18098741153021758,0.4284684756823846,0,0.7451659766957164
28.78333333333298,162.19173209063493,516.8639251630711,1.3783683618166833,85.0,-23.47959149101335,0.02078756891692879,-11.564520750513388,2.5,1.0,-0.2352944697485363,0.41444433526579544,0,0.816166982986033
28.799999999999645,162.46265911844034,518.2544441273608,1.390102403293009,85.0,-23.45014455593771,0.00905352744060317,-8.938712450308032,4.5,1.0,0.2041855681508784,0.43245269439529793,0,0.7602090190630406
28.81666666666631,162.71725146202112,519.6480463600781,1.388692368927347,85.0,-23.438669387003486,0.005803885743731251,-8.76322747018482,0.0,1.0,-0.02487782577613979,0.4463517195088246,0,0.7819999882485718
28.833333333332977,162.97380857890113,521.041288223583,1.3802400008950122,85.0,-23.4304472616939,0.014256253776065986,-9.857936482110892,3.0,1.0,-0.14806777879901706,0.43056978485302233,0,0.7695830136071891
28.849999999999643,163.24213258406027,522.432311829673,1.3884578822579412,85.0,-23.41153535957419,0.0015288952086915941,-7.9147618892665355,8.0,1.0,0.14401741605392304,0.42413980890143077,0,0.8561249997001141
28.86666666666631,163.49901639052828,523.8254934956517,1.38942229750173,85.0,-23.409369425539026,0.0005644799649027199,-7.348857133559921,4.0,1.0,0.01701744963235386,0.43925104976939494,0,0.7535420008935034
28.883333333332974,163.75455647210512,525.218922256354,1.3837118223547913,85.0,-23.409836405623825,0.001914516463345395,-8.009314280135953,4.5,1.0,-0.10043403022058778,0.43395375291741034,0,0.7542500097770244
28.89999999999964,164.01804948423344,526.610869050238,1.383759644227533,85.0,-23.407124175624304,0.0018666945906036236,-7.605588568081572,9.5,1.0,0.0008439152009807396,0.4393487507945045,0,0.7846250082366168
28.916666666666305,164.28147593055806,528.0028284432597,1.390771342345846,85.0,-23.40577482096009,-0.009357445604409431,-5.963353140848944,9.5,1.0,0.12311009912058836,0.4263722076601072,0,0.7942919910419732
28.93333333333297,164.53513598228835,529.3966006709212,1.3867252102737229,85.0,-23.419031008775104,-0.005311313532286198,-6.378011884509366,9.5,1.0,-0.07128135719431355,0.4339679661529163,0,0.7690830097999424
28.949999999999637,164.79443332878805,530.7893351504766,1.3912587260993257,85.0,-23.427920878121906,-0.013910195331597206,-5.22680713070562,10.0,1.0,0.07983318568341183,0.42079116117005183,0,0.7603749982081354
28.966666666666303,165.04741404847783,532.183230842381,1.3868440406096814,85.0,-23.44762635268035,-0.00949550984195291,-5.736084278423371,11.5,1.0,-0.07774917192328618,0.44043775702371346,0,0.7860840123612434
28.98333333333297,165.30654589404108,533.575996124494,1.38455916031643,85.0,-23.46255231847347,-0.01112971498935278,-5.841650567054023,14.0,1.0,-0.04029958648730513,0.4200268688225698,0,0.7439999899361283
28.999999999999634,165.56885936235994,534.9681656862871,1.3947490480477838,85.0,-23.478319089197225,-0.021319602720706547,-3.704990340232414,16.0,1.0,0.1779200814409503,0.42550119825603216,0,0.8055420184973627
29.0166666666663,165.81697340625263,536.362935870105,1.3939330652587738,85.0,-23.51013676684547,-0.024277091908997853,-3.6229942041394487,10.5,1.0,-0.014398701135429886,0.4215034406666473,0,0.7549590081907809
29.033333333332966,166.06622547588302,537.7575031328175,1.3896300106062076,85.0,-23.54452593545233,-0.019974037256431654,-4.173796522483669,14.5,1.0,-0.07579080401459123,0.4202432734131414,0,0.7855420117266476
29.04999999999963,166.3214761185356,539.1509849424834,1.3864319307296658,85.0,-23.57461114416493,-0.020404350611265443,-4.504277913490201,18.0,1.0,-0.05637689907542136,0.4327699439830017,0,0.767374993301928
29.066666666666297,166.58118191441113,540.5436433155359,1.3883179801924252,85.0,-23.603515301785894,-0.02229040007402494,-3.9025667480941206,23.0,1.0,0.03327094388808048,0.4208074830581273,0,0.8241670147981495
29.083333333332963,166.83826062735727,541.9367890293054,1.3967988479545315,85.0,-23.637082402855206,-0.03425498054967546,-2.141540048856472,22.0,1.0,0.14855973299951497,0.411900826446281,0,0.754999986384064
29.09999999999963,167.08351515221167,543.3320648667235,1.3950689909974685,85.0,-23.685600802056644,-0.032525123592612504,-2.284924029313883,18.0,1.0,-0.030517410200291008,0.4224489600030715,0,0.7950410072226077
29.116666666666294,167.33118293652632,544.7269143614924,1.4047691870072927,85.0,-23.73388291958338,-0.04556460907865256,-0.3709544175883297,19.5,1.0,0.16953672054649205,0.4013779918796907,0,0.7519999926444143
29.13333333333296,167.5653089676125,546.1241006218071,1.3926951602145863,85.0,-23.798410449073415,-0.03349058228594615,-2.422572650552998,18.5,1.0,-0.20993171767210478,0.4245182577668646,0,0.7379580056294799
29.149999999999626,167.81628718767294,547.5183582656806,1.4026785336456304,85.0,-23.848297732421972,-0.04666893347089318,-0.4535435903317986,22.5,1.0,0.17438763606340382,0.4004699372785326,0,0.7999999797903001
29.16666666666629,168.0533337371207,548.9150519965463,1.4108942404449043,85.0,-23.914388058070767,-0.05488464027016704,1.127873845800921,17.5,1.0,0.1439798316380423,0.410125689673245,0,0.7794580014888197
29.183333333332957,168.27889758945471,550.3136460738127,1.4092637872325713,85.0,-23.99480172751524,-0.056304813620598804,0.8767243074805526,14.5,1.0,-0.028764767683841314,0.41576208888252425,0,0.7836669974494725
29.199999999999623,168.50674148316753,551.7118705209392,1.413669339783899,85.0,-24.07452474115077,-0.0607103661719266,1.7260345844883318,15.0,1.0,0.07758897272302856,0.4051046305607432,0,0.7508750131819397
29.21666666666629,168.72842323443092,553.1110851740933,1.41970731408194,85.0,-24.163432328751586,-0.06965441972624875,2.835620750692999,13.0,1.0,0.10615196696715042,0.3950922360783863,0,0.9800419793464243
29.233333333332954,168.94165257398691,554.5116128222306,1.4090170354328186,85.0,-24.262029650146804,-0.05896414107712733,0.9013724504157992,12.0,1.0,-0.18646056981970974,0.40874659321261264,0,0.7866669911891222
29.24999999999962,169.1698414751587,555.9097810059004,1.4296842339925953,85.0,-24.348724278602056,-0.08239251267071368,4.54082347024948,14.5,1.0,0.34972357477484084,0.3861603102163702,0,0.7653329812455922
29.266666666666286,169.36908748212198,557.3123662878543,1.4234218694861687,85.0,-24.465314987157313,-0.07613014816428709,3.324494082149688,8.0,1.0,-0.11006568846842883,0.4033168494787669,0,0.7347910141106695
29.28333333333295,169.5771130250382,558.7136763241913,1.4105601801830832,85.0,-24.576520133551917,-0.06588419725928008,0.9946964492898127,11.5,1.0,-0.22318966308105734,0.4124805598755832,0,0.7356670103035867
29.299999999999617,169.8031440794811,560.1121949715006,1.446161452502753,85.0,-24.670004736812576,-0.10395506813624622,6.7968178695738874,13.0,1.0,0.560938535484699,0.0,0,0.7784589834045619
29.316666666666283,169.97925338110778,561.517872729141,1.4352877543044837,85.0,-24.817009311158415,-0.09308136993797689,4.678090721744333,-3.0,1.0,-0.18958429537584728,0.0,0,0.7523329986725003
29.33333333333295,170.17063688598628,562.9215524641606,1.4253621911607584,85.0,-24.949326249075053,-0.08547837556113613,2.8068544330465994,5.5,1.0,-0.1733979938921751,0.0,0,0.7686249737162143
29.349999999999614,170.3759430467801,564.3232634988552,1.434830881525927,85.0,-25.0702732045897,-0.09494706592630474,4.48411265982796,6.5,1.0,0.165564953664695,0.0,0,0.7815419812686741
29.36666666666628,170.56796783472302,565.7268556494673,1.4275631852878274,85.0,-25.205635244135387,-0.08985382529334185,3.0904675958967758,4.5,1.0,-0.12755711113451637,0.0,0,0.7553340110462159
29.383333333332946,170.7701883429627,567.1290151662455,1.4319676837749882,85.0,-25.332756944749985,-0.09425832378050258,3.8542805575380656,1.5,1.0,0.07757048331929019,0.0,0,0.7687089964747429
29.39999999999961,170.96623110020403,568.5320517594167,1.4348401865383456,85.0,-25.467535498099984,-0.09915588272041152,4.312568334522839,3.5,1.0,0.05064787332490743,0.0,0,0.7705839816480875
29.416666666666277,171.15824282769626,569.9356456967611,1.4379028929007518,85.0,-25.607776262807544,-0.10221858908281779,4.787541000713704,0.5,1.0,0.05399522399494447,0.0,0,0.758999987738207
29.433333333332943,171.34595486527627,571.3398211257556,1.4355926866146607,85.0,-25.754128049558613,-0.10178254003200493,4.2725246004282225,-2.5,1.0,-0.04074578226969998,0.0,0,0.8121670107357204
29.44999999999961,171.53691033395927,572.743559154529,1.4332061836300234,85.0,-25.89807114635522,-0.09939603704736767,3.7635147602569337,0.5,1.0,-0.04208988602848668,0.0,0,0.7555419870186597
29.466666666666274,171.73121528067435,574.1468374705186,1.4318376529224406,85.0,-26.040754311723653,-0.09974904056065916,3.45810885615416,-1.0,1.0,-0.024145848283758684,0.0,0,0.8122499857563525
29.48333333333294,171.92744047430216,575.5498485602218,1.446889288041585,85.0,-26.181986012742055,-0.11636762587671123,6.074865313692496,-2.0,1.0,0.2596222410297448,0.0,0,0.7548749854322523
29.499999999999606,172.10252662714456,576.9556541241343,1.4386367374335227,85.0,-26.34646834126051,-0.10811507526864905,4.444919188215497,-8.5,1.0,-0.1446165720488198,0.0,0,0.8006660209503025
29.51666666666627,172.28920816781138,578.3599669264753,1.4613254998032992,85.0,-26.49990241529808,-0.132213992320118,8.2669515129293,-14.5,1.0,0.3808424734373749,0.0,0,0.7764589972794056
29.533333333332937,172.44398227471126,579.7681534980196,1.4413516456784519,85.0,-26.686660354460056,-0.11224013819527068,4.56017090775758,-18.0,1.0,-0.33888226593757514,0.0,0,0.758666981710121
29.549999999999603,172.62685055166722,581.172967947592,1.4394970474421296,85.0,-26.84624504685442,-0.11163642231879645,4.136102544654547,-10.5,1.0,-0.03271652622921181,0.0,0,0.7868329994380474
29.56666666666627,172.81232387903938,582.5774408342218,1.4373842962870162,85.0,-27.004068350699935,-0.10952367116368311,3.6816615267927286,-9.5,1.0,-0.03726658240419368,0.0,0,0.7702090078964829
29.583333333332934,173.00076409196745,583.9815187275724,1.4543409713102822,85.0,-27.1600959316737,-0.1275691978478366,6.608996916075638,-16.0,1.0,0.2907552172241505,0.0,0,0.7932920125313103
29.5999999999996,173.16536986292456,585.388589935654,1.450599461090151,85.0,-27.340329182564794,-0.12382768762770535,5.7653981496453826,-25.0,1.0,-0.06593095299884318,0.0,0,0.7529160066042095
29.616666666666266,173.33523904075574,586.7950354222859,1.4529699866983654,85.0,-27.51553272627643,-0.12158155458086739,6.059238889787229,-25.5,1.0,0.04180842820069418,0.0,0,0.7393340056296438
29.63333333333293,173.50177372938631,588.2018796360946,1.4580811387422308,85.0,-27.682758860961016,-0.11123031172357511,6.835543333872337,-33.5,1.0,0.08995339025374974,0.0,0,0.7361670141108334
29.649999999999597,173.66111567938475,589.6095566542402,1.4436473931911993,85.0,-27.835235980638306,-0.0767520683517191,4.101326000323402,-31.5,1.0,-0.2494096325144168,0.0,0,0.7570000016130507
29.666666666666263,173.84075837799574,591.0147872208307,1.4573330779331843,85.0,-27.943861354287073,-0.09043775309370417,6.460795600194041,-31.0,1.0,0.23697422049134997,0.0,0,0.95087502268143
29.68333333333293,174.00115331132156,592.4223446476549,1.4572087245636078,85.0,-28.048948965261886,-0.0714982183261208,6.276477360116425,-44.0,1.0,-0.002194467705189945,0.0,0,0.7836250006221235
29.699999999999594,174.16172327791568,593.8298821179457,1.4641166378306258,85.0,-28.136885128601843,-0.06083657014312083,7.365886416069856,-45.0,1.0,0.12130581937688595,0.0,0,0.7688339974265546
29.71666666666626,174.31256634394978,595.2384951996235,1.459967299175905,85.0,-28.21864967655416,-0.04037546323053709,6.419531849641913,-56.0,1.0,-0.07309317504053515,0.0,0,0.7426249794661999
29.733333333332926,174.46925290739003,596.6464702580963,1.4654680478404005,85.0,-28.27583271008791,-0.04587621189503266,7.251719109785148,-52.0,1.0,0.09676884497567892,0.0,0,0.7314170070458204
29.74999999999959,174.61819222244208,598.0552859042602,1.4477485649798243,85.0,-28.32322922522615,-0.013111583003140748,3.9510314658710883,-51.5,1.0,-0.3030641096812593,0.0,0,0.7367499929387122
29.766666666666257,174.79207033449438,599.4612413966545,1.4641223581607963,85.0,-28.333211203722882,-0.015713097010777277,6.770618879522653,-52.5,1.0,0.2812879508579111,0.0,0,0.732250016881153
29.783333333332923,174.94290534279412,600.8698553411814,1.4589456878117446,85.0,-28.355470508486107,-0.010536426661725606,5.662371327713592,-65.5,1.0,-0.09110014615192008,0.0,0,0.7501660147681832
29.79999999999959,175.10103022753827,602.2776695921638,1.4582071563097736,85.0,-28.352085415103105,0.0026971361787779813,5.397422796628154,-63.5,1.0,-0.01303217102448539,0.0,0,0.7414160063490272
29.816666666666254,175.26019478423825,603.685366679017,1.4624258118029898,85.0,-28.338620709327195,0.009693073952025344,6.038453677976893,-78.0,1.0,0.07430978071864218,0.0,0,0.7327079947572201
29.83333333333292,175.41341935317686,605.0937226978979,1.4564948381580567,85.0,-28.322665344169266,0.025555583637622226,4.823072206786136,-78.0,1.0,-0.10428454823548142,0.0,0,0.8973340154625475
29.849999999999586,175.57499410063502,606.5011451808177,1.449665406970077,85.0,-28.286465541258167,0.032385014825601965,3.4938433240716815,-76.5,1.0,-0.11994089560795547,0.0,0,0.721040996722877
29.86666666666625,175.74617690037482,607.9074313869357,1.4588635412098334,85.0,-28.23217556280508,0.03183274772164846,5.096305994443009,-86.0,1.0,0.16091654596856003,0.0,0,0.7532919989898801
29.883333333332917,175.90441743174216,609.3152326437462,1.4334169411597553,85.0,-28.185030305889875,0.06463643508492067,0.657783596665805,-82.5,1.0,-0.4220699890855307,0.0,0,0.7070419960655272
29.899999999999583,176.09842662267263,610.7185518798001,1.4360475056374948,85.0,-28.093525769579735,0.0620058706071811,1.194670157999483,-76.5,1.0,0.046388423215348286,0.0,0,0.7094169850461185
29.91666666666625,176.28874362486854,612.1223766135613,1.444291244911315,85.0,-27.999846455277318,0.059826378411297565,2.71680209479969,-89.5,1.0,0.14446430392920898,0.0,0,0.6958750018384308
29.933333333332914,176.4674815261896,613.5277225521386,1.4327045722923586,85.0,-27.914038109879105,0.0761790530329396,0.6300812568798138,-98.0,1.0,-0.2016905843091413,0.0,0,0.7202499837148935
29.94999999999958,176.66249034874346,614.9309032260259,1.4515064504178286,85.0,-27.806222135869728,0.05737717490746963,3.9780487541278884,-95.5,1.0,0.3203679827478486,0.0,0,0.731542007997632
29.966666666666246,176.83108382583347,616.3375022036763,1.4286988949232964,85.0,-27.721866176533833,0.08364539714924081,-0.013170747523267412,-118.0,1.0,-0.3826478770179576,0.0,0,0.7293749949894845
29.98333333333291,177.03171175792616,617.7398904799068,1.4249274077849956,85.0,-27.603506661407724,0.08741688428754157,-0.6079024485139606,-111.0,1.0,-0.06645764287744119,0.0,0,0.7169170130509883
29.999999999999577,177.23762733995108,619.1415121184111,1.4212392290975828,85.0,-27.476366268541565,0.09325133103765636,-1.1647414691083764,-95.5,1.0,-0.06499383572646471,0.0,0,0.8032500045374036
30.016666666666243,177.44871094081284,620.5423647722944,1.4153322242355078,85.0,-27.343363801204053,0.09997893337349018,-2.098844881465026,-112.5,1.0,-0.10386613476921218,0.0,0,1.4113750075921416
30.03333333333291,177.66806565436192,621.941946121873,1.4135216790967275,85.0,-27.201962822942363,0.10178947851227038,-2.2593069288790155,-108.5,1.0,-0.031939930861527285,0.0,0,0.942540995310992
30.049999999999574,177.889954012205,623.3411280260935,1.4209137617104255,85.0,-27.05769947624926,0.09387866058844653,-0.7555841573274091,-118.5,1.0,0.12971604148308363,0.0,0,0.7295419927686453
30.06666666666624,178.10149353373183,624.7419119049545,1.3893436697345443,85.0,-26.924899972664537,0.12544875256432775,-5.853350494396446,-120.5,1.0,-0.5082926251101499,0.0,0,0.7460409833583981
30.083333333332906,178.35714317671085,626.1353205688033,1.4102796064219363,85.0,-26.749451288672557,0.10263856899294344,-1.9120102966378676,-126.5,1.0,0.35390284160057683,0.0,0,0.7711669895797968
30.09999999999957,178.58356660988875,627.5337757426836,1.406987522092356,85.0,-26.604906463096352,0.10268213244496671,-2.347206177982721,-143.5,1.0,-0.05803037837298729,0.0,0,0.7758329738862813
30.116666666666237,178.81459264014728,628.9314779347786,1.3978606330643317,85.0,-26.45969559774144,0.11180902147299099,-3.8083237067896327,-140.0,1.0,-0.1596913103571257,0.0,0,0.7615420036017895
30.133333333332903,179.05836554392337,630.3270133932422,1.3860376994425094,85.0,-26.30482611943016,0.11898781208762178,-5.68499422407378,-146.0,1.0,-0.2056892862142754,0.0,0,0.7241670100484043
30.14999999999957,179.31862034910614,631.7195692739248,1.374666397623288,85.0,-26.136657533345883,0.13035911390684318,-7.410996534444267,-143.0,1.0,-0.19803973839523192,0.0,0,0.7634999928995967
30.166666666666234,179.594693160107,633.1090757501495,1.3701974194938713,85.0,-25.959342420175126,0.12876446372979755,-7.846597920666561,-142.5,1.0,-0.07870142637047249,0.0,0,0.7514590106438845
30.1833333333329,179.876972867665,634.4973345917008,1.3587193405827687,85.0,-25.7783451099569,0.1327332044241445,-9.507958752399936,-142.5,1.0,-0.19985043915561687,0.0,0,0.7797080033924431
30.199999999999566,180.17516817542273,635.8822620276611,1.3573425601198683,85.0,-25.590858065070293,0.13410998488704487,-9.304775251439962,-143.5,1.0,-0.02429134682670342,0.0,0,0.7866249943617731
30.21666666666623,180.47526994099624,637.2667776016956,1.3499941709054122,85.0,-25.40582390886193,0.1324749889822383,-10.182865150863977,-148.0,1.0,-0.12895780809602214,0.0,0,0.7200409891083837
30.233333333332897,180.78553747178307,638.6490505500614,1.339915986659952,85.0,-25.21869945776229,0.14255317322769856,-11.509719090518386,-142.5,1.0,-0.1760099348576132,0.0,0,0.7338340219575912
30.249999999999563,181.1097198114257,640.0281264200222,1.3392221842097423,85.0,-25.026099239911858,0.1327594537711987,-11.105831454311032,-149.5,1.0,-0.012242960914568002,0.0,0,0.6979579920880497
30.26666666666623,181.43485887918465,641.4069770395823,1.3355060715410962,85.0,-24.83857533561267,0.1364755664398447,-11.26349887258662,-154.5,1.0,-0.06548469321540737,0.0,0,0.732625019736588
30.283333333332894,181.76511965440557,642.7846098879113,1.330995449595095,85.0,-24.65955786092249,0.1289631740020234,-11.558099323551971,-155.5,1.0,-0.07943173259591112,0.0,0,0.7556250202469528
30.29999999999956,182.10159102982507,644.1607390453554,1.3203291186005246,85.0,-24.47776696835957,0.12603901026783706,-12.934859594131183,-154.5,1.0,-0.18605245622421335,0.0,0,0.7304580067284405
30.316666666666226,182.45272123590865,645.5332010750014,1.3136096738992598,85.0,-24.29968407828006,0.13275845496910185,-13.56091575647871,-154.0,1.0,-0.11802730706786146,0.0,0,0.7345420017372817
30.33333333333289,182.81306562840774,646.9032727385428,1.3170158089932327,85.0,-24.116704480841264,0.11416252483469647,-12.336549453887226,-165.5,1.0,0.060036032425949876,0.0,0,0.6885829789098352
30.349999999999557,183.16874129044405,648.2745638337809,1.3102043483310735,85.0,-23.955325315721975,0.12097398549685567,-13.001929672332336,-167.5,1.0,-0.11962829721109665,0.0,0,0.6815420056227595
30.366666666666223,183.5337491246737,649.643400465887,1.3002331313075521,85.0,-23.793632690802664,0.11412544126767932,-14.2011578033994,-166.0,1.0,-0.17417956165999132,0.0,0,0.732250016881153
30.38333333333289,183.91238755452537,651.0085295381303,1.2870000654344573,85.0,-23.63230571887245,0.12735850714077412,-15.92069468203964,-163.5,1.0,-0.22941340366266155,0.0,0,0.7397500157821923
30.399999999999554,184.30905714811797,652.3685286844402,1.2715421617209455,85.0,-23.4667920440201,0.12433836131675437,-17.952416809223784,-158.5,1.0,-0.2663072088642635,0.0,0,0.7242499850690365
30.41666666666622,184.72670124983668,653.7222339140762,1.2704542410404667,85.0,-23.29109955182341,0.12542628199723316,-17.37145008553427,-167.5,1.0,-0.01919624198522485,0.0,0,0.6924170011188835
30.433333333332886,185.1458178280237,655.0754839790433,1.2693104204504275,85.0,-23.133789360267382,0.1064091927302253,-16.822870051320564,-173.0,1.0,-0.020182328524468454,0.0,0,0.756875000661239
30.44999999999955,185.56648200699053,656.4282537646974,1.259231225117643,85.0,-22.98332732428093,0.11648838806300987,-17.89372203079234,-176.0,1.0,-0.1760272304480144,0.0,0,0.688458007061854
30.466666666666217,186.00075941851398,657.7767149522311,1.2479337123144794,85.0,-22.844427535543964,0.10592293623704417,-19.136233218475404,-172.0,1.0,-0.19678767160214183,0.0,0,0.7227079768199474
30.483333333332883,186.45024304956016,659.1201839358203,1.2310546284081318,85.0,-22.694650484391268,0.1228020201433917,-21.28173993108524,-169.5,1.0,-0.28949801962795163,0.0,0,0.7302090234588832
30.49999999999955,186.92233810134738,660.4558750327893,1.2277712280975581,85.0,-22.55284263762407,0.10250842592124232,-20.969043958651145,-175.0,1.0,-0.05787764511010425,0.0,0,0.722083990694955
30.516666666666215,187.3988162090578,661.7900088556561,1.2216325390144263,85.0,-22.410000464167762,0.08335336686504524,-21.181426375190686,-176.5,1.0,-0.10790900373272916,0.0,0,0.7626659935340285
30.53333333333288,187.8834751204112,663.1211926085956,1.213679813111584,85.0,-22.29205321722527,0.09130609276788748,-21.708855825114412,-180.0,1.0,-0.13943156890630437,0.0,0,0.6970409885980189
30.549999999999546,188.37870513343447,664.4484799469838,1.1963771536569838,85.0,-22.16858246913645,0.081606955267566,-23.82531349506865,-174.5,1.0,-0.2963496080104496,0.0,0,0.8331670251209289
30.56666666666621,188.89682547174232,665.7670002386275,1.1824344741724826,85.0,-22.05310089418174,0.09554963475206724,-25.29518809704119,-176.5,1.0,-0.2412550148062697,0.0,0,0.7077089976519346
30.583333333332877,189.43327856020574,667.0781686215297,1.1783216423736897,85.0,-21.926963444883157,0.07097500459595252,-24.977112858224714,-179.0,1.0,-0.07245234221709464,0.0,0,0.674000009894371
30.599999999999543,189.97511971133594,668.3871195798877,1.1621081179449588,85.0,-21.82649991798963,0.08718852902468344,-26.78626771493483,-181.5,1.0,-0.2786756553302571,0.0,0,0.674666982376948
30.61666666666621,190.53811142338552,669.6871137247236,1.1462166315402054,85.0,-21.715144308045925,0.07274517457707642,-28.4717606289609,-172.5,1.0,-0.2734148098648215,0.0,0,0.6775829824618995
30.633333333332875,191.12169001791503,670.9779973246084,1.1361966991894052,85.0,-21.612179512713475,0.08276510692787653,-29.08305637737654,-176.0,1.0,-0.175013302585559,0.0,0,0.6701249803882092
30.64999999999954,191.71817366723138,672.2629688031022,1.1262956943450064,85.0,-21.509511934427874,0.060740145826248426,-29.649833826425926,-177.0,1.0,-0.17297748155133533,0.0,0,0.6702080136165023
30.666666666666206,192.32735038114137,673.5419716082885,1.1152793387124014,85.0,-21.423516295497624,0.0717565014588535,-30.389900295855558,-177.5,1.0,-0.1920112389308017,0.0,0,0.8435000199824572
30.68333333333287,192.95057979532018,674.814186032726,1.1158213156137708,85.0,-21.33820050799143,0.03777340545966945,-29.033940177513333,-193.5,1.0,0.009564006641519573,0.0,0,0.6794999935664237
30.699999999999537,193.57311960716774,676.0867380462441,1.1023590085881896,85.0,-21.284700908182124,0.05123571248525072,-30.220364106508,-191.5,1.0,-0.23324617934842176,0.0,0,0.6662090017925948
30.716666666666203,194.21273397571684,677.3507941779052,1.0780030518748065,85.0,-21.22941017514524,0.040732347225090226,-33.1322184639048,-180.0,1.0,-0.40593854094238635,0.0,0,0.6632919830735773
30.73333333333287,194.88294289259824,678.5988985213705,1.071841407866518,85.0,-21.17172197164617,0.046893991233378785,-32.87933107834288,-184.5,1.0,-0.10830937456543188,0.0,0,0.6645829998888075
30.749999999999535,195.56082941297976,679.842849609609,1.0571461927329049,85.0,-21.122507827540595,0.02543020089862513,-34.127598647005726,-182.5,1.0,-0.25373787473925913,0.0,0,0.7291249930858612
30.7666666666662,196.2569222110366,681.076705055331,1.046233324857564,85.0,-21.086485592461113,0.036343068773966085,-34.676559188203434,-182.5,1.0,-0.19025089151022198,0.0,0,0.6859159911982715
30.783333333332866,196.96643819462125,682.3028908134779,1.0442824259854462,85.0,-21.050958476295417,0.0009751250890386309,-33.60593551292206,-197.5,1.0,-0.03441403490613307,0.0,0,0.662000005831942
30.79999999999953,197.67834499089028,683.5276900451361,1.0187609700305644,85.0,-21.049577049304887,0.026496581043920386,-36.56356130775323,-184.0,1.0,-0.4231687542770131,0.0,0,0.6474169786088169
30.816666666666197,198.42127521777354,684.733923489552,1.0117022336426926,85.0,-21.02539528494132,-0.004763387964133781,-36.33813678465194,-194.0,1.0,-0.12392758589954136,0.0,0,0.6467500061262399
30.833333333332863,199.17270134940208,685.9348827782668,0.99248920965849,85.0,-21.03214339237152,0.014449636020068879,-38.20288207079116,-182.0,1.0,-0.32688971820639157,0.0,0,0.6706250132992864
30.84999999999953,199.94706143451677,687.1211841324874,0.983130664574747,85.0,-21.02093832779166,-0.01533250254518892,-38.321729242474696,-187.0,1.0,-0.1636734142571682,0.0,0,0.6765419966541231
30.866666666666195,200.73248950238445,688.3001867595626,0.969413420907774,85.0,-21.042658522023082,-0.0016152588782160082,-39.19303754548481,-187.5,1.0,-0.2375003818876339,0.0,0,0.6683329993393272
30.88333333333286,201.53401583639092,689.4683048958565,0.9540166058695547,85.0,-21.04854882961174,-0.025988525061555138,-40.31582252729089,-184.5,1.0,-0.2653035624659148,0.0,0,0.6592080171685666
30.899999999999526,202.3534317548819,690.6239441116016,0.95005815034991,85.0,-21.085361762525515,-0.022030069541910446,-39.389493516374536,-196.5,1.0,-0.06974180414621467,0.0,0,0.6425839965231717
30.916666666666192,203.1774157880012,691.7763306602948,0.9314734230416379,85.0,-21.116568503337092,-0.003445342233638349,-41.033696109824724,-190.0,1.0,-0.3169119991543961,0.0,0,0.8194170077331364
30.933333333332858,204.0226730833504,692.9132055650681,0.9233739168862944,85.0,-21.174665648917895,-0.03554213381373328,-40.82021766589483,-195.0,1.0,-0.14197086615930318,0.0,0,0.6635829922743142
30.949999999999523,204.87711067817747,694.0431970875985,0.8978970694593651,85.0,-21.22500640482157,-0.010065286386803929,-43.49213059953689,-182.5,1.0,-0.4225141030289153,0.0,0,0.6550840043928474
30.96666666666619,205.76005650061313,695.151055886854,0.8880328613151707,85.0,-21.283781650399696,-0.04061458135658347,-43.495278359722136,-184.5,1.0,-0.17234729515068323,0.0,0,0.8314579899888486
30.983333333332855,206.6538873395022,696.2501513676451,0.8735481050946832,85.0,-21.341303156899578,-0.026129825136095963,-44.29716701583328,-183.0,1.0,-0.2502547937570768,0.0,0,0.6903340108692646
30.99999999999952,207.5635439869402,697.3361850817702,0.8548003532959523,85.0,-21.41221310752009,-0.047803103553548665,-45.778300209499974,-180.5,1.0,-0.3195072929209133,0.0,0,0.6750420143362135
31.016666666666186,208.4934002746364,698.4049749248527,0.8473448578486866,85.0,-21.47990838185306,-0.04034760810628302,-45.26698012569999,-187.0,1.0,-0.1308162090858808,0.0,0,0.6550420075654984
31.033333333332852,209.4311990036846,699.4668025889489,0.8342643261578611,85.0,-21.558502868180724,-0.06749051646147053,-45.76018807541999,-183.0,1.0,-0.22685930878486119,0.0,0,0.6477080169133842
31.049999999999518,210.3828063793878,700.5162728586334,0.8163001140824009,85.0,-21.654041865065047,-0.049526304386010356,-47.056112845251995,-179.5,1.0,-0.3069933352709169,0.0,0,0.6408749904949218
